<?xml version="1.0" encoding="UTF-8"?>

<link:linkbase xmlns:xsi="http://www.w3.org/2001/XMLSchema-instance" xsi:schemaLocation="http://www.xbrl.org/2003/linkbase http://www.xbrl.org/2003/xbrl-linkbase-2003-12-31.xsd" xmlns:link="http://www.xbrl.org/2003/linkbase" xmlns:xlink="http://www.w3.org/1999/xlink" xmlns:xbrli="http://www.xbrl.org/2003/instance">
  <link:labelLink xlink:type="extended" xlink:role="http://www.xbrl.org/2003/role/link">
    <link:loc xlink:type="locator" xlink:href="degrotebv-2023-12-31.xsd#groot_PatentsTrademarksOtherRightsInternallyGenerated" xlink:label="groot_PatentsTrademarksOtherRights_loc"/>
    <link:label xlink:type="resource" xlink:label="groot_PatentsTrademarksOtherRights_label_nl" xlink:role="http://www.xbrl.org/2003/role/label" xml:lang="nl">Kosten van verwerving ter zake van concessies, vergunningen en rechten van intellectuele eigendom, intern gegenereerd</link:label>
    <link:labelArc xlink:type="arc" xlink:arcrole="http://www.xbrl.org/2003/arcrole/concept-label" xlink:from="groot_PatentsTrademarksOtherRights_loc" xlink:to="groot_PatentsTrademarksOtherRights_label_nl"/>
    <link:loc xlink:type="locator" xlink:href="degrotebv-2023-12-31.xsd#groot_PatentsTrademarksOtherRightsNotInternallyGenerated" xlink:label="groot_copyOfPatentsTrademarksOtherRights_loc"/>
    <link:label xlink:type="resource" xlink:label="groot_copyOfPatentsTrademarksOtherRights_label_nl" xlink:role="http://www.xbrl.org/2003/role/label" xml:lang="nl">Kosten van verwerving ter zake van concessies, vergunningen en rechten van intellectuele eigendom, niet intern gegenereerd</link:label>
    <link:labelArc xlink:type="arc" xlink:arcrole="http://www.xbrl.org/2003/arcrole/concept-label" xlink:from="groot_copyOfPatentsTrademarksOtherRights_loc" xlink:to="groot_copyOfPatentsTrademarksOtherRights_label_nl"/>
    <link:loc xlink:type="locator" xlink:href="degrotebv-2023-12-31.xsd#groot_DevelopmentCostsInternallyGenerated" xlink:label="groot_DevelopmentCosts_loc"/>
    <link:label xlink:type="resource" xlink:label="groot_DevelopmentCosts_label_nl" xlink:role="http://www.xbrl.org/2003/role/label" xml:lang="nl">Kosten van ontwikkeling, intern gegenereerd</link:label>
    <link:labelArc xlink:type="arc" xlink:arcrole="http://www.xbrl.org/2003/arcrole/concept-label" xlink:from="groot_DevelopmentCosts_loc" xlink:to="groot_DevelopmentCosts_label_nl"/>
    <link:loc xlink:type="locator" xlink:href="degrotebv-2023-12-31.xsd#groot_ProvisionRestructuringTakeover" xlink:label="groot_ProvisionRestructuringTakeover_loc"/>
    <link:label xlink:type="resource" xlink:label="groot_ProvisionRestructuringTakeover_label_nl" xlink:role="http://www.xbrl.org/2003/role/label" xml:lang="nl">Voorziening reorganisatiekosten m.b.t. overname</link:label>
    <link:labelArc xlink:type="arc" xlink:arcrole="http://www.xbrl.org/2003/arcrole/concept-label" xlink:from="groot_ProvisionRestructuringTakeover_loc" xlink:to="groot_ProvisionRestructuringTakeover_label_nl"/>
    <link:loc xlink:type="locator" xlink:href="degrotebv-2023-12-31.xsd#groot_SalesResultParticipatingInterestsNotValuedAtNetAssetValue" xlink:label="groot_SalesResultParticipatingInterestsNotValuedAtNetAssetValue_loc"/>
    <link:label xlink:type="resource" xlink:label="groot_SalesResultParticipatingInterestsNotValuedAtNetAssetValue_label_nl" xlink:role="http://www.xbrl.org/2003/role/label" xml:lang="nl">Verkoopresultaat van niet op netto-vermogenswaarde gewaardeerde deelnemingen</link:label>
    <link:labelArc xlink:type="arc" xlink:arcrole="http://www.xbrl.org/2003/arcrole/concept-label" xlink:from="groot_SalesResultParticipatingInterestsNotValuedAtNetAssetValue_loc" xlink:to="groot_SalesResultParticipatingInterestsNotValuedAtNetAssetValue_label_nl"/>
    <link:loc xlink:type="locator" xlink:href="degrotebv-2023-12-31.xsd#groot_ChangesValueIneffectivePartDerivatives" xlink:label="groot_ChangesValueIneffectivePartDerivatives_loc"/>
    <link:label xlink:type="resource" xlink:label="groot_ChangesValueIneffectivePartDerivatives_label_nl" xlink:role="http://www.xbrl.org/2003/role/label" xml:lang="nl">Waardeveranderingen van het niet effectieve deel van derivaten</link:label>
    <link:labelArc xlink:type="arc" xlink:arcrole="http://www.xbrl.org/2003/arcrole/concept-label" xlink:from="groot_ChangesValueIneffectivePartDerivatives_loc" xlink:to="groot_ChangesValueIneffectivePartDerivatives_label_nl"/>
    <link:loc xlink:type="locator" xlink:href="degrotebv-2023-12-31.xsd#groot_EquitySharesStamping" xlink:label="groot_EquitySharesStamping_loc"/>
    <link:label xlink:type="resource" xlink:label="groot_EquitySharesStamping_label_nl" xlink:role="http://www.xbrl.org/2003/role/label" xml:lang="nl">Afstempelen aandelen</link:label>
    <link:labelArc xlink:type="arc" xlink:arcrole="http://www.xbrl.org/2003/arcrole/concept-label" xlink:from="groot_EquitySharesStamping_loc" xlink:to="groot_EquitySharesStamping_label_nl"/>
    <link:loc xlink:type="locator" xlink:href="degrotebv-2023-12-31.xsd#groot_EquitySharesRedeeming" xlink:label="groot_EquitySharesRedeeming_loc"/>
    <link:label xlink:type="resource" xlink:label="groot_EquitySharesRedeeming_label_nl" xlink:role="http://www.xbrl.org/2003/role/label" xml:lang="nl">Aflossen aandelen</link:label>
    <link:labelArc xlink:type="arc" xlink:arcrole="http://www.xbrl.org/2003/arcrole/concept-label" xlink:from="groot_EquitySharesRedeeming_loc" xlink:to="groot_EquitySharesRedeeming_label_nl"/>
    <link:loc xlink:type="locator" xlink:href="degrotebv-2023-12-31.xsd#groot_EquityLoanConversion" xlink:label="groot_EquityLoanConversion_loc"/>
    <link:label xlink:type="resource" xlink:label="groot_EquityLoanConversion_label_nl" xlink:role="http://www.xbrl.org/2003/role/label" xml:lang="nl">Conversie lening</link:label>
    <link:labelArc xlink:type="arc" xlink:arcrole="http://www.xbrl.org/2003/arcrole/concept-label" xlink:from="groot_EquityLoanConversion_loc" xlink:to="groot_EquityLoanConversion_label_nl"/>
    <link:loc xlink:type="locator" xlink:href="degrotebv-2023-12-31.xsd#groot_EquityStockdividend" xlink:label="groot_EquityStockdividend_loc"/>
    <link:label xlink:type="resource" xlink:label="groot_EquityStockdividend_label_nl" xlink:role="http://www.xbrl.org/2003/role/label" xml:lang="nl">Stockdividend</link:label>
    <link:labelArc xlink:type="arc" xlink:arcrole="http://www.xbrl.org/2003/arcrole/concept-label" xlink:from="groot_EquityStockdividend_loc" xlink:to="groot_EquityStockdividend_label_nl"/>
    <link:loc xlink:type="locator" xlink:href="degrotebv-2023-12-31.xsd#groot_PreferenceSharesMember" xlink:label="groot_PreferenceSharesMember_loc"/>
    <link:label xlink:type="resource" xlink:label="groot_PreferenceSharesMember_label_nl" xlink:role="http://www.xbrl.org/2003/role/label" xml:lang="nl">Preferente aandelen</link:label>
    <link:labelArc xlink:type="arc" xlink:arcrole="http://www.xbrl.org/2003/arcrole/concept-label" xlink:from="groot_PreferenceSharesMember_loc" xlink:to="groot_PreferenceSharesMember_label_nl"/>
    <link:loc xlink:type="locator" xlink:href="degrotebv-2023-12-31.xsd#groot_CashFlowHedgeMember" xlink:label="groot_CashFlowHedgeMember_loc"/>
    <link:label xlink:type="resource" xlink:label="groot_CashFlowHedgeMember_label_en" xlink:role="http://www.xbrl.org/2003/role/label" xml:lang="nl">Kasstroomhedge</link:label>
    <link:labelArc xlink:type="arc" xlink:arcrole="http://www.xbrl.org/2003/arcrole/concept-label" xlink:from="groot_CashFlowHedgeMember_loc" xlink:to="groot_CashFlowHedgeMember_label_en"/>
    <link:loc xlink:type="locator" xlink:href="degrotebv-2023-12-31.xsd#groot_FinancialInstrumentsOtherMember" xlink:label="groot_FinancialInstrumentsOtherMember_loc"/>
    <link:label xlink:type="resource" xlink:label="groot_FinancialInstrumentsOtherMember_label_en" xlink:role="http://www.xbrl.org/2003/role/label" xml:lang="nl">Andere financiële instrumenten</link:label>
    <link:labelArc xlink:type="arc" xlink:arcrole="http://www.xbrl.org/2003/arcrole/concept-label" xlink:from="groot_FinancialInstrumentsOtherMember_loc" xlink:to="groot_FinancialInstrumentsOtherMember_label_en"/>
    <link:loc xlink:type="locator" xlink:href="degrotebv-2023-12-31.xsd#groot_PrioritySharesMember" xlink:label="groot_PrioritySharesMember_loc"/>
    <link:label xlink:type="resource" xlink:label="groot_PrioritySharesMember_label_en" xlink:role="http://www.xbrl.org/2003/role/label" xml:lang="nl">Prioriteitsaandelen</link:label>
    <link:labelArc xlink:type="arc" xlink:arcrole="http://www.xbrl.org/2003/arcrole/concept-label" xlink:from="groot_PrioritySharesMember_loc" xlink:to="groot_PrioritySharesMember_label_en"/>
    <link:loc xlink:type="locator" xlink:href="degrotebv-2023-12-31.xsd#groot_FinancialInstrumentsEconomicRealityClassifiedAsLiabilityMember" xlink:label="groot_FinancialInstrumentsEconomicRealityClassifiedAsEquityMember_loc"/>
    <link:label xlink:type="resource" xlink:label="groot_FinancialInstrumentsEconomicRealityClassifiedAsEquityMember_label_nl" xlink:role="http://www.xbrl.org/2003/role/label" xml:lang="nl">Financiële instrumenten die op basis van de economische realiteit als vreemd vermogen zouden worden verantwoord</link:label>
    <link:labelArc xlink:type="arc" xlink:arcrole="http://www.xbrl.org/2003/arcrole/concept-label" xlink:from="groot_FinancialInstrumentsEconomicRealityClassifiedAsEquityMember_loc" xlink:to="groot_FinancialInstrumentsEconomicRealityClassifiedAsEquityMember_label_nl"/>
    <link:loc xlink:type="locator" xlink:href="degrotebv-2023-12-31.xsd#groot_LegalReserveParticipatingInterestsMember" xlink:label="groot_LegalReserveDevelopmentMember_loc"/>
    <link:label xlink:type="resource" xlink:label="groot_LegalReserveDevelopmentMember_label_nl" xlink:role="http://www.xbrl.org/2003/role/label" xml:lang="nl">Wettelijke reserve deelnemingen</link:label>
    <link:labelArc xlink:type="arc" xlink:arcrole="http://www.xbrl.org/2003/arcrole/concept-label" xlink:from="groot_LegalReserveDevelopmentMember_loc" xlink:to="groot_LegalReserveDevelopmentMember_label_nl"/>
    <link:loc xlink:type="locator" xlink:href="degrotebv-2023-12-31.xsd#groot_EquityShareInResultParticipatingInterests" xlink:label="groot_EquityShareInResultParticipatingInterests_loc"/>
    <link:label xlink:type="resource" xlink:label="groot_EquityShareInResultParticipatingInterests_label_nl" xlink:role="http://www.xbrl.org/2003/role/label" xml:lang="nl">Resultaat deelneming</link:label>
    <link:labelArc xlink:type="arc" xlink:arcrole="http://www.xbrl.org/2003/arcrole/concept-label" xlink:from="groot_EquityShareInResultParticipatingInterests_loc" xlink:to="groot_EquityShareInResultParticipatingInterests_label_nl"/>
    <link:loc xlink:type="locator" xlink:href="degrotebv-2023-12-31.xsd#groot_EquityDirectlyParticipatingInterests" xlink:label="groot_EquityDirectlyParticipatingInterests_loc"/>
    <link:label xlink:type="resource" xlink:label="groot_EquityDirectlyParticipatingInterests_label_nl" xlink:role="http://www.xbrl.org/2003/role/label" xml:lang="nl">Rechtstreekse vermogensmutaties deelnemingen</link:label>
    <link:labelArc xlink:type="arc" xlink:arcrole="http://www.xbrl.org/2003/arcrole/concept-label" xlink:from="groot_EquityDirectlyParticipatingInterests_loc" xlink:to="groot_EquityDirectlyParticipatingInterests_label_nl"/>
    <link:loc xlink:type="locator" xlink:href="degrotebv-2023-12-31.xsd#groot_EquityInvestments" xlink:label="groot_EquityInvestments_loc"/>
    <link:label xlink:type="resource" xlink:label="groot_EquityInvestments_label_nl" xlink:role="http://www.xbrl.org/2003/role/label" xml:lang="nl">Investeringen</link:label>
    <link:labelArc xlink:type="arc" xlink:arcrole="http://www.xbrl.org/2003/arcrole/concept-label" xlink:from="groot_EquityInvestments_loc" xlink:to="groot_EquityInvestments_label_nl"/>
    <link:loc xlink:type="locator" xlink:href="degrotebv-2023-12-31.xsd#groot_EquityDisposals" xlink:label="groot_EquityDisposals_loc"/>
    <link:label xlink:type="resource" xlink:label="groot_EquityDisposals_label_nl" xlink:role="http://www.xbrl.org/2003/role/label" xml:lang="nl">Desinvesteringen</link:label>
    <link:labelArc xlink:type="arc" xlink:arcrole="http://www.xbrl.org/2003/arcrole/concept-label" xlink:from="groot_EquityDisposals_loc" xlink:to="groot_EquityDisposals_label_nl"/>
    <link:loc xlink:type="locator" xlink:href="degrotebv-2023-12-31.xsd#groot_EquityAmortizationDepreciation" xlink:label="groot_EquityAmortizationDepreciation_loc"/>
    <link:label xlink:type="resource" xlink:label="groot_EquityAmortizationDepreciation_label_nl" xlink:role="http://www.xbrl.org/2003/role/label" xml:lang="nl">Afschrijvingen</link:label>
    <link:labelArc xlink:type="arc" xlink:arcrole="http://www.xbrl.org/2003/arcrole/concept-label" xlink:from="groot_EquityAmortizationDepreciation_loc" xlink:to="groot_EquityAmortizationDepreciation_label_nl"/>
    <link:loc xlink:type="locator" xlink:href="degrotebv-2023-12-31.xsd#groot_EquityTransferFromUndistributedProfit" xlink:label="groot_EquityTransferFromUndistributedProfit_loc"/>
    <link:label xlink:type="resource" xlink:label="groot_EquityTransferFromUndistributedProfit_label_nl" xlink:role="http://www.xbrl.org/2003/role/label" xml:lang="nl">Aanvulling uit niet verdeelde winsten</link:label>
    <link:labelArc xlink:type="arc" xlink:arcrole="http://www.xbrl.org/2003/arcrole/concept-label" xlink:from="groot_EquityTransferFromUndistributedProfit_loc" xlink:to="groot_EquityTransferFromUndistributedProfit_label_nl"/>
    <link:loc xlink:type="locator" xlink:href="degrotebv-2023-12-31.xsd#groot_EquityTransferToUndistributedProfit" xlink:label="groot_EquityTransferToUndistributedProfit_loc"/>
    <link:label xlink:type="resource" xlink:label="groot_EquityTransferToUndistributedProfit_label_nl" xlink:role="http://www.xbrl.org/2003/role/label" xml:lang="nl">Vrijval naar niet verdeelde winsten</link:label>
    <link:labelArc xlink:type="arc" xlink:arcrole="http://www.xbrl.org/2003/arcrole/concept-label" xlink:from="groot_EquityTransferToUndistributedProfit_loc" xlink:to="groot_EquityTransferToUndistributedProfit_label_nl"/>
    <link:loc xlink:type="locator" xlink:href="degrotebv-2023-12-31.xsd#groot_EquityTransferToRevaluationReserves" xlink:label="groot_EquityTransferToRevaluationReserves_loc"/>
    <link:label xlink:type="resource" xlink:label="groot_EquityTransferToRevaluationReserves_label_nl" xlink:role="http://www.xbrl.org/2003/role/label" xml:lang="nl">Aanvulling herwaarderingsreserves</link:label>
    <link:labelArc xlink:type="arc" xlink:arcrole="http://www.xbrl.org/2003/arcrole/concept-label" xlink:from="groot_EquityTransferToRevaluationReserves_loc" xlink:to="groot_EquityTransferToRevaluationReserves_label_nl"/>
    <link:loc xlink:type="locator" xlink:href="degrotebv-2023-12-31.xsd#groot_EquityTransferFromRevaluationReserves" xlink:label="groot_EquityTransferFromRevaluationReserves_loc"/>
    <link:label xlink:type="resource" xlink:label="groot_EquityTransferFromRevaluationReserves_label_nl" xlink:role="http://www.xbrl.org/2003/role/label" xml:lang="nl">Realisatie/vrijval herwaarderingsreserves</link:label>
    <link:labelArc xlink:type="arc" xlink:arcrole="http://www.xbrl.org/2003/arcrole/concept-label" xlink:from="groot_EquityTransferFromRevaluationReserves_loc" xlink:to="groot_EquityTransferFromRevaluationReserves_label_nl"/>
    <link:loc xlink:type="locator" xlink:href="degrotebv-2023-12-31.xsd#groot_EquityTransferToLegalStatutoryReserves" xlink:label="groot_EquityTransferToLegalStatutoryReserves_loc"/>
    <link:label xlink:type="resource" xlink:label="groot_EquityTransferToLegalStatutoryReserves_label_nl" xlink:role="http://www.xbrl.org/2003/role/label" xml:lang="nl">Aanvulling wettelijke en statutaire reserves</link:label>
    <link:labelArc xlink:type="arc" xlink:arcrole="http://www.xbrl.org/2003/arcrole/concept-label" xlink:from="groot_EquityTransferToLegalStatutoryReserves_loc" xlink:to="groot_EquityTransferToLegalStatutoryReserves_label_nl"/>
    <link:loc xlink:type="locator" xlink:href="degrotebv-2023-12-31.xsd#groot_EquityTransferFromLegalStatutoryReserves" xlink:label="groot_EquityTransferFromLegalStatutoryReserves_loc"/>
    <link:label xlink:type="resource" xlink:label="groot_EquityTransferFromLegalStatutoryReserves_label_nl" xlink:role="http://www.xbrl.org/2003/role/label" xml:lang="nl">Vrijval wettelijke en statutaire reserves</link:label>
    <link:labelArc xlink:type="arc" xlink:arcrole="http://www.xbrl.org/2003/arcrole/concept-label" xlink:from="groot_EquityTransferFromLegalStatutoryReserves_loc" xlink:to="groot_EquityTransferFromLegalStatutoryReserves_label_nl"/>
    <link:loc xlink:type="locator" xlink:href="degrotebv-2023-12-31.xsd#groot_EquityPreferredDividend" xlink:label="groot_EquityPreferredDividend_loc"/>
    <link:label xlink:type="resource" xlink:label="groot_EquityPreferredDividend_label_nl" xlink:role="http://www.xbrl.org/2003/role/label" xml:lang="nl">Preferent dividend</link:label>
    <link:labelArc xlink:type="arc" xlink:arcrole="http://www.xbrl.org/2003/arcrole/concept-label" xlink:from="groot_EquityPreferredDividend_loc" xlink:to="groot_EquityPreferredDividend_label_nl"/>
    <link:loc xlink:type="locator" xlink:href="degrotebv-2023-12-31.xsd#groot_EquityIterimDividend" xlink:label="groot_EquityIterimDividend_loc"/>
    <link:label xlink:type="resource" xlink:label="groot_EquityIterimDividend_label_nl" xlink:role="http://www.xbrl.org/2003/role/label" xml:lang="nl">Iterim-dividend</link:label>
    <link:labelArc xlink:type="arc" xlink:arcrole="http://www.xbrl.org/2003/arcrole/concept-label" xlink:from="groot_EquityIterimDividend_loc" xlink:to="groot_EquityIterimDividend_label_nl"/>
    <link:loc xlink:type="locator" xlink:href="degrotebv-2023-12-31.xsd#groot_EquityFinalOptionDividend" xlink:label="groot_EquityFinalOtionDividend2021_loc"/>
    <link:label xlink:type="resource" xlink:label="groot_EquityFinalOtionDividend2021_label_nl" xlink:role="http://www.xbrl.org/2003/role/label" xml:lang="nl">Slot(keuze)dividend</link:label>
    <link:labelArc xlink:type="arc" xlink:arcrole="http://www.xbrl.org/2003/arcrole/concept-label" xlink:from="groot_EquityFinalOtionDividend2021_loc" xlink:to="groot_EquityFinalOtionDividend2021_label_nl"/>
    <link:loc xlink:type="locator" xlink:href="degrotebv-2023-12-31.xsd#groot_EquityTransferResultToOrtherReserves" xlink:label="groot_EquityTransferResult2021ToOrtherReserves_loc"/>
    <link:label xlink:type="resource" xlink:label="groot_EquityTransferResult2021ToOrtherReserves_label_nl" xlink:role="http://www.xbrl.org/2003/role/label" xml:lang="nl">Aanvulling overige reserves uit hoofde van resultaatbestemming</link:label>
    <link:labelArc xlink:type="arc" xlink:arcrole="http://www.xbrl.org/2003/arcrole/concept-label" xlink:from="groot_EquityTransferResult2021ToOrtherReserves_loc" xlink:to="groot_EquityTransferResult2021ToOrtherReserves_label_nl"/>
  </link:labelLink>
</link:linkbase>
