<?xml version="1.0" encoding="UTF-8"?>
<!-- Generated by Fujitsu Interstage XWand B0255 -->
<link:linkbase xmlns:xsi="http://www.w3.org/2001/XMLSchema-instance" xsi:schemaLocation="http://www.xbrl.org/2003/linkbase http://www.xbrl.org/2003/xbrl-linkbase-2003-12-31.xsd" xmlns:link="http://www.xbrl.org/2003/linkbase" xmlns:xlink="http://www.w3.org/1999/xlink" xmlns:xbrli="http://www.xbrl.org/2003/instance">
  <link:roleRef roleURI="https://www.degrotebv.nl/role/BalanceSheet" xlink:type="simple" xlink:href="degrotebv-2023-12-31.xsd#BalanceSheet"/>
  <link:roleRef roleURI="https://www.degrotebv.nl/role/IncomeStatement" xlink:type="simple" xlink:href="degrotebv-2023-12-31.xsd#IncomeStatement"/>
  <link:roleRef roleURI="https://www.degrotebv.nl/role/CashFlowStatement" xlink:type="simple" xlink:href="degrotebv-2023-12-31.xsd#CashFlowStatement"/>
  <link:roleRef roleURI="https://www.degrotebv.nl/role/StatementOfComprehensiveIncome" xlink:type="simple" xlink:href="degrotebv-2023-12-31.xsd#StatementOfComprehensiveIncome"/>
  <link:roleRef roleURI="https://www.degrotebv.nl/role/EquityStatementOfChanges" xlink:type="simple" xlink:href="degrotebv-2023-12-31.xsd#EquityStatementOfChanges"/>
  <link:arcroleRef arcroleURI="https://xbrl.org/2023/arcrole/summation-item" xlink:type="simple" xlink:href="https://www.xbrl.org/2023/calculation-1.1.xsd#summation-item"/>
  <link:calculationLink xlink:type="extended" xlink:role="https://www.degrotebv.nl/role/BalanceSheet">
    <link:loc xlink:type="locator" xlink:href="https://www.nltaxonomie.nl/jenv/2024-03-31/bw2-titel9-cor.xsd#bw2-titel9_Assets" xlink:label="bw2-titel9_Assets_loc"/>
    <link:loc xlink:type="locator" xlink:href="https://www.nltaxonomie.nl/jenv/2024-03-31/bw2-titel9-cor.xsd#bw2-titel9_AssetsNoncurrent" xlink:label="bw2-titel9_AssetsNoncurrent_loc"/>
    <link:calculationArc xlink:type="arc" xlink:arcrole="https://xbrl.org/2023/arcrole/summation-item" xlink:from="bw2-titel9_Assets_loc" xlink:to="bw2-titel9_AssetsNoncurrent_loc" order="1.0" weight="1.0"/>
    <link:loc xlink:type="locator" xlink:href="https://www.nltaxonomie.nl/jenv/2024-03-31/bw2-titel9-cor.xsd#bw2-titel9_IntangibleAssets" xlink:label="bw2-titel9_IntangibleAssets_loc"/>
    <link:calculationArc xlink:type="arc" xlink:arcrole="https://xbrl.org/2023/arcrole/summation-item" xlink:from="bw2-titel9_AssetsNoncurrent_loc" xlink:to="bw2-titel9_IntangibleAssets_loc" order="1.0" weight="1.0"/>
    <link:loc xlink:type="locator" xlink:href="https://www.nltaxonomie.nl/jenv/2024-03-31/bw2-titel9-cor.xsd#bw2-titel9_CostsIncorporationShareIssue" xlink:label="bw2-titel9_CostsIncorporationShareIssue_loc"/>
    <link:calculationArc xlink:type="arc" xlink:arcrole="https://xbrl.org/2023/arcrole/summation-item" xlink:from="bw2-titel9_IntangibleAssets_loc" xlink:to="bw2-titel9_CostsIncorporationShareIssue_loc" order="1.0" weight="1.0"/>
    <link:loc xlink:type="locator" xlink:href="https://www.nltaxonomie.nl/jenv/2024-03-31/bw2-titel9-cor.xsd#bw2-titel9_Goodwill" xlink:label="bw2-titel9_Goodwill_loc"/>
    <link:calculationArc xlink:type="arc" xlink:arcrole="https://xbrl.org/2023/arcrole/summation-item" xlink:from="bw2-titel9_IntangibleAssets_loc" xlink:to="bw2-titel9_Goodwill_loc" order="5.0" weight="1.0"/>
    <link:loc xlink:type="locator" xlink:href="https://www.nltaxonomie.nl/jenv/2024-03-31/bw2-titel9-cor.xsd#bw2-titel9_PrepaymentsIntangibleAssets" xlink:label="bw2-titel9_PrepaymentsIntangibleAssets_loc"/>
    <link:calculationArc xlink:type="arc" xlink:arcrole="https://xbrl.org/2023/arcrole/summation-item" xlink:from="bw2-titel9_IntangibleAssets_loc" xlink:to="bw2-titel9_PrepaymentsIntangibleAssets_loc" order="6.0" weight="1.0"/>
    <link:loc xlink:type="locator" xlink:href="degrotebv-2023-12-31.xsd#groot_DevelopmentCostsInternallyGenerated" xlink:label="groot_DevelopmentCostsInternallyGenerated_loc"/>
    <link:calculationArc xlink:type="arc" xlink:arcrole="https://xbrl.org/2023/arcrole/summation-item" xlink:from="bw2-titel9_IntangibleAssets_loc" xlink:to="groot_DevelopmentCostsInternallyGenerated_loc" order="2.0" weight="1.0"/>
    <link:loc xlink:type="locator" xlink:href="degrotebv-2023-12-31.xsd#groot_PatentsTrademarksOtherRightsInternallyGenerated" xlink:label="groot_PatentsTrademarksOtherRightsInternallyGenerated_loc"/>
    <link:calculationArc xlink:type="arc" xlink:arcrole="https://xbrl.org/2023/arcrole/summation-item" xlink:from="bw2-titel9_IntangibleAssets_loc" xlink:to="groot_PatentsTrademarksOtherRightsInternallyGenerated_loc" order="3.0" weight="1.0"/>
    <link:loc xlink:type="locator" xlink:href="degrotebv-2023-12-31.xsd#groot_PatentsTrademarksOtherRightsNotInternallyGenerated" xlink:label="groot_PatentsTrademarksOtherRightsNotInternallyGenerated_loc"/>
    <link:calculationArc xlink:type="arc" xlink:arcrole="https://xbrl.org/2023/arcrole/summation-item" xlink:from="bw2-titel9_IntangibleAssets_loc" xlink:to="groot_PatentsTrademarksOtherRightsNotInternallyGenerated_loc" order="4.0" weight="1.0"/>
    <link:loc xlink:type="locator" xlink:href="https://www.nltaxonomie.nl/jenv/2024-03-31/bw2-titel9-cor.xsd#bw2-titel9_PropertyPlantEquipment" xlink:label="bw2-titel9_PropertyPlantEquipment_loc"/>
    <link:calculationArc xlink:type="arc" xlink:arcrole="https://xbrl.org/2023/arcrole/summation-item" xlink:from="bw2-titel9_AssetsNoncurrent_loc" xlink:to="bw2-titel9_PropertyPlantEquipment_loc" order="2.0" weight="1.0"/>
    <link:loc xlink:type="locator" xlink:href="https://www.nltaxonomie.nl/jenv/2024-03-31/bw2-titel9-cor.xsd#bw2-titel9_LandAndBuildings" xlink:label="bw2-titel9_LandAndBuildings_loc"/>
    <link:calculationArc xlink:type="arc" xlink:arcrole="https://xbrl.org/2023/arcrole/summation-item" xlink:from="bw2-titel9_PropertyPlantEquipment_loc" xlink:to="bw2-titel9_LandAndBuildings_loc" order="1.0" weight="1.0"/>
    <link:loc xlink:type="locator" xlink:href="https://www.nltaxonomie.nl/jenv/2024-03-31/bw2-titel9-cor.xsd#bw2-titel9_Machinery" xlink:label="bw2-titel9_Machinery_loc"/>
    <link:calculationArc xlink:type="arc" xlink:arcrole="https://xbrl.org/2023/arcrole/summation-item" xlink:from="bw2-titel9_PropertyPlantEquipment_loc" xlink:to="bw2-titel9_Machinery_loc" order="2.0" weight="1.0"/>
    <link:loc xlink:type="locator" xlink:href="https://www.nltaxonomie.nl/jenv/2024-03-31/bw2-titel9-cor.xsd#bw2-titel9_TangibleAssetsOther" xlink:label="bw2-titel9_TangibleAssetsOther_loc"/>
    <link:calculationArc xlink:type="arc" xlink:arcrole="https://xbrl.org/2023/arcrole/summation-item" xlink:from="bw2-titel9_PropertyPlantEquipment_loc" xlink:to="bw2-titel9_TangibleAssetsOther_loc" order="3.0" weight="1.0"/>
    <link:loc xlink:type="locator" xlink:href="https://www.nltaxonomie.nl/jenv/2024-03-31/bw2-titel9-cor.xsd#bw2-titel9_ConstructionInProgressPrepaymentsPropertyPlantEquipment" xlink:label="bw2-titel9_ConstructionInProgressPrepaymentsPropertyPlantEquipment_loc"/>
    <link:calculationArc xlink:type="arc" xlink:arcrole="https://xbrl.org/2023/arcrole/summation-item" xlink:from="bw2-titel9_PropertyPlantEquipment_loc" xlink:to="bw2-titel9_ConstructionInProgressPrepaymentsPropertyPlantEquipment_loc" order="4.0" weight="1.0"/>
    <link:loc xlink:type="locator" xlink:href="https://www.nltaxonomie.nl/jenv/2024-03-31/bw2-titel9-cor.xsd#bw2-titel9_PropertyPlantEquipmentNotUsedInOperations" xlink:label="bw2-titel9_PropertyPlantEquipmentNotUsedInOperations_loc"/>
    <link:calculationArc xlink:type="arc" xlink:arcrole="https://xbrl.org/2023/arcrole/summation-item" xlink:from="bw2-titel9_PropertyPlantEquipment_loc" xlink:to="bw2-titel9_PropertyPlantEquipmentNotUsedInOperations_loc" order="5.0" weight="1.0"/>
    <link:loc xlink:type="locator" xlink:href="https://www.nltaxonomie.nl/jenv/2024-03-31/bw2-titel9-cor.xsd#bw2-titel9_FinancialAssets" xlink:label="bw2-titel9_FinancialAssets_loc"/>
    <link:calculationArc xlink:type="arc" xlink:arcrole="https://xbrl.org/2023/arcrole/summation-item" xlink:from="bw2-titel9_AssetsNoncurrent_loc" xlink:to="bw2-titel9_FinancialAssets_loc" order="4.0" weight="1.0"/>
    <link:loc xlink:type="locator" xlink:href="https://www.nltaxonomie.nl/jenv/2024-03-31/bw2-titel9-cor.xsd#bw2-titel9_InvestmentsOtherAffiliatedCompanies" xlink:label="bw2-titel9_InvestmentsOtherAffiliatedCompanies_loc"/>
    <link:calculationArc xlink:type="arc" xlink:arcrole="https://xbrl.org/2023/arcrole/summation-item" xlink:from="bw2-titel9_FinancialAssets_loc" xlink:to="bw2-titel9_InvestmentsOtherAffiliatedCompanies_loc" order="1.0" weight="1.0"/>
    <link:loc xlink:type="locator" xlink:href="https://www.nltaxonomie.nl/jenv/2024-03-31/bw2-titel9-cor.xsd#bw2-titel9_InvestmentsInParticipatingInterestsOther" xlink:label="bw2-titel9_InvestmentsInParticipatingInterestsOther_loc"/>
    <link:calculationArc xlink:type="arc" xlink:arcrole="https://xbrl.org/2023/arcrole/summation-item" xlink:from="bw2-titel9_FinancialAssets_loc" xlink:to="bw2-titel9_InvestmentsInParticipatingInterestsOther_loc" order="2.0" weight="1.0"/>
    <link:loc xlink:type="locator" xlink:href="https://www.nltaxonomie.nl/jenv/2024-03-31/bw2-titel9-cor.xsd#bw2-titel9_ReceivablesOtherAffiliatedCompaniesNoncurrent" xlink:label="bw2-titel9_ReceivablesOtherAffiliatedCompaniesNoncurrent_loc"/>
    <link:calculationArc xlink:type="arc" xlink:arcrole="https://xbrl.org/2023/arcrole/summation-item" xlink:from="bw2-titel9_FinancialAssets_loc" xlink:to="bw2-titel9_ReceivablesOtherAffiliatedCompaniesNoncurrent_loc" order="3.0" weight="1.0"/>
    <link:loc xlink:type="locator" xlink:href="https://www.nltaxonomie.nl/jenv/2024-03-31/bw2-titel9-cor.xsd#bw2-titel9_ReceivablesShareholdersParticipatingInterestsNoncurrent" xlink:label="bw2-titel9_ReceivablesShareholdersParticipatingInterestsNoncurrent_loc"/>
    <link:calculationArc xlink:type="arc" xlink:arcrole="https://xbrl.org/2023/arcrole/summation-item" xlink:from="bw2-titel9_FinancialAssets_loc" xlink:to="bw2-titel9_ReceivablesShareholdersParticipatingInterestsNoncurrent_loc" order="4.0" weight="1.0"/>
    <link:loc xlink:type="locator" xlink:href="https://www.nltaxonomie.nl/jenv/2024-03-31/bw2-titel9-cor.xsd#bw2-titel9_SecuritiesOtherNoncurrent" xlink:label="bw2-titel9_SecuritiesOtherNoncurrent_loc"/>
    <link:calculationArc xlink:type="arc" xlink:arcrole="https://xbrl.org/2023/arcrole/summation-item" xlink:from="bw2-titel9_FinancialAssets_loc" xlink:to="bw2-titel9_SecuritiesOtherNoncurrent_loc" order="5.0" weight="1.0"/>
    <link:loc xlink:type="locator" xlink:href="https://www.nltaxonomie.nl/rj/2024-03-31/rj-cor.xsd#rj_DeferredTaxAssetsNoncurrent" xlink:label="rj_DeferredTaxAssetsNoncurrent_loc"/>
    <link:calculationArc xlink:type="arc" xlink:arcrole="https://xbrl.org/2023/arcrole/summation-item" xlink:from="bw2-titel9_FinancialAssets_loc" xlink:to="rj_DeferredTaxAssetsNoncurrent_loc" order="6.0" weight="1.0"/>
    <link:loc xlink:type="locator" xlink:href="https://www.nltaxonomie.nl/jenv/2024-03-31/bw2-titel9-cor.xsd#bw2-titel9_ReceivablesOtherNoncurrent" xlink:label="bw2-titel9_ReceivablesOtherNoncurrent_loc"/>
    <link:calculationArc xlink:type="arc" xlink:arcrole="https://xbrl.org/2023/arcrole/summation-item" xlink:from="bw2-titel9_FinancialAssets_loc" xlink:to="bw2-titel9_ReceivablesOtherNoncurrent_loc" order="7.0" weight="1.0"/>
    <link:loc xlink:type="locator" xlink:href="https://www.nltaxonomie.nl/jenv/2024-03-31/bw2-titel9-cor.xsd#bw2-titel9_AssetsCurrent" xlink:label="bw2-titel9_AssetsCurrent_loc"/>
    <link:calculationArc xlink:type="arc" xlink:arcrole="https://xbrl.org/2023/arcrole/summation-item" xlink:from="bw2-titel9_Assets_loc" xlink:to="bw2-titel9_AssetsCurrent_loc" order="2.0" weight="1.0"/>
    <link:loc xlink:type="locator" xlink:href="https://www.nltaxonomie.nl/jenv/2024-03-31/bw2-titel9-cor.xsd#bw2-titel9_Inventories" xlink:label="bw2-titel9_Inventories_loc"/>
    <link:calculationArc xlink:type="arc" xlink:arcrole="https://xbrl.org/2023/arcrole/summation-item" xlink:from="bw2-titel9_AssetsCurrent_loc" xlink:to="bw2-titel9_Inventories_loc" order="1.0" weight="1.0"/>
    <link:loc xlink:type="locator" xlink:href="https://www.nltaxonomie.nl/jenv/2024-03-31/bw2-titel9-cor.xsd#bw2-titel9_InventoryRawMaterialsConsumables" xlink:label="bw2-titel9_InventoryRawMaterialsConsumables_loc"/>
    <link:calculationArc xlink:type="arc" xlink:arcrole="https://xbrl.org/2023/arcrole/summation-item" xlink:from="bw2-titel9_Inventories_loc" xlink:to="bw2-titel9_InventoryRawMaterialsConsumables_loc" order="1.0" weight="1.0"/>
    <link:loc xlink:type="locator" xlink:href="https://www.nltaxonomie.nl/jenv/2024-03-31/bw2-titel9-cor.xsd#bw2-titel9_WorkInProgress" xlink:label="bw2-titel9_WorkInProgress_loc"/>
    <link:calculationArc xlink:type="arc" xlink:arcrole="https://xbrl.org/2023/arcrole/summation-item" xlink:from="bw2-titel9_Inventories_loc" xlink:to="bw2-titel9_WorkInProgress_loc" order="2.0" weight="1.0"/>
    <link:loc xlink:type="locator" xlink:href="https://www.nltaxonomie.nl/jenv/2024-03-31/bw2-titel9-cor.xsd#bw2-titel9_InventoryFinishedTradeGoods" xlink:label="bw2-titel9_InventoryFinishedTradeGoods_loc"/>
    <link:calculationArc xlink:type="arc" xlink:arcrole="https://xbrl.org/2023/arcrole/summation-item" xlink:from="bw2-titel9_Inventories_loc" xlink:to="bw2-titel9_InventoryFinishedTradeGoods_loc" order="3.0" weight="1.0"/>
    <link:loc xlink:type="locator" xlink:href="https://www.nltaxonomie.nl/jenv/2024-03-31/bw2-titel9-cor.xsd#bw2-titel9_PrepaymentsInventories" xlink:label="bw2-titel9_PrepaymentsInventories_loc"/>
    <link:calculationArc xlink:type="arc" xlink:arcrole="https://xbrl.org/2023/arcrole/summation-item" xlink:from="bw2-titel9_Inventories_loc" xlink:to="bw2-titel9_PrepaymentsInventories_loc" order="4.0" weight="1.0"/>
    <link:loc xlink:type="locator" xlink:href="https://www.nltaxonomie.nl/rj/2024-03-31/rj-cor.xsd#rj_ConstructionContractsAssets" xlink:label="rj_ConstructionContractsAssets_loc"/>
    <link:calculationArc xlink:type="arc" xlink:arcrole="https://xbrl.org/2023/arcrole/summation-item" xlink:from="bw2-titel9_Inventories_loc" xlink:to="rj_ConstructionContractsAssets_loc" order="5.0" weight="1.0"/>
    <link:calculationArc xlink:type="arc" xlink:arcrole="https://xbrl.org/2023/arcrole/summation-item" xlink:from="bw2-titel9_AssetsCurrent_loc" xlink:to="rj_ConstructionContractsAssets_loc" order="2.0" weight="1.0"/>
    <link:loc xlink:type="locator" xlink:href="https://www.nltaxonomie.nl/jenv/2024-03-31/bw2-titel9-cor.xsd#bw2-titel9_Receivables" xlink:label="bw2-titel9_Receivables_loc"/>
    <link:calculationArc xlink:type="arc" xlink:arcrole="https://xbrl.org/2023/arcrole/summation-item" xlink:from="bw2-titel9_AssetsCurrent_loc" xlink:to="bw2-titel9_Receivables_loc" order="3.0" weight="1.0"/>
    <link:loc xlink:type="locator" xlink:href="https://www.nltaxonomie.nl/jenv/2024-03-31/bw2-titel9-cor.xsd#bw2-titel9_SecuritiesCurrent" xlink:label="bw2-titel9_SecuritiesCurrent_loc"/>
    <link:calculationArc xlink:type="arc" xlink:arcrole="https://xbrl.org/2023/arcrole/summation-item" xlink:from="bw2-titel9_AssetsCurrent_loc" xlink:to="bw2-titel9_SecuritiesCurrent_loc" order="4.0" weight="1.0"/>
    <link:loc xlink:type="locator" xlink:href="https://www.nltaxonomie.nl/jenv/2024-03-31/bw2-titel9-cor.xsd#bw2-titel9_CashAndCashEquivalents" xlink:label="bw2-titel9_CashAndCashEquivalents_loc"/>
    <link:calculationArc xlink:type="arc" xlink:arcrole="https://xbrl.org/2023/arcrole/summation-item" xlink:from="bw2-titel9_AssetsCurrent_loc" xlink:to="bw2-titel9_CashAndCashEquivalents_loc" order="5.0" weight="1.0"/>
    <link:loc xlink:type="locator" xlink:href="https://www.nltaxonomie.nl/jenv/2024-03-31/bw2-titel9-cor.xsd#bw2-titel9_EquityAndLiabilities" xlink:label="bw2-titel9_EquityAndLiabilities_loc"/>
    <link:loc xlink:type="locator" xlink:href="https://www.nltaxonomie.nl/jenv/2024-03-31/bw2-titel9-cor.xsd#bw2-titel9_LiabilitiesNoncurrent" xlink:label="bw2-titel9_LiabilitiesNoncurrent_loc"/>
    <link:calculationArc xlink:type="arc" xlink:arcrole="https://xbrl.org/2023/arcrole/summation-item" xlink:from="bw2-titel9_EquityAndLiabilities_loc" xlink:to="bw2-titel9_LiabilitiesNoncurrent_loc" order="3.0" weight="1.0"/>
    <link:loc xlink:type="locator" xlink:href="https://www.nltaxonomie.nl/jenv/2024-03-31/bw2-titel9-cor.xsd#bw2-titel9_ConvertibleBorrowingsNoncurrent" xlink:label="bw2-titel9_ConvertibleBorrowingsNoncurrent_loc"/>
    <link:calculationArc xlink:type="arc" xlink:arcrole="https://xbrl.org/2023/arcrole/summation-item" xlink:from="bw2-titel9_LiabilitiesNoncurrent_loc" xlink:to="bw2-titel9_ConvertibleBorrowingsNoncurrent_loc" order="1.0" weight="1.0"/>
    <link:loc xlink:type="locator" xlink:href="https://www.nltaxonomie.nl/jenv/2024-03-31/bw2-titel9-cor.xsd#bw2-titel9_DebenturesOtherPrivateLoansNoncurrent" xlink:label="bw2-titel9_DebenturesOtherPrivateLoansNoncurrent_loc"/>
    <link:calculationArc xlink:type="arc" xlink:arcrole="https://xbrl.org/2023/arcrole/summation-item" xlink:from="bw2-titel9_LiabilitiesNoncurrent_loc" xlink:to="bw2-titel9_DebenturesOtherPrivateLoansNoncurrent_loc" order="2.0" weight="1.0"/>
    <link:loc xlink:type="locator" xlink:href="https://www.nltaxonomie.nl/jenv/2024-03-31/bw2-titel9-cor.xsd#bw2-titel9_PayablesBanksNoncurrent" xlink:label="bw2-titel9_PayablesBanksNoncurrent_loc"/>
    <link:calculationArc xlink:type="arc" xlink:arcrole="https://xbrl.org/2023/arcrole/summation-item" xlink:from="bw2-titel9_LiabilitiesNoncurrent_loc" xlink:to="bw2-titel9_PayablesBanksNoncurrent_loc" order="3.0" weight="1.0"/>
    <link:loc xlink:type="locator" xlink:href="https://www.nltaxonomie.nl/jenv/2024-03-31/bw2-titel9-cor.xsd#bw2-titel9_PayablesOtherAffiliatedCompaniesNoncurrent" xlink:label="bw2-titel9_PayablesOtherAffiliatedCompaniesNoncurrent_loc"/>
    <link:calculationArc xlink:type="arc" xlink:arcrole="https://xbrl.org/2023/arcrole/summation-item" xlink:from="bw2-titel9_LiabilitiesNoncurrent_loc" xlink:to="bw2-titel9_PayablesOtherAffiliatedCompaniesNoncurrent_loc" order="4.0" weight="1.0"/>
    <link:loc xlink:type="locator" xlink:href="https://www.nltaxonomie.nl/jenv/2024-03-31/bw2-titel9-cor.xsd#bw2-titel9_PayablesShareholdersParticipatingInterestsNoncurrent" xlink:label="bw2-titel9_PayablesShareholdersParticipatingInterestsNoncurrent_loc"/>
    <link:calculationArc xlink:type="arc" xlink:arcrole="https://xbrl.org/2023/arcrole/summation-item" xlink:from="bw2-titel9_LiabilitiesNoncurrent_loc" xlink:to="bw2-titel9_PayablesShareholdersParticipatingInterestsNoncurrent_loc" order="5.0" weight="1.0"/>
    <link:loc xlink:type="locator" xlink:href="https://www.nltaxonomie.nl/rj/2024-03-31/rj-cor.xsd#rj_FinanceLeaseLiabilitiesNoncurrent" xlink:label="rj_FinanceLeaseLiabilitiesNoncurrent_loc"/>
    <link:calculationArc xlink:type="arc" xlink:arcrole="https://xbrl.org/2023/arcrole/summation-item" xlink:from="bw2-titel9_LiabilitiesNoncurrent_loc" xlink:to="rj_FinanceLeaseLiabilitiesNoncurrent_loc" order="6.0" weight="1.0"/>
    <link:loc xlink:type="locator" xlink:href="https://www.nltaxonomie.nl/jenv/2024-03-31/bw2-titel9-cor.xsd#bw2-titel9_PayablesOtherNoncurrent" xlink:label="bw2-titel9_PayablesOtherNoncurrent_loc"/>
    <link:calculationArc xlink:type="arc" xlink:arcrole="https://xbrl.org/2023/arcrole/summation-item" xlink:from="bw2-titel9_LiabilitiesNoncurrent_loc" xlink:to="bw2-titel9_PayablesOtherNoncurrent_loc" order="7.0" weight="1.0"/>
    <link:loc xlink:type="locator" xlink:href="https://www.nltaxonomie.nl/jenv/2024-03-31/bw2-titel9-cor.xsd#bw2-titel9_AccrualsAndDeferredIncomeNoncurrent" xlink:label="bw2-titel9_AccrualsAndDeferredIncomeNoncurrent_loc"/>
    <link:calculationArc xlink:type="arc" xlink:arcrole="https://xbrl.org/2023/arcrole/summation-item" xlink:from="bw2-titel9_LiabilitiesNoncurrent_loc" xlink:to="bw2-titel9_AccrualsAndDeferredIncomeNoncurrent_loc" order="8.0" weight="1.0"/>
    <link:loc xlink:type="locator" xlink:href="https://www.nltaxonomie.nl/jenv/2024-03-31/bw2-titel9-cor.xsd#bw2-titel9_LiabilitiesCurrent" xlink:label="bw2-titel9_LiabilitiesCurrent_loc"/>
    <link:calculationArc xlink:type="arc" xlink:arcrole="https://xbrl.org/2023/arcrole/summation-item" xlink:from="bw2-titel9_EquityAndLiabilities_loc" xlink:to="bw2-titel9_LiabilitiesCurrent_loc" order="4.0" weight="1.0"/>
    <link:loc xlink:type="locator" xlink:href="https://www.nltaxonomie.nl/jenv/2024-03-31/bw2-titel9-cor.xsd#bw2-titel9_RepaymentObligationsOfNoncurrentBorrowings" xlink:label="bw2-titel9_RepaymentObligationsOfNoncurrentBorrowings_loc"/>
    <link:calculationArc xlink:type="arc" xlink:arcrole="https://xbrl.org/2023/arcrole/summation-item" xlink:from="bw2-titel9_LiabilitiesCurrent_loc" xlink:to="bw2-titel9_RepaymentObligationsOfNoncurrentBorrowings_loc" order="1.0" weight="1.0"/>
    <link:loc xlink:type="locator" xlink:href="https://www.nltaxonomie.nl/rj/2024-03-31/rj-cor.xsd#rj_FinanceLeaseLiabilitiesCurrent" xlink:label="rj_FinanceLeaseLiabilitiesCurrent_loc"/>
    <link:calculationArc xlink:type="arc" xlink:arcrole="https://xbrl.org/2023/arcrole/summation-item" xlink:from="bw2-titel9_LiabilitiesCurrent_loc" xlink:to="rj_FinanceLeaseLiabilitiesCurrent_loc" order="2.0" weight="1.0"/>
    <link:loc xlink:type="locator" xlink:href="https://www.nltaxonomie.nl/jenv/2024-03-31/bw2-titel9-cor.xsd#bw2-titel9_PayablesBanksCurrent" xlink:label="bw2-titel9_PayablesBanksCurrent_loc"/>
    <link:calculationArc xlink:type="arc" xlink:arcrole="https://xbrl.org/2023/arcrole/summation-item" xlink:from="bw2-titel9_LiabilitiesCurrent_loc" xlink:to="bw2-titel9_PayablesBanksCurrent_loc" order="3.0" weight="1.0"/>
    <link:loc xlink:type="locator" xlink:href="https://www.nltaxonomie.nl/rj/2024-03-31/rj-cor.xsd#rj_ConstructionContractsLiabilities" xlink:label="rj_ConstructionContractsLiabilities_loc"/>
    <link:calculationArc xlink:type="arc" xlink:arcrole="https://xbrl.org/2023/arcrole/summation-item" xlink:from="bw2-titel9_LiabilitiesCurrent_loc" xlink:to="rj_ConstructionContractsLiabilities_loc" order="4.0" weight="1.0"/>
    <link:loc xlink:type="locator" xlink:href="https://www.nltaxonomie.nl/jenv/2024-03-31/bw2-titel9-cor.xsd#bw2-titel9_AdvancesReceivedCurrent" xlink:label="bw2-titel9_AdvancesReceivedCurrent_loc"/>
    <link:calculationArc xlink:type="arc" xlink:arcrole="https://xbrl.org/2023/arcrole/summation-item" xlink:from="bw2-titel9_LiabilitiesCurrent_loc" xlink:to="bw2-titel9_AdvancesReceivedCurrent_loc" order="5.0" weight="1.0"/>
    <link:loc xlink:type="locator" xlink:href="https://www.nltaxonomie.nl/jenv/2024-03-31/bw2-titel9-cor.xsd#bw2-titel9_TradePayablesCurrent" xlink:label="bw2-titel9_TradePayablesCurrent_loc"/>
    <link:calculationArc xlink:type="arc" xlink:arcrole="https://xbrl.org/2023/arcrole/summation-item" xlink:from="bw2-titel9_LiabilitiesCurrent_loc" xlink:to="bw2-titel9_TradePayablesCurrent_loc" order="6.0" weight="1.0"/>
    <link:loc xlink:type="locator" xlink:href="https://www.nltaxonomie.nl/jenv/2024-03-31/bw2-titel9-cor.xsd#bw2-titel9_BillsExchangeChequesPayableCurrent" xlink:label="bw2-titel9_BillsExchangeChequesPayableCurrent_loc"/>
    <link:calculationArc xlink:type="arc" xlink:arcrole="https://xbrl.org/2023/arcrole/summation-item" xlink:from="bw2-titel9_LiabilitiesCurrent_loc" xlink:to="bw2-titel9_BillsExchangeChequesPayableCurrent_loc" order="7.0" weight="1.0"/>
    <link:loc xlink:type="locator" xlink:href="https://www.nltaxonomie.nl/jenv/2024-03-31/bw2-titel9-cor.xsd#bw2-titel9_PayablesOtherAffiliatedCompaniesCurrent" xlink:label="bw2-titel9_PayablesOtherAffiliatedCompaniesCurrent_loc"/>
    <link:calculationArc xlink:type="arc" xlink:arcrole="https://xbrl.org/2023/arcrole/summation-item" xlink:from="bw2-titel9_LiabilitiesCurrent_loc" xlink:to="bw2-titel9_PayablesOtherAffiliatedCompaniesCurrent_loc" order="8.0" weight="1.0"/>
    <link:loc xlink:type="locator" xlink:href="https://www.nltaxonomie.nl/jenv/2024-03-31/bw2-titel9-cor.xsd#bw2-titel9_PayablesShareholdersParticipatingInterestsCurrent" xlink:label="bw2-titel9_PayablesShareholdersParticipatingInterestsCurrent_loc"/>
    <link:calculationArc xlink:type="arc" xlink:arcrole="https://xbrl.org/2023/arcrole/summation-item" xlink:from="bw2-titel9_LiabilitiesCurrent_loc" xlink:to="bw2-titel9_PayablesShareholdersParticipatingInterestsCurrent_loc" order="9.0" weight="1.0"/>
    <link:loc xlink:type="locator" xlink:href="https://www.nltaxonomie.nl/rj/2024-03-31/rj-cor.xsd#rj_PayablesIncomeTaxCurrent" xlink:label="rj_PayablesIncomeTaxCurrent_loc"/>
    <link:calculationArc xlink:type="arc" xlink:arcrole="https://xbrl.org/2023/arcrole/summation-item" xlink:from="bw2-titel9_LiabilitiesCurrent_loc" xlink:to="rj_PayablesIncomeTaxCurrent_loc" order="10.0" weight="1.0"/>
    <link:loc xlink:type="locator" xlink:href="https://www.nltaxonomie.nl/jenv/2024-03-31/bw2-titel9-cor.xsd#bw2-titel9_TaxesSocialSecurityContributionsPayableCurrent" xlink:label="bw2-titel9_TaxesSocialSecurityContributionsPayableCurrent_loc"/>
    <link:calculationArc xlink:type="arc" xlink:arcrole="https://xbrl.org/2023/arcrole/summation-item" xlink:from="bw2-titel9_LiabilitiesCurrent_loc" xlink:to="bw2-titel9_TaxesSocialSecurityContributionsPayableCurrent_loc" order="11.0" weight="1.0"/>
    <link:loc xlink:type="locator" xlink:href="https://www.nltaxonomie.nl/jenv/2024-03-31/bw2-titel9-cor.xsd#bw2-titel9_PensionPayablesCurrent" xlink:label="bw2-titel9_PensionPayablesCurrent_loc"/>
    <link:calculationArc xlink:type="arc" xlink:arcrole="https://xbrl.org/2023/arcrole/summation-item" xlink:from="bw2-titel9_LiabilitiesCurrent_loc" xlink:to="bw2-titel9_PensionPayablesCurrent_loc" order="12.0" weight="1.0"/>
    <link:loc xlink:type="locator" xlink:href="https://www.nltaxonomie.nl/jenv/2024-03-31/bw2-titel9-cor.xsd#bw2-titel9_PayablesOtherCurrent" xlink:label="bw2-titel9_PayablesOtherCurrent_loc"/>
    <link:calculationArc xlink:type="arc" xlink:arcrole="https://xbrl.org/2023/arcrole/summation-item" xlink:from="bw2-titel9_LiabilitiesCurrent_loc" xlink:to="bw2-titel9_PayablesOtherCurrent_loc" order="13.0" weight="1.0"/>
    <link:loc xlink:type="locator" xlink:href="https://www.nltaxonomie.nl/jenv/2024-03-31/bw2-titel9-cor.xsd#bw2-titel9_AccrualsAndDeferredIncomeCurrent" xlink:label="bw2-titel9_AccrualsAndDeferredIncomeCurrent_loc"/>
    <link:calculationArc xlink:type="arc" xlink:arcrole="https://xbrl.org/2023/arcrole/summation-item" xlink:from="bw2-titel9_LiabilitiesCurrent_loc" xlink:to="bw2-titel9_AccrualsAndDeferredIncomeCurrent_loc" order="14.0" weight="1.0"/>
    <link:loc xlink:type="locator" xlink:href="https://www.nltaxonomie.nl/jenv/2024-03-31/bw2-titel9-cor.xsd#bw2-titel9_Provisions" xlink:label="bw2-titel9_Provisions_loc"/>
    <link:calculationArc xlink:type="arc" xlink:arcrole="https://xbrl.org/2023/arcrole/summation-item" xlink:from="bw2-titel9_EquityAndLiabilities_loc" xlink:to="bw2-titel9_Provisions_loc" order="2.0" weight="1.0"/>
    <link:loc xlink:type="locator" xlink:href="https://www.nltaxonomie.nl/jenv/2024-03-31/bw2-titel9-cor.xsd#bw2-titel9_ProvisionPensionObligations" xlink:label="bw2-titel9_ProvisionPensionObligations_loc"/>
    <link:calculationArc xlink:type="arc" xlink:arcrole="https://xbrl.org/2023/arcrole/summation-item" xlink:from="bw2-titel9_Provisions_loc" xlink:to="bw2-titel9_ProvisionPensionObligations_loc" order="1.0" weight="1.0"/>
    <link:loc xlink:type="locator" xlink:href="https://www.nltaxonomie.nl/rj/2024-03-31/rj-cor.xsd#rj_DeferredTaxLiabilities" xlink:label="rj_DeferredTaxLiabilities_loc"/>
    <link:calculationArc xlink:type="arc" xlink:arcrole="https://xbrl.org/2023/arcrole/summation-item" xlink:from="bw2-titel9_Provisions_loc" xlink:to="rj_DeferredTaxLiabilities_loc" order="2.0" weight="1.0"/>
    <link:loc xlink:type="locator" xlink:href="https://www.nltaxonomie.nl/rj/2024-03-31/rj-cor.xsd#rj_ProvisionRestructuring" xlink:label="rj_ProvisionRestructuring_loc"/>
    <link:calculationArc xlink:type="arc" xlink:arcrole="https://xbrl.org/2023/arcrole/summation-item" xlink:from="bw2-titel9_Provisions_loc" xlink:to="rj_ProvisionRestructuring_loc" order="3.0" weight="1.0"/>
    <link:loc xlink:type="locator" xlink:href="degrotebv-2023-12-31.xsd#groot_ProvisionRestructuringTakeover" xlink:label="groot_ProvisionRestructuringTakeover_loc"/>
    <link:calculationArc xlink:type="arc" xlink:arcrole="https://xbrl.org/2023/arcrole/summation-item" xlink:from="bw2-titel9_Provisions_loc" xlink:to="groot_ProvisionRestructuringTakeover_loc" order="4.0" weight="1.0"/>
    <link:loc xlink:type="locator" xlink:href="https://www.nltaxonomie.nl/rj/2024-03-31/rj-cor.xsd#rj_ProvisionOnerousContracts" xlink:label="rj_ProvisionOnerousContracts_loc"/>
    <link:calculationArc xlink:type="arc" xlink:arcrole="https://xbrl.org/2023/arcrole/summation-item" xlink:from="bw2-titel9_Provisions_loc" xlink:to="rj_ProvisionOnerousContracts_loc" order="5.0" weight="1.0"/>
    <link:loc xlink:type="locator" xlink:href="https://www.nltaxonomie.nl/rj/2024-03-31/rj-cor.xsd#rj_ProvisionJubileeBenefits" xlink:label="rj_ProvisionJubileeBenefits_loc"/>
    <link:calculationArc xlink:type="arc" xlink:arcrole="https://xbrl.org/2023/arcrole/summation-item" xlink:from="bw2-titel9_Provisions_loc" xlink:to="rj_ProvisionJubileeBenefits_loc" order="6.0" weight="1.0"/>
    <link:loc xlink:type="locator" xlink:href="https://www.nltaxonomie.nl/rj/2024-03-31/rj-cor.xsd#rj_ProvisionDisabilityRisks" xlink:label="rj_ProvisionDisabilityRisks_loc"/>
    <link:calculationArc xlink:type="arc" xlink:arcrole="https://xbrl.org/2023/arcrole/summation-item" xlink:from="bw2-titel9_Provisions_loc" xlink:to="rj_ProvisionDisabilityRisks_loc" order="7.0" weight="1.0"/>
    <link:loc xlink:type="locator" xlink:href="https://www.nltaxonomie.nl/rj/2024-03-31/rj-cor.xsd#rj_ProvisionWarranty" xlink:label="rj_ProvisionWarranty_loc"/>
    <link:calculationArc xlink:type="arc" xlink:arcrole="https://xbrl.org/2023/arcrole/summation-item" xlink:from="bw2-titel9_Provisions_loc" xlink:to="rj_ProvisionWarranty_loc" order="8.0" weight="1.0"/>
    <link:loc xlink:type="locator" xlink:href="https://www.nltaxonomie.nl/jenv/2024-03-31/bw2-titel9-cor.xsd#bw2-titel9_EquityGroup" xlink:label="bw2-titel9_EquityGroup_loc"/>
    <link:calculationArc xlink:type="arc" xlink:arcrole="https://xbrl.org/2023/arcrole/summation-item" xlink:from="bw2-titel9_EquityAndLiabilities_loc" xlink:to="bw2-titel9_EquityGroup_loc" order="1.0" weight="1.0"/>
    <link:loc xlink:type="locator" xlink:href="https://www.nltaxonomie.nl/jenv/2024-03-31/bw2-titel9-cor.xsd#bw2-titel9_Equity" xlink:label="bw2-titel9_Equity_loc"/>
    <link:calculationArc xlink:type="arc" xlink:arcrole="https://xbrl.org/2023/arcrole/summation-item" xlink:from="bw2-titel9_EquityGroup_loc" xlink:to="bw2-titel9_Equity_loc" order="1.0" weight="1.0"/>
    <link:loc xlink:type="locator" xlink:href="https://www.nltaxonomie.nl/jenv/2024-03-31/bw2-titel9-cor.xsd#bw2-titel9_ShareCapitalPaidCalledUp" xlink:label="bw2-titel9_ShareCapitalPaidCalledUp_loc"/>
    <link:calculationArc xlink:type="arc" xlink:arcrole="http://www.xbrl.org/2003/arcrole/summation-item" xlink:from="bw2-titel9_Equity_loc" xlink:to="bw2-titel9_ShareCapitalPaidCalledUp_loc" order="1.0" weight="1.0"/>
    <link:loc xlink:type="locator" xlink:href="https://www.nltaxonomie.nl/jenv/2024-03-31/bw2-titel9-cor.xsd#bw2-titel9_SharePremium" xlink:label="bw2-titel9_SharePremium_loc"/>
    <link:calculationArc xlink:type="arc" xlink:arcrole="http://www.xbrl.org/2003/arcrole/summation-item" xlink:from="bw2-titel9_Equity_loc" xlink:to="bw2-titel9_SharePremium_loc" order="2.0" weight="1.0"/>
    <link:loc xlink:type="locator" xlink:href="https://www.nltaxonomie.nl/jenv/2024-03-31/bw2-titel9-cor.xsd#bw2-titel9_RevaluationReserve" xlink:label="bw2-titel9_RevaluationReserve_loc"/>
    <link:calculationArc xlink:type="arc" xlink:arcrole="http://www.xbrl.org/2003/arcrole/summation-item" xlink:from="bw2-titel9_Equity_loc" xlink:to="bw2-titel9_RevaluationReserve_loc" order="3.0" weight="1.0"/>
    <link:loc xlink:type="locator" xlink:href="https://www.nltaxonomie.nl/jenv/2024-03-31/bw2-titel9-cor.xsd#bw2-titel9_LegalReserves" xlink:label="bw2-titel9_LegalReserves_loc"/>
    <link:calculationArc xlink:type="arc" xlink:arcrole="http://www.xbrl.org/2003/arcrole/summation-item" xlink:from="bw2-titel9_Equity_loc" xlink:to="bw2-titel9_LegalReserves_loc" order="4.0" weight="1.0"/>
    <link:loc xlink:type="locator" xlink:href="https://www.nltaxonomie.nl/jenv/2024-03-31/bw2-titel9-cor.xsd#bw2-titel9_StatutoryReserves" xlink:label="bw2-titel9_StatutoryReserves_loc"/>
    <link:calculationArc xlink:type="arc" xlink:arcrole="http://www.xbrl.org/2003/arcrole/summation-item" xlink:from="bw2-titel9_Equity_loc" xlink:to="bw2-titel9_StatutoryReserves_loc" order="5.0" weight="1.0"/>
    <link:loc xlink:type="locator" xlink:href="degrotebv-2023-12-31.xsd#groot_FinancialInstrumentsEconomicRealityClassifiedAsLiability" xlink:label="groot_FinancialInstrumentsEconomicRealityClassifiedAsLiability_loc"/>
    <link:calculationArc xlink:type="arc" xlink:arcrole="http://www.xbrl.org/2003/arcrole/summation-item" xlink:from="bw2-titel9_Equity_loc" xlink:to="groot_FinancialInstrumentsEconomicRealityClassifiedAsLiability_loc" order="6.0" weight="1.0"/>
    <link:loc xlink:type="locator" xlink:href="https://www.nltaxonomie.nl/jenv/2024-03-31/bw2-titel9-cor.xsd#bw2-titel9_ReservesOther" xlink:label="bw2-titel9_ReservesOther_loc"/>
    <link:calculationArc xlink:type="arc" xlink:arcrole="http://www.xbrl.org/2003/arcrole/summation-item" xlink:from="bw2-titel9_Equity_loc" xlink:to="bw2-titel9_ReservesOther_loc" order="7.0" weight="1.0"/>
    <link:loc xlink:type="locator" xlink:href="https://www.nltaxonomie.nl/jenv/2024-03-31/bw2-titel9-cor.xsd#bw2-titel9_RetainedEarnings" xlink:label="bw2-titel9_RetainedEarnings_loc"/>
    <link:calculationArc xlink:type="arc" xlink:arcrole="http://www.xbrl.org/2003/arcrole/summation-item" xlink:from="bw2-titel9_Equity_loc" xlink:to="bw2-titel9_RetainedEarnings_loc" order="8.0" weight="1.0"/>
    <link:loc xlink:type="locator" xlink:href="https://www.nltaxonomie.nl/jenv/2024-03-31/bw2-titel9-cor.xsd#bw2-titel9_ResultForTheYear" xlink:label="bw2-titel9_ResultForTheYear_loc"/>
    <link:calculationArc xlink:type="arc" xlink:arcrole="http://www.xbrl.org/2003/arcrole/summation-item" xlink:from="bw2-titel9_RetainedEarnings_loc" xlink:to="bw2-titel9_ResultForTheYear_loc" order="1.0" weight="1.0"/>
    <link:loc xlink:type="locator" xlink:href="https://www.nltaxonomie.nl/rj/2024-03-31/rj-cor.xsd#rj_PreferredDividendDeductedFromResultForTheYear" xlink:label="rj_PreferredDividendDeductedFromResultForTheYear_loc"/>
    <link:calculationArc xlink:type="arc" xlink:arcrole="http://www.xbrl.org/2003/arcrole/summation-item" xlink:from="bw2-titel9_RetainedEarnings_loc" xlink:to="rj_PreferredDividendDeductedFromResultForTheYear_loc" order="2.0" weight="-1.0"/>
    <link:loc xlink:type="locator" xlink:href="degrotebv-2023-12-31.xsd#groot_InterimDividendDeductedFromResultForTheYear" xlink:label="groot_InterimDividendDeductedFromResultForTheYear_loc"/>
    <link:calculationArc xlink:type="arc" xlink:arcrole="http://www.xbrl.org/2003/arcrole/summation-item" xlink:from="bw2-titel9_RetainedEarnings_loc" xlink:to="groot_InterimDividendDeductedFromResultForTheYear_loc" order="3.0" weight="-1.0"/>
    <link:loc xlink:type="locator" xlink:href="degrotebv-2023-12-31.xsd#groot_TransferToLegalReserveDeductedFromResultForTheYear" xlink:label="groot_TransferToLegalReserveDeductedFromResultForTheYear_loc"/>
    <link:calculationArc xlink:type="arc" xlink:arcrole="http://www.xbrl.org/2003/arcrole/summation-item" xlink:from="bw2-titel9_RetainedEarnings_loc" xlink:to="groot_TransferToLegalReserveDeductedFromResultForTheYear_loc" order="4.0" weight="-1.0"/>
    <link:loc xlink:type="locator" xlink:href="https://www.nltaxonomie.nl/jenv/2024-03-31/bw2-titel9-cor.xsd#bw2-titel9_NoncontrollingInterest" xlink:label="bw2-titel9_NoncontrollingInterest_loc"/>
    <link:calculationArc xlink:type="arc" xlink:arcrole="https://xbrl.org/2023/arcrole/summation-item" xlink:from="bw2-titel9_EquityGroup_loc" xlink:to="bw2-titel9_NoncontrollingInterest_loc" order="2.0" weight="1.0"/>
  </link:calculationLink>
  <link:calculationLink xlink:type="extended" xlink:role="https://www.degrotebv.nl/role/IncomeStatement">
    <link:loc xlink:type="locator" xlink:href="https://www.nltaxonomie.nl/jenv/2024-03-31/bw2-titel9-cor.xsd#bw2-titel9_NetResultAfterTax" xlink:label="bw2-titel9_NetResultAfterTax_loc"/>
    <link:loc xlink:type="locator" xlink:href="https://www.nltaxonomie.nl/jenv/2024-03-31/bw2-titel9-cor.xsd#bw2-titel9_ResultAfterTax" xlink:label="bw2-titel9_ResultAfterTax_loc"/>
    <link:calculationArc xlink:type="arc" xlink:arcrole="https://xbrl.org/2023/arcrole/summation-item" xlink:from="bw2-titel9_NetResultAfterTax_loc" xlink:to="bw2-titel9_ResultAfterTax_loc" order="1.0" weight="1.0"/>
    <link:loc xlink:type="locator" xlink:href="https://www.nltaxonomie.nl/jenv/2024-03-31/bw2-titel9-cor.xsd#bw2-titel9_IncomeTaxExpense" xlink:label="bw2-titel9_IncomeTaxExpense_loc"/>
    <link:calculationArc xlink:type="arc" xlink:arcrole="https://xbrl.org/2023/arcrole/summation-item" xlink:from="bw2-titel9_ResultAfterTax_loc" xlink:to="bw2-titel9_IncomeTaxExpense_loc" order="2.0" weight="-1.0"/>
    <link:loc xlink:type="locator" xlink:href="https://www.nltaxonomie.nl/jenv/2024-03-31/bw2-titel9-cor.xsd#bw2-titel9_ResultBeforeTax" xlink:label="bw2-titel9_ResultBeforeTax_loc"/>
    <link:calculationArc xlink:type="arc" xlink:arcrole="https://xbrl.org/2023/arcrole/summation-item" xlink:from="bw2-titel9_ResultAfterTax_loc" xlink:to="bw2-titel9_ResultBeforeTax_loc" order="1.0" weight="1.0"/>
    <link:loc xlink:type="locator" xlink:href="https://www.nltaxonomie.nl/rj/2024-03-31/rj-cor.xsd#rj_FinancialIncomeExpenses" xlink:label="rj_FinancialIncomeExpenses_loc"/>
    <link:calculationArc xlink:type="arc" xlink:arcrole="https://xbrl.org/2023/arcrole/summation-item" xlink:from="bw2-titel9_ResultBeforeTax_loc" xlink:to="rj_FinancialIncomeExpenses_loc" order="3.0" weight="1.0"/>
    <link:loc xlink:type="locator" xlink:href="https://www.nltaxonomie.nl/jenv/2024-03-31/bw2-titel9-cor.xsd#bw2-titel9_IncomeFromInvestmentsInParticipatingInterestsNotValuedAtNetAssetValue" xlink:label="bw2-titel9_IncomeFromInvestmentsInParticipatingInterestsNotValuedAtNetAssetValue_loc"/>
    <link:calculationArc xlink:type="arc" xlink:arcrole="https://xbrl.org/2023/arcrole/summation-item" xlink:from="rj_FinancialIncomeExpenses_loc" xlink:to="bw2-titel9_IncomeFromInvestmentsInParticipatingInterestsNotValuedAtNetAssetValue_loc" order="1.0" weight="1.0"/>
    <link:loc xlink:type="locator" xlink:href="https://www.nltaxonomie.nl/jenv/2024-03-31/bw2-titel9-cor.xsd#bw2-titel9_IncomeReceivablesNoncurrentSecurities" xlink:label="bw2-titel9_IncomeReceivablesNoncurrentSecurities_loc"/>
    <link:calculationArc xlink:type="arc" xlink:arcrole="https://xbrl.org/2023/arcrole/summation-item" xlink:from="rj_FinancialIncomeExpenses_loc" xlink:to="bw2-titel9_IncomeReceivablesNoncurrentSecurities_loc" order="2.0" weight="1.0"/>
    <link:loc xlink:type="locator" xlink:href="https://www.nltaxonomie.nl/jenv/2024-03-31/bw2-titel9-cor.xsd#bw2-titel9_InterestIncomeRelatedIncome" xlink:label="bw2-titel9_InterestIncomeRelatedIncome_loc"/>
    <link:calculationArc xlink:type="arc" xlink:arcrole="https://xbrl.org/2023/arcrole/summation-item" xlink:from="rj_FinancialIncomeExpenses_loc" xlink:to="bw2-titel9_InterestIncomeRelatedIncome_loc" order="3.0" weight="1.0"/>
    <link:loc xlink:type="locator" xlink:href="https://www.nltaxonomie.nl/jenv/2024-03-31/bw2-titel9-cor.xsd#bw2-titel9_ChangesValueFinancialAssetsSecurities" xlink:label="bw2-titel9_ChangesValueFinancialAssetsSecurities_loc"/>
    <link:calculationArc xlink:type="arc" xlink:arcrole="https://xbrl.org/2023/arcrole/summation-item" xlink:from="rj_FinancialIncomeExpenses_loc" xlink:to="bw2-titel9_ChangesValueFinancialAssetsSecurities_loc" order="4.0" weight="1.0"/>
    <link:loc xlink:type="locator" xlink:href="degrotebv-2023-12-31.xsd#groot_ChangesValueIneffectivePartDerivatives" xlink:label="groot_ChangesValueIneffectivePartDerivatives_loc"/>
    <link:calculationArc xlink:type="arc" xlink:arcrole="https://xbrl.org/2023/arcrole/summation-item" xlink:from="rj_FinancialIncomeExpenses_loc" xlink:to="groot_ChangesValueIneffectivePartDerivatives_loc" order="5.0" weight="1.0"/>
    <link:loc xlink:type="locator" xlink:href="https://www.nltaxonomie.nl/jenv/2024-03-31/bw2-titel9-cor.xsd#bw2-titel9_ChangesValueParticipatingInterestsNotValuedAtNetAssetValue" xlink:label="bw2-titel9_ChangesValueParticipatingInterestsNotValuedAtNetAssetValue_loc"/>
    <link:calculationArc xlink:type="arc" xlink:arcrole="https://xbrl.org/2023/arcrole/summation-item" xlink:from="rj_FinancialIncomeExpenses_loc" xlink:to="bw2-titel9_ChangesValueParticipatingInterestsNotValuedAtNetAssetValue_loc" order="6.0" weight="1.0"/>
    <link:loc xlink:type="locator" xlink:href="degrotebv-2023-12-31.xsd#groot_SalesResultParticipatingInterestsNotValuedAtNetAssetValue" xlink:label="groot_SalesResultParticipatingInterestsNotValuedAtNetAssetValue_loc"/>
    <link:calculationArc xlink:type="arc" xlink:arcrole="https://xbrl.org/2023/arcrole/summation-item" xlink:from="rj_FinancialIncomeExpenses_loc" xlink:to="groot_SalesResultParticipatingInterestsNotValuedAtNetAssetValue_loc" order="7.0" weight="1.0"/>
    <link:loc xlink:type="locator" xlink:href="https://www.nltaxonomie.nl/jenv/2024-03-31/bw2-titel9-cor.xsd#bw2-titel9_InterestExpensesRelatedExpenses" xlink:label="bw2-titel9_InterestExpensesRelatedExpenses_loc"/>
    <link:calculationArc xlink:type="arc" xlink:arcrole="https://xbrl.org/2023/arcrole/summation-item" xlink:from="rj_FinancialIncomeExpenses_loc" xlink:to="bw2-titel9_InterestExpensesRelatedExpenses_loc" order="8.0" weight="-1.0"/>
    <link:loc xlink:type="locator" xlink:href="https://www.nltaxonomie.nl/rj/2024-03-31/rj-cor.xsd#rj_ForeignCurrencyExchangeRateResults" xlink:label="rj_ForeignCurrencyExchangeRateResults_loc"/>
    <link:calculationArc xlink:type="arc" xlink:arcrole="https://xbrl.org/2023/arcrole/summation-item" xlink:from="rj_FinancialIncomeExpenses_loc" xlink:to="rj_ForeignCurrencyExchangeRateResults_loc" order="9.0" weight="-1.0"/>
    <link:loc xlink:type="locator" xlink:href="https://www.nltaxonomie.nl/jenv/2024-03-31/bw2-titel9-cor.xsd#bw2-titel9_OperatingResult" xlink:label="bw2-titel9_OperatingResult_loc"/>
    <link:calculationArc xlink:type="arc" xlink:arcrole="https://xbrl.org/2023/arcrole/summation-item" xlink:from="bw2-titel9_ResultBeforeTax_loc" xlink:to="bw2-titel9_OperatingResult_loc" order="1.0" weight="1.0"/>
    <link:loc xlink:type="locator" xlink:href="https://www.nltaxonomie.nl/jenv/2024-03-31/bw2-titel9-cor.xsd#bw2-titel9_OperatingIncome" xlink:label="bw2-titel9_OperatingIncome_loc"/>
    <link:calculationArc xlink:type="arc" xlink:arcrole="https://xbrl.org/2023/arcrole/summation-item" xlink:from="bw2-titel9_OperatingResult_loc" xlink:to="bw2-titel9_OperatingIncome_loc" order="1.0" weight="1.0"/>
    <link:loc xlink:type="locator" xlink:href="https://www.nltaxonomie.nl/jenv/2024-03-31/bw2-titel9-cor.xsd#bw2-titel9_ChangesInventoriesWorkInProgress" xlink:label="bw2-titel9_ChangesInventoriesWorkInProgress_loc"/>
    <link:calculationArc xlink:type="arc" xlink:arcrole="https://xbrl.org/2023/arcrole/summation-item" xlink:from="bw2-titel9_OperatingIncome_loc" xlink:to="bw2-titel9_ChangesInventoriesWorkInProgress_loc" order="2.0" weight="1.0"/>
    <link:loc xlink:type="locator" xlink:href="https://www.nltaxonomie.nl/jenv/2024-03-31/bw2-titel9-cor.xsd#bw2-titel9_CapitalisedProductionCosts" xlink:label="bw2-titel9_CapitalisedProductionCosts_loc"/>
    <link:calculationArc xlink:type="arc" xlink:arcrole="https://xbrl.org/2023/arcrole/summation-item" xlink:from="bw2-titel9_OperatingIncome_loc" xlink:to="bw2-titel9_CapitalisedProductionCosts_loc" order="3.0" weight="1.0"/>
    <link:loc xlink:type="locator" xlink:href="https://www.nltaxonomie.nl/jenv/2024-03-31/bw2-titel9-cor.xsd#bw2-titel9_UnrealisedChangesInValueOfInvestments" xlink:label="bw2-titel9_UnrealisedChangesInValueOfInvestments_loc"/>
    <link:calculationArc xlink:type="arc" xlink:arcrole="https://xbrl.org/2023/arcrole/summation-item" xlink:from="bw2-titel9_OperatingIncome_loc" xlink:to="bw2-titel9_UnrealisedChangesInValueOfInvestments_loc" order="4.0" weight="1.0"/>
    <link:loc xlink:type="locator" xlink:href="https://www.nltaxonomie.nl/jenv/2024-03-31/bw2-titel9-cor.xsd#bw2-titel9_OperatingIncomeOther" xlink:label="bw2-titel9_OperatingIncomeOther_loc"/>
    <link:calculationArc xlink:type="arc" xlink:arcrole="https://xbrl.org/2023/arcrole/summation-item" xlink:from="bw2-titel9_OperatingIncome_loc" xlink:to="bw2-titel9_OperatingIncomeOther_loc" order="5.0" weight="1.0"/>
    <link:loc xlink:type="locator" xlink:href="https://www.nltaxonomie.nl/jenv/2024-03-31/bw2-titel9-cor.xsd#bw2-titel9_NetOperatingResult" xlink:label="bw2-titel9_NetOperatingResult_loc"/>
    <link:calculationArc xlink:type="arc" xlink:arcrole="https://xbrl.org/2023/arcrole/summation-item" xlink:from="bw2-titel9_OperatingIncome_loc" xlink:to="bw2-titel9_NetOperatingResult_loc" order="1.0" weight="1.0"/>
    <link:loc xlink:type="locator" xlink:href="https://www.nltaxonomie.nl/jenv/2024-03-31/bw2-titel9-cor.xsd#bw2-titel9_OperatingExpenses" xlink:label="bw2-titel9_OperatingExpenses_loc"/>
    <link:calculationArc xlink:type="arc" xlink:arcrole="https://xbrl.org/2023/arcrole/summation-item" xlink:from="bw2-titel9_OperatingResult_loc" xlink:to="bw2-titel9_OperatingExpenses_loc" order="2.0" weight="-1.0"/>
    <link:loc xlink:type="locator" xlink:href="https://www.nltaxonomie.nl/jenv/2024-03-31/bw2-titel9-cor.xsd#bw2-titel9_CostsRawMaterialsConsumables" xlink:label="bw2-titel9_CostsRawMaterialsConsumables_loc"/>
    <link:calculationArc xlink:type="arc" xlink:arcrole="https://xbrl.org/2023/arcrole/summation-item" xlink:from="bw2-titel9_OperatingExpenses_loc" xlink:to="bw2-titel9_CostsRawMaterialsConsumables_loc" order="1.0" weight="1.0"/>
    <link:loc xlink:type="locator" xlink:href="https://www.nltaxonomie.nl/jenv/2024-03-31/bw2-titel9-cor.xsd#bw2-titel9_CostsOutsourcedWorkOtherExternalExpenses" xlink:label="bw2-titel9_CostsOutsourcedWorkOtherExternalExpenses_loc"/>
    <link:calculationArc xlink:type="arc" xlink:arcrole="https://xbrl.org/2023/arcrole/summation-item" xlink:from="bw2-titel9_OperatingExpenses_loc" xlink:to="bw2-titel9_CostsOutsourcedWorkOtherExternalExpenses_loc" order="2.0" weight="1.0"/>
    <link:loc xlink:type="locator" xlink:href="https://www.nltaxonomie.nl/jenv/2024-03-31/bw2-titel9-cor.xsd#bw2-titel9_WagesSalaries" xlink:label="bw2-titel9_WagesSalaries_loc"/>
    <link:calculationArc xlink:type="arc" xlink:arcrole="https://xbrl.org/2023/arcrole/summation-item" xlink:from="bw2-titel9_OperatingExpenses_loc" xlink:to="bw2-titel9_WagesSalaries_loc" order="3.0" weight="1.0"/>
    <link:loc xlink:type="locator" xlink:href="https://www.nltaxonomie.nl/jenv/2024-03-31/bw2-titel9-cor.xsd#bw2-titel9_SocialSecurityContributions" xlink:label="bw2-titel9_SocialSecurityContributions_loc"/>
    <link:calculationArc xlink:type="arc" xlink:arcrole="https://xbrl.org/2023/arcrole/summation-item" xlink:from="bw2-titel9_OperatingExpenses_loc" xlink:to="bw2-titel9_SocialSecurityContributions_loc" order="4.0" weight="1.0"/>
    <link:loc xlink:type="locator" xlink:href="https://www.nltaxonomie.nl/jenv/2024-03-31/bw2-titel9-cor.xsd#bw2-titel9_DepreciationPropertyPlantEquipmentAmortisationIntangibleAssets" xlink:label="bw2-titel9_DepreciationPropertyPlantEquipmentAmortisationIntangibleAssets_loc"/>
    <link:calculationArc xlink:type="arc" xlink:arcrole="https://xbrl.org/2023/arcrole/summation-item" xlink:from="bw2-titel9_OperatingExpenses_loc" xlink:to="bw2-titel9_DepreciationPropertyPlantEquipmentAmortisationIntangibleAssets_loc" order="5.0" weight="1.0"/>
    <link:loc xlink:type="locator" xlink:href="https://www.nltaxonomie.nl/jenv/2024-03-31/bw2-titel9-cor.xsd#bw2-titel9_ChangesInValueIntangibleAssetsPropertyPlantEquipment" xlink:label="bw2-titel9_ChangesInValueIntangibleAssetsPropertyPlantEquipment_loc"/>
    <link:calculationArc xlink:type="arc" xlink:arcrole="https://xbrl.org/2023/arcrole/summation-item" xlink:from="bw2-titel9_OperatingExpenses_loc" xlink:to="bw2-titel9_ChangesInValueIntangibleAssetsPropertyPlantEquipment_loc" order="6.0" weight="-1.0"/>
    <link:loc xlink:type="locator" xlink:href="https://www.nltaxonomie.nl/jenv/2024-03-31/bw2-titel9-cor.xsd#bw2-titel9_ImpairmentCurrentAssets" xlink:label="bw2-titel9_ImpairmentCurrentAssets_loc"/>
    <link:calculationArc xlink:type="arc" xlink:arcrole="https://xbrl.org/2023/arcrole/summation-item" xlink:from="bw2-titel9_OperatingExpenses_loc" xlink:to="bw2-titel9_ImpairmentCurrentAssets_loc" order="7.0" weight="1.0"/>
    <link:loc xlink:type="locator" xlink:href="https://www.nltaxonomie.nl/jenv/2024-03-31/bw2-titel9-cor.xsd#bw2-titel9_OperatingExpensesOther" xlink:label="bw2-titel9_OperatingExpensesOther_loc"/>
    <link:calculationArc xlink:type="arc" xlink:arcrole="https://xbrl.org/2023/arcrole/summation-item" xlink:from="bw2-titel9_OperatingExpenses_loc" xlink:to="bw2-titel9_OperatingExpensesOther_loc" order="8.0" weight="1.0"/>
    <link:loc xlink:type="locator" xlink:href="https://www.nltaxonomie.nl/jenv/2024-03-31/bw2-titel9-cor.xsd#bw2-titel9_RevaluationReserveRelease" xlink:label="bw2-titel9_RevaluationReserveRelease_loc"/>
    <link:calculationArc xlink:type="arc" xlink:arcrole="https://xbrl.org/2023/arcrole/summation-item" xlink:from="bw2-titel9_ResultBeforeTax_loc" xlink:to="bw2-titel9_RevaluationReserveRelease_loc" order="2.0" weight="1.0"/>
    <link:loc xlink:type="locator" xlink:href="https://www.nltaxonomie.nl/jenv/2024-03-31/bw2-titel9-cor.xsd#bw2-titel9_ShareInResultsParticipatingInterests" xlink:label="bw2-titel9_ShareInResultsParticipatingInterests_loc"/>
    <link:calculationArc xlink:type="arc" xlink:arcrole="https://xbrl.org/2023/arcrole/summation-item" xlink:from="bw2-titel9_ResultAfterTax_loc" xlink:to="bw2-titel9_ShareInResultsParticipatingInterests_loc" order="3.0" weight="1.0"/>
    <link:loc xlink:type="locator" xlink:href="https://www.nltaxonomie.nl/jenv/2024-03-31/bw2-titel9-cor.xsd#bw2-titel9_ResultAttributableNoncontrollingInterest" xlink:label="bw2-titel9_ResultAttributableNoncontrollingInterest_loc"/>
    <link:calculationArc xlink:type="arc" xlink:arcrole="https://xbrl.org/2023/arcrole/summation-item" xlink:from="bw2-titel9_NetResultAfterTax_loc" xlink:to="bw2-titel9_ResultAttributableNoncontrollingInterest_loc" order="2.0" weight="1.0"/>
  </link:calculationLink>
  <link:calculationLink xlink:type="extended" xlink:role="https://www.degrotebv.nl/role/CashFlowStatement">
    <link:loc xlink:type="locator" xlink:href="https://www.nltaxonomie.nl/rj/2024-03-31/rj-cor.xsd#rj_IncreaseDecreaseCashAndCashEquivalents" xlink:label="rj_IncreaseDecreaseCashAndCashEquivalents_loc"/>
    <link:loc xlink:type="locator" xlink:href="https://www.nltaxonomie.nl/rj/2024-03-31/rj-cor.xsd#rj_NetCashFlows" xlink:label="rj_NetCashFlows_loc"/>
    <link:calculationArc xlink:type="arc" xlink:arcrole="https://xbrl.org/2023/arcrole/summation-item" xlink:from="rj_IncreaseDecreaseCashAndCashEquivalents_loc" xlink:to="rj_NetCashFlows_loc" order="1.0" weight="1.0"/>
    <link:loc xlink:type="locator" xlink:href="https://www.nltaxonomie.nl/rj/2024-03-31/rj-cor.xsd#rj_CashFlowOperatingActivities" xlink:label="rj_CashFlowOperatingActivities_loc"/>
    <link:calculationArc xlink:type="arc" xlink:arcrole="https://xbrl.org/2023/arcrole/summation-item" xlink:from="rj_NetCashFlows_loc" xlink:to="rj_CashFlowOperatingActivities_loc" order="1.0" weight="1.0"/>
    <link:loc xlink:type="locator" xlink:href="https://www.nltaxonomie.nl/rj/2024-03-31/rj-cor.xsd#rj_CashFlowFromOperations" xlink:label="rj_CashFlowFromOperations_loc"/>
    <link:calculationArc xlink:type="arc" xlink:arcrole="https://xbrl.org/2023/arcrole/summation-item" xlink:from="rj_CashFlowOperatingActivities_loc" xlink:to="rj_CashFlowFromOperations_loc" order="1.0" weight="1.0"/>
    <link:loc xlink:type="locator" xlink:href="https://www.nltaxonomie.nl/rj/2024-03-31/rj-cor.xsd#rj_AdjustmentsReconcileOperatingResult" xlink:label="rj_AdjustmentsReconcileOperatingResult_loc"/>
    <link:calculationArc xlink:type="arc" xlink:arcrole="https://xbrl.org/2023/arcrole/summation-item" xlink:from="rj_CashFlowFromOperations_loc" xlink:to="rj_AdjustmentsReconcileOperatingResult_loc" order="2.0" weight="1.0"/>
    <link:loc xlink:type="locator" xlink:href="https://www.nltaxonomie.nl/rj/2024-03-31/rj-cor.xsd#rj_AdjustmentsDepreciationAndAmortisationExpense" xlink:label="rj_AdjustmentsDepreciationAndAmortisationExpense_loc"/>
    <link:calculationArc xlink:type="arc" xlink:arcrole="https://xbrl.org/2023/arcrole/summation-item" xlink:from="rj_AdjustmentsReconcileOperatingResult_loc" xlink:to="rj_AdjustmentsDepreciationAndAmortisationExpense_loc" order="1.0" weight="1.0"/>
    <link:loc xlink:type="locator" xlink:href="https://www.nltaxonomie.nl/rj/2024-03-31/rj-cor.xsd#rj_AdjustmentsImpairmentLossReversalImpairmentLossRecognisedInProfitLoss" xlink:label="rj_AdjustmentsImpairmentLossReversalImpairmentLossRecognisedInProfitLoss_loc"/>
    <link:calculationArc xlink:type="arc" xlink:arcrole="https://xbrl.org/2023/arcrole/summation-item" xlink:from="rj_AdjustmentsReconcileOperatingResult_loc" xlink:to="rj_AdjustmentsImpairmentLossReversalImpairmentLossRecognisedInProfitLoss_loc" order="2.0" weight="1.0"/>
    <link:loc xlink:type="locator" xlink:href="https://www.nltaxonomie.nl/rj/2024-03-31/rj-cor.xsd#rj_IncreaseDecreaseProvisions" xlink:label="rj_IncreaseDecreaseProvisions_loc"/>
    <link:calculationArc xlink:type="arc" xlink:arcrole="https://xbrl.org/2023/arcrole/summation-item" xlink:from="rj_AdjustmentsReconcileOperatingResult_loc" xlink:to="rj_IncreaseDecreaseProvisions_loc" order="3.0" weight="1.0"/>
    <link:loc xlink:type="locator" xlink:href="https://www.nltaxonomie.nl/rj/2024-03-31/rj-cor.xsd#rj_LineItemsOtherIncomeStatementNoImpactReceiptsPayments" xlink:label="rj_LineItemsOtherIncomeStatementNoImpactReceiptsPayments_loc"/>
    <link:calculationArc xlink:type="arc" xlink:arcrole="https://xbrl.org/2023/arcrole/summation-item" xlink:from="rj_AdjustmentsReconcileOperatingResult_loc" xlink:to="rj_LineItemsOtherIncomeStatementNoImpactReceiptsPayments_loc" order="4.0" weight="1.0"/>
    <link:loc xlink:type="locator" xlink:href="https://www.nltaxonomie.nl/rj/2024-03-31/rj-cor.xsd#rj_LineItemsOtherIncomeStatementReceiptsPaymentsNotConsideredOperatingActivities" xlink:label="rj_LineItemsOtherIncomeStatementReceiptsPaymentsNotConsideredOperatingActivities_loc"/>
    <link:calculationArc xlink:type="arc" xlink:arcrole="https://xbrl.org/2023/arcrole/summation-item" xlink:from="rj_AdjustmentsReconcileOperatingResult_loc" xlink:to="rj_LineItemsOtherIncomeStatementReceiptsPaymentsNotConsideredOperatingActivities_loc" order="5.0" weight="1.0"/>
    <link:loc xlink:type="locator" xlink:href="https://www.nltaxonomie.nl/rj/2024-03-31/rj-cor.xsd#rj_ChangesWorkingCapital" xlink:label="rj_ChangesWorkingCapital_loc"/>
    <link:calculationArc xlink:type="arc" xlink:arcrole="https://xbrl.org/2023/arcrole/summation-item" xlink:from="rj_CashFlowFromOperations_loc" xlink:to="rj_ChangesWorkingCapital_loc" order="3.0" weight="1.0"/>
    <link:loc xlink:type="locator" xlink:href="https://www.nltaxonomie.nl/rj/2024-03-31/rj-cor.xsd#rj_IncreaseDecreaseInTradeAccountsReceivable" xlink:label="rj_IncreaseDecreaseInTradeAccountsReceivable_loc"/>
    <link:calculationArc xlink:type="arc" xlink:arcrole="https://xbrl.org/2023/arcrole/summation-item" xlink:from="rj_ChangesWorkingCapital_loc" xlink:to="rj_IncreaseDecreaseInTradeAccountsReceivable_loc" order="1.0" weight="1.0"/>
    <link:loc xlink:type="locator" xlink:href="https://www.nltaxonomie.nl/rj/2024-03-31/rj-cor.xsd#rj_IncreaseDecreaseInOtherReceivables" xlink:label="rj_IncreaseDecreaseInOtherReceivables_loc"/>
    <link:calculationArc xlink:type="arc" xlink:arcrole="https://xbrl.org/2023/arcrole/summation-item" xlink:from="rj_ChangesWorkingCapital_loc" xlink:to="rj_IncreaseDecreaseInOtherReceivables_loc" order="2.0" weight="1.0"/>
    <link:loc xlink:type="locator" xlink:href="https://www.nltaxonomie.nl/rj/2024-03-31/rj-cor.xsd#rj_IncreaseDecreaseInInventories" xlink:label="rj_IncreaseDecreaseInInventories_loc"/>
    <link:calculationArc xlink:type="arc" xlink:arcrole="https://xbrl.org/2023/arcrole/summation-item" xlink:from="rj_ChangesWorkingCapital_loc" xlink:to="rj_IncreaseDecreaseInInventories_loc" order="3.0" weight="1.0"/>
    <link:loc xlink:type="locator" xlink:href="https://www.nltaxonomie.nl/rj/2024-03-31/rj-cor.xsd#rj_IncreaseDecreaseInConstructionContracts" xlink:label="rj_IncreaseDecreaseInConstructionContracts_loc"/>
    <link:calculationArc xlink:type="arc" xlink:arcrole="https://xbrl.org/2023/arcrole/summation-item" xlink:from="rj_ChangesWorkingCapital_loc" xlink:to="rj_IncreaseDecreaseInConstructionContracts_loc" order="4.0" weight="1.0"/>
    <link:loc xlink:type="locator" xlink:href="https://www.nltaxonomie.nl/rj/2024-03-31/rj-cor.xsd#rj_IncreaseDecreaseInTradeAccountsPayable" xlink:label="rj_IncreaseDecreaseInTradeAccountsPayable_loc"/>
    <link:calculationArc xlink:type="arc" xlink:arcrole="https://xbrl.org/2023/arcrole/summation-item" xlink:from="rj_ChangesWorkingCapital_loc" xlink:to="rj_IncreaseDecreaseInTradeAccountsPayable_loc" order="5.0" weight="1.0"/>
    <link:loc xlink:type="locator" xlink:href="https://www.nltaxonomie.nl/rj/2024-03-31/rj-cor.xsd#rj_IncreaseDecreaseInOtherPayables" xlink:label="rj_IncreaseDecreaseInOtherPayables_loc"/>
    <link:calculationArc xlink:type="arc" xlink:arcrole="https://xbrl.org/2023/arcrole/summation-item" xlink:from="rj_ChangesWorkingCapital_loc" xlink:to="rj_IncreaseDecreaseInOtherPayables_loc" order="6.0" weight="1.0"/>
    <link:loc xlink:type="locator" xlink:href="https://www.nltaxonomie.nl/rj/2024-03-31/rj-cor.xsd#rj_OperatingResultCashFlow" xlink:label="rj_OperatingResultCashFlow_loc"/>
    <link:calculationArc xlink:type="arc" xlink:arcrole="https://xbrl.org/2023/arcrole/summation-item" xlink:from="rj_CashFlowFromOperations_loc" xlink:to="rj_OperatingResultCashFlow_loc" order="1.0" weight="1.0"/>
    <link:loc xlink:type="locator" xlink:href="https://www.nltaxonomie.nl/rj/2024-03-31/rj-cor.xsd#rj_InterestReceivedClassifiedAsOperatingActivities" xlink:label="rj_InterestReceivedClassifiedAsOperatingActivities_loc"/>
    <link:calculationArc xlink:type="arc" xlink:arcrole="https://xbrl.org/2023/arcrole/summation-item" xlink:from="rj_CashFlowOperatingActivities_loc" xlink:to="rj_InterestReceivedClassifiedAsOperatingActivities_loc" order="2.0" weight="1.0"/>
    <link:loc xlink:type="locator" xlink:href="https://www.nltaxonomie.nl/rj/2024-03-31/rj-cor.xsd#rj_DividendsReceivedClassifiedAsOperatingActivities" xlink:label="rj_DividendsReceivedClassifiedAsOperatingActivities_loc"/>
    <link:calculationArc xlink:type="arc" xlink:arcrole="https://xbrl.org/2023/arcrole/summation-item" xlink:from="rj_CashFlowOperatingActivities_loc" xlink:to="rj_DividendsReceivedClassifiedAsOperatingActivities_loc" order="3.0" weight="1.0"/>
    <link:loc xlink:type="locator" xlink:href="https://www.nltaxonomie.nl/rj/2024-03-31/rj-cor.xsd#rj_IncomeTaxReceivedClassifiedAsOperatingActivities" xlink:label="rj_IncomeTaxReceivedClassifiedAsOperatingActivities_loc"/>
    <link:calculationArc xlink:type="arc" xlink:arcrole="https://xbrl.org/2023/arcrole/summation-item" xlink:from="rj_CashFlowOperatingActivities_loc" xlink:to="rj_IncomeTaxReceivedClassifiedAsOperatingActivities_loc" order="4.0" weight="1.0"/>
    <link:loc xlink:type="locator" xlink:href="https://www.nltaxonomie.nl/rj/2024-03-31/rj-cor.xsd#rj_InterestPaidClassifiedAsOperatingActivities" xlink:label="rj_InterestPaidClassifiedAsOperatingActivities_loc"/>
    <link:calculationArc xlink:type="arc" xlink:arcrole="https://xbrl.org/2023/arcrole/summation-item" xlink:from="rj_CashFlowOperatingActivities_loc" xlink:to="rj_InterestPaidClassifiedAsOperatingActivities_loc" order="5.0" weight="-1.0"/>
    <link:loc xlink:type="locator" xlink:href="https://www.nltaxonomie.nl/rj/2024-03-31/rj-cor.xsd#rj_IncomeTaxPaidClassifiedAsOperatingActivities" xlink:label="rj_IncomeTaxPaidClassifiedAsOperatingActivities_loc"/>
    <link:calculationArc xlink:type="arc" xlink:arcrole="https://xbrl.org/2023/arcrole/summation-item" xlink:from="rj_CashFlowOperatingActivities_loc" xlink:to="rj_IncomeTaxPaidClassifiedAsOperatingActivities_loc" order="6.0" weight="-1.0"/>
    <link:loc xlink:type="locator" xlink:href="https://www.nltaxonomie.nl/rj/2024-03-31/rj-cor.xsd#rj_CashFlowInvestingActivities" xlink:label="rj_CashFlowInvestingActivities_loc"/>
    <link:calculationArc xlink:type="arc" xlink:arcrole="https://xbrl.org/2023/arcrole/summation-item" xlink:from="rj_NetCashFlows_loc" xlink:to="rj_CashFlowInvestingActivities_loc" order="2.0" weight="1.0"/>
    <link:loc xlink:type="locator" xlink:href="https://www.nltaxonomie.nl/rj/2024-03-31/rj-cor.xsd#rj_PurchaseGroupCompanies" xlink:label="rj_PurchaseGroupCompanies_loc"/>
    <link:calculationArc xlink:type="arc" xlink:arcrole="https://xbrl.org/2023/arcrole/summation-item" xlink:from="rj_CashFlowInvestingActivities_loc" xlink:to="rj_PurchaseGroupCompanies_loc" order="1.0" weight="-1.0"/>
    <link:loc xlink:type="locator" xlink:href="https://www.nltaxonomie.nl/rj/2024-03-31/rj-cor.xsd#rj_ProceedsSalesGroupCompanies" xlink:label="rj_ProceedsSalesGroupCompanies_loc"/>
    <link:calculationArc xlink:type="arc" xlink:arcrole="https://xbrl.org/2023/arcrole/summation-item" xlink:from="rj_CashFlowInvestingActivities_loc" xlink:to="rj_ProceedsSalesGroupCompanies_loc" order="2.0" weight="1.0"/>
    <link:loc xlink:type="locator" xlink:href="https://www.nltaxonomie.nl/rj/2024-03-31/rj-cor.xsd#rj_PurchaseNonConsolidatedEntities" xlink:label="rj_PurchaseNonConsolidatedEntities_loc"/>
    <link:calculationArc xlink:type="arc" xlink:arcrole="https://xbrl.org/2023/arcrole/summation-item" xlink:from="rj_CashFlowInvestingActivities_loc" xlink:to="rj_PurchaseNonConsolidatedEntities_loc" order="3.0" weight="-1.0"/>
    <link:loc xlink:type="locator" xlink:href="https://www.nltaxonomie.nl/rj/2024-03-31/rj-cor.xsd#rj_ProceedsSalesNonconsolidatedEntities" xlink:label="rj_ProceedsSalesNonconsolidatedEntities_loc"/>
    <link:calculationArc xlink:type="arc" xlink:arcrole="https://xbrl.org/2023/arcrole/summation-item" xlink:from="rj_CashFlowInvestingActivities_loc" xlink:to="rj_ProceedsSalesNonconsolidatedEntities_loc" order="4.0" weight="1.0"/>
    <link:loc xlink:type="locator" xlink:href="https://www.nltaxonomie.nl/rj/2024-03-31/rj-cor.xsd#rj_PaymentsProvisionRepaymentLongTermLoans" xlink:label="rj_PaymentsProvisionRepaymentLongTermLoans_loc"/>
    <link:calculationArc xlink:type="arc" xlink:arcrole="https://xbrl.org/2023/arcrole/summation-item" xlink:from="rj_CashFlowInvestingActivities_loc" xlink:to="rj_PaymentsProvisionRepaymentLongTermLoans_loc" order="5.0" weight="-1.0"/>
    <link:loc xlink:type="locator" xlink:href="https://www.nltaxonomie.nl/rj/2024-03-31/rj-cor.xsd#rj_ReceiptsProvisionRepaymentLongTermLoans" xlink:label="rj_ReceiptsProvisionRepaymentLongTermLoans_loc"/>
    <link:calculationArc xlink:type="arc" xlink:arcrole="https://xbrl.org/2023/arcrole/summation-item" xlink:from="rj_CashFlowInvestingActivities_loc" xlink:to="rj_ReceiptsProvisionRepaymentLongTermLoans_loc" order="6.0" weight="1.0"/>
    <link:loc xlink:type="locator" xlink:href="https://www.nltaxonomie.nl/rj/2024-03-31/rj-cor.xsd#rj_PaymentsInvestmentsNonShortTermHighlyLiquidSecurities" xlink:label="rj_PaymentsInvestmentsNonShortTermHighlyLiquidSecurities_loc"/>
    <link:calculationArc xlink:type="arc" xlink:arcrole="https://xbrl.org/2023/arcrole/summation-item" xlink:from="rj_CashFlowInvestingActivities_loc" xlink:to="rj_PaymentsInvestmentsNonShortTermHighlyLiquidSecurities_loc" order="7.0" weight="-1.0"/>
    <link:loc xlink:type="locator" xlink:href="https://www.nltaxonomie.nl/rj/2024-03-31/rj-cor.xsd#rj_ReceiptsInvestmentsNonShortTermHighlyLiquidSecurities" xlink:label="rj_ReceiptsInvestmentsNonShortTermHighlyLiquidSecurities_loc"/>
    <link:calculationArc xlink:type="arc" xlink:arcrole="https://xbrl.org/2023/arcrole/summation-item" xlink:from="rj_CashFlowInvestingActivities_loc" xlink:to="rj_ReceiptsInvestmentsNonShortTermHighlyLiquidSecurities_loc" order="8.0" weight="1.0"/>
    <link:loc xlink:type="locator" xlink:href="https://www.nltaxonomie.nl/rj/2024-03-31/rj-cor.xsd#rj_PurchaseOtherFinancialAssets" xlink:label="rj_PurchaseOtherFinancialAssets_loc"/>
    <link:calculationArc xlink:type="arc" xlink:arcrole="https://xbrl.org/2023/arcrole/summation-item" xlink:from="rj_CashFlowInvestingActivities_loc" xlink:to="rj_PurchaseOtherFinancialAssets_loc" order="9.0" weight="-1.0"/>
    <link:loc xlink:type="locator" xlink:href="https://www.nltaxonomie.nl/rj/2024-03-31/rj-cor.xsd#rj_ProceedsSalesOtherFinancialAssets" xlink:label="rj_ProceedsSalesOtherFinancialAssets_loc"/>
    <link:calculationArc xlink:type="arc" xlink:arcrole="https://xbrl.org/2023/arcrole/summation-item" xlink:from="rj_CashFlowInvestingActivities_loc" xlink:to="rj_ProceedsSalesOtherFinancialAssets_loc" order="10.0" weight="1.0"/>
    <link:loc xlink:type="locator" xlink:href="https://www.nltaxonomie.nl/rj/2024-03-31/rj-cor.xsd#rj_PurchaseIntangibleAssets" xlink:label="rj_PurchaseIntangibleAssets_loc"/>
    <link:calculationArc xlink:type="arc" xlink:arcrole="https://xbrl.org/2023/arcrole/summation-item" xlink:from="rj_CashFlowInvestingActivities_loc" xlink:to="rj_PurchaseIntangibleAssets_loc" order="11.0" weight="-1.0"/>
    <link:loc xlink:type="locator" xlink:href="https://www.nltaxonomie.nl/rj/2024-03-31/rj-cor.xsd#rj_ProceedsSalesIntangibleAssets" xlink:label="rj_ProceedsSalesIntangibleAssets_loc"/>
    <link:calculationArc xlink:type="arc" xlink:arcrole="https://xbrl.org/2023/arcrole/summation-item" xlink:from="rj_CashFlowInvestingActivities_loc" xlink:to="rj_ProceedsSalesIntangibleAssets_loc" order="12.0" weight="1.0"/>
    <link:loc xlink:type="locator" xlink:href="https://www.nltaxonomie.nl/rj/2024-03-31/rj-cor.xsd#rj_PaymentsCapitalizedDevelopmentCosts" xlink:label="rj_PaymentsCapitalizedDevelopmentCosts_loc"/>
    <link:calculationArc xlink:type="arc" xlink:arcrole="https://xbrl.org/2023/arcrole/summation-item" xlink:from="rj_CashFlowInvestingActivities_loc" xlink:to="rj_PaymentsCapitalizedDevelopmentCosts_loc" order="13.0" weight="-1.0"/>
    <link:loc xlink:type="locator" xlink:href="https://www.nltaxonomie.nl/rj/2024-03-31/rj-cor.xsd#rj_PurchasePropertyPlantEquipment" xlink:label="rj_PurchasePropertyPlantEquipment_loc"/>
    <link:calculationArc xlink:type="arc" xlink:arcrole="https://xbrl.org/2023/arcrole/summation-item" xlink:from="rj_CashFlowInvestingActivities_loc" xlink:to="rj_PurchasePropertyPlantEquipment_loc" order="14.0" weight="-1.0"/>
    <link:loc xlink:type="locator" xlink:href="https://www.nltaxonomie.nl/rj/2024-03-31/rj-cor.xsd#rj_ProceedsSalesPropertyPlantAndEquipment" xlink:label="rj_ProceedsSalesPropertyPlantAndEquipment_loc"/>
    <link:calculationArc xlink:type="arc" xlink:arcrole="https://xbrl.org/2023/arcrole/summation-item" xlink:from="rj_CashFlowInvestingActivities_loc" xlink:to="rj_ProceedsSalesPropertyPlantAndEquipment_loc" order="15.0" weight="1.0"/>
    <link:loc xlink:type="locator" xlink:href="https://www.nltaxonomie.nl/rj/2024-03-31/rj-cor.xsd#rj_PaymentsSelfMadeTangibleAssets" xlink:label="rj_PaymentsSelfMadeTangibleAssets_loc"/>
    <link:calculationArc xlink:type="arc" xlink:arcrole="https://xbrl.org/2023/arcrole/summation-item" xlink:from="rj_CashFlowInvestingActivities_loc" xlink:to="rj_PaymentsSelfMadeTangibleAssets_loc" order="16.0" weight="-1.0"/>
    <link:loc xlink:type="locator" xlink:href="https://www.nltaxonomie.nl/rj/2024-03-31/rj-cor.xsd#rj_CashFlowFinancingActivities" xlink:label="rj_CashFlowFinancingActivities_loc"/>
    <link:calculationArc xlink:type="arc" xlink:arcrole="https://xbrl.org/2023/arcrole/summation-item" xlink:from="rj_NetCashFlows_loc" xlink:to="rj_CashFlowFinancingActivities_loc" order="3.0" weight="1.0"/>
    <link:loc xlink:type="locator" xlink:href="https://www.nltaxonomie.nl/rj/2024-03-31/rj-cor.xsd#rj_ProceedsIssueShares" xlink:label="rj_ProceedsIssueShares_loc"/>
    <link:calculationArc xlink:type="arc" xlink:arcrole="https://xbrl.org/2023/arcrole/summation-item" xlink:from="rj_CashFlowFinancingActivities_loc" xlink:to="rj_ProceedsIssueShares_loc" order="1.0" weight="1.0"/>
    <link:loc xlink:type="locator" xlink:href="https://www.nltaxonomie.nl/rj/2024-03-31/rj-cor.xsd#rj_PaymentsAcquireRedeemEntitysShares" xlink:label="rj_PaymentsAcquireRedeemEntitysShares_loc"/>
    <link:calculationArc xlink:type="arc" xlink:arcrole="https://xbrl.org/2023/arcrole/summation-item" xlink:from="rj_CashFlowFinancingActivities_loc" xlink:to="rj_PaymentsAcquireRedeemEntitysShares_loc" order="2.0" weight="-1.0"/>
    <link:loc xlink:type="locator" xlink:href="https://www.nltaxonomie.nl/rj/2024-03-31/rj-cor.xsd#rj_ProceedsFromBorrowingsDebentureLoans" xlink:label="rj_ProceedsFromBorrowingsDebentureLoans_loc"/>
    <link:calculationArc xlink:type="arc" xlink:arcrole="https://xbrl.org/2023/arcrole/summation-item" xlink:from="rj_CashFlowFinancingActivities_loc" xlink:to="rj_ProceedsFromBorrowingsDebentureLoans_loc" order="3.0" weight="1.0"/>
    <link:loc xlink:type="locator" xlink:href="https://www.nltaxonomie.nl/rj/2024-03-31/rj-cor.xsd#rj_ProceedsFromBorrowingsPrivateLoans" xlink:label="rj_ProceedsFromBorrowingsPrivateLoans_loc"/>
    <link:calculationArc xlink:type="arc" xlink:arcrole="https://xbrl.org/2023/arcrole/summation-item" xlink:from="rj_CashFlowFinancingActivities_loc" xlink:to="rj_ProceedsFromBorrowingsPrivateLoans_loc" order="4.0" weight="1.0"/>
    <link:loc xlink:type="locator" xlink:href="https://www.nltaxonomie.nl/rj/2024-03-31/rj-cor.xsd#rj_ProceedsFromBorrowingsMortgageLoans" xlink:label="rj_ProceedsFromBorrowingsMortgageLoans_loc"/>
    <link:calculationArc xlink:type="arc" xlink:arcrole="https://xbrl.org/2023/arcrole/summation-item" xlink:from="rj_CashFlowFinancingActivities_loc" xlink:to="rj_ProceedsFromBorrowingsMortgageLoans_loc" order="5.0" weight="1.0"/>
    <link:loc xlink:type="locator" xlink:href="https://www.nltaxonomie.nl/rj/2024-03-31/rj-cor.xsd#rj_ProceedsFromBorrowingsOtherLoans" xlink:label="rj_ProceedsFromBorrowingsOtherLoans_loc"/>
    <link:calculationArc xlink:type="arc" xlink:arcrole="https://xbrl.org/2023/arcrole/summation-item" xlink:from="rj_CashFlowFinancingActivities_loc" xlink:to="rj_ProceedsFromBorrowingsOtherLoans_loc" order="6.0" weight="1.0"/>
    <link:loc xlink:type="locator" xlink:href="https://www.nltaxonomie.nl/rj/2024-03-31/rj-cor.xsd#rj_RepaymentsBorrowings" xlink:label="rj_RepaymentsBorrowings_loc"/>
    <link:calculationArc xlink:type="arc" xlink:arcrole="https://xbrl.org/2023/arcrole/summation-item" xlink:from="rj_CashFlowFinancingActivities_loc" xlink:to="rj_RepaymentsBorrowings_loc" order="7.0" weight="-1.0"/>
    <link:loc xlink:type="locator" xlink:href="https://www.nltaxonomie.nl/rj/2024-03-31/rj-cor.xsd#rj_IncreaseDecreasePayablesCreditInstitutions" xlink:label="rj_IncreaseDecreasePayablesCreditInstitutions_loc"/>
    <link:calculationArc xlink:type="arc" xlink:arcrole="https://xbrl.org/2023/arcrole/summation-item" xlink:from="rj_CashFlowFinancingActivities_loc" xlink:to="rj_IncreaseDecreasePayablesCreditInstitutions_loc" order="8.0" weight="1.0"/>
    <link:loc xlink:type="locator" xlink:href="https://www.nltaxonomie.nl/rj/2024-03-31/rj-cor.xsd#rj_ProceedsFromSaleAndFinancialLeasebackTransaction" xlink:label="rj_ProceedsFromSaleAndFinancialLeasebackTransaction_loc"/>
    <link:calculationArc xlink:type="arc" xlink:arcrole="https://xbrl.org/2023/arcrole/summation-item" xlink:from="rj_CashFlowFinancingActivities_loc" xlink:to="rj_ProceedsFromSaleAndFinancialLeasebackTransaction_loc" order="9.0" weight="1.0"/>
    <link:loc xlink:type="locator" xlink:href="https://www.nltaxonomie.nl/rj/2024-03-31/rj-cor.xsd#rj_DividendsPaidToShareholdersClassifiedAsFinancingActivities" xlink:label="rj_DividendsPaidToShareholdersClassifiedAsFinancingActivities_loc"/>
    <link:calculationArc xlink:type="arc" xlink:arcrole="https://xbrl.org/2023/arcrole/summation-item" xlink:from="rj_CashFlowFinancingActivities_loc" xlink:to="rj_DividendsPaidToShareholdersClassifiedAsFinancingActivities_loc" order="10.0" weight="-1.0"/>
    <link:loc xlink:type="locator" xlink:href="https://www.nltaxonomie.nl/rj/2024-03-31/rj-cor.xsd#rj_DividendsPaidToMinorityInterestsClassifiedAsFinancingActivities" xlink:label="rj_DividendsPaidToMinorityInterestsClassifiedAsFinancingActivities_loc"/>
    <link:calculationArc xlink:type="arc" xlink:arcrole="https://xbrl.org/2023/arcrole/summation-item" xlink:from="rj_CashFlowFinancingActivities_loc" xlink:to="rj_DividendsPaidToMinorityInterestsClassifiedAsFinancingActivities_loc" order="11.0" weight="-1.0"/>
    <link:loc xlink:type="locator" xlink:href="https://www.nltaxonomie.nl/rj/2024-03-31/rj-cor.xsd#rj_EffectExchangeRateChangesCashAndCashEquivalents" xlink:label="rj_EffectExchangeRateChangesCashAndCashEquivalents_loc"/>
    <link:calculationArc xlink:type="arc" xlink:arcrole="https://xbrl.org/2023/arcrole/summation-item" xlink:from="rj_IncreaseDecreaseCashAndCashEquivalents_loc" xlink:to="rj_EffectExchangeRateChangesCashAndCashEquivalents_loc" order="2.0" weight="1.0"/>
  </link:calculationLink>
  <link:calculationLink xlink:type="extended" xlink:role="https://www.degrotebv.nl/role/StatementOfComprehensiveIncome">
    <link:loc xlink:type="locator" xlink:href="https://www.nltaxonomie.nl/jenv/2024-03-31/bw2-titel9-cor.xsd#bw2-titel9_ComprehensiveIncome" xlink:label="bw2-titel9_ComprehensiveIncome_loc"/>
    <link:loc xlink:type="locator" xlink:href="https://www.nltaxonomie.nl/jenv/2024-03-31/bw2-titel9-cor.xsd#bw2-titel9_NetResultAfterTax" xlink:label="bw2-titel9_NetResultAfterTax_loc"/>
    <link:calculationArc xlink:type="arc" xlink:arcrole="https://xbrl.org/2023/arcrole/summation-item" xlink:from="bw2-titel9_ComprehensiveIncome_loc" xlink:to="bw2-titel9_NetResultAfterTax_loc" order="1.0" weight="1.0"/>
    <link:loc xlink:type="locator" xlink:href="https://www.nltaxonomie.nl/rj/2024-03-31/rj-cor.xsd#rj_ComprehensiveIncomeOther" xlink:label="rj_ComprehensiveIncomeOther_loc"/>
    <link:calculationArc xlink:type="arc" xlink:arcrole="https://xbrl.org/2023/arcrole/summation-item" xlink:from="bw2-titel9_ComprehensiveIncome_loc" xlink:to="rj_ComprehensiveIncomeOther_loc" order="2.0" weight="1.0"/>
    <link:loc xlink:type="locator" xlink:href="https://www.nltaxonomie.nl/rj/2024-03-31/rj-cor.xsd#rj_RevaluationPropertyPlantEquipment" xlink:label="rj_RevaluationPropertyPlantEquipment_loc"/>
    <link:calculationArc xlink:type="arc" xlink:arcrole="https://xbrl.org/2023/arcrole/summation-item" xlink:from="rj_ComprehensiveIncomeOther_loc" xlink:to="rj_RevaluationPropertyPlantEquipment_loc" order="1.0" weight="1.0"/>
    <link:loc xlink:type="locator" xlink:href="https://www.nltaxonomie.nl/rj/2024-03-31/rj-cor.xsd#rj_ChangesValueFinancialAssets" xlink:label="rj_ChangesValueFinancialAssets_loc"/>
    <link:calculationArc xlink:type="arc" xlink:arcrole="https://xbrl.org/2023/arcrole/summation-item" xlink:from="rj_ComprehensiveIncomeOther_loc" xlink:to="rj_ChangesValueFinancialAssets_loc" order="2.0" weight="1.0"/>
    <link:loc xlink:type="locator" xlink:href="https://www.nltaxonomie.nl/rj/2024-03-31/rj-cor.xsd#rj_RealisedRevaluationChargedToEquity" xlink:label="rj_RealisedRevaluationChargedToEquity_loc"/>
    <link:calculationArc xlink:type="arc" xlink:arcrole="https://xbrl.org/2023/arcrole/summation-item" xlink:from="rj_ComprehensiveIncomeOther_loc" xlink:to="rj_RealisedRevaluationChargedToEquity_loc" order="3.0" weight="1.0"/>
    <link:loc xlink:type="locator" xlink:href="https://www.nltaxonomie.nl/rj/2024-03-31/rj-cor.xsd#rj_ExchangeDifferencesForeignParticipatingInterests" xlink:label="rj_ExchangeDifferencesForeignParticipatingInterests_loc"/>
    <link:calculationArc xlink:type="arc" xlink:arcrole="https://xbrl.org/2023/arcrole/summation-item" xlink:from="rj_ComprehensiveIncomeOther_loc" xlink:to="rj_ExchangeDifferencesForeignParticipatingInterests_loc" order="4.0" weight="1.0"/>
    <link:loc xlink:type="locator" xlink:href="https://www.nltaxonomie.nl/rj/2024-03-31/rj-cor.xsd#rj_AdjustmentsRecycleItems" xlink:label="rj_AdjustmentsRecycleItems_loc"/>
    <link:calculationArc xlink:type="arc" xlink:arcrole="https://xbrl.org/2023/arcrole/summation-item" xlink:from="rj_ComprehensiveIncomeOther_loc" xlink:to="rj_AdjustmentsRecycleItems_loc" order="5.0" weight="-1.0"/>
  </link:calculationLink>
  <link:calculationLink xlink:type="extended" xlink:role="https://www.degrotebv.nl/role/EquityStatementOfChanges">
    <link:loc xlink:type="locator" xlink:href="https://www.nltaxonomie.nl/jenv/2024-03-31/bw2-titel9-cor.xsd#bw2-titel9_EquityMovement" xlink:label="bw2-titel9_EquityMovement_loc"/>
    <link:loc xlink:type="locator" xlink:href="https://www.nltaxonomie.nl/rj/2024-03-31/rj-cor.xsd#rj_EquityShareIssue" xlink:label="rj_EquityShareIssue_loc"/>
    <link:calculationArc xlink:type="arc" xlink:arcrole="https://xbrl.org/2023/arcrole/summation-item" xlink:from="bw2-titel9_EquityMovement_loc" xlink:to="rj_EquityShareIssue_loc" order="1.0" weight="1.0"/>
    <link:loc xlink:type="locator" xlink:href="https://www.nltaxonomie.nl/rj/2024-03-31/rj-cor.xsd#rj_EquityContributionsShareholders" xlink:label="rj_EquityContributionsShareholders_loc"/>
    <link:calculationArc xlink:type="arc" xlink:arcrole="https://xbrl.org/2023/arcrole/summation-item" xlink:from="bw2-titel9_EquityMovement_loc" xlink:to="rj_EquityContributionsShareholders_loc" order="2.0" weight="1.0"/>
    <link:loc xlink:type="locator" xlink:href="degrotebv-2023-12-31.xsd#groot_EquityLoanConversion" xlink:label="groot_EquityLoanConversion_loc"/>
    <link:calculationArc xlink:type="arc" xlink:arcrole="https://xbrl.org/2023/arcrole/summation-item" xlink:from="bw2-titel9_EquityMovement_loc" xlink:to="groot_EquityLoanConversion_loc" order="3.0" weight="1.0"/>
    <link:loc xlink:type="locator" xlink:href="https://www.nltaxonomie.nl/rj/2024-03-31/rj-cor.xsd#rj_EquityShareBasedArrangementsExercised" xlink:label="rj_EquityShareBasedArrangementsExercised_loc"/>
    <link:calculationArc xlink:type="arc" xlink:arcrole="https://xbrl.org/2023/arcrole/summation-item" xlink:from="bw2-titel9_EquityMovement_loc" xlink:to="rj_EquityShareBasedArrangementsExercised_loc" order="4.0" weight="1.0"/>
    <link:loc xlink:type="locator" xlink:href="https://www.nltaxonomie.nl/rj/2024-03-31/rj-cor.xsd#rj_EquityTreasurySharesSale" xlink:label="rj_EquityTreasurySharesSale_loc"/>
    <link:calculationArc xlink:type="arc" xlink:arcrole="https://xbrl.org/2023/arcrole/summation-item" xlink:from="bw2-titel9_EquityMovement_loc" xlink:to="rj_EquityTreasurySharesSale_loc" order="6.0" weight="1.0"/>
    <link:loc xlink:type="locator" xlink:href="https://www.nltaxonomie.nl/rj/2024-03-31/rj-cor.xsd#rj_EquityTreasurySharesPurchase" xlink:label="rj_EquityTreasurySharesPurchase_loc"/>
    <link:calculationArc xlink:type="arc" xlink:arcrole="https://xbrl.org/2023/arcrole/summation-item" xlink:from="bw2-titel9_EquityMovement_loc" xlink:to="rj_EquityTreasurySharesPurchase_loc" order="7.0" weight="-1.0"/>
    <link:loc xlink:type="locator" xlink:href="https://www.nltaxonomie.nl/rj/2024-03-31/rj-cor.xsd#rj_EquitySharesWithdrawal" xlink:label="rj_EquitySharesWithdrawal_loc"/>
    <link:calculationArc xlink:type="arc" xlink:arcrole="https://xbrl.org/2023/arcrole/summation-item" xlink:from="bw2-titel9_EquityMovement_loc" xlink:to="rj_EquitySharesWithdrawal_loc" order="8.0" weight="-1.0"/>
    <link:loc xlink:type="locator" xlink:href="degrotebv-2023-12-31.xsd#groot_EquitySharesStamping" xlink:label="groot_EquitySharesStamping_loc"/>
    <link:calculationArc xlink:type="arc" xlink:arcrole="https://xbrl.org/2023/arcrole/summation-item" xlink:from="bw2-titel9_EquityMovement_loc" xlink:to="groot_EquitySharesStamping_loc" order="9.0" weight="-1.0"/>
    <link:loc xlink:type="locator" xlink:href="degrotebv-2023-12-31.xsd#groot_EquitySharesRedeeming" xlink:label="groot_EquitySharesRedeeming_loc"/>
    <link:calculationArc xlink:type="arc" xlink:arcrole="https://xbrl.org/2023/arcrole/summation-item" xlink:from="bw2-titel9_EquityMovement_loc" xlink:to="groot_EquitySharesRedeeming_loc" order="10.0" weight="-1.0"/>
    <link:loc xlink:type="locator" xlink:href="degrotebv-2023-12-31.xsd#groot_EquityShareInResultParticipatingInterests" xlink:label="groot_EquityShareInResultParticipatingInterests_loc"/>
    <link:calculationArc xlink:type="arc" xlink:arcrole="https://xbrl.org/2023/arcrole/summation-item" xlink:from="bw2-titel9_EquityMovement_loc" xlink:to="groot_EquityShareInResultParticipatingInterests_loc" order="11.0" weight="1.0"/>
    <link:loc xlink:type="locator" xlink:href="degrotebv-2023-12-31.xsd#groot_EquityDirectlyParticipatingInterests" xlink:label="groot_EquityDirectlyParticipatingInterests_loc"/>
    <link:calculationArc xlink:type="arc" xlink:arcrole="https://xbrl.org/2023/arcrole/summation-item" xlink:from="bw2-titel9_EquityMovement_loc" xlink:to="groot_EquityDirectlyParticipatingInterests_loc" order="12.0" weight="1.0"/>
    <link:loc xlink:type="locator" xlink:href="https://www.nltaxonomie.nl/rj/2024-03-31/rj-cor.xsd#rj_EquityDividendDistribution" xlink:label="rj_EquityDividendDistribution_loc"/>
    <link:calculationArc xlink:type="arc" xlink:arcrole="https://xbrl.org/2023/arcrole/summation-item" xlink:from="bw2-titel9_EquityMovement_loc" xlink:to="rj_EquityDividendDistribution_loc" order="13.0" weight="-1.0"/>
    <link:loc xlink:type="locator" xlink:href="degrotebv-2023-12-31.xsd#groot_EquityInvestments" xlink:label="groot_EquityInvestments_loc"/>
    <link:calculationArc xlink:type="arc" xlink:arcrole="https://xbrl.org/2023/arcrole/summation-item" xlink:from="bw2-titel9_EquityMovement_loc" xlink:to="groot_EquityInvestments_loc" order="14.0" weight="1.0"/>
    <link:loc xlink:type="locator" xlink:href="degrotebv-2023-12-31.xsd#groot_EquityDisposals" xlink:label="groot_EquityDisposals_loc"/>
    <link:calculationArc xlink:type="arc" xlink:arcrole="https://xbrl.org/2023/arcrole/summation-item" xlink:from="bw2-titel9_EquityMovement_loc" xlink:to="groot_EquityDisposals_loc" order="15.0" weight="-1.0"/>
    <link:loc xlink:type="locator" xlink:href="degrotebv-2023-12-31.xsd#groot_EquityAmortizationDepreciation" xlink:label="groot_EquityAmortizationDepreciation_loc"/>
    <link:calculationArc xlink:type="arc" xlink:arcrole="https://xbrl.org/2023/arcrole/summation-item" xlink:from="bw2-titel9_EquityMovement_loc" xlink:to="groot_EquityAmortizationDepreciation_loc" order="16.0" weight="-1.0"/>
    <link:loc xlink:type="locator" xlink:href="https://www.nltaxonomie.nl/rj/2024-03-31/rj-cor.xsd#rj_EquityDirectlyImpairment" xlink:label="rj_EquityDirectlyImpairment_loc"/>
    <link:calculationArc xlink:type="arc" xlink:arcrole="https://xbrl.org/2023/arcrole/summation-item" xlink:from="bw2-titel9_EquityMovement_loc" xlink:to="rj_EquityDirectlyImpairment_loc" order="17.0" weight="-1.0"/>
    <link:loc xlink:type="locator" xlink:href="https://www.nltaxonomie.nl/rj/2024-03-31/rj-cor.xsd#rj_EquityDirectlyImpairmentReversal" xlink:label="rj_EquityDirectlyImpairmentReversal_loc"/>
    <link:calculationArc xlink:type="arc" xlink:arcrole="https://xbrl.org/2023/arcrole/summation-item" xlink:from="bw2-titel9_EquityMovement_loc" xlink:to="rj_EquityDirectlyImpairmentReversal_loc" order="18.0" weight="1.0"/>
    <link:loc xlink:type="locator" xlink:href="https://www.nltaxonomie.nl/rj/2024-03-31/rj-cor.xsd#rj_EquityDirectlyExchangeDifferences" xlink:label="rj_EquityDirectlyExchangeDifferences_loc"/>
    <link:calculationArc xlink:type="arc" xlink:arcrole="https://xbrl.org/2023/arcrole/summation-item" xlink:from="bw2-titel9_EquityMovement_loc" xlink:to="rj_EquityDirectlyExchangeDifferences_loc" order="19.0" weight="1.0"/>
    <link:loc xlink:type="locator" xlink:href="https://www.nltaxonomie.nl/rj/2024-03-31/rj-cor.xsd#rj_RevaluationReserveRevaluationsThroughOtherReserves" xlink:label="rj_RevaluationReserveRevaluationsThroughOtherReserves_loc"/>
    <link:calculationArc xlink:type="arc" xlink:arcrole="https://xbrl.org/2023/arcrole/summation-item" xlink:from="bw2-titel9_EquityMovement_loc" xlink:to="rj_RevaluationReserveRevaluationsThroughOtherReserves_loc" order="20.0" weight="1.0"/>
    <link:loc xlink:type="locator" xlink:href="https://www.nltaxonomie.nl/rj/2024-03-31/rj-cor.xsd#rj_RevaluationReserveRevaluationsThroughHedgedAssetsLiabilities" xlink:label="rj_RevaluationReserveRevaluationsThroughHedgedAssetsLiabilities_loc"/>
    <link:calculationArc xlink:type="arc" xlink:arcrole="https://xbrl.org/2023/arcrole/summation-item" xlink:from="bw2-titel9_EquityMovement_loc" xlink:to="rj_RevaluationReserveRevaluationsThroughHedgedAssetsLiabilities_loc" order="21.0" weight="1.0"/>
    <link:loc xlink:type="locator" xlink:href="https://www.nltaxonomie.nl/rj/2024-03-31/rj-cor.xsd#rj_RevaluationReserveRealisedRevaluationsThroughHedgedAssetsLiabilities" xlink:label="rj_RevaluationReserveRealisedRevaluationsThroughHedgedAssetsLiabilities_loc"/>
    <link:calculationArc xlink:type="arc" xlink:arcrole="https://xbrl.org/2023/arcrole/summation-item" xlink:from="bw2-titel9_EquityMovement_loc" xlink:to="rj_RevaluationReserveRealisedRevaluationsThroughHedgedAssetsLiabilities_loc" order="22.0" weight="-1.0"/>
    <link:loc xlink:type="locator" xlink:href="https://www.nltaxonomie.nl/rj/2024-03-31/rj-cor.xsd#rj_RevaluationReserveRealisedRevaluationsThroughOtherReserves" xlink:label="rj_RevaluationReserveRealisedRevaluationsThroughOtherReserves_loc"/>
    <link:calculationArc xlink:type="arc" xlink:arcrole="https://xbrl.org/2023/arcrole/summation-item" xlink:from="bw2-titel9_EquityMovement_loc" xlink:to="rj_RevaluationReserveRealisedRevaluationsThroughOtherReserves_loc" order="23.0" weight="-1.0"/>
    <link:loc xlink:type="locator" xlink:href="https://www.nltaxonomie.nl/rj/2024-03-31/rj-cor.xsd#rj_RevaluationReserveRealisedRevaluationsThroughIncomeStatement" xlink:label="rj_RevaluationReserveRealisedRevaluationsThroughIncomeStatement_loc"/>
    <link:calculationArc xlink:type="arc" xlink:arcrole="https://xbrl.org/2023/arcrole/summation-item" xlink:from="bw2-titel9_EquityMovement_loc" xlink:to="rj_RevaluationReserveRealisedRevaluationsThroughIncomeStatement_loc" order="24.0" weight="-1.0"/>
    <link:loc xlink:type="locator" xlink:href="https://www.nltaxonomie.nl/rj/2024-03-31/rj-cor.xsd#rj_EquityDirectlyBusinessAcquisitions" xlink:label="rj_EquityDirectlyBusinessAcquisitions_loc"/>
    <link:calculationArc xlink:type="arc" xlink:arcrole="https://xbrl.org/2023/arcrole/summation-item" xlink:from="bw2-titel9_EquityMovement_loc" xlink:to="rj_EquityDirectlyBusinessAcquisitions_loc" order="25.0" weight="1.0"/>
    <link:loc xlink:type="locator" xlink:href="degrotebv-2023-12-31.xsd#groot_EquityTransferToRevaluationReserves" xlink:label="groot_EquityTransferToRevaluationReserves_loc"/>
    <link:calculationArc xlink:type="arc" xlink:arcrole="https://xbrl.org/2023/arcrole/summation-item" xlink:from="bw2-titel9_EquityMovement_loc" xlink:to="groot_EquityTransferToRevaluationReserves_loc" order="26.0" weight="-1.0"/>
    <link:loc xlink:type="locator" xlink:href="degrotebv-2023-12-31.xsd#groot_EquityTransferFromRevaluationReserves" xlink:label="groot_EquityTransferFromRevaluationReserves_loc"/>
    <link:calculationArc xlink:type="arc" xlink:arcrole="https://xbrl.org/2023/arcrole/summation-item" xlink:from="bw2-titel9_EquityMovement_loc" xlink:to="groot_EquityTransferFromRevaluationReserves_loc" order="27.0" weight="1.0"/>
    <link:loc xlink:type="locator" xlink:href="degrotebv-2023-12-31.xsd#groot_EquityTransferToLegalStatutoryReserves" xlink:label="groot_EquityTransferToLegalStatutoryReserves_loc"/>
    <link:calculationArc xlink:type="arc" xlink:arcrole="https://xbrl.org/2023/arcrole/summation-item" xlink:from="bw2-titel9_EquityMovement_loc" xlink:to="groot_EquityTransferToLegalStatutoryReserves_loc" order="28.0" weight="-1.0"/>
    <link:loc xlink:type="locator" xlink:href="degrotebv-2023-12-31.xsd#groot_EquityTransferFromLegalStatutoryReserves" xlink:label="groot_EquityTransferFromLegalStatutoryReserves_loc"/>
    <link:calculationArc xlink:type="arc" xlink:arcrole="https://xbrl.org/2023/arcrole/summation-item" xlink:from="bw2-titel9_EquityMovement_loc" xlink:to="groot_EquityTransferFromLegalStatutoryReserves_loc" order="29.0" weight="1.0"/>
    <link:loc xlink:type="locator" xlink:href="degrotebv-2023-12-31.xsd#groot_EquityStockdividend" xlink:label="groot_EquityStockdividend_loc"/>
    <link:calculationArc xlink:type="arc" xlink:arcrole="https://xbrl.org/2023/arcrole/summation-item" xlink:from="bw2-titel9_EquityMovement_loc" xlink:to="groot_EquityStockdividend_loc" order="30.0" weight="1.0"/>
    <link:loc xlink:type="locator" xlink:href="https://www.nltaxonomie.nl/rj/2024-03-31/rj-cor.xsd#rj_EmissionCostsEquity" xlink:label="rj_EmissionCostsEquity_loc"/>
    <link:calculationArc xlink:type="arc" xlink:arcrole="https://xbrl.org/2023/arcrole/summation-item" xlink:from="bw2-titel9_EquityMovement_loc" xlink:to="rj_EmissionCostsEquity_loc" order="31.0" weight="-1.0"/>
    <link:loc xlink:type="locator" xlink:href="degrotebv-2023-12-31.xsd#groot_EquityPreferredDividend" xlink:label="groot_EquityPreferredDividend_loc"/>
    <link:calculationArc xlink:type="arc" xlink:arcrole="https://xbrl.org/2023/arcrole/summation-item" xlink:from="bw2-titel9_EquityMovement_loc" xlink:to="groot_EquityPreferredDividend_loc" order="32.0" weight="-1.0"/>
    <link:loc xlink:type="locator" xlink:href="degrotebv-2023-12-31.xsd#groot_EquityIterimDividend" xlink:label="groot_EquityIterimDividend_loc"/>
    <link:calculationArc xlink:type="arc" xlink:arcrole="https://xbrl.org/2023/arcrole/summation-item" xlink:from="bw2-titel9_EquityMovement_loc" xlink:to="groot_EquityIterimDividend_loc" order="33.0" weight="-1.0"/>
    <link:loc xlink:type="locator" xlink:href="https://www.nltaxonomie.nl/rj/2024-03-31/rj-cor.xsd#rj_EquityResultAllocation" xlink:label="rj_EquityResultAllocation_loc"/>
    <link:calculationArc xlink:type="arc" xlink:arcrole="https://xbrl.org/2023/arcrole/summation-item" xlink:from="bw2-titel9_EquityMovement_loc" xlink:to="rj_EquityResultAllocation_loc" order="34.0" weight="1.0"/>
    <link:loc xlink:type="locator" xlink:href="degrotebv-2023-12-31.xsd#groot_EquityFinalOptionDividend" xlink:label="groot_EquityFinalOptionDividend_loc"/>
    <link:calculationArc xlink:type="arc" xlink:arcrole="https://xbrl.org/2023/arcrole/summation-item" xlink:from="bw2-titel9_EquityMovement_loc" xlink:to="groot_EquityFinalOptionDividend_loc" order="35.0" weight="-1.0"/>
    <link:loc xlink:type="locator" xlink:href="degrotebv-2023-12-31.xsd#groot_EquityTransferResultToOrtherReserves" xlink:label="groot_EquityTransferResultToOrtherReserves_loc"/>
    <link:calculationArc xlink:type="arc" xlink:arcrole="https://xbrl.org/2023/arcrole/summation-item" xlink:from="bw2-titel9_EquityMovement_loc" xlink:to="groot_EquityTransferResultToOrtherReserves_loc" order="36.0" weight="1.0"/>
    <link:loc xlink:type="locator" xlink:href="https://www.nltaxonomie.nl/jenv/2024-03-31/bw2-titel9-cor.xsd#bw2-titel9_RevaluationReserveRevaluationsTaxImpact" xlink:label="bw2-titel9_RevaluationReserveRevaluationsTaxImpact_loc"/>
    <link:calculationArc xlink:type="arc" xlink:arcrole="https://xbrl.org/2023/arcrole/summation-item" xlink:from="bw2-titel9_EquityMovement_loc" xlink:to="bw2-titel9_RevaluationReserveRevaluationsTaxImpact_loc" order="37.0" weight="-1.0"/>
    <link:loc xlink:type="locator" xlink:href="https://www.nltaxonomie.nl/rj/2024-03-31/rj-cor.xsd#rj_EquityDirectlyBusinessDivestitures" xlink:label="rj_EquityDirectlyBusinessDivestitures_loc"/>
    <link:calculationArc xlink:type="arc" xlink:arcrole="https://xbrl.org/2023/arcrole/summation-item" xlink:from="bw2-titel9_EquityMovement_loc" xlink:to="rj_EquityDirectlyBusinessDivestitures_loc" order="38.0" weight="-1.0"/>
    <link:loc xlink:type="locator" xlink:href="degrotebv-2023-12-31.xsd#groot_EquityTransferFromUndistributedProfit" xlink:label="groot_EquityTransferFromUndistributedProfit_loc"/>
    <link:calculationArc xlink:type="arc" xlink:arcrole="https://xbrl.org/2023/arcrole/summation-item" xlink:from="bw2-titel9_EquityMovement_loc" xlink:to="groot_EquityTransferFromUndistributedProfit_loc" order="39.0" weight="1.0"/>
    <link:loc xlink:type="locator" xlink:href="degrotebv-2023-12-31.xsd#groot_EquityTransferToUndistributedProfit" xlink:label="groot_EquityTransferToUndistributedProfit_loc"/>
    <link:calculationArc xlink:type="arc" xlink:arcrole="https://xbrl.org/2023/arcrole/summation-item" xlink:from="bw2-titel9_EquityMovement_loc" xlink:to="groot_EquityTransferToUndistributedProfit_loc" order="40.0" weight="-1.0"/>
    <link:loc xlink:type="locator" xlink:href="https://www.nltaxonomie.nl/rj/2024-03-31/rj-cor.xsd#rj_EquityShareBasedArrangementsGranted" xlink:label="rj_EquityShareBasedArrangementsGranted_loc"/>
    <link:calculationArc xlink:type="arc" xlink:arcrole="https://xbrl.org/2023/arcrole/summation-item" xlink:from="bw2-titel9_EquityMovement_loc" xlink:to="rj_EquityShareBasedArrangementsGranted_loc" order="5.0" weight="1.0"/>
  </link:calculationLink>
</link:linkbase>
