<?xml version="1.0" encoding="UTF-8"?>

<link:linkbase xmlns:xsi="http://www.w3.org/2001/XMLSchema-instance" xsi:schemaLocation="http://www.xbrl.org/2003/linkbase http://www.xbrl.org/2003/xbrl-linkbase-2003-12-31.xsd http://www.w3.org/1999/xlink http://www.xbrl.org/2003/xlink-2003-12-31.xsd http://xbrl.org/2008/label http://www.xbrl.org/2008/generic-label.xsd http://xbrl.org/2008/generic http://www.xbrl.org/2008/generic-link.xsd" xmlns:gen="http://xbrl.org/2008/generic" xmlns:link="http://www.xbrl.org/2003/linkbase" xmlns:xlink="http://www.w3.org/1999/xlink" xmlns:label="http://xbrl.org/2008/label">
  <link:roleRef roleURI="http://www.xbrl.org/2008/role/label" xlink:type="simple" xlink:href="http://www.xbrl.org/2008/generic-label.xsd#standard-label"/>
  <link:roleRef roleURI="http://www.xbrl.org/2008/role/link" xlink:type="simple" xlink:href="http://www.xbrl.org/2008/generic-link.xsd#standard-link-role"/>
  <link:arcroleRef arcroleURI="http://xbrl.org/arcrole/2008/element-label" xlink:type="simple" xlink:href="http://www.xbrl.org/2008/generic-label.xsd#element-label"/>
  <gen:link xlink:type="extended" xlink:role="http://www.xbrl.org/2008/role/link">
    <link:loc xlink:type="locator" xlink:href="rj-all.xsd#rj_AnnualReportingGuidelines100" xlink:label="rj_AnnualReportingGuidelines100_loc"/>
    <label:label xlink:type="resource" xlink:label="rj_AnnualReportingGuidelines100_label_en" xlink:role="http://www.xbrl.org/2008/role/label" xml:lang="en" id="rj_AnnualReportingGuidelines100_label_en">RJ 100 - Introduction</label:label>
    <gen:arc xlink:type="arc" xlink:arcrole="http://xbrl.org/arcrole/2008/element-label" xlink:from="rj_AnnualReportingGuidelines100_loc" xlink:to="rj_AnnualReportingGuidelines100_label_en"/>
    <link:loc xlink:type="locator" xlink:href="rj-all.xsd#rj_AnnualReportingGuidelines110" xlink:label="rj_AnnualReportingGuidelines110_loc"/>
    <label:label xlink:type="resource" xlink:label="rj_AnnualReportingGuidelines110_label_en" xlink:role="http://www.xbrl.org/2008/role/label" xml:lang="en" id="rj_AnnualReportingGuidelines110_label_en">RJ 110 - Objectives and principles</label:label>
    <gen:arc xlink:type="arc" xlink:arcrole="http://xbrl.org/arcrole/2008/element-label" xlink:from="rj_AnnualReportingGuidelines110_loc" xlink:to="rj_AnnualReportingGuidelines110_label_en"/>
    <link:loc xlink:type="locator" xlink:href="rj-all.xsd#rj_AnnualReportingGuidelines115" xlink:label="rj_AnnualReportingGuidelines115_loc"/>
    <label:label xlink:type="resource" xlink:label="rj_AnnualReportingGuidelines115_label_en" xlink:role="http://www.xbrl.org/2008/role/label" xml:lang="en" id="rj_AnnualReportingGuidelines115_label_en">RJ 115 - Criteria for inclusion and disclosure of data</label:label>
    <gen:arc xlink:type="arc" xlink:arcrole="http://xbrl.org/arcrole/2008/element-label" xlink:from="rj_AnnualReportingGuidelines115_loc" xlink:to="rj_AnnualReportingGuidelines115_label_en"/>
    <link:loc xlink:type="locator" xlink:href="rj-all.xsd#rj_AnnualReportingGuidelines120" xlink:label="rj_AnnualReportingGuidelines120_loc"/>
    <label:label xlink:type="resource" xlink:label="rj_AnnualReportingGuidelines120_label_en" xlink:role="http://www.xbrl.org/2008/role/label" xml:lang="en" id="rj_AnnualReportingGuidelines120_label_en">RJ 120 - Policies of pricing</label:label>
    <gen:arc xlink:type="arc" xlink:arcrole="http://xbrl.org/arcrole/2008/element-label" xlink:from="rj_AnnualReportingGuidelines120_loc" xlink:to="rj_AnnualReportingGuidelines120_label_en"/>
    <link:loc xlink:type="locator" xlink:href="rj-all.xsd#rj_AnnualReportingGuidelines121" xlink:label="rj_AnnualReportingGuidelines121_loc"/>
    <label:label xlink:type="resource" xlink:label="rj_AnnualReportingGuidelines121_label_en" xlink:role="http://www.xbrl.org/2008/role/label" xml:lang="en" id="rj_AnnualReportingGuidelines121_label_en">RJ 121 - Impairment of non-current assets</label:label>
    <gen:arc xlink:type="arc" xlink:arcrole="http://xbrl.org/arcrole/2008/element-label" xlink:from="rj_AnnualReportingGuidelines121_loc" xlink:to="rj_AnnualReportingGuidelines121_label_en"/>
    <link:loc xlink:type="locator" xlink:href="rj-all.xsd#rj_AnnualReportingGuidelines122" xlink:label="rj_AnnualReportingGuidelines122_loc"/>
    <label:label xlink:type="resource" xlink:label="rj_AnnualReportingGuidelines122_label_en" xlink:role="http://www.xbrl.org/2008/role/label" xml:lang="en" id="rj_AnnualReportingGuidelines122_label_en">RJ 122 - Policies for foreign currency translation</label:label>
    <gen:arc xlink:type="arc" xlink:arcrole="http://xbrl.org/arcrole/2008/element-label" xlink:from="rj_AnnualReportingGuidelines122_loc" xlink:to="rj_AnnualReportingGuidelines122_label_en"/>
    <link:loc xlink:type="locator" xlink:href="rj-all.xsd#rj_AnnualReportingGuidelines135" xlink:label="rj_AnnualReportingGuidelines135_loc"/>
    <label:label xlink:type="resource" xlink:label="rj_AnnualReportingGuidelines135_label_en" xlink:role="http://www.xbrl.org/2008/role/label" xml:lang="en" id="rj_AnnualReportingGuidelines135_label_en">RJ 135 - General policies for determining the result</label:label>
    <gen:arc xlink:type="arc" xlink:arcrole="http://xbrl.org/arcrole/2008/element-label" xlink:from="rj_AnnualReportingGuidelines135_loc" xlink:to="rj_AnnualReportingGuidelines135_label_en"/>
    <link:loc xlink:type="locator" xlink:href="rj-all.xsd#rj_AnnualReportingGuidelines140" xlink:label="rj_AnnualReportingGuidelines140_loc"/>
    <label:label xlink:type="resource" xlink:label="rj_AnnualReportingGuidelines140_label_en" xlink:role="http://www.xbrl.org/2008/role/label" xml:lang="en" id="rj_AnnualReportingGuidelines140_label_en">RJ 140 - Changes in accounting policies</label:label>
    <gen:arc xlink:type="arc" xlink:arcrole="http://xbrl.org/arcrole/2008/element-label" xlink:from="rj_AnnualReportingGuidelines140_loc" xlink:to="rj_AnnualReportingGuidelines140_label_en"/>
    <link:loc xlink:type="locator" xlink:href="rj-all.xsd#rj_AnnualReportingGuidelines145" xlink:label="rj_AnnualReportingGuidelines145_loc"/>
    <label:label xlink:type="resource" xlink:label="rj_AnnualReportingGuidelines145_label_en" xlink:role="http://www.xbrl.org/2008/role/label" xml:lang="en" id="rj_AnnualReportingGuidelines145_label_en">RJ 145 - Changes in accounting estimates</label:label>
    <gen:arc xlink:type="arc" xlink:arcrole="http://xbrl.org/arcrole/2008/element-label" xlink:from="rj_AnnualReportingGuidelines145_loc" xlink:to="rj_AnnualReportingGuidelines145_label_en"/>
    <link:loc xlink:type="locator" xlink:href="rj-all.xsd#rj_AnnualReportingGuidelines150" xlink:label="rj_AnnualReportingGuidelines150_loc"/>
    <label:label xlink:type="resource" xlink:label="rj_AnnualReportingGuidelines150_label_en" xlink:role="http://www.xbrl.org/2008/role/label" xml:lang="en" id="rj_AnnualReportingGuidelines150_label_en">RJ 150 - Prior period errors</label:label>
    <gen:arc xlink:type="arc" xlink:arcrole="http://xbrl.org/arcrole/2008/element-label" xlink:from="rj_AnnualReportingGuidelines150_loc" xlink:to="rj_AnnualReportingGuidelines150_label_en"/>
    <link:loc xlink:type="locator" xlink:href="rj-all.xsd#rj_AnnualReportingGuidelines160" xlink:label="rj_AnnualReportingGuidelines160_loc"/>
    <label:label xlink:type="resource" xlink:label="rj_AnnualReportingGuidelines160_label_en" xlink:role="http://www.xbrl.org/2008/role/label" xml:lang="en" id="rj_AnnualReportingGuidelines160_label_en">RJ 160 - Subsequent events</label:label>
    <gen:arc xlink:type="arc" xlink:arcrole="http://xbrl.org/arcrole/2008/element-label" xlink:from="rj_AnnualReportingGuidelines160_loc" xlink:to="rj_AnnualReportingGuidelines160_label_en"/>
    <link:loc xlink:type="locator" xlink:href="rj-all.xsd#rj_AnnualReportingGuidelines170" xlink:label="rj_AnnualReportingGuidelines170_loc"/>
    <label:label xlink:type="resource" xlink:label="rj_AnnualReportingGuidelines170_label_en" xlink:role="http://www.xbrl.org/2008/role/label" xml:lang="en" id="rj_AnnualReportingGuidelines170_label_en">RJ 170 - Gone concern and serious doubts about the ability to continue as a going concern</label:label>
    <gen:arc xlink:type="arc" xlink:arcrole="http://xbrl.org/arcrole/2008/element-label" xlink:from="rj_AnnualReportingGuidelines170_loc" xlink:to="rj_AnnualReportingGuidelines170_label_en"/>
    <link:loc xlink:type="locator" xlink:href="rj-all.xsd#rj_AnnualReportingGuidelines190" xlink:label="rj_AnnualReportingGuidelines190_loc"/>
    <label:label xlink:type="resource" xlink:label="rj_AnnualReportingGuidelines190_label_en" xlink:role="http://www.xbrl.org/2008/role/label" xml:lang="en" id="rj_AnnualReportingGuidelines190_label_en">RJ 190 - Other general stipulations</label:label>
    <gen:arc xlink:type="arc" xlink:arcrole="http://xbrl.org/arcrole/2008/element-label" xlink:from="rj_AnnualReportingGuidelines190_loc" xlink:to="rj_AnnualReportingGuidelines190_label_en"/>
    <link:loc xlink:type="locator" xlink:href="rj-all.xsd#rj_AnnualReportingGuidelines210" xlink:label="rj_AnnualReportingGuidelines210_loc"/>
    <label:label xlink:type="resource" xlink:label="rj_AnnualReportingGuidelines210_label_en" xlink:role="http://www.xbrl.org/2008/role/label" xml:lang="en" id="rj_AnnualReportingGuidelines210_label_en">RJ 210 - Intangible assets</label:label>
    <gen:arc xlink:type="arc" xlink:arcrole="http://xbrl.org/arcrole/2008/element-label" xlink:from="rj_AnnualReportingGuidelines210_loc" xlink:to="rj_AnnualReportingGuidelines210_label_en"/>
    <link:loc xlink:type="locator" xlink:href="rj-all.xsd#rj_AnnualReportingGuidelines212" xlink:label="rj_AnnualReportingGuidelines212_loc"/>
    <label:label xlink:type="resource" xlink:label="rj_AnnualReportingGuidelines212_label_en" xlink:role="http://www.xbrl.org/2008/role/label" xml:lang="en" id="rj_AnnualReportingGuidelines212_label_en">RJ 212 - Property, plant and equipment</label:label>
    <gen:arc xlink:type="arc" xlink:arcrole="http://xbrl.org/arcrole/2008/element-label" xlink:from="rj_AnnualReportingGuidelines212_loc" xlink:to="rj_AnnualReportingGuidelines212_label_en"/>
    <link:loc xlink:type="locator" xlink:href="rj-all.xsd#rj_AnnualReportingGuidelines213" xlink:label="rj_AnnualReportingGuidelines213_loc"/>
    <label:label xlink:type="resource" xlink:label="rj_AnnualReportingGuidelines213_label_en" xlink:role="http://www.xbrl.org/2008/role/label" xml:lang="en" id="rj_AnnualReportingGuidelines213_label_en">RJ 213 - Investment properties</label:label>
    <gen:arc xlink:type="arc" xlink:arcrole="http://xbrl.org/arcrole/2008/element-label" xlink:from="rj_AnnualReportingGuidelines213_loc" xlink:to="rj_AnnualReportingGuidelines213_label_en"/>
    <link:loc xlink:type="locator" xlink:href="rj-all.xsd#rj_AnnualReportingGuidelines214" xlink:label="rj_AnnualReportingGuidelines214_loc"/>
    <label:label xlink:type="resource" xlink:label="rj_AnnualReportingGuidelines214_label_en" xlink:role="http://www.xbrl.org/2008/role/label" xml:lang="en" id="rj_AnnualReportingGuidelines214_label_en">RJ 214 - Financial assets</label:label>
    <gen:arc xlink:type="arc" xlink:arcrole="http://xbrl.org/arcrole/2008/element-label" xlink:from="rj_AnnualReportingGuidelines214_loc" xlink:to="rj_AnnualReportingGuidelines214_label_en"/>
    <link:loc xlink:type="locator" xlink:href="rj-all.xsd#rj_AnnualReportingGuidelines215" xlink:label="rj_AnnualReportingGuidelines215_loc"/>
    <label:label xlink:type="resource" xlink:label="rj_AnnualReportingGuidelines215_label_en" xlink:role="http://www.xbrl.org/2008/role/label" xml:lang="en" id="rj_AnnualReportingGuidelines215_label_en">RJ 215 - Joint ventures</label:label>
    <gen:arc xlink:type="arc" xlink:arcrole="http://xbrl.org/arcrole/2008/element-label" xlink:from="rj_AnnualReportingGuidelines215_loc" xlink:to="rj_AnnualReportingGuidelines215_label_en"/>
    <link:loc xlink:type="locator" xlink:href="rj-all.xsd#rj_AnnualReportingGuidelines216" xlink:label="rj_AnnualReportingGuidelines216_loc"/>
    <label:label xlink:type="resource" xlink:label="rj_AnnualReportingGuidelines216_label_en" xlink:role="http://www.xbrl.org/2008/role/label" xml:lang="en" id="rj_AnnualReportingGuidelines216_label_en">RJ 216 - Mergers and acquisitions</label:label>
    <gen:arc xlink:type="arc" xlink:arcrole="http://xbrl.org/arcrole/2008/element-label" xlink:from="rj_AnnualReportingGuidelines216_loc" xlink:to="rj_AnnualReportingGuidelines216_label_en"/>
    <link:loc xlink:type="locator" xlink:href="rj-all.xsd#rj_AnnualReportingGuidelines217" xlink:label="rj_AnnualReportingGuidelines217_loc"/>
    <label:label xlink:type="resource" xlink:label="rj_AnnualReportingGuidelines217_label_en" xlink:role="http://www.xbrl.org/2008/role/label" xml:lang="en" id="rj_AnnualReportingGuidelines217_label_en">RJ 217 - Consolidation</label:label>
    <gen:arc xlink:type="arc" xlink:arcrole="http://xbrl.org/arcrole/2008/element-label" xlink:from="rj_AnnualReportingGuidelines217_loc" xlink:to="rj_AnnualReportingGuidelines217_label_en"/>
    <link:loc xlink:type="locator" xlink:href="rj-all.xsd#rj_AnnualReportingGuidelines220" xlink:label="rj_AnnualReportingGuidelines220_loc"/>
    <label:label xlink:type="resource" xlink:label="rj_AnnualReportingGuidelines220_label_en" xlink:role="http://www.xbrl.org/2008/role/label" xml:lang="en" id="rj_AnnualReportingGuidelines220_label_en">RJ 220 - Inventories</label:label>
    <gen:arc xlink:type="arc" xlink:arcrole="http://xbrl.org/arcrole/2008/element-label" xlink:from="rj_AnnualReportingGuidelines220_loc" xlink:to="rj_AnnualReportingGuidelines220_label_en"/>
    <link:loc xlink:type="locator" xlink:href="rj-all.xsd#rj_AnnualReportingGuidelines221" xlink:label="rj_AnnualReportingGuidelines221_loc"/>
    <label:label xlink:type="resource" xlink:label="rj_AnnualReportingGuidelines221_label_en" xlink:role="http://www.xbrl.org/2008/role/label" xml:lang="en" id="rj_AnnualReportingGuidelines221_label_en">RJ 221 - Construction contracts</label:label>
    <gen:arc xlink:type="arc" xlink:arcrole="http://xbrl.org/arcrole/2008/element-label" xlink:from="rj_AnnualReportingGuidelines221_loc" xlink:to="rj_AnnualReportingGuidelines221_label_en"/>
    <link:loc xlink:type="locator" xlink:href="rj-all.xsd#rj_AnnualReportingGuidelines222" xlink:label="rj_AnnualReportingGuidelines222_loc"/>
    <label:label xlink:type="resource" xlink:label="rj_AnnualReportingGuidelines222_label_en" xlink:role="http://www.xbrl.org/2008/role/label" xml:lang="en" id="rj_AnnualReportingGuidelines222_label_en">RJ 222 - Receivables</label:label>
    <gen:arc xlink:type="arc" xlink:arcrole="http://xbrl.org/arcrole/2008/element-label" xlink:from="rj_AnnualReportingGuidelines222_loc" xlink:to="rj_AnnualReportingGuidelines222_label_en"/>
    <link:loc xlink:type="locator" xlink:href="rj-all.xsd#rj_AnnualReportingGuidelines224" xlink:label="rj_AnnualReportingGuidelines224_loc"/>
    <label:label xlink:type="resource" xlink:label="rj_AnnualReportingGuidelines224_label_en" xlink:role="http://www.xbrl.org/2008/role/label" xml:lang="en" id="rj_AnnualReportingGuidelines224_label_en">RJ 224 - Other current assets</label:label>
    <gen:arc xlink:type="arc" xlink:arcrole="http://xbrl.org/arcrole/2008/element-label" xlink:from="rj_AnnualReportingGuidelines224_loc" xlink:to="rj_AnnualReportingGuidelines224_label_en"/>
    <link:loc xlink:type="locator" xlink:href="rj-all.xsd#rj_AnnualReportingGuidelines226" xlink:label="rj_AnnualReportingGuidelines226_loc"/>
    <label:label xlink:type="resource" xlink:label="rj_AnnualReportingGuidelines226_label_en" xlink:role="http://www.xbrl.org/2008/role/label" xml:lang="en" id="rj_AnnualReportingGuidelines226_label_en">RJ 226 - Marketable Securities</label:label>
    <gen:arc xlink:type="arc" xlink:arcrole="http://xbrl.org/arcrole/2008/element-label" xlink:from="rj_AnnualReportingGuidelines226_loc" xlink:to="rj_AnnualReportingGuidelines226_label_en"/>
    <link:loc xlink:type="locator" xlink:href="rj-all.xsd#rj_AnnualReportingGuidelines228" xlink:label="rj_AnnualReportingGuidelines228_loc"/>
    <label:label xlink:type="resource" xlink:label="rj_AnnualReportingGuidelines228_label_en" xlink:role="http://www.xbrl.org/2008/role/label" xml:lang="en" id="rj_AnnualReportingGuidelines228_label_en">RJ 228 - Liquid assets</label:label>
    <gen:arc xlink:type="arc" xlink:arcrole="http://xbrl.org/arcrole/2008/element-label" xlink:from="rj_AnnualReportingGuidelines228_loc" xlink:to="rj_AnnualReportingGuidelines228_label_en"/>
    <link:loc xlink:type="locator" xlink:href="rj-all.xsd#rj_AnnualReportingGuidelines240" xlink:label="rj_AnnualReportingGuidelines240_loc"/>
    <label:label xlink:type="resource" xlink:label="rj_AnnualReportingGuidelines240_label_en" xlink:role="http://www.xbrl.org/2008/role/label" xml:lang="en" id="rj_AnnualReportingGuidelines240_label_en">RJ 240 - Equity</label:label>
    <gen:arc xlink:type="arc" xlink:arcrole="http://xbrl.org/arcrole/2008/element-label" xlink:from="rj_AnnualReportingGuidelines240_loc" xlink:to="rj_AnnualReportingGuidelines240_label_en"/>
    <link:loc xlink:type="locator" xlink:href="rj-all.xsd#rj_AnnualReportingGuidelines252" xlink:label="rj_AnnualReportingGuidelines252_loc"/>
    <label:label xlink:type="resource" xlink:label="rj_AnnualReportingGuidelines252_label_en" xlink:role="http://www.xbrl.org/2008/role/label" xml:lang="en" id="rj_AnnualReportingGuidelines252_label_en">RJ 252 - Provisions, off-balance sheet commitments and off-balance sheet assets</label:label>
    <gen:arc xlink:type="arc" xlink:arcrole="http://xbrl.org/arcrole/2008/element-label" xlink:from="rj_AnnualReportingGuidelines252_loc" xlink:to="rj_AnnualReportingGuidelines252_label_en"/>
    <link:loc xlink:type="locator" xlink:href="rj-all.xsd#rj_AnnualReportingGuidelines254" xlink:label="rj_AnnualReportingGuidelines254_loc"/>
    <label:label xlink:type="resource" xlink:label="rj_AnnualReportingGuidelines254_label_en" xlink:role="http://www.xbrl.org/2008/role/label" xml:lang="en" id="rj_AnnualReportingGuidelines254_label_en">RJ 254 - Liabilities</label:label>
    <gen:arc xlink:type="arc" xlink:arcrole="http://xbrl.org/arcrole/2008/element-label" xlink:from="rj_AnnualReportingGuidelines254_loc" xlink:to="rj_AnnualReportingGuidelines254_label_en"/>
    <link:loc xlink:type="locator" xlink:href="rj-all.xsd#rj_AnnualReportingGuidelines258" xlink:label="rj_AnnualReportingGuidelines258_loc"/>
    <label:label xlink:type="resource" xlink:label="rj_AnnualReportingGuidelines258_label_en" xlink:role="http://www.xbrl.org/2008/role/label" xml:lang="en" id="rj_AnnualReportingGuidelines258_label_en">RJ 258 - Accruals and deferred income</label:label>
    <gen:arc xlink:type="arc" xlink:arcrole="http://xbrl.org/arcrole/2008/element-label" xlink:from="rj_AnnualReportingGuidelines258_loc" xlink:to="rj_AnnualReportingGuidelines258_label_en"/>
    <link:loc xlink:type="locator" xlink:href="rj-all.xsd#rj_AnnualReportingGuidelines265" xlink:label="rj_AnnualReportingGuidelines265_loc"/>
    <label:label xlink:type="resource" xlink:label="rj_AnnualReportingGuidelines265_label_en" xlink:role="http://www.xbrl.org/2008/role/label" xml:lang="en" id="rj_AnnualReportingGuidelines265_label_en">RJ 265 - Statement of comprehensive income</label:label>
    <gen:arc xlink:type="arc" xlink:arcrole="http://xbrl.org/arcrole/2008/element-label" xlink:from="rj_AnnualReportingGuidelines265_loc" xlink:to="rj_AnnualReportingGuidelines265_label_en"/>
    <link:loc xlink:type="locator" xlink:href="rj-all.xsd#rj_AnnualReportingGuidelines270" xlink:label="rj_AnnualReportingGuidelines270_loc"/>
    <label:label xlink:type="resource" xlink:label="rj_AnnualReportingGuidelines270_label_en" xlink:role="http://www.xbrl.org/2008/role/label" xml:lang="en" id="rj_AnnualReportingGuidelines270_label_en">RJ 270 - Profit and loss account</label:label>
    <gen:arc xlink:type="arc" xlink:arcrole="http://xbrl.org/arcrole/2008/element-label" xlink:from="rj_AnnualReportingGuidelines270_loc" xlink:to="rj_AnnualReportingGuidelines270_label_en"/>
    <link:loc xlink:type="locator" xlink:href="rj-all.xsd#rj_AnnualReportingGuidelines271" xlink:label="rj_AnnualReportingGuidelines271_loc"/>
    <label:label xlink:type="resource" xlink:label="rj_AnnualReportingGuidelines271_label_en" xlink:role="http://www.xbrl.org/2008/role/label" xml:lang="en" id="rj_AnnualReportingGuidelines271_label_en">RJ 271- Employee benefits</label:label>
    <gen:arc xlink:type="arc" xlink:arcrole="http://xbrl.org/arcrole/2008/element-label" xlink:from="rj_AnnualReportingGuidelines271_loc" xlink:to="rj_AnnualReportingGuidelines271_label_en"/>
    <link:loc xlink:type="locator" xlink:href="rj-all.xsd#rj_AnnualReportingGuidelines272" xlink:label="rj_AnnualReportingGuidelines272_loc"/>
    <label:label xlink:type="resource" xlink:label="rj_AnnualReportingGuidelines272_label_en" xlink:role="http://www.xbrl.org/2008/role/label" xml:lang="en" id="rj_AnnualReportingGuidelines272_label_en">RJ 272 - Income taxes</label:label>
    <gen:arc xlink:type="arc" xlink:arcrole="http://xbrl.org/arcrole/2008/element-label" xlink:from="rj_AnnualReportingGuidelines272_loc" xlink:to="rj_AnnualReportingGuidelines272_label_en"/>
    <link:loc xlink:type="locator" xlink:href="rj-all.xsd#rj_AnnualReportingGuidelines273" xlink:label="rj_AnnualReportingGuidelines273_loc"/>
    <label:label xlink:type="resource" xlink:label="rj_AnnualReportingGuidelines273_label_en" xlink:role="http://www.xbrl.org/2008/role/label" xml:lang="en" id="rj_AnnualReportingGuidelines273_label_en">RJ 273 - Interest expenses</label:label>
    <gen:arc xlink:type="arc" xlink:arcrole="http://xbrl.org/arcrole/2008/element-label" xlink:from="rj_AnnualReportingGuidelines273_loc" xlink:to="rj_AnnualReportingGuidelines273_label_en"/>
    <link:loc xlink:type="locator" xlink:href="rj-all.xsd#rj_AnnualReportingGuidelines274" xlink:label="rj_AnnualReportingGuidelines274_loc"/>
    <label:label xlink:type="resource" xlink:label="rj_AnnualReportingGuidelines274_label_en" xlink:role="http://www.xbrl.org/2008/role/label" xml:lang="en" id="rj_AnnualReportingGuidelines274_label_en">RJ 274 - Government subsidies</label:label>
    <gen:arc xlink:type="arc" xlink:arcrole="http://xbrl.org/arcrole/2008/element-label" xlink:from="rj_AnnualReportingGuidelines274_loc" xlink:to="rj_AnnualReportingGuidelines274_label_en"/>
    <link:loc xlink:type="locator" xlink:href="rj-all.xsd#rj_AnnualReportingGuidelines275" xlink:label="rj_AnnualReportingGuidelines275_loc"/>
    <label:label xlink:type="resource" xlink:label="rj_AnnualReportingGuidelines275_label_en" xlink:role="http://www.xbrl.org/2008/role/label" xml:lang="en" id="rj_AnnualReportingGuidelines275_label_en">RJ 275 - Share-based payments</label:label>
    <gen:arc xlink:type="arc" xlink:arcrole="http://xbrl.org/arcrole/2008/element-label" xlink:from="rj_AnnualReportingGuidelines275_loc" xlink:to="rj_AnnualReportingGuidelines275_label_en"/>
    <link:loc xlink:type="locator" xlink:href="rj-all.xsd#rj_AnnualReportingGuidelines290" xlink:label="rj_AnnualReportingGuidelines290_loc"/>
    <label:label xlink:type="resource" xlink:label="rj_AnnualReportingGuidelines290_label_en" xlink:role="http://www.xbrl.org/2008/role/label" xml:lang="en" id="rj_AnnualReportingGuidelines290_label_en">RJ 290 - Financial instruments</label:label>
    <gen:arc xlink:type="arc" xlink:arcrole="http://xbrl.org/arcrole/2008/element-label" xlink:from="rj_AnnualReportingGuidelines290_loc" xlink:to="rj_AnnualReportingGuidelines290_label_en"/>
    <link:loc xlink:type="locator" xlink:href="rj-all.xsd#rj_AnnualReportingGuidelines292" xlink:label="rj_AnnualReportingGuidelines292_loc"/>
    <label:label xlink:type="resource" xlink:label="rj_AnnualReportingGuidelines292_label_en" xlink:role="http://www.xbrl.org/2008/role/label" xml:lang="en" id="rj_AnnualReportingGuidelines292_label_en">RJ 292 - Leasing</label:label>
    <gen:arc xlink:type="arc" xlink:arcrole="http://xbrl.org/arcrole/2008/element-label" xlink:from="rj_AnnualReportingGuidelines292_loc" xlink:to="rj_AnnualReportingGuidelines292_label_en"/>
    <link:loc xlink:type="locator" xlink:href="rj-all.xsd#rj_AnnualReportingGuidelines300" xlink:label="rj_AnnualReportingGuidelines300_loc"/>
    <label:label xlink:type="resource" xlink:label="rj_AnnualReportingGuidelines300_label_en" xlink:role="http://www.xbrl.org/2008/role/label" xml:lang="en" id="rj_AnnualReportingGuidelines300_label_en">RJ 300 - Function and classification</label:label>
    <gen:arc xlink:type="arc" xlink:arcrole="http://xbrl.org/arcrole/2008/element-label" xlink:from="rj_AnnualReportingGuidelines300_loc" xlink:to="rj_AnnualReportingGuidelines300_label_en"/>
    <link:loc xlink:type="locator" xlink:href="rj-all.xsd#rj_AnnualReportingGuidelines315" xlink:label="rj_AnnualReportingGuidelines315_loc"/>
    <label:label xlink:type="resource" xlink:label="rj_AnnualReportingGuidelines315_label_en" xlink:role="http://www.xbrl.org/2008/role/label" xml:lang="en" id="rj_AnnualReportingGuidelines315_label_en">RJ 315 - Exemptions for medium-sized legal entities</label:label>
    <gen:arc xlink:type="arc" xlink:arcrole="http://xbrl.org/arcrole/2008/element-label" xlink:from="rj_AnnualReportingGuidelines315_loc" xlink:to="rj_AnnualReportingGuidelines315_label_en"/>
    <link:loc xlink:type="locator" xlink:href="rj-all.xsd#rj_AnnualReportingGuidelines330" xlink:label="rj_AnnualReportingGuidelines330_loc"/>
    <label:label xlink:type="resource" xlink:label="rj_AnnualReportingGuidelines330_label_en" xlink:role="http://www.xbrl.org/2008/role/label" xml:lang="en" id="rj_AnnualReportingGuidelines330_label_en">RJ 330 - Related parties</label:label>
    <gen:arc xlink:type="arc" xlink:arcrole="http://xbrl.org/arcrole/2008/element-label" xlink:from="rj_AnnualReportingGuidelines330_loc" xlink:to="rj_AnnualReportingGuidelines330_label_en"/>
    <link:loc xlink:type="locator" xlink:href="rj-all.xsd#rj_AnnualReportingGuidelines340" xlink:label="rj_AnnualReportingGuidelines340_loc"/>
    <label:label xlink:type="resource" xlink:label="rj_AnnualReportingGuidelines340_label_en" xlink:role="http://www.xbrl.org/2008/role/label" xml:lang="en" id="rj_AnnualReportingGuidelines340_label_en">RJ 340 - Earnings per share</label:label>
    <gen:arc xlink:type="arc" xlink:arcrole="http://xbrl.org/arcrole/2008/element-label" xlink:from="rj_AnnualReportingGuidelines340_loc" xlink:to="rj_AnnualReportingGuidelines340_label_en"/>
    <link:loc xlink:type="locator" xlink:href="rj-all.xsd#rj_AnnualReportingGuidelines345" xlink:label="rj_AnnualReportingGuidelines345_loc"/>
    <label:label xlink:type="resource" xlink:label="rj_AnnualReportingGuidelines345_label_en" xlink:role="http://www.xbrl.org/2008/role/label" xml:lang="en" id="rj_AnnualReportingGuidelines345_label_en">RJ 345 - Discontinued operations</label:label>
    <gen:arc xlink:type="arc" xlink:arcrole="http://xbrl.org/arcrole/2008/element-label" xlink:from="rj_AnnualReportingGuidelines345_loc" xlink:to="rj_AnnualReportingGuidelines345_label_en"/>
    <link:loc xlink:type="locator" xlink:href="rj-all.xsd#rj_AnnualReportingGuidelines350" xlink:label="rj_AnnualReportingGuidelines350_loc"/>
    <label:label xlink:type="resource" xlink:label="rj_AnnualReportingGuidelines350_label_en" xlink:role="http://www.xbrl.org/2008/role/label" xml:lang="en" id="rj_AnnualReportingGuidelines350_label_en">RJ 350 - Segmented information</label:label>
    <gen:arc xlink:type="arc" xlink:arcrole="http://xbrl.org/arcrole/2008/element-label" xlink:from="rj_AnnualReportingGuidelines350_loc" xlink:to="rj_AnnualReportingGuidelines350_label_en"/>
    <link:loc xlink:type="locator" xlink:href="rj-all.xsd#rj_AnnualReportingGuidelines360" xlink:label="rj_AnnualReportingGuidelines360_loc"/>
    <label:label xlink:type="resource" xlink:label="rj_AnnualReportingGuidelines360_label_en" xlink:role="http://www.xbrl.org/2008/role/label" xml:lang="en" id="rj_AnnualReportingGuidelines360_label_en">RJ 360 - Cash flow statement</label:label>
    <gen:arc xlink:type="arc" xlink:arcrole="http://xbrl.org/arcrole/2008/element-label" xlink:from="rj_AnnualReportingGuidelines360_loc" xlink:to="rj_AnnualReportingGuidelines360_label_en"/>
    <link:loc xlink:type="locator" xlink:href="rj-all.xsd#rj_AnnualReportingGuidelines390" xlink:label="rj_AnnualReportingGuidelines390_loc"/>
    <label:label xlink:type="resource" xlink:label="rj_AnnualReportingGuidelines390_label_en" xlink:role="http://www.xbrl.org/2008/role/label" xml:lang="en" id="rj_AnnualReportingGuidelines390_label_en">RJ 390 - Other information to be included in the notes</label:label>
    <gen:arc xlink:type="arc" xlink:arcrole="http://xbrl.org/arcrole/2008/element-label" xlink:from="rj_AnnualReportingGuidelines390_loc" xlink:to="rj_AnnualReportingGuidelines390_label_en"/>
    <link:loc xlink:type="locator" xlink:href="rj-all.xsd#rj_AnnualReportingGuidelines394" xlink:label="rj_AnnualReportingGuidelines394_loc"/>
    <label:label xlink:type="resource" xlink:label="rj_AnnualReportingGuidelines394_label_en" xlink:role="http://www.xbrl.org/2008/role/label" xml:lang="en" id="rj_AnnualReportingGuidelines394_label_en">RJ 394 - Interim messages</label:label>
    <gen:arc xlink:type="arc" xlink:arcrole="http://xbrl.org/arcrole/2008/element-label" xlink:from="rj_AnnualReportingGuidelines394_loc" xlink:to="rj_AnnualReportingGuidelines394_label_en"/>
    <link:loc xlink:type="locator" xlink:href="rj-all.xsd#rj_AnnualReportingGuidelines396" xlink:label="rj_AnnualReportingGuidelines396_loc"/>
    <label:label xlink:type="resource" xlink:label="rj_AnnualReportingGuidelines396_label_en" xlink:role="http://www.xbrl.org/2008/role/label" xml:lang="en" id="rj_AnnualReportingGuidelines396_label_en">RJ 396 - Publication</label:label>
    <gen:arc xlink:type="arc" xlink:arcrole="http://xbrl.org/arcrole/2008/element-label" xlink:from="rj_AnnualReportingGuidelines396_loc" xlink:to="rj_AnnualReportingGuidelines396_label_en"/>
    <link:loc xlink:type="locator" xlink:href="rj-all.xsd#rj_AnnualReportingGuidelines400" xlink:label="rj_AnnualReportingGuidelines400_loc"/>
    <label:label xlink:type="resource" xlink:label="rj_AnnualReportingGuidelines400_label_en" xlink:role="http://www.xbrl.org/2008/role/label" xml:lang="en" id="rj_AnnualReportingGuidelines400_label_en">RJ 400 - Management report</label:label>
    <gen:arc xlink:type="arc" xlink:arcrole="http://xbrl.org/arcrole/2008/element-label" xlink:from="rj_AnnualReportingGuidelines400_loc" xlink:to="rj_AnnualReportingGuidelines400_label_en"/>
    <link:loc xlink:type="locator" xlink:href="rj-all.xsd#rj_AnnualReportingGuidelines404" xlink:label="rj_AnnualReportingGuidelines404_loc"/>
    <label:label xlink:type="resource" xlink:label="rj_AnnualReportingGuidelines404_label_en" xlink:role="http://www.xbrl.org/2008/role/label" xml:lang="en" id="rj_AnnualReportingGuidelines404_label_en">RJ 404 - Remuneration report and remuneration report</label:label>
    <gen:arc xlink:type="arc" xlink:arcrole="http://xbrl.org/arcrole/2008/element-label" xlink:from="rj_AnnualReportingGuidelines404_loc" xlink:to="rj_AnnualReportingGuidelines404_label_en"/>
    <link:loc xlink:type="locator" xlink:href="rj-all.xsd#rj_AnnualReportingGuidelines405" xlink:label="rj_AnnualReportingGuidelines405_loc"/>
    <label:label xlink:type="resource" xlink:label="rj_AnnualReportingGuidelines405_label_en" xlink:role="http://www.xbrl.org/2008/role/label" xml:lang="en" id="rj_AnnualReportingGuidelines405_label_en">RJ 405 - Report of the supervisory board</label:label>
    <gen:arc xlink:type="arc" xlink:arcrole="http://xbrl.org/arcrole/2008/element-label" xlink:from="rj_AnnualReportingGuidelines405_loc" xlink:to="rj_AnnualReportingGuidelines405_label_en"/>
    <link:loc xlink:type="locator" xlink:href="rj-all.xsd#rj_AnnualReportingGuidelines410" xlink:label="rj_AnnualReportingGuidelines410_loc"/>
    <label:label xlink:type="resource" xlink:label="rj_AnnualReportingGuidelines410_label_en" xlink:role="http://www.xbrl.org/2008/role/label" xml:lang="en" id="rj_AnnualReportingGuidelines410_label_en">RJ 410 - Other information</label:label>
    <gen:arc xlink:type="arc" xlink:arcrole="http://xbrl.org/arcrole/2008/element-label" xlink:from="rj_AnnualReportingGuidelines410_loc" xlink:to="rj_AnnualReportingGuidelines410_label_en"/>
    <link:loc xlink:type="locator" xlink:href="rj-all.xsd#rj_AnnualReportingGuidelines420" xlink:label="rj_AnnualReportingGuidelines420_loc"/>
    <label:label xlink:type="resource" xlink:label="rj_AnnualReportingGuidelines420_label_en" xlink:role="http://www.xbrl.org/2008/role/label" xml:lang="en" id="rj_AnnualReportingGuidelines420_label_en">RJ 420 - Profit appropriation, processing loss</label:label>
    <gen:arc xlink:type="arc" xlink:arcrole="http://xbrl.org/arcrole/2008/element-label" xlink:from="rj_AnnualReportingGuidelines420_loc" xlink:to="rj_AnnualReportingGuidelines420_label_en"/>
    <link:loc xlink:type="locator" xlink:href="rj-all.xsd#rj_AnnualReportingGuidelines430" xlink:label="rj_AnnualReportingGuidelines430_loc"/>
    <label:label xlink:type="resource" xlink:label="rj_AnnualReportingGuidelines430_label_en" xlink:role="http://www.xbrl.org/2008/role/label" xml:lang="en" id="rj_AnnualReportingGuidelines430_label_en">RJ 430 - Key figures, key ratios and multiannual overviews</label:label>
    <gen:arc xlink:type="arc" xlink:arcrole="http://xbrl.org/arcrole/2008/element-label" xlink:from="rj_AnnualReportingGuidelines430_loc" xlink:to="rj_AnnualReportingGuidelines430_label_en"/>
    <link:loc xlink:type="locator" xlink:href="rj-all.xsd#rj_AnnualReportingGuidelines600" xlink:label="rj_AnnualReportingGuidelines600_loc"/>
    <label:label xlink:type="resource" xlink:label="rj_AnnualReportingGuidelines600_label_en" xlink:role="http://www.xbrl.org/2008/role/label" xml:lang="en" id="rj_AnnualReportingGuidelines600_label_en">RJ 600 - Banks</label:label>
    <gen:arc xlink:type="arc" xlink:arcrole="http://xbrl.org/arcrole/2008/element-label" xlink:from="rj_AnnualReportingGuidelines600_loc" xlink:to="rj_AnnualReportingGuidelines600_label_en"/>
    <link:loc xlink:type="locator" xlink:href="rj-all.xsd#rj_AnnualReportingGuidelines605" xlink:label="rj_AnnualReportingGuidelines605_loc"/>
    <label:label xlink:type="resource" xlink:label="rj_AnnualReportingGuidelines605_label_en" xlink:role="http://www.xbrl.org/2008/role/label" xml:lang="en" id="rj_AnnualReportingGuidelines605_label_en">RJ 605 - Insurance companies</label:label>
    <gen:arc xlink:type="arc" xlink:arcrole="http://xbrl.org/arcrole/2008/element-label" xlink:from="rj_AnnualReportingGuidelines605_loc" xlink:to="rj_AnnualReportingGuidelines605_label_en"/>
    <link:loc xlink:type="locator" xlink:href="rj-all.xsd#rj_AnnualReportingGuidelines610" xlink:label="rj_AnnualReportingGuidelines610_loc"/>
    <label:label xlink:type="resource" xlink:label="rj_AnnualReportingGuidelines610_label_en" xlink:role="http://www.xbrl.org/2008/role/label" xml:lang="en" id="rj_AnnualReportingGuidelines610_label_en">RJ 610 - Pension funds</label:label>
    <gen:arc xlink:type="arc" xlink:arcrole="http://xbrl.org/arcrole/2008/element-label" xlink:from="rj_AnnualReportingGuidelines610_loc" xlink:to="rj_AnnualReportingGuidelines610_label_en"/>
    <link:loc xlink:type="locator" xlink:href="rj-all.xsd#rj_AnnualReportingGuidelines611" xlink:label="rj_AnnualReportingGuidelines611_loc"/>
    <label:label xlink:type="resource" xlink:label="rj_AnnualReportingGuidelines611_label_en" xlink:role="http://www.xbrl.org/2008/role/label" xml:lang="en" id="rj_AnnualReportingGuidelines611_label_en">RJ 611 - Premium Pension Institutions</label:label>
    <gen:arc xlink:type="arc" xlink:arcrole="http://xbrl.org/arcrole/2008/element-label" xlink:from="rj_AnnualReportingGuidelines611_loc" xlink:to="rj_AnnualReportingGuidelines611_label_en"/>
    <link:loc xlink:type="locator" xlink:href="rj-all.xsd#rj_AnnualReportingGuidelines615" xlink:label="rj_AnnualReportingGuidelines615_loc"/>
    <label:label xlink:type="resource" xlink:label="rj_AnnualReportingGuidelines615_label_en" xlink:role="http://www.xbrl.org/2008/role/label" xml:lang="en" id="rj_AnnualReportingGuidelines615_label_en">RJ 615 - Investment entities</label:label>
    <gen:arc xlink:type="arc" xlink:arcrole="http://xbrl.org/arcrole/2008/element-label" xlink:from="rj_AnnualReportingGuidelines615_loc" xlink:to="rj_AnnualReportingGuidelines615_label_en"/>
    <link:loc xlink:type="locator" xlink:href="rj-all.xsd#rj_AnnualReportingGuidelines620" xlink:label="rj_AnnualReportingGuidelines620_loc"/>
    <label:label xlink:type="resource" xlink:label="rj_AnnualReportingGuidelines620_label_en" xlink:role="http://www.xbrl.org/2008/role/label" xml:lang="en" id="rj_AnnualReportingGuidelines620_label_en">RJ 620 - Cooperatives</label:label>
    <gen:arc xlink:type="arc" xlink:arcrole="http://xbrl.org/arcrole/2008/element-label" xlink:from="rj_AnnualReportingGuidelines620_loc" xlink:to="rj_AnnualReportingGuidelines620_label_en"/>
    <link:loc xlink:type="locator" xlink:href="rj-all.xsd#rj_AnnualReportingGuidelines630" xlink:label="rj_AnnualReportingGuidelines630_loc"/>
    <label:label xlink:type="resource" xlink:label="rj_AnnualReportingGuidelines630_label_en" xlink:role="http://www.xbrl.org/2008/role/label" xml:lang="en" id="rj_AnnualReportingGuidelines630_label_en">RJ 630 - Commercial foundations and associations</label:label>
    <gen:arc xlink:type="arc" xlink:arcrole="http://xbrl.org/arcrole/2008/element-label" xlink:from="rj_AnnualReportingGuidelines630_loc" xlink:to="rj_AnnualReportingGuidelines630_label_en"/>
    <link:loc xlink:type="locator" xlink:href="rj-all.xsd#rj_AnnualReportingGuidelines640" xlink:label="rj_AnnualReportingGuidelines640_loc"/>
    <label:label xlink:type="resource" xlink:label="rj_AnnualReportingGuidelines640_label_en" xlink:role="http://www.xbrl.org/2008/role/label" xml:lang="en" id="rj_AnnualReportingGuidelines640_label_en">RJ 640 - Non-profit organisations</label:label>
    <gen:arc xlink:type="arc" xlink:arcrole="http://xbrl.org/arcrole/2008/element-label" xlink:from="rj_AnnualReportingGuidelines640_loc" xlink:to="rj_AnnualReportingGuidelines640_label_en"/>
    <link:loc xlink:type="locator" xlink:href="rj-all.xsd#rj_AnnualReportingGuidelines645" xlink:label="rj_AnnualReportingGuidelines645_loc"/>
    <label:label xlink:type="resource" xlink:label="rj_AnnualReportingGuidelines645_label_en" xlink:role="http://www.xbrl.org/2008/role/label" xml:lang="en" id="rj_AnnualReportingGuidelines645_label_en">RJ 645 - Approved organisations for public housing</label:label>
    <gen:arc xlink:type="arc" xlink:arcrole="http://xbrl.org/arcrole/2008/element-label" xlink:from="rj_AnnualReportingGuidelines645_loc" xlink:to="rj_AnnualReportingGuidelines645_label_en"/>
    <link:loc xlink:type="locator" xlink:href="rj-all.xsd#rj_AnnualReportingGuidelines650" xlink:label="rj_AnnualReportingGuidelines650_loc"/>
    <label:label xlink:type="resource" xlink:label="rj_AnnualReportingGuidelines650_label_en" xlink:role="http://www.xbrl.org/2008/role/label" xml:lang="en" id="rj_AnnualReportingGuidelines650_label_en">RJ 650 - Fundraising organisations</label:label>
    <gen:arc xlink:type="arc" xlink:arcrole="http://xbrl.org/arcrole/2008/element-label" xlink:from="rj_AnnualReportingGuidelines650_loc" xlink:to="rj_AnnualReportingGuidelines650_label_en"/>
    <link:loc xlink:type="locator" xlink:href="rj-all.xsd#rj_AnnualReportingGuidelines655" xlink:label="rj_AnnualReportingGuidelines655_loc"/>
    <label:label xlink:type="resource" xlink:label="rj_AnnualReportingGuidelines655_label_en" xlink:role="http://www.xbrl.org/2008/role/label" xml:lang="en" id="rj_AnnualReportingGuidelines655_label_en">RJ 655 - Healthcare institutions</label:label>
    <gen:arc xlink:type="arc" xlink:arcrole="http://xbrl.org/arcrole/2008/element-label" xlink:from="rj_AnnualReportingGuidelines655_loc" xlink:to="rj_AnnualReportingGuidelines655_label_en"/>
    <link:loc xlink:type="locator" xlink:href="rj-all.xsd#rj_AnnualReportingGuidelines660" xlink:label="rj_AnnualReportingGuidelines660_loc"/>
    <label:label xlink:type="resource" xlink:label="rj_AnnualReportingGuidelines660_label_en" xlink:role="http://www.xbrl.org/2008/role/label" xml:lang="en" id="rj_AnnualReportingGuidelines660_label_en">RJ 660 - Educational institutions</label:label>
    <gen:arc xlink:type="arc" xlink:arcrole="http://xbrl.org/arcrole/2008/element-label" xlink:from="rj_AnnualReportingGuidelines660_loc" xlink:to="rj_AnnualReportingGuidelines660_label_en"/>
    <link:loc xlink:type="locator" xlink:href="rj-all.xsd#rj_AnnualReportingGuidelines920" xlink:label="rj_AnnualReportingGuidelines920_loc"/>
    <label:label xlink:type="resource" xlink:label="rj_AnnualReportingGuidelines920_label_en" xlink:role="http://www.xbrl.org/2008/role/label" xml:lang="en" id="rj_AnnualReportingGuidelines920_label_en">RJ 920 - Profit appropriation, processing loss</label:label>
    <gen:arc xlink:type="arc" xlink:arcrole="http://xbrl.org/arcrole/2008/element-label" xlink:from="rj_AnnualReportingGuidelines920_loc" xlink:to="rj_AnnualReportingGuidelines920_label_en"/>
    <link:loc xlink:type="locator" xlink:href="rj-all.xsd#rj_AnnualReportingGuidelines921" xlink:label="rj_AnnualReportingGuidelines921_loc"/>
    <label:label xlink:type="resource" xlink:label="rj_AnnualReportingGuidelines921_label_en" xlink:role="http://www.xbrl.org/2008/role/label" xml:lang="en" id="rj_AnnualReportingGuidelines921_label_en">RJ 921 - Handbook for applying IAS 19R in the Dutch pension environment</label:label>
    <gen:arc xlink:type="arc" xlink:arcrole="http://xbrl.org/arcrole/2008/element-label" xlink:from="rj_AnnualReportingGuidelines921_loc" xlink:to="rj_AnnualReportingGuidelines921_label_en"/>
    <link:loc xlink:type="locator" xlink:href="rj-all.xsd#rj_AnnualReportingGuidelinesExpressions" xlink:label="rj_AnnualReportingGuidelinesExpressions_loc"/>
    <label:label xlink:type="resource" xlink:label="rj_AnnualReportingGuidelinesExpressions_label_en" xlink:role="http://www.xbrl.org/2008/role/label" xml:lang="en" id="rj_AnnualReportingGuidelinesExpressions_label_en">RJ expressions</label:label>
    <gen:arc xlink:type="arc" xlink:arcrole="http://xbrl.org/arcrole/2008/element-label" xlink:from="rj_AnnualReportingGuidelinesExpressions_loc" xlink:to="rj_AnnualReportingGuidelinesExpressions_label_en"/>
  </gen:link>
</link:linkbase>
