<?xml version="1.0" encoding="utf-8"?>
<tp:taxonomyPackage xml:lang="en" xmlns:tp="http://xbrl.org/2016/taxonomy-package" xmlns:xsi="http://www.w3.org/2001/XMLSchema-instance" xsi:schemaLocation="http://xbrl.org/2016/taxonomy-package http://www.xbrl.org/2016/taxonomy-package.xsd">
	<tp:identifier>https://www.demicrobv.nl/xbrl/2023-12-31</tp:identifier>
	<tp:name>De Micro B.V. voorbeeld XBRL extensietaxonomie 2023</tp:name>
	<tp:description>De Micro B.V. voorbeeld jaarrekening 2023</tp:description>
	<tp:version>Voorbeeld</tp:version>
	<tp:publisher>De Micro B.V.</tp:publisher>
	<tp:publisherURL>https://www.demicrobv.nl</tp:publisherURL>
	<tp:publisherCountry>NL</tp:publisherCountry>
	<tp:publicationDate>2024-03-31</tp:publicationDate>
	<tp:entryPoints>
		<tp:entryPoint>
			<tp:name>De Micro B.V. voorbeeld XBRL extensietaxonomie 2023 - Entry point</tp:name>
			<tp:description>Entry point dat wordt gebruikt om De Micro B.V. voorbeeld XBRL extensietaxonomie in te laden.</tp:description>
			<tp:entryPointDocument href="https://www.demicrobv.nl/xbrl/2023-12-31/demicrobv-2023-12-31.xsd"/>
			<tp:languages>
				<tp:language>nl</tp:language>
			</tp:languages>
		</tp:entryPoint>
	</tp:entryPoints>
</tp:taxonomyPackage>