<?xml version="1.0" encoding="UTF-8"?>
<tp:taxonomyPackage xml:lang="nl" xmlns:tp="http://xbrl.org/2016/taxonomy-package" xmlns:xsi="http://www.w3.org/2001/XMLSchema-instance" xsi:schemaLocation="http://xbrl.org/2016/taxonomy-package http://www.xbrl.org/2016/taxonomy-package.xsd">
	<tp:identifier>https://www.nltaxonomie.nl/wnt/2024-03-31</tp:identifier>
	<tp:name>WNT taxonomie versie 31 maart 2024</tp:name>
	<tp:description>XBRL taxonomie van de Wet normering bezoldiging topfunctionarissen publieke en semipublieke sector</tp:description>
	<tp:version>31 maart 2024 (testversie)</tp:version>
	<tp:publisher>Ministerie van Binnenlandse Zaken en Koninkrijksrelaties</tp:publisher>
	<tp:publisherURL>https://www.nltaxonomie.nl/wnt</tp:publisherURL>
	<tp:publisherCountry>NL</tp:publisherCountry>
	<tp:publicationDate>2024-03-31</tp:publicationDate>
	<tp:entryPoints>
		<tp:entryPoint>
			<tp:name>Wet normering bezoldiging topfunctionarissen publieke en semipublieke sector - Core</tp:name>
			<tp:description>Core schema van de Wet normering bezoldiging topfunctionarissen publieke en semipublieke sector</tp:description>
			<tp:entryPointDocument href="https://www.nltaxonomie.nl/wnt/2024-03-31/wnt-cor.xsd" />
		</tp:entryPoint>
		<tp:entryPoint>
			<tp:name>Wet normering bezoldiging topfunctionarissen publieke en semipublieke sector - All</tp:name>
			<tp:description>All schema van elementen in de Wet normering bezoldiging topfunctionarissen publieke en semipublieke sector</tp:description>
			<tp:entryPointDocument href="https://www.nltaxonomie.nl/wnt/2024-03-31/wnt-all.xsd" />
		</tp:entryPoint>
		<tp:entryPoint>
			<tp:name>Wet normering bezoldiging topfunctionarissen publieke en semipublieke sector - Verantwoordingsmodel 2023</tp:name>
			<tp:description>Verantwoordingsmodel 2023 van de Wet normering bezoldiging topfunctionarissen publieke en semipublieke sector</tp:description>
			<tp:entryPointDocument href="https://www.nltaxonomie.nl/wnt/2024-03-31/wnt-verantwoordingsmodel-2023.xsd" />
		</tp:entryPoint>
	</tp:entryPoints>
</tp:taxonomyPackage>