<?xml version="1.0" encoding="UTF-8"?>

<link:linkbase xmlns:link="http://www.xbrl.org/2003/linkbase" xmlns:xlink="http://www.w3.org/1999/xlink">
  <link:roleRef roleURI="https://www.demicrobv.nl/role/DocumentAndEntityInformation" xlink:type="simple" xlink:href="demicrobv-2023-12-31.xsd#DocumentAndEntityInformation"/>
  <link:roleRef roleURI="https://www.demicrobv.nl/role/BalanceSheet" xlink:type="simple" xlink:href="demicrobv-2023-12-31.xsd#BalanceSheet"/>
  <link:roleRef roleURI="https://www.demicrobv.nl/role/IncomeStatement" xlink:type="simple" xlink:href="demicrobv-2023-12-31.xsd#IncomeStatement"/>
  <link:roleRef roleURI="https://www.demicrobv.nl/role/SigningManagingSupervisoryDirectors" xlink:type="simple" xlink:href="demicrobv-2023-12-31.xsd#SigningManagingSupervisoryDirectors"/>
  <link:presentationLink xlink:type="extended" xlink:role="https://www.demicrobv.nl/role/DocumentAndEntityInformation">
    <link:loc xlink:type="locator" xlink:href="https://www.nltaxonomie.nl/kvk/2024-03-31/kvk-cor.xsd#kvk_DocumentEntityInformationTitle" xlink:label="kvk_DocumentEntityInformationTitle_loc"/>
    <link:loc xlink:type="locator" xlink:href="https://www.nltaxonomie.nl/kvk/2024-03-31/kvk-cor.xsd#kvk_LegalEntitySizeMicro" xlink:label="kvk_LegalEntitySizeMicro_loc"/>
    <link:presentationArc xlink:type="arc" xlink:arcrole="http://www.xbrl.org/2003/arcrole/parent-child" xlink:from="kvk_DocumentEntityInformationTitle_loc" xlink:to="kvk_LegalEntitySizeMicro_loc" order="5.0"/>
    <link:loc xlink:type="locator" xlink:href="https://www.nltaxonomie.nl/jenv/2024-03-31/bw2-titel9-cor.xsd#bw2-titel9_LegalEntityRegisteredOffice" xlink:label="bw2-titel9_LegalEntityRegisteredOffice_loc"/>
    <link:presentationArc xlink:type="arc" xlink:arcrole="http://www.xbrl.org/2003/arcrole/parent-child" xlink:from="kvk_DocumentEntityInformationTitle_loc" xlink:to="bw2-titel9_LegalEntityRegisteredOffice_loc" order="3.0"/>
    <link:loc xlink:type="locator" xlink:href="https://www.nltaxonomie.nl/jenv/2024-03-31/bw2-titel9-cor.xsd#bw2-titel9_LegalEntityLegalForm" xlink:label="bw2-titel9_LegalEntityLegalForm_loc"/>
    <link:presentationArc xlink:type="arc" xlink:arcrole="http://www.xbrl.org/2003/arcrole/parent-child" xlink:from="kvk_DocumentEntityInformationTitle_loc" xlink:to="bw2-titel9_LegalEntityLegalForm_loc" order="2.0"/>
    <link:loc xlink:type="locator" xlink:href="https://www.nltaxonomie.nl/jenv/2024-03-31/bw2-titel9-cor.xsd#bw2-titel9_LegalEntityName" xlink:label="bw2-titel9_LegalEntityName_loc"/>
    <link:presentationArc xlink:type="arc" xlink:arcrole="http://www.xbrl.org/2003/arcrole/parent-child" xlink:from="kvk_DocumentEntityInformationTitle_loc" xlink:to="bw2-titel9_LegalEntityName_loc" order="1.0"/>
    <link:loc xlink:type="locator" xlink:href="https://www.nltaxonomie.nl/jenv/2024-03-31/bw2-titel9-cor.xsd#bw2-titel9_ChamberOfCommerceRegistrationNumber" xlink:label="bw2-titel9_ChamberOfCommerceRegistrationNumber_loc"/>
    <link:presentationArc xlink:type="arc" xlink:arcrole="http://www.xbrl.org/2003/arcrole/parent-child" xlink:from="kvk_DocumentEntityInformationTitle_loc" xlink:to="bw2-titel9_ChamberOfCommerceRegistrationNumber_loc" order="4.0"/>
    <link:loc xlink:type="locator" xlink:href="https://www.nltaxonomie.nl/jenv/2024-03-31/bw2-titel9-cor.xsd#bw2-titel9_DocumentAdoptionStatus" xlink:label="bw2-titel9_DocumentAdoptionStatus_loc"/>
    <link:presentationArc xlink:type="arc" xlink:arcrole="http://www.xbrl.org/2003/arcrole/parent-child" xlink:from="kvk_DocumentEntityInformationTitle_loc" xlink:to="bw2-titel9_DocumentAdoptionStatus_loc" order="9.0"/>
    <link:loc xlink:type="locator" xlink:href="https://www.nltaxonomie.nl/jenv/2024-03-31/bw2-titel9-cor.xsd#bw2-titel9_FinancialReportingPeriodEndDate" xlink:label="bw2-titel9_FinancialReportingPeriodEndDate_loc"/>
    <link:presentationArc xlink:type="arc" xlink:arcrole="http://www.xbrl.org/2003/arcrole/parent-child" xlink:from="kvk_DocumentEntityInformationTitle_loc" xlink:to="bw2-titel9_FinancialReportingPeriodEndDate_loc" order="6.0"/>
    <link:loc xlink:type="locator" xlink:href="https://www.nltaxonomie.nl/jenv/2024-03-31/bw2-titel9-cor.xsd#bw2-titel9_FinancialReportingPeriod" xlink:label="bw2-titel9_FinancialReportingPeriod_loc"/>
    <link:presentationArc xlink:type="arc" xlink:arcrole="http://www.xbrl.org/2003/arcrole/parent-child" xlink:from="kvk_DocumentEntityInformationTitle_loc" xlink:to="bw2-titel9_FinancialReportingPeriod_loc" order="7.0"/>
    <link:loc xlink:type="locator" xlink:href="https://www.nltaxonomie.nl/rj/2024-03-31/rj-cor.xsd#rj_FinancialStatementsConsolidated" xlink:label="rj_FinancialStatementsConsolidated_loc"/>
    <link:presentationArc xlink:type="arc" xlink:arcrole="http://www.xbrl.org/2003/arcrole/parent-child" xlink:from="kvk_DocumentEntityInformationTitle_loc" xlink:to="rj_FinancialStatementsConsolidated_loc" order="8.0"/>
    <link:loc xlink:type="locator" xlink:href="https://www.nltaxonomie.nl/jenv/2024-03-31/bw2-titel9-cor.xsd#bw2-titel9_DocumentAdoptionDate" xlink:label="bw2-titel9_DocumentAdoptionDate_loc"/>
    <link:presentationArc xlink:type="arc" xlink:arcrole="http://www.xbrl.org/2003/arcrole/parent-child" xlink:from="kvk_DocumentEntityInformationTitle_loc" xlink:to="bw2-titel9_DocumentAdoptionDate_loc" order="10.0"/>
  </link:presentationLink>
  <link:presentationLink xlink:type="extended" xlink:role="https://www.demicrobv.nl/role/SigningManagingSupervisoryDirectors">
    <link:loc xlink:type="locator" xlink:href="https://www.nltaxonomie.nl/jenv/2024-03-31/bw2-titel9-cor.xsd#bw2-titel9_SigningManagingSupervisoryDirectorsTitle" xlink:label="bw2-titel9_SigningManagingSupervisoryDirectorsTitle_loc"/>
    <link:loc xlink:type="locator" xlink:href="https://www.nltaxonomie.nl/jenv/2024-03-31/bw2-titel9-cor.xsd#bw2-titel9_SigningManagingSupervisoryDirectorsDisclosure" xlink:label="bw2-titel9_SigningManagingSupervisoryDirectorsDisclosure_loc"/>
    <link:presentationArc xlink:type="arc" xlink:arcrole="http://www.xbrl.org/2003/arcrole/parent-child" xlink:from="bw2-titel9_SigningManagingSupervisoryDirectorsTitle_loc" xlink:to="bw2-titel9_SigningManagingSupervisoryDirectorsDisclosure_loc" order="1.0"/>
  </link:presentationLink>
  <link:presentationLink xlink:type="extended" xlink:role="https://www.demicrobv.nl/role/BalanceSheet">
    <link:loc xlink:type="locator" xlink:href="https://www.nltaxonomie.nl/jenv/2024-03-31/bw2-titel9-cor.xsd#bw2-titel9_BalanceSheetTitle" xlink:label="bw2-titel9_BalanceSheetTitle_loc"/>
    <link:loc xlink:type="locator" xlink:href="https://www.nltaxonomie.nl/jenv/2024-03-31/bw2-titel9-cor.xsd#bw2-titel9_BalanceSheetBeforeAppropriationResults" xlink:label="bw2-titel9_BalanceSheetBeforeAppropriationResults_loc"/>
    <link:presentationArc xlink:type="arc" xlink:arcrole="http://www.xbrl.org/2003/arcrole/parent-child" xlink:from="bw2-titel9_BalanceSheetTitle_loc" xlink:to="bw2-titel9_BalanceSheetBeforeAppropriationResults_loc" order="1.0"/>
    <link:loc xlink:type="locator" xlink:href="https://www.nltaxonomie.nl/jenv/2024-03-31/bw2-titel9-cor.xsd#bw2-titel9_CostsIncorporationShareIssue" xlink:label="bw2-titel9_CostsIncorporationShareIssue_loc"/>
    <link:presentationArc xlink:type="arc" xlink:arcrole="http://www.xbrl.org/2003/arcrole/parent-child" xlink:from="bw2-titel9_BalanceSheetTitle_loc" xlink:to="bw2-titel9_CostsIncorporationShareIssue_loc" order="2.0"/>
    <link:loc xlink:type="locator" xlink:href="https://www.nltaxonomie.nl/jenv/2024-03-31/bw2-titel9-cor.xsd#bw2-titel9_AssetsNoncurrentOther" xlink:label="bw2-titel9_AssetsNoncurrentOther_loc"/>
    <link:presentationArc xlink:type="arc" xlink:arcrole="http://www.xbrl.org/2003/arcrole/parent-child" xlink:from="bw2-titel9_BalanceSheetTitle_loc" xlink:to="bw2-titel9_AssetsNoncurrentOther_loc" order="3.0"/>
    <link:loc xlink:type="locator" xlink:href="https://www.nltaxonomie.nl/jenv/2024-03-31/bw2-titel9-cor.xsd#bw2-titel9_AssetsNoncurrent" xlink:label="bw2-titel9_AssetsNoncurrent_loc"/>
    <link:presentationArc xlink:type="arc" xlink:arcrole="http://www.xbrl.org/2003/arcrole/parent-child" xlink:from="bw2-titel9_BalanceSheetTitle_loc" xlink:to="bw2-titel9_AssetsNoncurrent_loc" order="4.0"/>
    <link:loc xlink:type="locator" xlink:href="https://www.nltaxonomie.nl/jenv/2024-03-31/bw2-titel9-cor.xsd#bw2-titel9_CalledUpShareCapital" xlink:label="bw2-titel9_CalledUpShareCapital_loc"/>
    <link:presentationArc xlink:type="arc" xlink:arcrole="http://www.xbrl.org/2003/arcrole/parent-child" xlink:from="bw2-titel9_BalanceSheetTitle_loc" xlink:to="bw2-titel9_CalledUpShareCapital_loc" order="5.0"/>
    <link:loc xlink:type="locator" xlink:href="https://www.nltaxonomie.nl/jenv/2024-03-31/bw2-titel9-cor.xsd#bw2-titel9_AssetsCurrentOther" xlink:label="bw2-titel9_AssetsCurrentOther_loc"/>
    <link:presentationArc xlink:type="arc" xlink:arcrole="http://www.xbrl.org/2003/arcrole/parent-child" xlink:from="bw2-titel9_BalanceSheetTitle_loc" xlink:to="bw2-titel9_AssetsCurrentOther_loc" order="6.0"/>
    <link:loc xlink:type="locator" xlink:href="https://www.nltaxonomie.nl/jenv/2024-03-31/bw2-titel9-cor.xsd#bw2-titel9_AssetsCurrent" xlink:label="bw2-titel9_AssetsCurrent_loc"/>
    <link:presentationArc xlink:type="arc" xlink:arcrole="http://www.xbrl.org/2003/arcrole/parent-child" xlink:from="bw2-titel9_BalanceSheetTitle_loc" xlink:to="bw2-titel9_AssetsCurrent_loc" order="7.0"/>
    <link:loc xlink:type="locator" xlink:href="https://www.nltaxonomie.nl/jenv/2024-03-31/bw2-titel9-cor.xsd#bw2-titel9_Assets" xlink:label="bw2-titel9_Assets_loc"/>
    <link:presentationArc xlink:type="arc" xlink:arcrole="http://www.xbrl.org/2003/arcrole/parent-child" xlink:from="bw2-titel9_BalanceSheetTitle_loc" xlink:to="bw2-titel9_Assets_loc" order="8.0"/>
    <link:loc xlink:type="locator" xlink:href="https://www.nltaxonomie.nl/jenv/2024-03-31/bw2-titel9-cor.xsd#bw2-titel9_Equity" xlink:label="bw2-titel9_Equity_loc"/>
    <link:presentationArc xlink:type="arc" xlink:arcrole="http://www.xbrl.org/2003/arcrole/parent-child" xlink:from="bw2-titel9_BalanceSheetTitle_loc" xlink:to="bw2-titel9_Equity_loc" order="9.0"/>
    <link:loc xlink:type="locator" xlink:href="https://www.nltaxonomie.nl/jenv/2024-03-31/bw2-titel9-cor.xsd#bw2-titel9_Provisions" xlink:label="bw2-titel9_Provisions_loc"/>
    <link:presentationArc xlink:type="arc" xlink:arcrole="http://www.xbrl.org/2003/arcrole/parent-child" xlink:from="bw2-titel9_BalanceSheetTitle_loc" xlink:to="bw2-titel9_Provisions_loc" order="10.0"/>
    <link:loc xlink:type="locator" xlink:href="https://www.nltaxonomie.nl/jenv/2024-03-31/bw2-titel9-cor.xsd#bw2-titel9_LiabilitiesCurrent" xlink:label="bw2-titel9_LiabilitiesCurrent_loc"/>
    <link:presentationArc xlink:type="arc" xlink:arcrole="http://www.xbrl.org/2003/arcrole/parent-child" xlink:from="bw2-titel9_BalanceSheetTitle_loc" xlink:to="bw2-titel9_LiabilitiesCurrent_loc" order="12.0"/>
    <link:loc xlink:type="locator" xlink:href="https://www.nltaxonomie.nl/jenv/2024-03-31/bw2-titel9-cor.xsd#bw2-titel9_LiabilitiesNoncurrent" xlink:label="bw2-titel9_LiabilitiesNoncurrent_loc"/>
    <link:presentationArc xlink:type="arc" xlink:arcrole="http://www.xbrl.org/2003/arcrole/parent-child" xlink:from="bw2-titel9_BalanceSheetTitle_loc" xlink:to="bw2-titel9_LiabilitiesNoncurrent_loc" order="11.0"/>
    <link:loc xlink:type="locator" xlink:href="https://www.nltaxonomie.nl/jenv/2024-03-31/bw2-titel9-cor.xsd#bw2-titel9_EquityAndLiabilities" xlink:label="bw2-titel9_EquityAndLiabilities_loc"/>
    <link:presentationArc xlink:type="arc" xlink:arcrole="http://www.xbrl.org/2003/arcrole/parent-child" xlink:from="bw2-titel9_BalanceSheetTitle_loc" xlink:to="bw2-titel9_EquityAndLiabilities_loc" order="13.0"/>
    <link:loc xlink:type="locator" xlink:href="https://www.nltaxonomie.nl/jenv/2024-03-31/bw2-titel9-cor.xsd#bw2-titel9_IndicationNoAccruedAssetsLiabilitiesAreRecorded" xlink:label="bw2-titel9_IndicationNoAccruedAssetsLiabilitiesAreRecorded_loc"/>
    <link:presentationArc xlink:type="arc" xlink:arcrole="http://www.xbrl.org/2003/arcrole/parent-child" xlink:from="bw2-titel9_BalanceSheetTitle_loc" xlink:to="bw2-titel9_IndicationNoAccruedAssetsLiabilitiesAreRecorded_loc" order="14.0"/>
  </link:presentationLink>
  <link:presentationLink xlink:type="extended" xlink:role="https://www.demicrobv.nl/role/IncomeStatement">
    <link:loc xlink:type="locator" xlink:href="https://www.nltaxonomie.nl/jenv/2024-03-31/bw2-titel9-cor.xsd#bw2-titel9_IncomeStatementTitle" xlink:label="bw2-titel9_IncomeStatementTitle_loc"/>
    <link:loc xlink:type="locator" xlink:href="https://www.nltaxonomie.nl/jenv/2024-03-31/bw2-titel9-cor.xsd#bw2-titel9_NetRevenue" xlink:label="bw2-titel9_NetRevenue_loc"/>
    <link:presentationArc xlink:type="arc" xlink:arcrole="http://www.xbrl.org/2003/arcrole/parent-child" xlink:from="bw2-titel9_IncomeStatementTitle_loc" xlink:to="bw2-titel9_NetRevenue_loc" order="1.0"/>
    <link:loc xlink:type="locator" xlink:href="https://www.nltaxonomie.nl/jenv/2024-03-31/bw2-titel9-cor.xsd#bw2-titel9_OperatingIncomeOther" xlink:label="bw2-titel9_OperatingIncomeOther_loc"/>
    <link:presentationArc xlink:type="arc" xlink:arcrole="http://www.xbrl.org/2003/arcrole/parent-child" xlink:from="bw2-titel9_IncomeStatementTitle_loc" xlink:to="bw2-titel9_OperatingIncomeOther_loc" order="2.0"/>
    <link:loc xlink:type="locator" xlink:href="https://www.nltaxonomie.nl/jenv/2024-03-31/bw2-titel9-cor.xsd#bw2-titel9_IncomeOther" xlink:label="bw2-titel9_IncomeOther_loc"/>
    <link:presentationArc xlink:type="arc" xlink:arcrole="http://www.xbrl.org/2003/arcrole/parent-child" xlink:from="bw2-titel9_IncomeStatementTitle_loc" xlink:to="bw2-titel9_IncomeOther_loc" order="3.0" preferredLabel="http://www.xbrl.org/2003/role/verboseLabel"/>
    <link:loc xlink:type="locator" xlink:href="https://www.nltaxonomie.nl/jenv/2024-03-31/bw2-titel9-cor.xsd#bw2-titel9_OperatingIncome" xlink:label="bw2-titel9_OperatingIncome_loc"/>
    <link:presentationArc xlink:type="arc" xlink:arcrole="http://www.xbrl.org/2003/arcrole/parent-child" xlink:from="bw2-titel9_IncomeStatementTitle_loc" xlink:to="bw2-titel9_OperatingIncome_loc" order="4.0" preferredLabel="http://www.xbrl.org/2003/role/verboseLabel"/>
    <link:loc xlink:type="locator" xlink:href="https://www.nltaxonomie.nl/jenv/2024-03-31/bw2-titel9-cor.xsd#bw2-titel9_CostsRawMaterialsConsumables" xlink:label="bw2-titel9_CostsRawMaterialsConsumables_loc"/>
    <link:presentationArc xlink:type="arc" xlink:arcrole="http://www.xbrl.org/2003/arcrole/parent-child" xlink:from="bw2-titel9_IncomeStatementTitle_loc" xlink:to="bw2-titel9_CostsRawMaterialsConsumables_loc" order="5.0"/>
    <link:loc xlink:type="locator" xlink:href="https://www.nltaxonomie.nl/jenv/2024-03-31/bw2-titel9-cor.xsd#bw2-titel9_WagesSalaries" xlink:label="bw2-titel9_WagesSalaries_loc"/>
    <link:presentationArc xlink:type="arc" xlink:arcrole="http://www.xbrl.org/2003/arcrole/parent-child" xlink:from="bw2-titel9_IncomeStatementTitle_loc" xlink:to="bw2-titel9_WagesSalaries_loc" order="6.0"/>
    <link:loc xlink:type="locator" xlink:href="https://www.nltaxonomie.nl/jenv/2024-03-31/bw2-titel9-cor.xsd#bw2-titel9_DepreciationAmortisationAndDecreaseInValueAssets" xlink:label="bw2-titel9_DepreciationAmortisationAndDecreaseInValueAssets_loc"/>
    <link:presentationArc xlink:type="arc" xlink:arcrole="http://www.xbrl.org/2003/arcrole/parent-child" xlink:from="bw2-titel9_IncomeStatementTitle_loc" xlink:to="bw2-titel9_DepreciationAmortisationAndDecreaseInValueAssets_loc" order="7.0"/>
    <link:loc xlink:type="locator" xlink:href="https://www.nltaxonomie.nl/jenv/2024-03-31/bw2-titel9-cor.xsd#bw2-titel9_OperatingExpensesOther" xlink:label="bw2-titel9_OperatingExpensesOther_loc"/>
    <link:presentationArc xlink:type="arc" xlink:arcrole="http://www.xbrl.org/2003/arcrole/parent-child" xlink:from="bw2-titel9_IncomeStatementTitle_loc" xlink:to="bw2-titel9_OperatingExpensesOther_loc" order="8.0"/>
    <link:loc xlink:type="locator" xlink:href="https://www.nltaxonomie.nl/jenv/2024-03-31/bw2-titel9-cor.xsd#bw2-titel9_ExpensesOther" xlink:label="bw2-titel9_ExpensesOther_loc"/>
    <link:presentationArc xlink:type="arc" xlink:arcrole="http://www.xbrl.org/2003/arcrole/parent-child" xlink:from="bw2-titel9_IncomeStatementTitle_loc" xlink:to="bw2-titel9_ExpensesOther_loc" order="9.0" preferredLabel="http://www.xbrl.org/2003/role/verboseLabel"/>
    <link:loc xlink:type="locator" xlink:href="https://www.nltaxonomie.nl/jenv/2024-03-31/bw2-titel9-cor.xsd#bw2-titel9_SumOfExpenses" xlink:label="bw2-titel9_SumOfExpenses_loc"/>
    <link:presentationArc xlink:type="arc" xlink:arcrole="http://www.xbrl.org/2003/arcrole/parent-child" xlink:from="bw2-titel9_IncomeStatementTitle_loc" xlink:to="bw2-titel9_SumOfExpenses_loc" order="10.0"/>
    <link:loc xlink:type="locator" xlink:href="https://www.nltaxonomie.nl/jenv/2024-03-31/bw2-titel9-cor.xsd#bw2-titel9_ResultAfterTax" xlink:label="bw2-titel9_ResultAfterTax_loc"/>
    <link:presentationArc xlink:type="arc" xlink:arcrole="http://www.xbrl.org/2003/arcrole/parent-child" xlink:from="bw2-titel9_IncomeStatementTitle_loc" xlink:to="bw2-titel9_ResultAfterTax_loc" order="13.0"/>
    <link:loc xlink:type="locator" xlink:href="https://www.nltaxonomie.nl/jenv/2024-03-31/bw2-titel9-cor.xsd#bw2-titel9_ResultBeforeTax" xlink:label="bw2-titel9_ResultBeforeTax_loc"/>
    <link:presentationArc xlink:type="arc" xlink:arcrole="http://www.xbrl.org/2003/arcrole/parent-child" xlink:from="bw2-titel9_IncomeStatementTitle_loc" xlink:to="bw2-titel9_ResultBeforeTax_loc" order="11.0"/>
    <link:loc xlink:type="locator" xlink:href="https://www.nltaxonomie.nl/jenv/2024-03-31/bw2-titel9-cor.xsd#bw2-titel9_IncomeTaxExpense" xlink:label="bw2-titel9_IncomeTaxExpense_loc"/>
    <link:presentationArc xlink:type="arc" xlink:arcrole="http://www.xbrl.org/2003/arcrole/parent-child" xlink:from="bw2-titel9_IncomeStatementTitle_loc" xlink:to="bw2-titel9_IncomeTaxExpense_loc" order="12.0"/>
  </link:presentationLink>
</link:linkbase>
