<?xml version="1.0" encoding="UTF-8"?>
<!-- Generated by Fujitsu Interstage XWand B0255 -->
<link:linkbase xmlns:link="http://www.xbrl.org/2003/linkbase" xmlns:xlink="http://www.w3.org/1999/xlink" xmlns:xbrldt="http://xbrl.org/2005/xbrldt">
  <link:roleRef roleURI="https://www.nltaxonomie.nl/kvk/role/items-separate-fs" xlink:type="simple" xlink:href="https://www.nltaxonomie.nl/kvk/2024-03-31/kvk-annual-report-nlgaap-ext.xsd#kvk-role-items-separate-fs"/>
  <link:arcroleRef arcroleURI="http://xbrl.org/int/dim/arcrole/dimension-domain" xlink:type="simple" xlink:href="http://www.xbrl.org/2005/xbrldt-2005.xsd#dimension-domain"/>
  <link:arcroleRef arcroleURI="http://xbrl.org/int/dim/arcrole/domain-member" xlink:type="simple" xlink:href="http://www.xbrl.org/2005/xbrldt-2005.xsd#domain-member"/>
  <link:arcroleRef arcroleURI="http://xbrl.org/int/dim/arcrole/hypercube-dimension" xlink:type="simple" xlink:href="http://www.xbrl.org/2005/xbrldt-2005.xsd#hypercube-dimension"/>
  <link:arcroleRef arcroleURI="http://xbrl.org/int/dim/arcrole/all" xlink:type="simple" xlink:href="http://www.xbrl.org/2005/xbrldt-2005.xsd#all"/>
  <link:definitionLink xlink:type="extended" xlink:role="https://www.nltaxonomie.nl/kvk/role/items-separate-fs">
    <link:loc xlink:type="locator" xlink:href="https://www.nltaxonomie.nl/kvk/2024-03-31/kvk-cor.xsd#kvk_ItemsInSeparateFinancialStatementsPlaceholder" xlink:label="kvk_ItemsInSeparateFinancialStatementsPlaceholder_loc"/>
    <link:loc xlink:type="locator" xlink:href="https://www.nltaxonomie.nl/jenv/2024-03-31/bw2-titel9-cor.xsd#bw2-titel9_Assets" xlink:label="bw2-titel9_Assets_loc"/>
    <link:definitionArc xlink:type="arc" xlink:arcrole="http://xbrl.org/int/dim/arcrole/domain-member" xlink:from="kvk_ItemsInSeparateFinancialStatementsPlaceholder_loc" xlink:to="bw2-titel9_Assets_loc" order="8.0"/>
    <link:loc xlink:type="locator" xlink:href="https://www.nltaxonomie.nl/jenv/2024-03-31/bw2-titel9-cor.xsd#bw2-titel9_BalanceSheetBeforeAppropriationResults" xlink:label="bw2-titel9_BalanceSheetBeforeAppropriationResults_loc"/>
    <link:definitionArc xlink:type="arc" xlink:arcrole="http://xbrl.org/int/dim/arcrole/domain-member" xlink:from="kvk_ItemsInSeparateFinancialStatementsPlaceholder_loc" xlink:to="bw2-titel9_BalanceSheetBeforeAppropriationResults_loc" order="1.0"/>
    <link:loc xlink:type="locator" xlink:href="https://www.nltaxonomie.nl/jenv/2024-03-31/bw2-titel9-cor.xsd#bw2-titel9_CostsIncorporationShareIssue" xlink:label="bw2-titel9_CostsIncorporationShareIssue_loc"/>
    <link:definitionArc xlink:type="arc" xlink:arcrole="http://xbrl.org/int/dim/arcrole/domain-member" xlink:from="kvk_ItemsInSeparateFinancialStatementsPlaceholder_loc" xlink:to="bw2-titel9_CostsIncorporationShareIssue_loc" order="2.0"/>
    <link:loc xlink:type="locator" xlink:href="https://www.nltaxonomie.nl/jenv/2024-03-31/bw2-titel9-cor.xsd#bw2-titel9_AssetsNoncurrentOther" xlink:label="bw2-titel9_AssetsNoncurrentOther_loc"/>
    <link:definitionArc xlink:type="arc" xlink:arcrole="http://xbrl.org/int/dim/arcrole/domain-member" xlink:from="kvk_ItemsInSeparateFinancialStatementsPlaceholder_loc" xlink:to="bw2-titel9_AssetsNoncurrentOther_loc" order="3.0"/>
    <link:loc xlink:type="locator" xlink:href="https://www.nltaxonomie.nl/jenv/2024-03-31/bw2-titel9-cor.xsd#bw2-titel9_AssetsNoncurrent" xlink:label="bw2-titel9_AssetsNoncurrent_loc"/>
    <link:definitionArc xlink:type="arc" xlink:arcrole="http://xbrl.org/int/dim/arcrole/domain-member" xlink:from="kvk_ItemsInSeparateFinancialStatementsPlaceholder_loc" xlink:to="bw2-titel9_AssetsNoncurrent_loc" order="4.0"/>
    <link:loc xlink:type="locator" xlink:href="https://www.nltaxonomie.nl/jenv/2024-03-31/bw2-titel9-cor.xsd#bw2-titel9_CalledUpShareCapital" xlink:label="bw2-titel9_CalledUpShareCapital_loc"/>
    <link:definitionArc xlink:type="arc" xlink:arcrole="http://xbrl.org/int/dim/arcrole/domain-member" xlink:from="kvk_ItemsInSeparateFinancialStatementsPlaceholder_loc" xlink:to="bw2-titel9_CalledUpShareCapital_loc" order="5.0"/>
    <link:loc xlink:type="locator" xlink:href="https://www.nltaxonomie.nl/jenv/2024-03-31/bw2-titel9-cor.xsd#bw2-titel9_AssetsCurrentOther" xlink:label="bw2-titel9_AssetsCurrentOther_loc"/>
    <link:definitionArc xlink:type="arc" xlink:arcrole="http://xbrl.org/int/dim/arcrole/domain-member" xlink:from="kvk_ItemsInSeparateFinancialStatementsPlaceholder_loc" xlink:to="bw2-titel9_AssetsCurrentOther_loc" order="6.0"/>
    <link:loc xlink:type="locator" xlink:href="https://www.nltaxonomie.nl/jenv/2024-03-31/bw2-titel9-cor.xsd#bw2-titel9_AssetsCurrent" xlink:label="bw2-titel9_AssetsCurrent_loc"/>
    <link:definitionArc xlink:type="arc" xlink:arcrole="http://xbrl.org/int/dim/arcrole/domain-member" xlink:from="kvk_ItemsInSeparateFinancialStatementsPlaceholder_loc" xlink:to="bw2-titel9_AssetsCurrent_loc" order="7.0"/>
    <link:loc xlink:type="locator" xlink:href="https://www.nltaxonomie.nl/jenv/2024-03-31/bw2-titel9-cor.xsd#bw2-titel9_Equity" xlink:label="bw2-titel9_Equity_loc"/>
    <link:definitionArc xlink:type="arc" xlink:arcrole="http://xbrl.org/int/dim/arcrole/domain-member" xlink:from="kvk_ItemsInSeparateFinancialStatementsPlaceholder_loc" xlink:to="bw2-titel9_Equity_loc" order="9.0"/>
    <link:loc xlink:type="locator" xlink:href="https://www.nltaxonomie.nl/jenv/2024-03-31/bw2-titel9-cor.xsd#bw2-titel9_Provisions" xlink:label="bw2-titel9_Provisions_loc"/>
    <link:definitionArc xlink:type="arc" xlink:arcrole="http://xbrl.org/int/dim/arcrole/domain-member" xlink:from="kvk_ItemsInSeparateFinancialStatementsPlaceholder_loc" xlink:to="bw2-titel9_Provisions_loc" order="10.0"/>
    <link:loc xlink:type="locator" xlink:href="https://www.nltaxonomie.nl/jenv/2024-03-31/bw2-titel9-cor.xsd#bw2-titel9_LiabilitiesNoncurrent" xlink:label="bw2-titel9_LiabilitiesNoncurrent_loc"/>
    <link:definitionArc xlink:type="arc" xlink:arcrole="http://xbrl.org/int/dim/arcrole/domain-member" xlink:from="kvk_ItemsInSeparateFinancialStatementsPlaceholder_loc" xlink:to="bw2-titel9_LiabilitiesNoncurrent_loc" order="11.0"/>
    <link:loc xlink:type="locator" xlink:href="https://www.nltaxonomie.nl/jenv/2024-03-31/bw2-titel9-cor.xsd#bw2-titel9_LiabilitiesCurrent" xlink:label="bw2-titel9_LiabilitiesCurrent_loc"/>
    <link:definitionArc xlink:type="arc" xlink:arcrole="http://xbrl.org/int/dim/arcrole/domain-member" xlink:from="kvk_ItemsInSeparateFinancialStatementsPlaceholder_loc" xlink:to="bw2-titel9_LiabilitiesCurrent_loc" order="12.0"/>
    <link:loc xlink:type="locator" xlink:href="https://www.nltaxonomie.nl/jenv/2024-03-31/bw2-titel9-cor.xsd#bw2-titel9_EquityAndLiabilities" xlink:label="bw2-titel9_EquityAndLiabilities_loc"/>
    <link:definitionArc xlink:type="arc" xlink:arcrole="http://xbrl.org/int/dim/arcrole/domain-member" xlink:from="kvk_ItemsInSeparateFinancialStatementsPlaceholder_loc" xlink:to="bw2-titel9_EquityAndLiabilities_loc" order="13.0"/>
    <link:loc xlink:type="locator" xlink:href="https://www.nltaxonomie.nl/jenv/2024-03-31/bw2-titel9-cor.xsd#bw2-titel9_NetRevenue" xlink:label="bw2-titel9_NetRevenue_loc"/>
    <link:definitionArc xlink:type="arc" xlink:arcrole="http://xbrl.org/int/dim/arcrole/domain-member" xlink:from="kvk_ItemsInSeparateFinancialStatementsPlaceholder_loc" xlink:to="bw2-titel9_NetRevenue_loc" order="15.0"/>
    <link:loc xlink:type="locator" xlink:href="https://www.nltaxonomie.nl/jenv/2024-03-31/bw2-titel9-cor.xsd#bw2-titel9_OperatingIncomeOther" xlink:label="bw2-titel9_OperatingIncomeOther_loc"/>
    <link:definitionArc xlink:type="arc" xlink:arcrole="http://xbrl.org/int/dim/arcrole/domain-member" xlink:from="kvk_ItemsInSeparateFinancialStatementsPlaceholder_loc" xlink:to="bw2-titel9_OperatingIncomeOther_loc" order="16.0"/>
    <link:loc xlink:type="locator" xlink:href="https://www.nltaxonomie.nl/jenv/2024-03-31/bw2-titel9-cor.xsd#bw2-titel9_IncomeOther" xlink:label="bw2-titel9_IncomeOther_loc"/>
    <link:definitionArc xlink:type="arc" xlink:arcrole="http://xbrl.org/int/dim/arcrole/domain-member" xlink:from="kvk_ItemsInSeparateFinancialStatementsPlaceholder_loc" xlink:to="bw2-titel9_IncomeOther_loc" order="17.0"/>
    <link:loc xlink:type="locator" xlink:href="https://www.nltaxonomie.nl/jenv/2024-03-31/bw2-titel9-cor.xsd#bw2-titel9_OperatingIncome" xlink:label="bw2-titel9_OperatingIncome_loc"/>
    <link:definitionArc xlink:type="arc" xlink:arcrole="http://xbrl.org/int/dim/arcrole/domain-member" xlink:from="kvk_ItemsInSeparateFinancialStatementsPlaceholder_loc" xlink:to="bw2-titel9_OperatingIncome_loc" order="18.0"/>
    <link:loc xlink:type="locator" xlink:href="https://www.nltaxonomie.nl/jenv/2024-03-31/bw2-titel9-cor.xsd#bw2-titel9_CostsRawMaterialsConsumables" xlink:label="bw2-titel9_CostsRawMaterialsConsumables_loc"/>
    <link:definitionArc xlink:type="arc" xlink:arcrole="http://xbrl.org/int/dim/arcrole/domain-member" xlink:from="kvk_ItemsInSeparateFinancialStatementsPlaceholder_loc" xlink:to="bw2-titel9_CostsRawMaterialsConsumables_loc" order="19.0"/>
    <link:loc xlink:type="locator" xlink:href="https://www.nltaxonomie.nl/jenv/2024-03-31/bw2-titel9-cor.xsd#bw2-titel9_WagesSalaries" xlink:label="bw2-titel9_WagesSalaries_loc"/>
    <link:definitionArc xlink:type="arc" xlink:arcrole="http://xbrl.org/int/dim/arcrole/domain-member" xlink:from="kvk_ItemsInSeparateFinancialStatementsPlaceholder_loc" xlink:to="bw2-titel9_WagesSalaries_loc" order="20.0"/>
    <link:loc xlink:type="locator" xlink:href="https://www.nltaxonomie.nl/jenv/2024-03-31/bw2-titel9-cor.xsd#bw2-titel9_DepreciationAmortisationAndDecreaseInValueAssets" xlink:label="bw2-titel9_DepreciationAmortisationAndDecreaseInValueAssets_loc"/>
    <link:definitionArc xlink:type="arc" xlink:arcrole="http://xbrl.org/int/dim/arcrole/domain-member" xlink:from="kvk_ItemsInSeparateFinancialStatementsPlaceholder_loc" xlink:to="bw2-titel9_DepreciationAmortisationAndDecreaseInValueAssets_loc" order="21.0"/>
    <link:loc xlink:type="locator" xlink:href="https://www.nltaxonomie.nl/jenv/2024-03-31/bw2-titel9-cor.xsd#bw2-titel9_OperatingExpensesOther" xlink:label="bw2-titel9_OperatingExpensesOther_loc"/>
    <link:definitionArc xlink:type="arc" xlink:arcrole="http://xbrl.org/int/dim/arcrole/domain-member" xlink:from="kvk_ItemsInSeparateFinancialStatementsPlaceholder_loc" xlink:to="bw2-titel9_OperatingExpensesOther_loc" order="22.0"/>
    <link:loc xlink:type="locator" xlink:href="https://www.nltaxonomie.nl/jenv/2024-03-31/bw2-titel9-cor.xsd#bw2-titel9_ExpensesOther" xlink:label="bw2-titel9_ExpensesOther_loc"/>
    <link:definitionArc xlink:type="arc" xlink:arcrole="http://xbrl.org/int/dim/arcrole/domain-member" xlink:from="kvk_ItemsInSeparateFinancialStatementsPlaceholder_loc" xlink:to="bw2-titel9_ExpensesOther_loc" order="23.0"/>
    <link:loc xlink:type="locator" xlink:href="https://www.nltaxonomie.nl/jenv/2024-03-31/bw2-titel9-cor.xsd#bw2-titel9_SumOfExpenses" xlink:label="bw2-titel9_SumOfExpenses_loc"/>
    <link:definitionArc xlink:type="arc" xlink:arcrole="http://xbrl.org/int/dim/arcrole/domain-member" xlink:from="kvk_ItemsInSeparateFinancialStatementsPlaceholder_loc" xlink:to="bw2-titel9_SumOfExpenses_loc" order="24.0"/>
    <link:loc xlink:type="locator" xlink:href="https://www.nltaxonomie.nl/jenv/2024-03-31/bw2-titel9-cor.xsd#bw2-titel9_ResultAfterTax" xlink:label="bw2-titel9_ResultAfterTax_loc"/>
    <link:definitionArc xlink:type="arc" xlink:arcrole="http://xbrl.org/int/dim/arcrole/domain-member" xlink:from="kvk_ItemsInSeparateFinancialStatementsPlaceholder_loc" xlink:to="bw2-titel9_ResultAfterTax_loc" order="26.0"/>
    <link:loc xlink:type="locator" xlink:href="https://www.nltaxonomie.nl/jenv/2024-03-31/bw2-titel9-cor.xsd#bw2-titel9_IndicationNoAccruedAssetsLiabilitiesAreRecorded" xlink:label="bw2-titel9_IndicationNoAccruedAssetsLiabilitiesAreRecorded_loc"/>
    <link:definitionArc xlink:type="arc" xlink:arcrole="http://xbrl.org/int/dim/arcrole/domain-member" xlink:from="kvk_ItemsInSeparateFinancialStatementsPlaceholder_loc" xlink:to="bw2-titel9_IndicationNoAccruedAssetsLiabilitiesAreRecorded_loc" order="14.0"/>
    <link:loc xlink:type="locator" xlink:href="https://www.nltaxonomie.nl/jenv/2024-03-31/bw2-titel9-cor.xsd#bw2-titel9_GoingConcernDisclosure" xlink:label="bw2-titel9_GoingConcernDisclosure_loc"/>
    <link:definitionArc xlink:type="arc" xlink:arcrole="http://xbrl.org/int/dim/arcrole/domain-member" xlink:from="kvk_ItemsInSeparateFinancialStatementsPlaceholder_loc" xlink:to="bw2-titel9_GoingConcernDisclosure_loc" order="27.0"/>
    <link:loc xlink:type="locator" xlink:href="https://www.nltaxonomie.nl/jenv/2024-03-31/bw2-titel9-cor.xsd#bw2-titel9_IncomeTaxExpense" xlink:label="bw2-titel9_IncomeTaxExpense_loc"/>
    <link:definitionArc xlink:type="arc" xlink:arcrole="http://xbrl.org/int/dim/arcrole/domain-member" xlink:from="kvk_ItemsInSeparateFinancialStatementsPlaceholder_loc" xlink:to="bw2-titel9_IncomeTaxExpense_loc" order="28.0"/>
    <link:loc xlink:type="locator" xlink:href="https://www.nltaxonomie.nl/jenv/2024-03-31/bw2-titel9-cor.xsd#bw2-titel9_ResultBeforeTax" xlink:label="bw2-titel9_ResultBeforeTax_loc"/>
    <link:definitionArc xlink:type="arc" xlink:arcrole="http://xbrl.org/int/dim/arcrole/domain-member" xlink:from="kvk_ItemsInSeparateFinancialStatementsPlaceholder_loc" xlink:to="bw2-titel9_ResultBeforeTax_loc" order="29.0"/>
  </link:definitionLink>
</link:linkbase>
