<?xml version="1.0" encoding="UTF-8"?>
<!-- Generated by Fujitsu Interstage XWand B0255 -->
<link:linkbase xmlns:xsi="http://www.w3.org/2001/XMLSchema-instance" xsi:schemaLocation="http://www.xbrl.org/2003/linkbase http://www.xbrl.org/2003/xbrl-linkbase-2003-12-31.xsd http://www.w3.org/1999/xlink http://www.xbrl.org/2003/xlink-2003-12-31.xsd http://www.xbrl.org/2006/ref http://www.xbrl.org/2006/ref-2006-02-27.xsd http://xbrl.org/2008/generic http://www.xbrl.org/2008/generic-link.xsd http://xbrl.org/2008/reference http://www.xbrl.org/2008/generic-reference.xsd" xmlns:reference="http://xbrl.org/2008/reference" xmlns:gen="http://xbrl.org/2008/generic" xmlns:link="http://www.xbrl.org/2003/linkbase" xmlns:ref="http://www.xbrl.org/2006/ref" xmlns:xlink="http://www.w3.org/1999/xlink">
  <link:roleRef roleURI="http://www.xbrl.org/2008/role/reference" xlink:type="simple" xlink:href="http://www.xbrl.org/2008/generic-reference.xsd#standard-reference"/>
  <link:roleRef roleURI="http://www.xbrl.org/2008/role/link" xlink:type="simple" xlink:href="http://www.xbrl.org/2008/generic-link.xsd#standard-link-role"/>
  <link:arcroleRef arcroleURI="http://xbrl.org/arcrole/2008/element-reference" xlink:type="simple" xlink:href="http://www.xbrl.org/2008/generic-reference.xsd#element-reference"/>
  <gen:link xlink:type="extended" xlink:role="http://www.xbrl.org/2008/role/link">
    <link:loc xlink:type="locator" xlink:href="bw2-titel9-cor.xsd#bw2-titel9_FinancialInstrumentsCurrentValueTypedMember" xlink:label="bw2-titel9_FinancialInstrumentsCurrentValueTypedMember_loc"/>
    <reference:reference xlink:type="resource" xlink:label="bw2-titel9_2021-01-01_381a_B_ref" xlink:role="http://www.xbrl.org/2008/role/reference" id="bw2-titel9_2021-01-01_381a_B_ref">
      <ref:Article>381a</ref:Article>
      <ref:IssueDate>2021-01-01</ref:IssueDate>
      <ref:Name>Burgerlijk wetboek boek 2</ref:Name>
      <ref:Paragraph>b</ref:Paragraph>
    </reference:reference>
    <gen:arc xlink:type="arc" xlink:arcrole="http://xbrl.org/arcrole/2008/element-reference" xlink:from="bw2-titel9_FinancialInstrumentsCurrentValueTypedMember_loc" xlink:to="bw2-titel9_2021-01-01_381a_B_ref"/>
    <reference:reference xlink:type="resource" xlink:label="bw2-titel9_2021-01-01_381b_A_ref" xlink:role="http://www.xbrl.org/2008/role/reference" id="bw2-titel9_2021-01-01_381b_A_ref">
      <ref:Article>381b</ref:Article>
      <ref:IssueDate>2021-01-01</ref:IssueDate>
      <ref:Name>Burgerlijk wetboek boek 2</ref:Name>
      <ref:Paragraph>a</ref:Paragraph>
    </reference:reference>
    <gen:arc xlink:type="arc" xlink:arcrole="http://xbrl.org/arcrole/2008/element-reference" xlink:from="bw2-titel9_FinancialInstrumentsCurrentValueTypedMember_loc" xlink:to="bw2-titel9_2021-01-01_381b_A_ref"/>
    <reference:reference xlink:type="resource" xlink:label="bw2-titel9_2021-01-01_381b_B_ref" xlink:role="http://www.xbrl.org/2008/role/reference" id="bw2-titel9_2021-01-01_381b_B_ref">
      <ref:Article>381b</ref:Article>
      <ref:IssueDate>2021-01-01</ref:IssueDate>
      <ref:Name>Burgerlijk wetboek boek 2</ref:Name>
      <ref:Paragraph>b</ref:Paragraph>
    </reference:reference>
    <gen:arc xlink:type="arc" xlink:arcrole="http://xbrl.org/arcrole/2008/element-reference" xlink:from="bw2-titel9_FinancialInstrumentsCurrentValueTypedMember_loc" xlink:to="bw2-titel9_2021-01-01_381b_B_ref"/>
    <link:loc xlink:type="locator" xlink:href="bw2-titel9-cor.xsd#bw2-titel9_LegalEntityTypedMember" xlink:label="bw2-titel9_LegalEntityTypedMember_loc"/>
    <reference:reference xlink:type="resource" xlink:label="bw2-titel9_2021-01-01_379_1_ref" xlink:role="http://www.xbrl.org/2008/role/reference" id="bw2-titel9_2021-01-01_379_1_ref">
      <ref:Article>379</ref:Article>
      <ref:IssueDate>2021-01-01</ref:IssueDate>
      <ref:Name>Burgerlijk wetboek boek 2</ref:Name>
      <ref:Paragraph>1</ref:Paragraph>
    </reference:reference>
    <gen:arc xlink:type="arc" xlink:arcrole="http://xbrl.org/arcrole/2008/element-reference" xlink:from="bw2-titel9_LegalEntityTypedMember_loc" xlink:to="bw2-titel9_2021-01-01_379_1_ref"/>
    <reference:reference xlink:type="resource" xlink:label="bw2-titel9_2021-01-01_379_3_ref" xlink:role="http://www.xbrl.org/2008/role/reference" id="bw2-titel9_2021-01-01_379_3_ref">
      <ref:Article>379</ref:Article>
      <ref:IssueDate>2021-01-01</ref:IssueDate>
      <ref:Name>Burgerlijk wetboek boek 2</ref:Name>
      <ref:Paragraph>3</ref:Paragraph>
    </reference:reference>
    <gen:arc xlink:type="arc" xlink:arcrole="http://xbrl.org/arcrole/2008/element-reference" xlink:from="bw2-titel9_LegalEntityTypedMember_loc" xlink:to="bw2-titel9_2021-01-01_379_3_ref"/>
    <link:loc xlink:type="locator" xlink:href="bw2-titel9-cor.xsd#bw2-titel9_LiabilitiesOtherTypedMember" xlink:label="bw2-titel9_LiabilitiesOtherTypedMember_loc"/>
    <reference:reference xlink:type="resource" xlink:label="bw2-titel9_RJ_2021-01-01_610_106_ref" xlink:role="http://www.xbrl.org/2008/role/reference" id="bw2-titel9_RJ_2021-01-01_610_106_ref">
      <ref:Chapter>610</ref:Chapter>
      <ref:IssueDate>2021-01-01</ref:IssueDate>
      <ref:Name>Richtlijnen voor de jaarverslaggeving</ref:Name>
      <ref:Paragraph>106</ref:Paragraph>
    </reference:reference>
    <gen:arc xlink:type="arc" xlink:arcrole="http://xbrl.org/arcrole/2008/element-reference" xlink:from="bw2-titel9_LiabilitiesOtherTypedMember_loc" xlink:to="bw2-titel9_RJ_2021-01-01_610_106_ref"/>
    <link:loc xlink:type="locator" xlink:href="bw2-titel9-cor.xsd#bw2-titel9_ManagingDirectorTypedMember" xlink:label="bw2-titel9_ManagingDirectorTypedMember_loc"/>
    <reference:reference xlink:type="resource" xlink:label="bw2-titel9_2021-01-01_383d_ref" xlink:role="http://www.xbrl.org/2008/role/reference" id="bw2-titel9_2021-01-01_383d_ref">
      <ref:Article>383d</ref:Article>
      <ref:IssueDate>2021-01-01</ref:IssueDate>
      <ref:Name>Burgerlijk wetboek boek 2</ref:Name>
    </reference:reference>
    <gen:arc xlink:type="arc" xlink:arcrole="http://xbrl.org/arcrole/2008/element-reference" xlink:from="bw2-titel9_ManagingDirectorTypedMember_loc" xlink:to="bw2-titel9_2021-01-01_383d_ref"/>
    <link:loc xlink:type="locator" xlink:href="bw2-titel9-cor.xsd#bw2-titel9_ManagingOrSupervisoryDirectorOrRepresentativeTypedMember" xlink:label="bw2-titel9_ManagingOrSupervisoryDirectorOrRepresentativeTypedMember_loc"/>
    <reference:reference xlink:type="resource" xlink:label="bw2-titel9_BMJ_2015-11-01_15_ref_1" xlink:role="http://www.xbrl.org/2008/role/reference" id="bw2-titel9_BMJ_2015-11-01_15_ref_1">
      <ref:Article>15</ref:Article>
      <ref:IssueDate>2015-11-01</ref:IssueDate>
      <ref:Name>Besluit modellen jaarrekening</ref:Name>
    </reference:reference>
    <gen:arc xlink:type="arc" xlink:arcrole="http://xbrl.org/arcrole/2008/element-reference" xlink:from="bw2-titel9_ManagingOrSupervisoryDirectorOrRepresentativeTypedMember_loc" xlink:to="bw2-titel9_BMJ_2015-11-01_15_ref_1"/>
    <reference:reference xlink:type="resource" xlink:label="bw2-titel9_2021-01-01_101_2_ref" xlink:role="http://www.xbrl.org/2008/role/reference" id="bw2-titel9_2021-01-01_101_2_ref">
      <ref:Article>101</ref:Article>
      <ref:IssueDate>2021-01-01</ref:IssueDate>
      <ref:Name>Burgerlijk wetboek boek 2</ref:Name>
      <ref:Paragraph>2</ref:Paragraph>
    </reference:reference>
    <gen:arc xlink:type="arc" xlink:arcrole="http://xbrl.org/arcrole/2008/element-reference" xlink:from="bw2-titel9_ManagingOrSupervisoryDirectorOrRepresentativeTypedMember_loc" xlink:to="bw2-titel9_2021-01-01_101_2_ref"/>
    <reference:reference xlink:type="resource" xlink:label="bw2-titel9_2021-01-01_210_2_ref" xlink:role="http://www.xbrl.org/2008/role/reference" id="bw2-titel9_2021-01-01_210_2_ref">
      <ref:Article>210</ref:Article>
      <ref:IssueDate>2021-01-01</ref:IssueDate>
      <ref:Name>Burgerlijk wetboek boek 2</ref:Name>
      <ref:Paragraph>2</ref:Paragraph>
    </reference:reference>
    <gen:arc xlink:type="arc" xlink:arcrole="http://xbrl.org/arcrole/2008/element-reference" xlink:from="bw2-titel9_ManagingOrSupervisoryDirectorOrRepresentativeTypedMember_loc" xlink:to="bw2-titel9_2021-01-01_210_2_ref"/>
    <link:loc xlink:type="locator" xlink:href="bw2-titel9-cor.xsd#bw2-titel9_ReceivablesOtherAffiliatedCompaniesCurrentTypedMember" xlink:label="bw2-titel9_ReceivablesOtherAffiliatedCompaniesCurrentTypedMember_loc"/>
    <reference:reference xlink:type="resource" xlink:label="bw2-titel9_RJ_2021-01-01_115_214_ref" xlink:role="http://www.xbrl.org/2008/role/reference" id="bw2-titel9_RJ_2021-01-01_115_214_ref">
      <ref:Chapter>115</ref:Chapter>
      <ref:IssueDate>2021-01-01</ref:IssueDate>
      <ref:Name>Richtlijnen voor de jaarverslaggeving</ref:Name>
      <ref:Paragraph>214</ref:Paragraph>
    </reference:reference>
    <gen:arc xlink:type="arc" xlink:arcrole="http://xbrl.org/arcrole/2008/element-reference" xlink:from="bw2-titel9_ReceivablesOtherAffiliatedCompaniesCurrentTypedMember_loc" xlink:to="bw2-titel9_RJ_2021-01-01_115_214_ref"/>
    <link:loc xlink:type="locator" xlink:href="bw2-titel9-cor.xsd#bw2-titel9_RelatedPartyTransactionDetailsTypedMember" xlink:label="bw2-titel9_RelatedPartyTransactionDetailsTypedMember_loc"/>
    <reference:reference xlink:type="resource" xlink:label="bw2-titel9_2021-01-01_381_3_ref" xlink:role="http://www.xbrl.org/2008/role/reference" id="bw2-titel9_2021-01-01_381_3_ref">
      <ref:Article>381</ref:Article>
      <ref:IssueDate>2021-01-01</ref:IssueDate>
      <ref:Name>Burgerlijk wetboek boek 2</ref:Name>
      <ref:Paragraph>3</ref:Paragraph>
    </reference:reference>
    <gen:arc xlink:type="arc" xlink:arcrole="http://xbrl.org/arcrole/2008/element-reference" xlink:from="bw2-titel9_RelatedPartyTransactionDetailsTypedMember_loc" xlink:to="bw2-titel9_2021-01-01_381_3_ref"/>
    <link:loc xlink:type="locator" xlink:href="bw2-titel9-cor.xsd#bw2-titel9_SupervisoryDirectorTypedMember" xlink:label="bw2-titel9_SupervisoryDirectorTypedMember_loc"/>
    <gen:arc xlink:type="arc" xlink:arcrole="http://xbrl.org/arcrole/2008/element-reference" xlink:from="bw2-titel9_SupervisoryDirectorTypedMember_loc" xlink:to="bw2-titel9_2021-01-01_383d_ref"/>
  </gen:link>
</link:linkbase>
