<?xml version="1.0" encoding="UTF-8"?>

<link:linkbase xmlns:xsi="http://www.w3.org/2001/XMLSchema-instance" xsi:schemaLocation="http://www.xbrl.org/2003/linkbase http://www.xbrl.org/2003/xbrl-linkbase-2003-12-31.xsd http://www.w3.org/1999/xlink http://www.xbrl.org/2003/xlink-2003-12-31.xsd http://xbrl.org/2008/label http://www.xbrl.org/2008/generic-label.xsd http://xbrl.org/2008/generic http://www.xbrl.org/2008/generic-link.xsd" xmlns:gen="http://xbrl.org/2008/generic" xmlns:link="http://www.xbrl.org/2003/linkbase" xmlns:xlink="http://www.w3.org/1999/xlink" xmlns:label="http://xbrl.org/2008/label">
  <link:roleRef roleURI="http://www.xbrl.org/2008/role/label" xlink:type="simple" xlink:href="http://www.xbrl.org/2008/generic-label.xsd#standard-label"/>
  <link:roleRef roleURI="http://www.xbrl.org/2008/role/link" xlink:type="simple" xlink:href="http://www.xbrl.org/2008/generic-link.xsd#standard-link-role"/>
  <link:arcroleRef arcroleURI="http://xbrl.org/arcrole/2008/element-label" xlink:type="simple" xlink:href="http://www.xbrl.org/2008/generic-label.xsd#element-label"/>
  <gen:link xlink:type="extended" xlink:role="http://www.xbrl.org/2008/role/link">
    <gen:arc xlink:arcrole="http://xbrl.org/arcrole/2008/element-label" xlink:from="bw2-titel9_CategoryEmployeesManagerialPositionsTypedMember_loc" xlink:to="bw2-titel9_CategoryEmployeesManagerialPositionsTypedMember_label_de" xlink:type="arc"/>
    <gen:arc xlink:arcrole="http://xbrl.org/arcrole/2008/element-label" xlink:from="bw2-titel9_DerivativeFinancialInstrumentTypedMember_loc" xlink:to="bw2-titel9_DerivativeFinancialInstrumentTypedMember_label_de" xlink:type="arc"/>
    <gen:arc xlink:arcrole="http://xbrl.org/arcrole/2008/element-label" xlink:from="bw2-titel9_FinancialInstrumentsCurrentValueTypedMember_loc" xlink:to="bw2-titel9_FinancialInstrumentsCurrentValueTypedMember_label_de" xlink:type="arc"/>
    <gen:arc xlink:arcrole="http://xbrl.org/arcrole/2008/element-label" xlink:from="bw2-titel9_FinancialInstrumentsHigherValueThanFairValueTypedMember_loc" xlink:to="bw2-titel9_FinancialInstrumentsHigherValueThanFairValueTypedMember_label_de" xlink:type="arc"/>
    <gen:arc xlink:arcrole="http://xbrl.org/arcrole/2008/element-label" xlink:from="bw2-titel9_HedgeInstrumentTypedMember_loc" xlink:to="bw2-titel9_HedgeInstrumentTypedMember_label_de" xlink:type="arc"/>
    <gen:arc xlink:arcrole="http://xbrl.org/arcrole/2008/element-label" xlink:from="bw2-titel9_LegalEntityNamesParticipatingInterestsWithoutLegalPersonalityTypedMember_loc" xlink:to="bw2-titel9_LegalEntityNamesParticipatingInterestsWithoutLegalPersonalityTypedMember_label_de" xlink:type="arc"/>
    <gen:arc xlink:arcrole="http://xbrl.org/arcrole/2008/element-label" xlink:from="bw2-titel9_LegalEntityTypedMember_loc" xlink:to="bw2-titel9_LegalEntityTypedMember_label_de" xlink:type="arc"/>
    <gen:arc xlink:arcrole="http://xbrl.org/arcrole/2008/element-label" xlink:from="bw2-titel9_LiabilitiesOtherTypedMember_loc" xlink:to="bw2-titel9_LiabilitiesOtherTypedMember_label_de" xlink:type="arc"/>
    <gen:arc xlink:arcrole="http://xbrl.org/arcrole/2008/element-label" xlink:from="bw2-titel9_ManagingDirectorTypedMember_loc" xlink:to="bw2-titel9_ManagingDirectorTypedMember_label_de" xlink:type="arc"/>
    <gen:arc xlink:arcrole="http://xbrl.org/arcrole/2008/element-label" xlink:from="bw2-titel9_ManagingOrSupervisoryDirectorOrRepresentativeTypedMember_loc" xlink:to="bw2-titel9_ManagingOrSupervisoryDirectorOrRepresentativeTypedMember_label_de" xlink:type="arc"/>
    <gen:arc xlink:arcrole="http://xbrl.org/arcrole/2008/element-label" xlink:from="bw2-titel9_NameBeneficiarySpecialGoverningControlStructureTypedMember_loc" xlink:to="bw2-titel9_NameBeneficiarySpecialGoverningControlStructureTypedMember_label_de" xlink:type="arc"/>
    <gen:arc xlink:arcrole="http://xbrl.org/arcrole/2008/element-label" xlink:from="bw2-titel9_NetRevenueGeographicTypedMember_loc" xlink:to="bw2-titel9_NetRevenueGeographicTypedMember_label_de" xlink:type="arc"/>
    <gen:arc xlink:arcrole="http://xbrl.org/arcrole/2008/element-label" xlink:from="bw2-titel9_NetRevenueIndustryTypedMember_loc" xlink:to="bw2-titel9_NetRevenueIndustryTypedMember_label_de" xlink:type="arc"/>
    <gen:arc xlink:arcrole="http://xbrl.org/arcrole/2008/element-label" xlink:from="bw2-titel9_ReceivablesOtherAffiliatedCompaniesCurrentTypedMember_loc" xlink:to="bw2-titel9_ReceivablesOtherAffiliatedCompaniesCurrentTypedMember_label_de" xlink:type="arc"/>
    <gen:arc xlink:arcrole="http://xbrl.org/arcrole/2008/element-label" xlink:from="bw2-titel9_ReceivablesOtherTypedMember_loc" xlink:to="bw2-titel9_ReceivablesOtherTypedMember_label_de" xlink:type="arc"/>
    <gen:arc xlink:arcrole="http://xbrl.org/arcrole/2008/element-label" xlink:from="bw2-titel9_RelatedPartyTransactionDetailsTypedMember_loc" xlink:to="bw2-titel9_RelatedPartyTransactionDetailsTypedMember_label_de" xlink:type="arc"/>
    <gen:arc xlink:arcrole="http://xbrl.org/arcrole/2008/element-label" xlink:from="bw2-titel9_SegmentForAverageNumberEmployeesTypedMember_loc" xlink:to="bw2-titel9_SegmentForAverageNumberEmployeesTypedMember_label_de" xlink:type="arc"/>
    <gen:arc xlink:arcrole="http://xbrl.org/arcrole/2008/element-label" xlink:from="bw2-titel9_ShareBasedPaymentsSpecificationTypedMember_loc" xlink:to="bw2-titel9_ShareBasedPaymentsSpecificationTypedMember_label_de" xlink:type="arc"/>
    <gen:arc xlink:arcrole="http://xbrl.org/arcrole/2008/element-label" xlink:from="bw2-titel9_ShareCapitalEarningsPerShareTypedMember_loc" xlink:to="bw2-titel9_ShareCapitalEarningsPerShareTypedMember_label_de" xlink:type="arc"/>
    <gen:arc xlink:arcrole="http://xbrl.org/arcrole/2008/element-label" xlink:from="bw2-titel9_ShareCapitalNumberOfSharesTypedMember_loc" xlink:to="bw2-titel9_ShareCapitalNumberOfSharesTypedMember_label_de" xlink:type="arc"/>
    <gen:arc xlink:arcrole="http://xbrl.org/arcrole/2008/element-label" xlink:from="bw2-titel9_ShareCapitalTypedMember_loc" xlink:to="bw2-titel9_ShareCapitalTypedMember_label_de" xlink:type="arc"/>
    <gen:arc xlink:arcrole="http://xbrl.org/arcrole/2008/element-label" xlink:from="bw2-titel9_SupervisoryDirectorTypedMember_loc" xlink:to="bw2-titel9_SupervisoryDirectorTypedMember_label_de" xlink:type="arc"/>
    <label:label id="bw2-titel9_SegmentForAverageNumberEmployeesTypedMember_label_de" xlink:label="bw2-titel9_SegmentForAverageNumberEmployeesTypedMember_label_de" xlink:role="http://www.xbrl.org/2008/role/label" xlink:type="resource" xml:lang="de">Abschnitt für die durchschnittliche Zahl der Beschäftigten während der Periode</label:label>
    <label:label id="bw2-titel9_ShareCapitalTypedMember_label_de" xlink:label="bw2-titel9_ShareCapitalTypedMember_label_de" xlink:role="http://www.xbrl.org/2008/role/label" xlink:type="resource" xml:lang="de">Aktienkapital</label:label>
    <label:label id="bw2-titel9_SupervisoryDirectorTypedMember_label_de" xlink:label="bw2-titel9_SupervisoryDirectorTypedMember_label_de" xlink:role="http://www.xbrl.org/2008/role/label" xlink:type="resource" xml:lang="de">Aufsichtsratsmitglied</label:label>
    <label:label id="bw2-titel9_RelatedPartyTransactionDetailsTypedMember_label_de" xlink:label="bw2-titel9_RelatedPartyTransactionDetailsTypedMember_label_de" xlink:role="http://www.xbrl.org/2008/role/label" xlink:type="resource" xml:lang="de">Details der Transaktionen mit verbundenen Parteien</label:label>
    <label:label id="bw2-titel9_ManagingDirectorTypedMember_label_de" xlink:label="bw2-titel9_ManagingDirectorTypedMember_label_de" xlink:role="http://www.xbrl.org/2008/role/label" xlink:type="resource" xml:lang="de">Geschäftsführer</label:label>
    <label:label id="bw2-titel9_ShareCapitalNumberOfSharesTypedMember_label_de" xlink:label="bw2-titel9_ShareCapitalNumberOfSharesTypedMember_label_de" xlink:role="http://www.xbrl.org/2008/role/label" xlink:type="resource" xml:lang="de">Grundkapital (Anzahl der Aktien)</label:label>
    <label:label id="bw2-titel9_ShareCapitalEarningsPerShareTypedMember_label_de" xlink:label="bw2-titel9_ShareCapitalEarningsPerShareTypedMember_label_de" xlink:role="http://www.xbrl.org/2008/role/label" xlink:type="resource" xml:lang="de">Grundkapital Gewinn pro Aktie</label:label>
    <label:label id="bw2-titel9_CategoryEmployeesManagerialPositionsTypedMember_label_de" xlink:label="bw2-titel9_CategoryEmployeesManagerialPositionsTypedMember_label_de" xlink:role="http://www.xbrl.org/2008/role/label" xlink:type="resource" xml:lang="de">Kategorie der Mitarbeiter in Führungspositionen</label:label>
    <label:label id="bw2-titel9_DerivativeFinancialInstrumentTypedMember_label_de" xlink:label="bw2-titel9_DerivativeFinancialInstrumentTypedMember_label_de" xlink:role="http://www.xbrl.org/2008/role/label" xlink:type="resource" xml:lang="de">Kategorie des Derivative Finanzinstrumente</label:label>
    <label:label id="bw2-titel9_FinancialInstrumentsHigherValueThanFairValueTypedMember_label_de" xlink:label="bw2-titel9_FinancialInstrumentsHigherValueThanFairValueTypedMember_label_de" xlink:role="http://www.xbrl.org/2008/role/label" xlink:type="resource" xml:lang="de">Kategorie von Finanzinstrumente Höher bewertet als zum Zeitwert</label:label>
    <label:label id="bw2-titel9_FinancialInstrumentsCurrentValueTypedMember_label_de" xlink:label="bw2-titel9_FinancialInstrumentsCurrentValueTypedMember_label_de" xlink:role="http://www.xbrl.org/2008/role/label" xlink:type="resource" xml:lang="de">Kategorie von Finanzinstrumenten</label:label>
    <label:label id="bw2-titel9_ReceivablesOtherAffiliatedCompaniesCurrentTypedMember_label_de" xlink:label="bw2-titel9_ReceivablesOtherAffiliatedCompaniesCurrentTypedMember_label_de" xlink:role="http://www.xbrl.org/2008/role/label" xlink:type="resource" xml:lang="de">Kategorie von Forderungen gegenüber anderen bezogenen Parteien (kurzfristig)</label:label>
    <label:label id="bw2-titel9_ReceivablesOtherTypedMember_label_de" xlink:label="bw2-titel9_ReceivablesOtherTypedMember_label_de" xlink:role="http://www.xbrl.org/2008/role/label" xlink:type="resource" xml:lang="de">Kategorie von Sonstige Forderungen</label:label>
    <label:label id="bw2-titel9_LiabilitiesOtherTypedMember_label_de" xlink:label="bw2-titel9_LiabilitiesOtherTypedMember_label_de" xlink:role="http://www.xbrl.org/2008/role/label" xlink:type="resource" xml:lang="de">Kategorie von Sonstige Schulden</label:label>
    <label:label id="bw2-titel9_LegalEntityTypedMember_label_de" xlink:label="bw2-titel9_LegalEntityTypedMember_label_de" xlink:role="http://www.xbrl.org/2008/role/label" xlink:type="resource" xml:lang="de">Körperschaft</label:label>
    <label:label id="bw2-titel9_LegalEntityNamesParticipatingInterestsWithoutLegalPersonalityTypedMember_label_de" xlink:label="bw2-titel9_LegalEntityNamesParticipatingInterestsWithoutLegalPersonalityTypedMember_label_de" xlink:role="http://www.xbrl.org/2008/role/label" xlink:type="resource" xml:lang="de">Name der Tochtergesellschaft ohne Rechtspersönlichkeit</label:label>
    <label:label id="bw2-titel9_NameBeneficiarySpecialGoverningControlStructureTypedMember_label_de" xlink:label="bw2-titel9_NameBeneficiarySpecialGoverningControlStructureTypedMember_label_de" xlink:role="http://www.xbrl.org/2008/role/label" xlink:type="resource" xml:lang="de">Name des Begünstigten der speziell geltenden Kontrollstruktur</label:label>
    <label:label id="bw2-titel9_ManagingOrSupervisoryDirectorOrRepresentativeTypedMember_label_de" xlink:label="bw2-titel9_ManagingOrSupervisoryDirectorOrRepresentativeTypedMember_label_de" xlink:role="http://www.xbrl.org/2008/role/label" xlink:type="resource" xml:lang="de">Namen der Aufsichtsräte, Geschäftsführer und Vertreter</label:label>
    <label:label id="bw2-titel9_NetRevenueIndustryTypedMember_label_de" xlink:label="bw2-titel9_NetRevenueIndustryTypedMember_label_de" xlink:role="http://www.xbrl.org/2008/role/label" xlink:type="resource" xml:lang="de">Nettoumsatz, Branche</label:label>
    <label:label id="bw2-titel9_NetRevenueGeographicTypedMember_label_de" xlink:label="bw2-titel9_NetRevenueGeographicTypedMember_label_de" xlink:role="http://www.xbrl.org/2008/role/label" xlink:type="resource" xml:lang="de">Nettoumsatz, Geographie</label:label>
    <label:label id="bw2-titel9_HedgeInstrumentTypedMember_label_de" xlink:label="bw2-titel9_HedgeInstrumentTypedMember_label_de" xlink:role="http://www.xbrl.org/2008/role/label" xlink:type="resource" xml:lang="de">Sicherungsgeschäfte instrument</label:label>
    <label:label id="bw2-titel9_ShareBasedPaymentsSpecificationTypedMember_label_de" xlink:label="bw2-titel9_ShareBasedPaymentsSpecificationTypedMember_label_de" xlink:role="http://www.xbrl.org/2008/role/label" xlink:type="resource" xml:lang="de">Spezifikation für aktienbasierte Vergütungen</label:label>
    <link:loc xlink:href="bw2-titel9-cor.xsd#bw2-titel9_CategoryEmployeesManagerialPositionsTypedMember" xlink:label="bw2-titel9_CategoryEmployeesManagerialPositionsTypedMember_loc" xlink:type="locator"/>
    <link:loc xlink:href="bw2-titel9-cor.xsd#bw2-titel9_DerivativeFinancialInstrumentTypedMember" xlink:label="bw2-titel9_DerivativeFinancialInstrumentTypedMember_loc" xlink:type="locator"/>
    <link:loc xlink:href="bw2-titel9-cor.xsd#bw2-titel9_FinancialInstrumentsCurrentValueTypedMember" xlink:label="bw2-titel9_FinancialInstrumentsCurrentValueTypedMember_loc" xlink:type="locator"/>
    <link:loc xlink:href="bw2-titel9-cor.xsd#bw2-titel9_FinancialInstrumentsHigherValueThanFairValueTypedMember" xlink:label="bw2-titel9_FinancialInstrumentsHigherValueThanFairValueTypedMember_loc" xlink:type="locator"/>
    <link:loc xlink:href="bw2-titel9-cor.xsd#bw2-titel9_HedgeInstrumentTypedMember" xlink:label="bw2-titel9_HedgeInstrumentTypedMember_loc" xlink:type="locator"/>
    <link:loc xlink:href="bw2-titel9-cor.xsd#bw2-titel9_LegalEntityNamesParticipatingInterestsWithoutLegalPersonalityTypedMember" xlink:label="bw2-titel9_LegalEntityNamesParticipatingInterestsWithoutLegalPersonalityTypedMember_loc" xlink:type="locator"/>
    <link:loc xlink:href="bw2-titel9-cor.xsd#bw2-titel9_LegalEntityTypedMember" xlink:label="bw2-titel9_LegalEntityTypedMember_loc" xlink:type="locator"/>
    <link:loc xlink:href="bw2-titel9-cor.xsd#bw2-titel9_LiabilitiesOtherTypedMember" xlink:label="bw2-titel9_LiabilitiesOtherTypedMember_loc" xlink:type="locator"/>
    <link:loc xlink:href="bw2-titel9-cor.xsd#bw2-titel9_ManagingDirectorTypedMember" xlink:label="bw2-titel9_ManagingDirectorTypedMember_loc" xlink:type="locator"/>
    <link:loc xlink:href="bw2-titel9-cor.xsd#bw2-titel9_ManagingOrSupervisoryDirectorOrRepresentativeTypedMember" xlink:label="bw2-titel9_ManagingOrSupervisoryDirectorOrRepresentativeTypedMember_loc" xlink:type="locator"/>
    <link:loc xlink:href="bw2-titel9-cor.xsd#bw2-titel9_NameBeneficiarySpecialGoverningControlStructureTypedMember" xlink:label="bw2-titel9_NameBeneficiarySpecialGoverningControlStructureTypedMember_loc" xlink:type="locator"/>
    <link:loc xlink:href="bw2-titel9-cor.xsd#bw2-titel9_NetRevenueGeographicTypedMember" xlink:label="bw2-titel9_NetRevenueGeographicTypedMember_loc" xlink:type="locator"/>
    <link:loc xlink:href="bw2-titel9-cor.xsd#bw2-titel9_NetRevenueIndustryTypedMember" xlink:label="bw2-titel9_NetRevenueIndustryTypedMember_loc" xlink:type="locator"/>
    <link:loc xlink:href="bw2-titel9-cor.xsd#bw2-titel9_ReceivablesOtherAffiliatedCompaniesCurrentTypedMember" xlink:label="bw2-titel9_ReceivablesOtherAffiliatedCompaniesCurrentTypedMember_loc" xlink:type="locator"/>
    <link:loc xlink:href="bw2-titel9-cor.xsd#bw2-titel9_ReceivablesOtherTypedMember" xlink:label="bw2-titel9_ReceivablesOtherTypedMember_loc" xlink:type="locator"/>
    <link:loc xlink:href="bw2-titel9-cor.xsd#bw2-titel9_RelatedPartyTransactionDetailsTypedMember" xlink:label="bw2-titel9_RelatedPartyTransactionDetailsTypedMember_loc" xlink:type="locator"/>
    <link:loc xlink:href="bw2-titel9-cor.xsd#bw2-titel9_SegmentForAverageNumberEmployeesTypedMember" xlink:label="bw2-titel9_SegmentForAverageNumberEmployeesTypedMember_loc" xlink:type="locator"/>
    <link:loc xlink:href="bw2-titel9-cor.xsd#bw2-titel9_ShareBasedPaymentsSpecificationTypedMember" xlink:label="bw2-titel9_ShareBasedPaymentsSpecificationTypedMember_loc" xlink:type="locator"/>
    <link:loc xlink:href="bw2-titel9-cor.xsd#bw2-titel9_ShareCapitalEarningsPerShareTypedMember" xlink:label="bw2-titel9_ShareCapitalEarningsPerShareTypedMember_loc" xlink:type="locator"/>
    <link:loc xlink:href="bw2-titel9-cor.xsd#bw2-titel9_ShareCapitalNumberOfSharesTypedMember" xlink:label="bw2-titel9_ShareCapitalNumberOfSharesTypedMember_loc" xlink:type="locator"/>
    <link:loc xlink:href="bw2-titel9-cor.xsd#bw2-titel9_ShareCapitalTypedMember" xlink:label="bw2-titel9_ShareCapitalTypedMember_loc" xlink:type="locator"/>
    <link:loc xlink:href="bw2-titel9-cor.xsd#bw2-titel9_SupervisoryDirectorTypedMember" xlink:label="bw2-titel9_SupervisoryDirectorTypedMember_loc" xlink:type="locator"/>
  </gen:link>
</link:linkbase>
