<?xml version="1.0" encoding="UTF-8"?>
<link:linkbase xmlns:xsi="http://www.w3.org/2001/XMLSchema-instance" xsi:schemaLocation="http://www.xbrl.org/2003/linkbase http://www.xbrl.org/2003/xbrl-linkbase-2003-12-31.xsd http://www.w3.org/1999/xlink http://www.xbrl.org/2003/xlink-2003-12-31.xsd http://xbrl.org/2008/label http://www.xbrl.org/2008/generic-label.xsd http://xbrl.org/2008/generic http://www.xbrl.org/2008/generic-link.xsd" xmlns:gen="http://xbrl.org/2008/generic" xmlns:link="http://www.xbrl.org/2003/linkbase" xmlns:xlink="http://www.w3.org/1999/xlink" xmlns:label="http://xbrl.org/2008/label">
  <link:roleRef roleURI="http://www.xbrl.org/2008/role/label" xlink:type="simple" xlink:href="http://www.xbrl.org/2008/generic-label.xsd#standard-label"/>
  <link:roleRef roleURI="http://www.xbrl.org/2008/role/link" xlink:type="simple" xlink:href="http://www.xbrl.org/2008/generic-link.xsd#standard-link-role"/>
  <link:arcroleRef arcroleURI="http://xbrl.org/arcrole/2008/element-label" xlink:type="simple" xlink:href="http://www.xbrl.org/2008/generic-label.xsd#element-label"/>
  <gen:link xlink:type="extended" xlink:role="http://www.xbrl.org/2008/role/link">
    <gen:arc xlink:arcrole="http://xbrl.org/arcrole/2008/element-label" xlink:from="bw2-titel9_DecreeOnAdditionalRegulationsForTheManagementReport_loc" xlink:to="bw2-titel9_DecreeOnAdditionalRegulationsForTheManagementReport_label_fr" xlink:type="arc"/>
    <gen:arc xlink:arcrole="http://xbrl.org/arcrole/2008/element-label" xlink:from="bw2-titel9_DecreeOnArticle10TakeoverDirective_loc" xlink:to="bw2-titel9_DecreeOnArticle10TakeoverDirective_label_fr" xlink:type="arc"/>
    <gen:arc xlink:arcrole="http://xbrl.org/arcrole/2008/element-label" xlink:from="bw2-titel9_DecreeOnCurrentValue_loc" xlink:to="bw2-titel9_DecreeOnCurrentValue_label_fr" xlink:type="arc"/>
    <gen:arc xlink:arcrole="http://xbrl.org/arcrole/2008/element-label" xlink:from="bw2-titel9_DecreeOnFinancialStatementsCreditInstitutions_loc" xlink:to="bw2-titel9_DecreeOnFinancialStatementsCreditInstitutions_label_fr" xlink:type="arc"/>
    <gen:arc xlink:arcrole="http://xbrl.org/arcrole/2008/element-label" xlink:from="bw2-titel9_DecreeOnFinancialStatementsFormatsModelA_loc" xlink:to="bw2-titel9_DecreeOnFinancialStatementsFormatsModelA_label_fr" xlink:type="arc"/>
    <gen:arc xlink:arcrole="http://xbrl.org/arcrole/2008/element-label" xlink:from="bw2-titel9_DecreeOnFinancialStatementsFormatsModelB_loc" xlink:to="bw2-titel9_DecreeOnFinancialStatementsFormatsModelB_label_fr" xlink:type="arc"/>
    <gen:arc xlink:arcrole="http://xbrl.org/arcrole/2008/element-label" xlink:from="bw2-titel9_DecreeOnFinancialStatementsFormatsModelC_loc" xlink:to="bw2-titel9_DecreeOnFinancialStatementsFormatsModelC_label_fr" xlink:type="arc"/>
    <gen:arc xlink:arcrole="http://xbrl.org/arcrole/2008/element-label" xlink:from="bw2-titel9_DecreeOnFinancialStatementsFormatsModelD_loc" xlink:to="bw2-titel9_DecreeOnFinancialStatementsFormatsModelD_label_fr" xlink:type="arc"/>
    <gen:arc xlink:arcrole="http://xbrl.org/arcrole/2008/element-label" xlink:from="bw2-titel9_DecreeOnFinancialStatementsFormatsModelE_loc" xlink:to="bw2-titel9_DecreeOnFinancialStatementsFormatsModelE_label_fr" xlink:type="arc"/>
    <gen:arc xlink:arcrole="http://xbrl.org/arcrole/2008/element-label" xlink:from="bw2-titel9_DecreeOnFinancialStatementsFormatsModelF_loc" xlink:to="bw2-titel9_DecreeOnFinancialStatementsFormatsModelF_label_fr" xlink:type="arc"/>
    <gen:arc xlink:arcrole="http://xbrl.org/arcrole/2008/element-label" xlink:from="bw2-titel9_DecreeOnFinancialStatementsFormatsModelI_loc" xlink:to="bw2-titel9_DecreeOnFinancialStatementsFormatsModelI_label_fr" xlink:type="arc"/>
    <gen:arc xlink:arcrole="http://xbrl.org/arcrole/2008/element-label" xlink:from="bw2-titel9_DecreeOnFinancialStatementsFormatsModelJ_loc" xlink:to="bw2-titel9_DecreeOnFinancialStatementsFormatsModelJ_label_fr" xlink:type="arc"/>
    <gen:arc xlink:arcrole="http://xbrl.org/arcrole/2008/element-label" xlink:from="bw2-titel9_DecreeOnFinancialStatementsFormatsModelK_loc" xlink:to="bw2-titel9_DecreeOnFinancialStatementsFormatsModelK_label_fr" xlink:type="arc"/>
    <gen:arc xlink:arcrole="http://xbrl.org/arcrole/2008/element-label" xlink:from="bw2-titel9_DecreeOnFinancialStatementsFormatsModelL_loc" xlink:to="bw2-titel9_DecreeOnFinancialStatementsFormatsModelL_label_fr" xlink:type="arc"/>
    <gen:arc xlink:arcrole="http://xbrl.org/arcrole/2008/element-label" xlink:from="bw2-titel9_DecreeOnFinancialStatementsFormatsModelM_loc" xlink:to="bw2-titel9_DecreeOnFinancialStatementsFormatsModelM_label_fr" xlink:type="arc"/>
    <gen:arc xlink:arcrole="http://xbrl.org/arcrole/2008/element-label" xlink:from="bw2-titel9_DecreeOnFinancialStatementsFormatsModelN_loc" xlink:to="bw2-titel9_DecreeOnFinancialStatementsFormatsModelN_label_fr" xlink:type="arc"/>
    <gen:arc xlink:arcrole="http://xbrl.org/arcrole/2008/element-label" xlink:from="bw2-titel9_DecreeOnFinancialStatementsFormatsModelO_loc" xlink:to="bw2-titel9_DecreeOnFinancialStatementsFormatsModelO_label_fr" xlink:type="arc"/>
    <gen:arc xlink:arcrole="http://xbrl.org/arcrole/2008/element-label" xlink:from="bw2-titel9_DecreeOnFinancialStatementsFormatsModelP_loc" xlink:to="bw2-titel9_DecreeOnFinancialStatementsFormatsModelP_label_fr" xlink:type="arc"/>
    <gen:arc xlink:arcrole="http://xbrl.org/arcrole/2008/element-label" xlink:from="bw2-titel9_DecreeOnFinancialStatementsFormatsModelQ_loc" xlink:to="bw2-titel9_DecreeOnFinancialStatementsFormatsModelQ_label_fr" xlink:type="arc"/>
    <gen:arc xlink:arcrole="http://xbrl.org/arcrole/2008/element-label" xlink:from="bw2-titel9_DecreeOnFinancialStatementsFormatsModelR_loc" xlink:to="bw2-titel9_DecreeOnFinancialStatementsFormatsModelR_label_fr" xlink:type="arc"/>
    <gen:arc xlink:arcrole="http://xbrl.org/arcrole/2008/element-label" xlink:from="bw2-titel9_DecreeOnFinancialStatementsFormatsModelS_loc" xlink:to="bw2-titel9_DecreeOnFinancialStatementsFormatsModelS_label_fr" xlink:type="arc"/>
    <gen:arc xlink:arcrole="http://xbrl.org/arcrole/2008/element-label" xlink:from="bw2-titel9_DecreeOnFinancialStatementsFormats_loc" xlink:to="bw2-titel9_DecreeOnFinancialStatementsFormats_label_fr" xlink:type="arc"/>
    <gen:arc xlink:arcrole="http://xbrl.org/arcrole/2008/element-label" xlink:from="bw2-titel9_DecreeOnImplementationDisclosureRequirementsCapitalRequirementsDirective_loc" xlink:to="bw2-titel9_DecreeOnImplementationDisclosureRequirementsCapitalRequirementsDirective_label_fr" xlink:type="arc"/>
    <gen:arc xlink:arcrole="http://xbrl.org/arcrole/2008/element-label" xlink:from="bw2-titel9_DecreeOnUniformFiscalValuationPrinciples_loc" xlink:to="bw2-titel9_DecreeOnUniformFiscalValuationPrinciples_label_fr" xlink:type="arc"/>
    <gen:arc xlink:arcrole="http://xbrl.org/arcrole/2008/element-label" xlink:from="bw2-titel9_DutchCivilCodeBook2_loc" xlink:to="bw2-titel9_DutchCivilCodeBook2_label_fr" xlink:type="arc"/>
    <label:label id="bw2-titel9_DutchCivilCodeBook2_label_fr" xlink:label="bw2-titel9_DutchCivilCodeBook2_label_fr" xlink:role="http://www.xbrl.org/2008/role/label" xlink:type="resource" xml:lang="fr">Code civil néerlandais livre 2</label:label>
    <label:label id="bw2-titel9_DecreeOnUniformFiscalValuationPrinciples_label_fr" xlink:label="bw2-titel9_DecreeOnUniformFiscalValuationPrinciples_label_fr" xlink:role="http://www.xbrl.org/2008/role/label" xlink:type="resource" xml:lang="fr">Décret sur des principes d'évaluation fiscale uniformes</label:label>
    <label:label id="bw2-titel9_DecreeOnArticle10TakeoverDirective_label_fr" xlink:label="bw2-titel9_DecreeOnArticle10TakeoverDirective_label_fr" xlink:role="http://www.xbrl.org/2008/role/label" xlink:type="resource" xml:lang="fr">Décret sur l'article 10 de la directive sur les acquisitions</label:label>
    <label:label id="bw2-titel9_DecreeOnFinancialStatementsFormatsModelA_label_fr" xlink:label="bw2-titel9_DecreeOnFinancialStatementsFormatsModelA_label_fr" xlink:role="http://www.xbrl.org/2008/role/label" xlink:type="resource" xml:lang="fr">Décret sur la présentation normalisée des états financiers - modèle A</label:label>
    <label:label id="bw2-titel9_DecreeOnFinancialStatementsFormatsModelB_label_fr" xlink:label="bw2-titel9_DecreeOnFinancialStatementsFormatsModelB_label_fr" xlink:role="http://www.xbrl.org/2008/role/label" xlink:type="resource" xml:lang="fr">Décret sur la présentation normalisée des états financiers - modèle B</label:label>
    <label:label id="bw2-titel9_DecreeOnFinancialStatementsFormatsModelC_label_fr" xlink:label="bw2-titel9_DecreeOnFinancialStatementsFormatsModelC_label_fr" xlink:role="http://www.xbrl.org/2008/role/label" xlink:type="resource" xml:lang="fr">Décret sur la présentation normalisée des états financiers - modèle C</label:label>
    <label:label id="bw2-titel9_DecreeOnFinancialStatementsFormatsModelD_label_fr" xlink:label="bw2-titel9_DecreeOnFinancialStatementsFormatsModelD_label_fr" xlink:role="http://www.xbrl.org/2008/role/label" xlink:type="resource" xml:lang="fr">Décret sur la présentation normalisée des états financiers - modèle D</label:label>
    <label:label id="bw2-titel9_DecreeOnFinancialStatementsFormatsModelE_label_fr" xlink:label="bw2-titel9_DecreeOnFinancialStatementsFormatsModelE_label_fr" xlink:role="http://www.xbrl.org/2008/role/label" xlink:type="resource" xml:lang="fr">Décret sur la présentation normalisée des états financiers - modèle E</label:label>
    <label:label id="bw2-titel9_DecreeOnFinancialStatementsFormatsModelF_label_fr" xlink:label="bw2-titel9_DecreeOnFinancialStatementsFormatsModelF_label_fr" xlink:role="http://www.xbrl.org/2008/role/label" xlink:type="resource" xml:lang="fr">Décret sur la présentation normalisée des états financiers - modèle F</label:label>
    <label:label id="bw2-titel9_DecreeOnFinancialStatementsFormatsModelI_label_fr" xlink:label="bw2-titel9_DecreeOnFinancialStatementsFormatsModelI_label_fr" xlink:role="http://www.xbrl.org/2008/role/label" xlink:type="resource" xml:lang="fr">Décret sur la présentation normalisée des états financiers - modèle I</label:label>
    <label:label id="bw2-titel9_DecreeOnFinancialStatementsFormatsModelJ_label_fr" xlink:label="bw2-titel9_DecreeOnFinancialStatementsFormatsModelJ_label_fr" xlink:role="http://www.xbrl.org/2008/role/label" xlink:type="resource" xml:lang="fr">Décret sur la présentation normalisée des états financiers - modèle J</label:label>
    <label:label id="bw2-titel9_DecreeOnFinancialStatementsFormatsModelK_label_fr" xlink:label="bw2-titel9_DecreeOnFinancialStatementsFormatsModelK_label_fr" xlink:role="http://www.xbrl.org/2008/role/label" xlink:type="resource" xml:lang="fr">Décret sur la présentation normalisée des états financiers - modèle K</label:label>
    <label:label id="bw2-titel9_DecreeOnFinancialStatementsFormatsModelL_label_fr" xlink:label="bw2-titel9_DecreeOnFinancialStatementsFormatsModelL_label_fr" xlink:role="http://www.xbrl.org/2008/role/label" xlink:type="resource" xml:lang="fr">Décret sur la présentation normalisée des états financiers - modèle L</label:label>
    <label:label id="bw2-titel9_DecreeOnFinancialStatementsFormatsModelM_label_fr" xlink:label="bw2-titel9_DecreeOnFinancialStatementsFormatsModelM_label_fr" xlink:role="http://www.xbrl.org/2008/role/label" xlink:type="resource" xml:lang="fr">Décret sur la présentation normalisée des états financiers - modèle M</label:label>
    <label:label id="bw2-titel9_DecreeOnFinancialStatementsFormatsModelN_label_fr" xlink:label="bw2-titel9_DecreeOnFinancialStatementsFormatsModelN_label_fr" xlink:role="http://www.xbrl.org/2008/role/label" xlink:type="resource" xml:lang="fr">Décret sur la présentation normalisée des états financiers - modèle N</label:label>
    <label:label id="bw2-titel9_DecreeOnFinancialStatementsFormatsModelO_label_fr" xlink:label="bw2-titel9_DecreeOnFinancialStatementsFormatsModelO_label_fr" xlink:role="http://www.xbrl.org/2008/role/label" xlink:type="resource" xml:lang="fr">Décret sur la présentation normalisée des états financiers - modèle O</label:label>
    <label:label id="bw2-titel9_DecreeOnFinancialStatementsFormatsModelP_label_fr" xlink:label="bw2-titel9_DecreeOnFinancialStatementsFormatsModelP_label_fr" xlink:role="http://www.xbrl.org/2008/role/label" xlink:type="resource" xml:lang="fr">Décret sur la présentation normalisée des états financiers - modèle P</label:label>
    <label:label id="bw2-titel9_DecreeOnFinancialStatementsFormatsModelQ_label_fr" xlink:label="bw2-titel9_DecreeOnFinancialStatementsFormatsModelQ_label_fr" xlink:role="http://www.xbrl.org/2008/role/label" xlink:type="resource" xml:lang="fr">Décret sur la présentation normalisée des états financiers - modèle Q</label:label>
    <label:label id="bw2-titel9_DecreeOnFinancialStatementsFormatsModelR_label_fr" xlink:label="bw2-titel9_DecreeOnFinancialStatementsFormatsModelR_label_fr" xlink:role="http://www.xbrl.org/2008/role/label" xlink:type="resource" xml:lang="fr">Décret sur la présentation normalisée des états financiers - modèle R</label:label>
    <label:label id="bw2-titel9_DecreeOnFinancialStatementsFormatsModelS_label_fr" xlink:label="bw2-titel9_DecreeOnFinancialStatementsFormatsModelS_label_fr" xlink:role="http://www.xbrl.org/2008/role/label" xlink:type="resource" xml:lang="fr">Décret sur la présentation normalisée des états financiers - modèle S</label:label>
    <label:label id="bw2-titel9_DecreeOnFinancialStatementsFormats_label_fr" xlink:label="bw2-titel9_DecreeOnFinancialStatementsFormats_label_fr" xlink:role="http://www.xbrl.org/2008/role/label" xlink:type="resource" xml:lang="fr">Décret sur la présentation normalisée des états financiers</label:label>
    <label:label id="bw2-titel9_DecreeOnCurrentValue_label_fr" xlink:label="bw2-titel9_DecreeOnCurrentValue_label_fr" xlink:role="http://www.xbrl.org/2008/role/label" xlink:type="resource" xml:lang="fr">Décret sur la valeur actuelle</label:label>
    <label:label id="bw2-titel9_DecreeOnImplementationDisclosureRequirementsCapitalRequirementsDirective_label_fr" xlink:label="bw2-titel9_DecreeOnImplementationDisclosureRequirementsCapitalRequirementsDirective_label_fr" xlink:role="http://www.xbrl.org/2008/role/label" xlink:type="resource" xml:lang="fr">Décret sur les exigences en capital des exigences de publication de la mise en oeuvre</label:label>
    <label:label id="bw2-titel9_DecreeOnAdditionalRegulationsForTheManagementReport_label_fr" xlink:label="bw2-titel9_DecreeOnAdditionalRegulationsForTheManagementReport_label_fr" xlink:role="http://www.xbrl.org/2008/role/label" xlink:type="resource" xml:lang="fr">Décret sur les règles additionnelles pour le compte rendu de gestion</label:label>
    <label:label id="bw2-titel9_DecreeOnFinancialStatementsCreditInstitutions_label_fr" xlink:label="bw2-titel9_DecreeOnFinancialStatementsCreditInstitutions_label_fr" xlink:role="http://www.xbrl.org/2008/role/label" xlink:type="resource" xml:lang="fr">Décret sur les états financiers des établissements de crédit</label:label>
    <link:loc xlink:href="bw2-titel9-all.xsd#bw2-titel9_DecreeOnAdditionalRegulationsForTheManagementReport" xlink:label="bw2-titel9_DecreeOnAdditionalRegulationsForTheManagementReport_loc" xlink:type="locator"/>
    <link:loc xlink:href="bw2-titel9-all.xsd#bw2-titel9_DecreeOnArticle10TakeoverDirective" xlink:label="bw2-titel9_DecreeOnArticle10TakeoverDirective_loc" xlink:type="locator"/>
    <link:loc xlink:href="bw2-titel9-all.xsd#bw2-titel9_DecreeOnCurrentValue" xlink:label="bw2-titel9_DecreeOnCurrentValue_loc" xlink:type="locator"/>
    <link:loc xlink:href="bw2-titel9-all.xsd#bw2-titel9_DecreeOnFinancialStatementsCreditInstitutions" xlink:label="bw2-titel9_DecreeOnFinancialStatementsCreditInstitutions_loc" xlink:type="locator"/>
    <link:loc xlink:href="bw2-titel9-all.xsd#bw2-titel9_DecreeOnFinancialStatementsFormatsModelA" xlink:label="bw2-titel9_DecreeOnFinancialStatementsFormatsModelA_loc" xlink:type="locator"/>
    <link:loc xlink:href="bw2-titel9-all.xsd#bw2-titel9_DecreeOnFinancialStatementsFormatsModelB" xlink:label="bw2-titel9_DecreeOnFinancialStatementsFormatsModelB_loc" xlink:type="locator"/>
    <link:loc xlink:href="bw2-titel9-all.xsd#bw2-titel9_DecreeOnFinancialStatementsFormatsModelC" xlink:label="bw2-titel9_DecreeOnFinancialStatementsFormatsModelC_loc" xlink:type="locator"/>
    <link:loc xlink:href="bw2-titel9-all.xsd#bw2-titel9_DecreeOnFinancialStatementsFormatsModelD" xlink:label="bw2-titel9_DecreeOnFinancialStatementsFormatsModelD_loc" xlink:type="locator"/>
    <link:loc xlink:href="bw2-titel9-all.xsd#bw2-titel9_DecreeOnFinancialStatementsFormatsModelE" xlink:label="bw2-titel9_DecreeOnFinancialStatementsFormatsModelE_loc" xlink:type="locator"/>
    <link:loc xlink:href="bw2-titel9-all.xsd#bw2-titel9_DecreeOnFinancialStatementsFormatsModelF" xlink:label="bw2-titel9_DecreeOnFinancialStatementsFormatsModelF_loc" xlink:type="locator"/>
    <link:loc xlink:href="bw2-titel9-all.xsd#bw2-titel9_DecreeOnFinancialStatementsFormatsModelI" xlink:label="bw2-titel9_DecreeOnFinancialStatementsFormatsModelI_loc" xlink:type="locator"/>
    <link:loc xlink:href="bw2-titel9-all.xsd#bw2-titel9_DecreeOnFinancialStatementsFormatsModelJ" xlink:label="bw2-titel9_DecreeOnFinancialStatementsFormatsModelJ_loc" xlink:type="locator"/>
    <link:loc xlink:href="bw2-titel9-all.xsd#bw2-titel9_DecreeOnFinancialStatementsFormatsModelK" xlink:label="bw2-titel9_DecreeOnFinancialStatementsFormatsModelK_loc" xlink:type="locator"/>
    <link:loc xlink:href="bw2-titel9-all.xsd#bw2-titel9_DecreeOnFinancialStatementsFormatsModelL" xlink:label="bw2-titel9_DecreeOnFinancialStatementsFormatsModelL_loc" xlink:type="locator"/>
    <link:loc xlink:href="bw2-titel9-all.xsd#bw2-titel9_DecreeOnFinancialStatementsFormatsModelM" xlink:label="bw2-titel9_DecreeOnFinancialStatementsFormatsModelM_loc" xlink:type="locator"/>
    <link:loc xlink:href="bw2-titel9-all.xsd#bw2-titel9_DecreeOnFinancialStatementsFormatsModelN" xlink:label="bw2-titel9_DecreeOnFinancialStatementsFormatsModelN_loc" xlink:type="locator"/>
    <link:loc xlink:href="bw2-titel9-all.xsd#bw2-titel9_DecreeOnFinancialStatementsFormatsModelO" xlink:label="bw2-titel9_DecreeOnFinancialStatementsFormatsModelO_loc" xlink:type="locator"/>
    <link:loc xlink:href="bw2-titel9-all.xsd#bw2-titel9_DecreeOnFinancialStatementsFormatsModelP" xlink:label="bw2-titel9_DecreeOnFinancialStatementsFormatsModelP_loc" xlink:type="locator"/>
    <link:loc xlink:href="bw2-titel9-all.xsd#bw2-titel9_DecreeOnFinancialStatementsFormatsModelQ" xlink:label="bw2-titel9_DecreeOnFinancialStatementsFormatsModelQ_loc" xlink:type="locator"/>
    <link:loc xlink:href="bw2-titel9-all.xsd#bw2-titel9_DecreeOnFinancialStatementsFormatsModelR" xlink:label="bw2-titel9_DecreeOnFinancialStatementsFormatsModelR_loc" xlink:type="locator"/>
    <link:loc xlink:href="bw2-titel9-all.xsd#bw2-titel9_DecreeOnFinancialStatementsFormatsModelS" xlink:label="bw2-titel9_DecreeOnFinancialStatementsFormatsModelS_loc" xlink:type="locator"/>
    <link:loc xlink:href="bw2-titel9-all.xsd#bw2-titel9_DecreeOnFinancialStatementsFormats" xlink:label="bw2-titel9_DecreeOnFinancialStatementsFormats_loc" xlink:type="locator"/>
    <link:loc xlink:href="bw2-titel9-all.xsd#bw2-titel9_DecreeOnImplementationDisclosureRequirementsCapitalRequirementsDirective" xlink:label="bw2-titel9_DecreeOnImplementationDisclosureRequirementsCapitalRequirementsDirective_loc" xlink:type="locator"/>
    <link:loc xlink:href="bw2-titel9-all.xsd#bw2-titel9_DecreeOnUniformFiscalValuationPrinciples" xlink:label="bw2-titel9_DecreeOnUniformFiscalValuationPrinciples_loc" xlink:type="locator"/>
    <link:loc xlink:href="bw2-titel9-all.xsd#bw2-titel9_DutchCivilCodeBook2" xlink:label="bw2-titel9_DutchCivilCodeBook2_loc" xlink:type="locator"/>
  </gen:link>
</link:linkbase>
