<?xml version="1.0" encoding="UTF-8"?>

<link:linkbase xmlns:xsi="http://www.w3.org/2001/XMLSchema-instance" xsi:schemaLocation="http://www.xbrl.org/2003/linkbase http://www.xbrl.org/2003/xbrl-linkbase-2003-12-31.xsd http://www.w3.org/1999/xlink http://www.xbrl.org/2003/xlink-2003-12-31.xsd http://xbrl.org/2008/label http://www.xbrl.org/2008/generic-label.xsd http://xbrl.org/2008/generic http://www.xbrl.org/2008/generic-link.xsd" xmlns:gen="http://xbrl.org/2008/generic" xmlns:link="http://www.xbrl.org/2003/linkbase" xmlns:xlink="http://www.w3.org/1999/xlink" xmlns:label="http://xbrl.org/2008/label">
  <link:roleRef roleURI="http://www.xbrl.org/2008/role/label" xlink:type="simple" xlink:href="http://www.xbrl.org/2008/generic-label.xsd#standard-label"/>
  <link:roleRef roleURI="http://www.xbrl.org/2008/role/link" xlink:type="simple" xlink:href="http://www.xbrl.org/2008/generic-link.xsd#standard-link-role"/>
  <link:arcroleRef arcroleURI="http://xbrl.org/arcrole/2008/element-label" xlink:type="simple" xlink:href="http://www.xbrl.org/2008/generic-label.xsd#element-label"/>
  <gen:link xlink:type="extended" xlink:role="http://www.xbrl.org/2008/role/link">
    <gen:arc xlink:arcrole="http://xbrl.org/arcrole/2008/element-label" xlink:from="bw2-titel9_CategoryEmployeesManagerialPositionsTypedMember_loc" xlink:to="bw2-titel9_CategoryEmployeesManagerialPositionsTypedMember_label_fr" xlink:type="arc"/>
    <gen:arc xlink:arcrole="http://xbrl.org/arcrole/2008/element-label" xlink:from="bw2-titel9_DerivativeFinancialInstrumentTypedMember_loc" xlink:to="bw2-titel9_DerivativeFinancialInstrumentTypedMember_label_fr" xlink:type="arc"/>
    <gen:arc xlink:arcrole="http://xbrl.org/arcrole/2008/element-label" xlink:from="bw2-titel9_FinancialInstrumentsCurrentValueTypedMember_loc" xlink:to="bw2-titel9_FinancialInstrumentsCurrentValueTypedMember_label_fr" xlink:type="arc"/>
    <gen:arc xlink:arcrole="http://xbrl.org/arcrole/2008/element-label" xlink:from="bw2-titel9_FinancialInstrumentsHigherValueThanFairValueTypedMember_loc" xlink:to="bw2-titel9_FinancialInstrumentsHigherValueThanFairValueTypedMember_label_fr" xlink:type="arc"/>
    <gen:arc xlink:arcrole="http://xbrl.org/arcrole/2008/element-label" xlink:from="bw2-titel9_HedgeInstrumentTypedMember_loc" xlink:to="bw2-titel9_HedgeInstrumentTypedMember_label_fr" xlink:type="arc"/>
    <gen:arc xlink:arcrole="http://xbrl.org/arcrole/2008/element-label" xlink:from="bw2-titel9_LegalEntityNamesParticipatingInterestsWithoutLegalPersonalityTypedMember_loc" xlink:to="bw2-titel9_LegalEntityNamesParticipatingInterestsWithoutLegalPersonalityTypedMember_label_fr" xlink:type="arc"/>
    <gen:arc xlink:arcrole="http://xbrl.org/arcrole/2008/element-label" xlink:from="bw2-titel9_LegalEntityTypedMember_loc" xlink:to="bw2-titel9_LegalEntityTypedMember_label_fr" xlink:type="arc"/>
    <gen:arc xlink:arcrole="http://xbrl.org/arcrole/2008/element-label" xlink:from="bw2-titel9_LiabilitiesOtherTypedMember_loc" xlink:to="bw2-titel9_LiabilitiesOtherTypedMember_label_fr" xlink:type="arc"/>
    <gen:arc xlink:arcrole="http://xbrl.org/arcrole/2008/element-label" xlink:from="bw2-titel9_ManagingDirectorTypedMember_loc" xlink:to="bw2-titel9_ManagingDirectorTypedMember_label_fr" xlink:type="arc"/>
    <gen:arc xlink:arcrole="http://xbrl.org/arcrole/2008/element-label" xlink:from="bw2-titel9_ManagingOrSupervisoryDirectorOrRepresentativeTypedMember_loc" xlink:to="bw2-titel9_ManagingOrSupervisoryDirectorOrRepresentativeTypedMember_label_fr" xlink:type="arc"/>
    <gen:arc xlink:arcrole="http://xbrl.org/arcrole/2008/element-label" xlink:from="bw2-titel9_NameBeneficiarySpecialGoverningControlStructureTypedMember_loc" xlink:to="bw2-titel9_NameBeneficiarySpecialGoverningControlStructureTypedMember_label_fr" xlink:type="arc"/>
    <gen:arc xlink:arcrole="http://xbrl.org/arcrole/2008/element-label" xlink:from="bw2-titel9_NetRevenueGeographicTypedMember_loc" xlink:to="bw2-titel9_NetRevenueGeographicTypedMember_label_fr" xlink:type="arc"/>
    <gen:arc xlink:arcrole="http://xbrl.org/arcrole/2008/element-label" xlink:from="bw2-titel9_NetRevenueIndustryTypedMember_loc" xlink:to="bw2-titel9_NetRevenueIndustryTypedMember_label_fr" xlink:type="arc"/>
    <gen:arc xlink:arcrole="http://xbrl.org/arcrole/2008/element-label" xlink:from="bw2-titel9_ReceivablesOtherAffiliatedCompaniesCurrentTypedMember_loc" xlink:to="bw2-titel9_ReceivablesOtherAffiliatedCompaniesCurrentTypedMember_label_fr" xlink:type="arc"/>
    <gen:arc xlink:arcrole="http://xbrl.org/arcrole/2008/element-label" xlink:from="bw2-titel9_ReceivablesOtherTypedMember_loc" xlink:to="bw2-titel9_ReceivablesOtherTypedMember_label_fr" xlink:type="arc"/>
    <gen:arc xlink:arcrole="http://xbrl.org/arcrole/2008/element-label" xlink:from="bw2-titel9_RelatedPartyTransactionDetailsTypedMember_loc" xlink:to="bw2-titel9_RelatedPartyTransactionDetailsTypedMember_label_fr" xlink:type="arc"/>
    <gen:arc xlink:arcrole="http://xbrl.org/arcrole/2008/element-label" xlink:from="bw2-titel9_SegmentForAverageNumberEmployeesTypedMember_loc" xlink:to="bw2-titel9_SegmentForAverageNumberEmployeesTypedMember_label_fr" xlink:type="arc"/>
    <gen:arc xlink:arcrole="http://xbrl.org/arcrole/2008/element-label" xlink:from="bw2-titel9_ShareBasedPaymentsSpecificationTypedMember_loc" xlink:to="bw2-titel9_ShareBasedPaymentsSpecificationTypedMember_label_fr" xlink:type="arc"/>
    <gen:arc xlink:arcrole="http://xbrl.org/arcrole/2008/element-label" xlink:from="bw2-titel9_ShareCapitalEarningsPerShareTypedMember_loc" xlink:to="bw2-titel9_ShareCapitalEarningsPerShareTypedMember_label_fr" xlink:type="arc"/>
    <gen:arc xlink:arcrole="http://xbrl.org/arcrole/2008/element-label" xlink:from="bw2-titel9_ShareCapitalNumberOfSharesTypedMember_loc" xlink:to="bw2-titel9_ShareCapitalNumberOfSharesTypedMember_label_fr" xlink:type="arc"/>
    <gen:arc xlink:arcrole="http://xbrl.org/arcrole/2008/element-label" xlink:from="bw2-titel9_ShareCapitalTypedMember_loc" xlink:to="bw2-titel9_ShareCapitalTypedMember_label_fr" xlink:type="arc"/>
    <gen:arc xlink:arcrole="http://xbrl.org/arcrole/2008/element-label" xlink:from="bw2-titel9_SupervisoryDirectorTypedMember_loc" xlink:to="bw2-titel9_SupervisoryDirectorTypedMember_label_fr" xlink:type="arc"/>
    <label:label id="bw2-titel9_SupervisoryDirectorTypedMember_label_fr" xlink:label="bw2-titel9_SupervisoryDirectorTypedMember_label_fr" xlink:role="http://www.xbrl.org/2008/role/label" xlink:type="resource" xml:lang="fr">Administrateur</label:label>
    <label:label id="bw2-titel9_ShareCapitalNumberOfSharesTypedMember_label_fr" xlink:label="bw2-titel9_ShareCapitalNumberOfSharesTypedMember_label_fr" xlink:role="http://www.xbrl.org/2008/role/label" xlink:type="resource" xml:lang="fr">Capital-actions (nombre de parts)</label:label>
    <label:label id="bw2-titel9_ShareCapitalEarningsPerShareTypedMember_label_fr" xlink:label="bw2-titel9_ShareCapitalEarningsPerShareTypedMember_label_fr" xlink:role="http://www.xbrl.org/2008/role/label" xlink:type="resource" xml:lang="fr">Capital-actions bénéfice par action</label:label>
    <label:label id="bw2-titel9_ShareCapitalTypedMember_label_fr" xlink:label="bw2-titel9_ShareCapitalTypedMember_label_fr" xlink:role="http://www.xbrl.org/2008/role/label" xlink:type="resource" xml:lang="fr">Capital-actions</label:label>
    <label:label id="bw2-titel9_LiabilitiesOtherTypedMember_label_fr" xlink:label="bw2-titel9_LiabilitiesOtherTypedMember_label_fr" xlink:role="http://www.xbrl.org/2008/role/label" xlink:type="resource" xml:lang="fr">Catégorie d'autres courantes</label:label>
    <label:label id="bw2-titel9_ReceivablesOtherTypedMember_label_fr" xlink:label="bw2-titel9_ReceivablesOtherTypedMember_label_fr" xlink:role="http://www.xbrl.org/2008/role/label" xlink:type="resource" xml:lang="fr">Catégorie d'autres créances</label:label>
    <label:label id="bw2-titel9_CategoryEmployeesManagerialPositionsTypedMember_label_fr" xlink:label="bw2-titel9_CategoryEmployeesManagerialPositionsTypedMember_label_fr" xlink:role="http://www.xbrl.org/2008/role/label" xlink:type="resource" xml:lang="fr">Catégorie d'employés occupant des postes de direction</label:label>
    <label:label id="bw2-titel9_FinancialInstrumentsHigherValueThanFairValueTypedMember_label_fr" xlink:label="bw2-titel9_FinancialInstrumentsHigherValueThanFairValueTypedMember_label_fr" xlink:role="http://www.xbrl.org/2008/role/label" xlink:type="resource" xml:lang="fr">Catégorie d'instruments financiers garantis à une valeur plus élevée que la valeur réelle</label:label>
    <label:label id="bw2-titel9_FinancialInstrumentsCurrentValueTypedMember_label_fr" xlink:label="bw2-titel9_FinancialInstrumentsCurrentValueTypedMember_label_fr" xlink:role="http://www.xbrl.org/2008/role/label" xlink:type="resource" xml:lang="fr">Catégorie d'instruments financiers</label:label>
    <label:label id="bw2-titel9_ReceivablesOtherAffiliatedCompaniesCurrentTypedMember_label_fr" xlink:label="bw2-titel9_ReceivablesOtherAffiliatedCompaniesCurrentTypedMember_label_fr" xlink:role="http://www.xbrl.org/2008/role/label" xlink:type="resource" xml:lang="fr">Catégorie de créances à recevoir d'autres parties liées (courantes)</label:label>
    <label:label id="bw2-titel9_DerivativeFinancialInstrumentTypedMember_label_fr" xlink:label="bw2-titel9_DerivativeFinancialInstrumentTypedMember_label_fr" xlink:role="http://www.xbrl.org/2008/role/label" xlink:type="resource" xml:lang="fr">Catégorie des produits financiers dérivés</label:label>
    <label:label id="bw2-titel9_ManagingDirectorTypedMember_label_fr" xlink:label="bw2-titel9_ManagingDirectorTypedMember_label_fr" xlink:role="http://www.xbrl.org/2008/role/label" xlink:type="resource" xml:lang="fr">Directeur exécutif</label:label>
    <label:label id="bw2-titel9_RelatedPartyTransactionDetailsTypedMember_label_fr" xlink:label="bw2-titel9_RelatedPartyTransactionDetailsTypedMember_label_fr" xlink:role="http://www.xbrl.org/2008/role/label" xlink:type="resource" xml:lang="fr">Détails de transactions avec des parties liées</label:label>
    <label:label id="bw2-titel9_LegalEntityTypedMember_label_fr" xlink:label="bw2-titel9_LegalEntityTypedMember_label_fr" xlink:role="http://www.xbrl.org/2008/role/label" xlink:type="resource" xml:lang="fr">Entité juridique</label:label>
    <label:label id="bw2-titel9_HedgeInstrumentTypedMember_label_fr" xlink:label="bw2-titel9_HedgeInstrumentTypedMember_label_fr" xlink:role="http://www.xbrl.org/2008/role/label" xlink:type="resource" xml:lang="fr">Instrument de couverture</label:label>
    <label:label id="bw2-titel9_LegalEntityNamesParticipatingInterestsWithoutLegalPersonalityTypedMember_label_fr" xlink:label="bw2-titel9_LegalEntityNamesParticipatingInterestsWithoutLegalPersonalityTypedMember_label_fr" xlink:role="http://www.xbrl.org/2008/role/label" xlink:type="resource" xml:lang="fr">Nom de la filiale sans personnalité juridique</label:label>
    <label:label id="bw2-titel9_NameBeneficiarySpecialGoverningControlStructureTypedMember_label_fr" xlink:label="bw2-titel9_NameBeneficiarySpecialGoverningControlStructureTypedMember_label_fr" xlink:role="http://www.xbrl.org/2008/role/label" xlink:type="resource" xml:lang="fr">Nom du bénéficiaire de la structure de contrôle de gouvernance spéciale</label:label>
    <label:label id="bw2-titel9_ManagingOrSupervisoryDirectorOrRepresentativeTypedMember_label_fr" xlink:label="bw2-titel9_ManagingOrSupervisoryDirectorOrRepresentativeTypedMember_label_fr" xlink:role="http://www.xbrl.org/2008/role/label" xlink:type="resource" xml:lang="fr">Noms des directeurs exécutifs, des administrateurs et des representatives</label:label>
    <label:label id="bw2-titel9_NetRevenueGeographicTypedMember_label_fr" xlink:label="bw2-titel9_NetRevenueGeographicTypedMember_label_fr" xlink:role="http://www.xbrl.org/2008/role/label" xlink:type="resource" xml:lang="fr">Recettes nettes, géographie</label:label>
    <label:label id="bw2-titel9_NetRevenueIndustryTypedMember_label_fr" xlink:label="bw2-titel9_NetRevenueIndustryTypedMember_label_fr" xlink:role="http://www.xbrl.org/2008/role/label" xlink:type="resource" xml:lang="fr">Recettes nettes, secteur</label:label>
    <label:label id="bw2-titel9_SegmentForAverageNumberEmployeesTypedMember_label_fr" xlink:label="bw2-titel9_SegmentForAverageNumberEmployeesTypedMember_label_fr" xlink:role="http://www.xbrl.org/2008/role/label" xlink:type="resource" xml:lang="fr">Segment pour le nombre moyen d'employés pendant la période</label:label>
    <label:label id="bw2-titel9_ShareBasedPaymentsSpecificationTypedMember_label_fr" xlink:label="bw2-titel9_ShareBasedPaymentsSpecificationTypedMember_label_fr" xlink:role="http://www.xbrl.org/2008/role/label" xlink:type="resource" xml:lang="fr">Spécification pour les paiements fondés sur des actions</label:label>
    <link:loc xlink:href="bw2-titel9-cor.xsd#bw2-titel9_CategoryEmployeesManagerialPositionsTypedMember" xlink:label="bw2-titel9_CategoryEmployeesManagerialPositionsTypedMember_loc" xlink:type="locator"/>
    <link:loc xlink:href="bw2-titel9-cor.xsd#bw2-titel9_DerivativeFinancialInstrumentTypedMember" xlink:label="bw2-titel9_DerivativeFinancialInstrumentTypedMember_loc" xlink:type="locator"/>
    <link:loc xlink:href="bw2-titel9-cor.xsd#bw2-titel9_FinancialInstrumentsCurrentValueTypedMember" xlink:label="bw2-titel9_FinancialInstrumentsCurrentValueTypedMember_loc" xlink:type="locator"/>
    <link:loc xlink:href="bw2-titel9-cor.xsd#bw2-titel9_FinancialInstrumentsHigherValueThanFairValueTypedMember" xlink:label="bw2-titel9_FinancialInstrumentsHigherValueThanFairValueTypedMember_loc" xlink:type="locator"/>
    <link:loc xlink:href="bw2-titel9-cor.xsd#bw2-titel9_HedgeInstrumentTypedMember" xlink:label="bw2-titel9_HedgeInstrumentTypedMember_loc" xlink:type="locator"/>
    <link:loc xlink:href="bw2-titel9-cor.xsd#bw2-titel9_LegalEntityNamesParticipatingInterestsWithoutLegalPersonalityTypedMember" xlink:label="bw2-titel9_LegalEntityNamesParticipatingInterestsWithoutLegalPersonalityTypedMember_loc" xlink:type="locator"/>
    <link:loc xlink:href="bw2-titel9-cor.xsd#bw2-titel9_LegalEntityTypedMember" xlink:label="bw2-titel9_LegalEntityTypedMember_loc" xlink:type="locator"/>
    <link:loc xlink:href="bw2-titel9-cor.xsd#bw2-titel9_LiabilitiesOtherTypedMember" xlink:label="bw2-titel9_LiabilitiesOtherTypedMember_loc" xlink:type="locator"/>
    <link:loc xlink:href="bw2-titel9-cor.xsd#bw2-titel9_ManagingDirectorTypedMember" xlink:label="bw2-titel9_ManagingDirectorTypedMember_loc" xlink:type="locator"/>
    <link:loc xlink:href="bw2-titel9-cor.xsd#bw2-titel9_ManagingOrSupervisoryDirectorOrRepresentativeTypedMember" xlink:label="bw2-titel9_ManagingOrSupervisoryDirectorOrRepresentativeTypedMember_loc" xlink:type="locator"/>
    <link:loc xlink:href="bw2-titel9-cor.xsd#bw2-titel9_NameBeneficiarySpecialGoverningControlStructureTypedMember" xlink:label="bw2-titel9_NameBeneficiarySpecialGoverningControlStructureTypedMember_loc" xlink:type="locator"/>
    <link:loc xlink:href="bw2-titel9-cor.xsd#bw2-titel9_NetRevenueGeographicTypedMember" xlink:label="bw2-titel9_NetRevenueGeographicTypedMember_loc" xlink:type="locator"/>
    <link:loc xlink:href="bw2-titel9-cor.xsd#bw2-titel9_NetRevenueIndustryTypedMember" xlink:label="bw2-titel9_NetRevenueIndustryTypedMember_loc" xlink:type="locator"/>
    <link:loc xlink:href="bw2-titel9-cor.xsd#bw2-titel9_ReceivablesOtherAffiliatedCompaniesCurrentTypedMember" xlink:label="bw2-titel9_ReceivablesOtherAffiliatedCompaniesCurrentTypedMember_loc" xlink:type="locator"/>
    <link:loc xlink:href="bw2-titel9-cor.xsd#bw2-titel9_ReceivablesOtherTypedMember" xlink:label="bw2-titel9_ReceivablesOtherTypedMember_loc" xlink:type="locator"/>
    <link:loc xlink:href="bw2-titel9-cor.xsd#bw2-titel9_RelatedPartyTransactionDetailsTypedMember" xlink:label="bw2-titel9_RelatedPartyTransactionDetailsTypedMember_loc" xlink:type="locator"/>
    <link:loc xlink:href="bw2-titel9-cor.xsd#bw2-titel9_SegmentForAverageNumberEmployeesTypedMember" xlink:label="bw2-titel9_SegmentForAverageNumberEmployeesTypedMember_loc" xlink:type="locator"/>
    <link:loc xlink:href="bw2-titel9-cor.xsd#bw2-titel9_ShareBasedPaymentsSpecificationTypedMember" xlink:label="bw2-titel9_ShareBasedPaymentsSpecificationTypedMember_loc" xlink:type="locator"/>
    <link:loc xlink:href="bw2-titel9-cor.xsd#bw2-titel9_ShareCapitalEarningsPerShareTypedMember" xlink:label="bw2-titel9_ShareCapitalEarningsPerShareTypedMember_loc" xlink:type="locator"/>
    <link:loc xlink:href="bw2-titel9-cor.xsd#bw2-titel9_ShareCapitalNumberOfSharesTypedMember" xlink:label="bw2-titel9_ShareCapitalNumberOfSharesTypedMember_loc" xlink:type="locator"/>
    <link:loc xlink:href="bw2-titel9-cor.xsd#bw2-titel9_ShareCapitalTypedMember" xlink:label="bw2-titel9_ShareCapitalTypedMember_loc" xlink:type="locator"/>
    <link:loc xlink:href="bw2-titel9-cor.xsd#bw2-titel9_SupervisoryDirectorTypedMember" xlink:label="bw2-titel9_SupervisoryDirectorTypedMember_loc" xlink:type="locator"/>
  </gen:link>
</link:linkbase>
