<?xml version="1.0" encoding="UTF-8"?>

<link:linkbase xmlns:xsi="http://www.w3.org/2001/XMLSchema-instance" xsi:schemaLocation="http://www.xbrl.org/2003/linkbase http://www.xbrl.org/2003/xbrl-linkbase-2003-12-31.xsd http://www.w3.org/1999/xlink http://www.xbrl.org/2003/xlink-2003-12-31.xsd http://xbrl.org/2008/label http://www.xbrl.org/2008/generic-label.xsd http://xbrl.org/2008/generic http://www.xbrl.org/2008/generic-link.xsd" xmlns:gen="http://xbrl.org/2008/generic" xmlns:link="http://www.xbrl.org/2003/linkbase" xmlns:xlink="http://www.w3.org/1999/xlink" xmlns:label="http://xbrl.org/2008/label">
  <link:roleRef roleURI="http://www.xbrl.org/2008/role/label" xlink:type="simple" xlink:href="http://www.xbrl.org/2008/generic-label.xsd#standard-label"/>
  <link:roleRef roleURI="http://www.xbrl.org/2008/role/link" xlink:type="simple" xlink:href="http://www.xbrl.org/2008/generic-link.xsd#standard-link-role"/>
  <link:arcroleRef arcroleURI="http://xbrl.org/arcrole/2008/element-label" xlink:type="simple" xlink:href="http://www.xbrl.org/2008/generic-label.xsd#element-label"/>
  <gen:link xlink:type="extended" xlink:role="http://www.xbrl.org/2008/role/link">
    <link:loc xlink:type="locator" xlink:href="bw2-titel9-all.xsd#bw2-titel9_DecreeOnAdditionalRegulationsForTheManagementReport" xlink:label="bw2-titel9_DecreeOnAdditionalRegulationsForTheManagementReport_loc"/>
    <label:label xlink:type="resource" xlink:label="bw2-titel9_DecreeOnAdditionalRegulationsForTheManagementReport_label_en" xlink:role="http://www.xbrl.org/2008/role/label" xml:lang="en" id="bw2-titel9_DecreeOnAdditionalRegulationsForTheManagementReport_label_en">Decree on additional regulations for the management report</label:label>
    <gen:arc xlink:type="arc" xlink:arcrole="http://xbrl.org/arcrole/2008/element-label" xlink:from="bw2-titel9_DecreeOnAdditionalRegulationsForTheManagementReport_loc" xlink:to="bw2-titel9_DecreeOnAdditionalRegulationsForTheManagementReport_label_en"/>
    <link:loc xlink:type="locator" xlink:href="bw2-titel9-all.xsd#bw2-titel9_DecreeOnArticle10TakeoverDirective" xlink:label="bw2-titel9_DecreeOnArticle10TakeoverDirective_loc"/>
    <label:label xlink:type="resource" xlink:label="bw2-titel9_DecreeOnArticle10TakeoverDirective_label_en" xlink:role="http://www.xbrl.org/2008/role/label" xml:lang="en" id="bw2-titel9_DecreeOnArticle10TakeoverDirective_label_en">Decree on article 10 of the takeover directive</label:label>
    <gen:arc xlink:type="arc" xlink:arcrole="http://xbrl.org/arcrole/2008/element-label" xlink:from="bw2-titel9_DecreeOnArticle10TakeoverDirective_loc" xlink:to="bw2-titel9_DecreeOnArticle10TakeoverDirective_label_en"/>
    <link:loc xlink:type="locator" xlink:href="bw2-titel9-all.xsd#bw2-titel9_DecreeOnCurrentValue" xlink:label="bw2-titel9_DecreeOnCurrentValue_loc"/>
    <label:label xlink:type="resource" xlink:label="bw2-titel9_DecreeOnCurrentValue_label_en" xlink:role="http://www.xbrl.org/2008/role/label" xml:lang="en" id="bw2-titel9_DecreeOnCurrentValue_label_en">Decree on current value</label:label>
    <gen:arc xlink:type="arc" xlink:arcrole="http://xbrl.org/arcrole/2008/element-label" xlink:from="bw2-titel9_DecreeOnCurrentValue_loc" xlink:to="bw2-titel9_DecreeOnCurrentValue_label_en"/>
    <link:loc xlink:type="locator" xlink:href="bw2-titel9-all.xsd#bw2-titel9_DecreeOnFinancialStatementsCreditInstitutions" xlink:label="bw2-titel9_DecreeOnFinancialStatementsCreditInstitutions_loc"/>
    <label:label xlink:type="resource" xlink:label="bw2-titel9_DecreeOnFinancialStatementsCreditInstitutions_label_en" xlink:role="http://www.xbrl.org/2008/role/label" xml:lang="en" id="bw2-titel9_DecreeOnFinancialStatementsCreditInstitutions_label_en">Decree on financial statements credit institutions</label:label>
    <gen:arc xlink:type="arc" xlink:arcrole="http://xbrl.org/arcrole/2008/element-label" xlink:from="bw2-titel9_DecreeOnFinancialStatementsCreditInstitutions_loc" xlink:to="bw2-titel9_DecreeOnFinancialStatementsCreditInstitutions_label_en"/>
    <link:loc xlink:type="locator" xlink:href="bw2-titel9-all.xsd#bw2-titel9_DecreeOnFinancialStatementsFormatsModelA" xlink:label="bw2-titel9_DecreeOnFinancialStatementsFormatsModelA_loc"/>
    <label:label xlink:type="resource" xlink:label="bw2-titel9_DecreeOnFinancialStatementsFormatsModelA_label_en" xlink:role="http://www.xbrl.org/2008/role/label" xml:lang="en" id="bw2-titel9_DecreeOnFinancialStatementsFormatsModelA_label_en">Decree on financial statements formats - model A</label:label>
    <gen:arc xlink:type="arc" xlink:arcrole="http://xbrl.org/arcrole/2008/element-label" xlink:from="bw2-titel9_DecreeOnFinancialStatementsFormatsModelA_loc" xlink:to="bw2-titel9_DecreeOnFinancialStatementsFormatsModelA_label_en"/>
    <link:loc xlink:type="locator" xlink:href="bw2-titel9-all.xsd#bw2-titel9_DecreeOnFinancialStatementsFormatsModelB" xlink:label="bw2-titel9_DecreeOnFinancialStatementsFormatsModelB_loc"/>
    <label:label xlink:type="resource" xlink:label="bw2-titel9_DecreeOnFinancialStatementsFormatsModelB_label_en" xlink:role="http://www.xbrl.org/2008/role/label" xml:lang="en" id="bw2-titel9_DecreeOnFinancialStatementsFormatsModelB_label_en">Decree on financial statements formats - model B</label:label>
    <gen:arc xlink:type="arc" xlink:arcrole="http://xbrl.org/arcrole/2008/element-label" xlink:from="bw2-titel9_DecreeOnFinancialStatementsFormatsModelB_loc" xlink:to="bw2-titel9_DecreeOnFinancialStatementsFormatsModelB_label_en"/>
    <link:loc xlink:type="locator" xlink:href="bw2-titel9-all.xsd#bw2-titel9_DecreeOnFinancialStatementsFormatsModelC" xlink:label="bw2-titel9_DecreeOnFinancialStatementsFormatsModelC_loc"/>
    <label:label xlink:type="resource" xlink:label="bw2-titel9_DecreeOnFinancialStatementsFormatsModelC_label_en" xlink:role="http://www.xbrl.org/2008/role/label" xml:lang="en" id="bw2-titel9_DecreeOnFinancialStatementsFormatsModelC_label_en">Decree on financial statements formats - model C</label:label>
    <gen:arc xlink:type="arc" xlink:arcrole="http://xbrl.org/arcrole/2008/element-label" xlink:from="bw2-titel9_DecreeOnFinancialStatementsFormatsModelC_loc" xlink:to="bw2-titel9_DecreeOnFinancialStatementsFormatsModelC_label_en"/>
    <link:loc xlink:type="locator" xlink:href="bw2-titel9-all.xsd#bw2-titel9_DecreeOnFinancialStatementsFormatsModelD" xlink:label="bw2-titel9_DecreeOnFinancialStatementsFormatsModelD_loc"/>
    <label:label xlink:type="resource" xlink:label="bw2-titel9_DecreeOnFinancialStatementsFormatsModelD_label_en" xlink:role="http://www.xbrl.org/2008/role/label" xml:lang="en" id="bw2-titel9_DecreeOnFinancialStatementsFormatsModelD_label_en">Decree on financial statements formats - model D</label:label>
    <gen:arc xlink:type="arc" xlink:arcrole="http://xbrl.org/arcrole/2008/element-label" xlink:from="bw2-titel9_DecreeOnFinancialStatementsFormatsModelD_loc" xlink:to="bw2-titel9_DecreeOnFinancialStatementsFormatsModelD_label_en"/>
    <link:loc xlink:type="locator" xlink:href="bw2-titel9-all.xsd#bw2-titel9_DecreeOnFinancialStatementsFormatsModelE" xlink:label="bw2-titel9_DecreeOnFinancialStatementsFormatsModelE_loc"/>
    <label:label xlink:type="resource" xlink:label="bw2-titel9_DecreeOnFinancialStatementsFormatsModelE_label_en" xlink:role="http://www.xbrl.org/2008/role/label" xml:lang="en" id="bw2-titel9_DecreeOnFinancialStatementsFormatsModelE_label_en">Decree on financial statements formats - model E</label:label>
    <gen:arc xlink:type="arc" xlink:arcrole="http://xbrl.org/arcrole/2008/element-label" xlink:from="bw2-titel9_DecreeOnFinancialStatementsFormatsModelE_loc" xlink:to="bw2-titel9_DecreeOnFinancialStatementsFormatsModelE_label_en"/>
    <link:loc xlink:type="locator" xlink:href="bw2-titel9-all.xsd#bw2-titel9_DecreeOnFinancialStatementsFormatsModelF" xlink:label="bw2-titel9_DecreeOnFinancialStatementsFormatsModelF_loc"/>
    <label:label xlink:type="resource" xlink:label="bw2-titel9_DecreeOnFinancialStatementsFormatsModelF_label_en" xlink:role="http://www.xbrl.org/2008/role/label" xml:lang="en" id="bw2-titel9_DecreeOnFinancialStatementsFormatsModelF_label_en">Decree on financial statements formats - model F</label:label>
    <gen:arc xlink:type="arc" xlink:arcrole="http://xbrl.org/arcrole/2008/element-label" xlink:from="bw2-titel9_DecreeOnFinancialStatementsFormatsModelF_loc" xlink:to="bw2-titel9_DecreeOnFinancialStatementsFormatsModelF_label_en"/>
    <link:loc xlink:type="locator" xlink:href="bw2-titel9-all.xsd#bw2-titel9_DecreeOnFinancialStatementsFormatsModelI" xlink:label="bw2-titel9_DecreeOnFinancialStatementsFormatsModelI_loc"/>
    <label:label xlink:type="resource" xlink:label="bw2-titel9_DecreeOnFinancialStatementsFormatsModelI_label_en" xlink:role="http://www.xbrl.org/2008/role/label" xml:lang="en" id="bw2-titel9_DecreeOnFinancialStatementsFormatsModelI_label_en">Decree on financial statements formats - model I</label:label>
    <gen:arc xlink:type="arc" xlink:arcrole="http://xbrl.org/arcrole/2008/element-label" xlink:from="bw2-titel9_DecreeOnFinancialStatementsFormatsModelI_loc" xlink:to="bw2-titel9_DecreeOnFinancialStatementsFormatsModelI_label_en"/>
    <link:loc xlink:type="locator" xlink:href="bw2-titel9-all.xsd#bw2-titel9_DecreeOnFinancialStatementsFormatsModelJ" xlink:label="bw2-titel9_DecreeOnFinancialStatementsFormatsModelJ_loc"/>
    <label:label xlink:type="resource" xlink:label="bw2-titel9_DecreeOnFinancialStatementsFormatsModelJ_label_en" xlink:role="http://www.xbrl.org/2008/role/label" xml:lang="en" id="bw2-titel9_DecreeOnFinancialStatementsFormatsModelJ_label_en">Decree on financial statements formats - model J</label:label>
    <gen:arc xlink:type="arc" xlink:arcrole="http://xbrl.org/arcrole/2008/element-label" xlink:from="bw2-titel9_DecreeOnFinancialStatementsFormatsModelJ_loc" xlink:to="bw2-titel9_DecreeOnFinancialStatementsFormatsModelJ_label_en"/>
    <link:loc xlink:type="locator" xlink:href="bw2-titel9-all.xsd#bw2-titel9_DecreeOnFinancialStatementsFormatsModelK" xlink:label="bw2-titel9_DecreeOnFinancialStatementsFormatsModelK_loc"/>
    <label:label xlink:type="resource" xlink:label="bw2-titel9_DecreeOnFinancialStatementsFormatsModelK_label_en" xlink:role="http://www.xbrl.org/2008/role/label" xml:lang="en" id="bw2-titel9_DecreeOnFinancialStatementsFormatsModelK_label_en">Decree on financial statements formats - model K</label:label>
    <gen:arc xlink:type="arc" xlink:arcrole="http://xbrl.org/arcrole/2008/element-label" xlink:from="bw2-titel9_DecreeOnFinancialStatementsFormatsModelK_loc" xlink:to="bw2-titel9_DecreeOnFinancialStatementsFormatsModelK_label_en"/>
    <link:loc xlink:type="locator" xlink:href="bw2-titel9-all.xsd#bw2-titel9_DecreeOnFinancialStatementsFormatsModelL" xlink:label="bw2-titel9_DecreeOnFinancialStatementsFormatsModelL_loc"/>
    <label:label xlink:type="resource" xlink:label="bw2-titel9_DecreeOnFinancialStatementsFormatsModelL_label_en" xlink:role="http://www.xbrl.org/2008/role/label" xml:lang="en" id="bw2-titel9_DecreeOnFinancialStatementsFormatsModelL_label_en">Decree on financial statements formats - model L</label:label>
    <gen:arc xlink:type="arc" xlink:arcrole="http://xbrl.org/arcrole/2008/element-label" xlink:from="bw2-titel9_DecreeOnFinancialStatementsFormatsModelL_loc" xlink:to="bw2-titel9_DecreeOnFinancialStatementsFormatsModelL_label_en"/>
    <link:loc xlink:type="locator" xlink:href="bw2-titel9-all.xsd#bw2-titel9_DecreeOnFinancialStatementsFormatsModelM" xlink:label="bw2-titel9_DecreeOnFinancialStatementsFormatsModelM_loc"/>
    <label:label xlink:type="resource" xlink:label="bw2-titel9_DecreeOnFinancialStatementsFormatsModelM_label_en" xlink:role="http://www.xbrl.org/2008/role/label" xml:lang="en" id="bw2-titel9_DecreeOnFinancialStatementsFormatsModelM_label_en">Decree on financial statements formats - model M</label:label>
    <gen:arc xlink:type="arc" xlink:arcrole="http://xbrl.org/arcrole/2008/element-label" xlink:from="bw2-titel9_DecreeOnFinancialStatementsFormatsModelM_loc" xlink:to="bw2-titel9_DecreeOnFinancialStatementsFormatsModelM_label_en"/>
    <link:loc xlink:type="locator" xlink:href="bw2-titel9-all.xsd#bw2-titel9_DecreeOnFinancialStatementsFormatsModelN" xlink:label="bw2-titel9_DecreeOnFinancialStatementsFormatsModelN_loc"/>
    <label:label xlink:type="resource" xlink:label="bw2-titel9_DecreeOnFinancialStatementsFormatsModelN_label_en" xlink:role="http://www.xbrl.org/2008/role/label" xml:lang="en" id="bw2-titel9_DecreeOnFinancialStatementsFormatsModelN_label_en">Decree on financial statements formats - model N</label:label>
    <gen:arc xlink:type="arc" xlink:arcrole="http://xbrl.org/arcrole/2008/element-label" xlink:from="bw2-titel9_DecreeOnFinancialStatementsFormatsModelN_loc" xlink:to="bw2-titel9_DecreeOnFinancialStatementsFormatsModelN_label_en"/>
    <link:loc xlink:type="locator" xlink:href="bw2-titel9-all.xsd#bw2-titel9_DecreeOnFinancialStatementsFormatsModelO" xlink:label="bw2-titel9_DecreeOnFinancialStatementsFormatsModelO_loc"/>
    <label:label xlink:type="resource" xlink:label="bw2-titel9_DecreeOnFinancialStatementsFormatsModelO_label_en" xlink:role="http://www.xbrl.org/2008/role/label" xml:lang="en" id="bw2-titel9_DecreeOnFinancialStatementsFormatsModelO_label_en">Decree on financial statements formats - model O</label:label>
    <gen:arc xlink:type="arc" xlink:arcrole="http://xbrl.org/arcrole/2008/element-label" xlink:from="bw2-titel9_DecreeOnFinancialStatementsFormatsModelO_loc" xlink:to="bw2-titel9_DecreeOnFinancialStatementsFormatsModelO_label_en"/>
    <link:loc xlink:type="locator" xlink:href="bw2-titel9-all.xsd#bw2-titel9_DecreeOnFinancialStatementsFormatsModelP" xlink:label="bw2-titel9_DecreeOnFinancialStatementsFormatsModelP_loc"/>
    <label:label xlink:type="resource" xlink:label="bw2-titel9_DecreeOnFinancialStatementsFormatsModelP_label_en" xlink:role="http://www.xbrl.org/2008/role/label" xml:lang="en" id="bw2-titel9_DecreeOnFinancialStatementsFormatsModelP_label_en">Decree on financial statements formats - model P</label:label>
    <gen:arc xlink:type="arc" xlink:arcrole="http://xbrl.org/arcrole/2008/element-label" xlink:from="bw2-titel9_DecreeOnFinancialStatementsFormatsModelP_loc" xlink:to="bw2-titel9_DecreeOnFinancialStatementsFormatsModelP_label_en"/>
    <link:loc xlink:type="locator" xlink:href="bw2-titel9-all.xsd#bw2-titel9_DecreeOnFinancialStatementsFormatsModelQ" xlink:label="bw2-titel9_DecreeOnFinancialStatementsFormatsModelQ_loc"/>
    <label:label xlink:type="resource" xlink:label="bw2-titel9_DecreeOnFinancialStatementsFormatsModelQ_label_en" xlink:role="http://www.xbrl.org/2008/role/label" xml:lang="en" id="bw2-titel9_DecreeOnFinancialStatementsFormatsModelQ_label_en">Decree on financial statements formats - model Q</label:label>
    <gen:arc xlink:type="arc" xlink:arcrole="http://xbrl.org/arcrole/2008/element-label" xlink:from="bw2-titel9_DecreeOnFinancialStatementsFormatsModelQ_loc" xlink:to="bw2-titel9_DecreeOnFinancialStatementsFormatsModelQ_label_en"/>
    <link:loc xlink:type="locator" xlink:href="bw2-titel9-all.xsd#bw2-titel9_DecreeOnFinancialStatementsFormatsModelR" xlink:label="bw2-titel9_DecreeOnFinancialStatementsFormatsModelR_loc"/>
    <label:label xlink:type="resource" xlink:label="bw2-titel9_DecreeOnFinancialStatementsFormatsModelR_label_en" xlink:role="http://www.xbrl.org/2008/role/label" xml:lang="en" id="bw2-titel9_DecreeOnFinancialStatementsFormatsModelR_label_en">Decree on financial statements formats - model R</label:label>
    <gen:arc xlink:type="arc" xlink:arcrole="http://xbrl.org/arcrole/2008/element-label" xlink:from="bw2-titel9_DecreeOnFinancialStatementsFormatsModelR_loc" xlink:to="bw2-titel9_DecreeOnFinancialStatementsFormatsModelR_label_en"/>
    <link:loc xlink:type="locator" xlink:href="bw2-titel9-all.xsd#bw2-titel9_DecreeOnFinancialStatementsFormatsModelS" xlink:label="bw2-titel9_DecreeOnFinancialStatementsFormatsModelS_loc"/>
    <label:label xlink:type="resource" xlink:label="bw2-titel9_DecreeOnFinancialStatementsFormatsModelS_label_en" xlink:role="http://www.xbrl.org/2008/role/label" xml:lang="en" id="bw2-titel9_DecreeOnFinancialStatementsFormatsModelS_label_en">Decree on financial statements formats - model S</label:label>
    <gen:arc xlink:type="arc" xlink:arcrole="http://xbrl.org/arcrole/2008/element-label" xlink:from="bw2-titel9_DecreeOnFinancialStatementsFormatsModelS_loc" xlink:to="bw2-titel9_DecreeOnFinancialStatementsFormatsModelS_label_en"/>
    <link:loc xlink:type="locator" xlink:href="bw2-titel9-all.xsd#bw2-titel9_DecreeOnFinancialStatementsFormats" xlink:label="bw2-titel9_DecreeOnFinancialStatementsFormats_loc"/>
    <label:label xlink:type="resource" xlink:label="bw2-titel9_DecreeOnFinancialStatementsFormats_label_en" xlink:role="http://www.xbrl.org/2008/role/label" xml:lang="en" id="bw2-titel9_DecreeOnFinancialStatementsFormats_label_en">Decree on financial statements formats</label:label>
    <gen:arc xlink:type="arc" xlink:arcrole="http://xbrl.org/arcrole/2008/element-label" xlink:from="bw2-titel9_DecreeOnFinancialStatementsFormats_loc" xlink:to="bw2-titel9_DecreeOnFinancialStatementsFormats_label_en"/>
    <link:loc xlink:type="locator" xlink:href="bw2-titel9-all.xsd#bw2-titel9_DecreeOnImplementationDisclosureRequirementsCapitalRequirementsDirective" xlink:label="bw2-titel9_DecreeOnImplementationDisclosureRequirementsCapitalRequirementsDirective_loc"/>
    <label:label xlink:type="resource" xlink:label="bw2-titel9_DecreeOnImplementationDisclosureRequirementsCapitalRequirementsDirective_label_en" xlink:role="http://www.xbrl.org/2008/role/label" xml:lang="en" id="bw2-titel9_DecreeOnImplementationDisclosureRequirementsCapitalRequirementsDirective_label_en">Decree on implementation disclosure requirements capital requirements directive</label:label>
    <gen:arc xlink:type="arc" xlink:arcrole="http://xbrl.org/arcrole/2008/element-label" xlink:from="bw2-titel9_DecreeOnImplementationDisclosureRequirementsCapitalRequirementsDirective_loc" xlink:to="bw2-titel9_DecreeOnImplementationDisclosureRequirementsCapitalRequirementsDirective_label_en"/>
    <link:loc xlink:type="locator" xlink:href="bw2-titel9-all.xsd#bw2-titel9_DecreeOnUniformFiscalValuationPrinciples" xlink:label="bw2-titel9_DecreeOnUniformFiscalValuationPrinciples_loc"/>
    <label:label xlink:type="resource" xlink:label="bw2-titel9_DecreeOnUniformFiscalValuationPrinciples_label_en" xlink:role="http://www.xbrl.org/2008/role/label" xml:lang="en" id="bw2-titel9_DecreeOnUniformFiscalValuationPrinciples_label_en">Decree on uniform fiscal valuation principles</label:label>
    <gen:arc xlink:type="arc" xlink:arcrole="http://xbrl.org/arcrole/2008/element-label" xlink:from="bw2-titel9_DecreeOnUniformFiscalValuationPrinciples_loc" xlink:to="bw2-titel9_DecreeOnUniformFiscalValuationPrinciples_label_en"/>
    <link:loc xlink:type="locator" xlink:href="bw2-titel9-all.xsd#bw2-titel9_DutchCivilCodeBook2" xlink:label="bw2-titel9_DutchCivilCodeBook2_loc"/>
    <label:label xlink:type="resource" xlink:label="bw2-titel9_DutchCivilCodeBook2_label_en" xlink:role="http://www.xbrl.org/2008/role/label" xml:lang="en" id="bw2-titel9_DutchCivilCodeBook2_label_en">Dutch civil code book 2</label:label>
    <gen:arc xlink:type="arc" xlink:arcrole="http://xbrl.org/arcrole/2008/element-label" xlink:from="bw2-titel9_DutchCivilCodeBook2_loc" xlink:to="bw2-titel9_DutchCivilCodeBook2_label_en"/>
  </gen:link>
</link:linkbase>
