<?xml version="1.0" encoding="UTF-8"?>

<link:linkbase xmlns:xsi="http://www.w3.org/2001/XMLSchema-instance" xsi:schemaLocation="http://www.xbrl.org/2003/linkbase http://www.xbrl.org/2003/xbrl-linkbase-2003-12-31.xsd http://www.w3.org/1999/xlink http://www.xbrl.org/2003/xlink-2003-12-31.xsd http://xbrl.org/2008/label http://www.xbrl.org/2008/generic-label.xsd http://xbrl.org/2008/generic http://www.xbrl.org/2008/generic-link.xsd" xmlns:gen="http://xbrl.org/2008/generic" xmlns:link="http://www.xbrl.org/2003/linkbase" xmlns:label="http://xbrl.org/2008/label" xmlns:xlink="http://www.w3.org/1999/xlink">
  <link:roleRef roleURI="http://www.xbrl.org/2008/role/label" xlink:type="simple" xlink:href="http://www.xbrl.org/2008/generic-label.xsd#standard-label"/>
  <link:roleRef roleURI="http://www.xbrl.org/2008/role/link" xlink:type="simple" xlink:href="http://www.xbrl.org/2008/generic-link.xsd#standard-link-role"/>
  <link:roleRef roleURI="http://www.xbrl.org/2009/role/negatedLabel" xlink:type="simple" xlink:href="http://www.xbrl.org/lrr/role/negated-2009-12-16.xsd#negatedLabel"/>
  <link:roleRef roleURI="http://www.xbrl.org/2009/role/negatedTerseLabel" xlink:type="simple" xlink:href="http://www.xbrl.org/lrr/role/negated-2009-12-16.xsd#negatedTerseLabel"/>
  <link:roleRef roleURI="http://www.xbrl.org/2009/role/negatedTotalLabel" xlink:type="simple" xlink:href="http://www.xbrl.org/lrr/role/negated-2009-12-16.xsd#negatedTotalLabel"/>
  <link:arcroleRef arcroleURI="http://xbrl.org/arcrole/2008/element-label" xlink:type="simple" xlink:href="http://www.xbrl.org/2008/generic-label.xsd#element-label"/>
  <gen:link xlink:type="extended" xlink:role="http://www.xbrl.org/2008/role/link">
    <link:loc xlink:type="locator" xlink:href="bw2-titel9-cor.xsd#bw2-titel9_CategoryEmployeesManagerialPositionsTypedMember" xlink:label="bw2-titel9_CategoryEmployeesManagerialPositionsTypedMember_loc"/>
    <label:label xlink:type="resource" xlink:label="bw2-titel9_CategoryEmployeesManagerialPositionsTypedMember_label_nl" xlink:role="http://www.xbrl.org/2008/role/label" xml:lang="nl" id="bw2-titel9_CategoryEmployeesManagerialPositionsTypedMember_label_nl">Categorie werknemers in leidinggevende functies</label:label>
    <gen:arc xlink:type="arc" xlink:arcrole="http://xbrl.org/arcrole/2008/element-label" xlink:from="bw2-titel9_CategoryEmployeesManagerialPositionsTypedMember_loc" xlink:to="bw2-titel9_CategoryEmployeesManagerialPositionsTypedMember_label_nl"/>
    <link:loc xlink:type="locator" xlink:href="bw2-titel9-cor.xsd#bw2-titel9_DerivativeFinancialInstrumentTypedMember" xlink:label="bw2-titel9_DerivativeFinancialInstrumentTypedMember_loc"/>
    <label:label xlink:type="resource" xlink:label="bw2-titel9_DerivativeFinancialInstrumentTypedMember_label_nl" xlink:role="http://www.xbrl.org/2008/role/label" xml:lang="nl" id="bw2-titel9_DerivativeFinancialInstrumentTypedMember_label_nl">Categorie van afgeleid financieel instrument</label:label>
    <gen:arc xlink:type="arc" xlink:arcrole="http://xbrl.org/arcrole/2008/element-label" xlink:from="bw2-titel9_DerivativeFinancialInstrumentTypedMember_loc" xlink:to="bw2-titel9_DerivativeFinancialInstrumentTypedMember_label_nl"/>
    <link:loc xlink:type="locator" xlink:href="bw2-titel9-cor.xsd#bw2-titel9_FinancialInstrumentsCurrentValueTypedMember" xlink:label="bw2-titel9_FinancialInstrumentsCurrentValueTypedMember_loc"/>
    <label:label xlink:type="resource" xlink:label="bw2-titel9_FinancialInstrumentsCurrentValueTypedMember_label_nl" xlink:role="http://www.xbrl.org/2008/role/label" xml:lang="nl" id="bw2-titel9_FinancialInstrumentsCurrentValueTypedMember_label_nl">Categorie van financieel instrument</label:label>
    <gen:arc xlink:type="arc" xlink:arcrole="http://xbrl.org/arcrole/2008/element-label" xlink:from="bw2-titel9_FinancialInstrumentsCurrentValueTypedMember_loc" xlink:to="bw2-titel9_FinancialInstrumentsCurrentValueTypedMember_label_nl"/>
    <link:loc xlink:type="locator" xlink:href="bw2-titel9-cor.xsd#bw2-titel9_FinancialInstrumentsHigherValueThanFairValueTypedMember" xlink:label="bw2-titel9_FinancialInstrumentsHigherValueThanFairValueTypedMember_loc"/>
    <label:label xlink:type="resource" xlink:label="bw2-titel9_FinancialInstrumentsHigherValueThanFairValueTypedMember_label_nl" xlink:role="http://www.xbrl.org/2008/role/label" xml:lang="nl" id="bw2-titel9_FinancialInstrumentsHigherValueThanFairValueTypedMember_label_nl">Categorie van financieel instrument gewaardeerd tegen hogere waarde dan reële waarde</label:label>
    <gen:arc xlink:type="arc" xlink:arcrole="http://xbrl.org/arcrole/2008/element-label" xlink:from="bw2-titel9_FinancialInstrumentsHigherValueThanFairValueTypedMember_loc" xlink:to="bw2-titel9_FinancialInstrumentsHigherValueThanFairValueTypedMember_label_nl"/>
    <link:loc xlink:type="locator" xlink:href="bw2-titel9-cor.xsd#bw2-titel9_HedgeInstrumentTypedMember" xlink:label="bw2-titel9_HedgeInstrumentTypedMember_loc"/>
    <label:label xlink:type="resource" xlink:label="bw2-titel9_HedgeInstrumentTypedMember_label_nl" xlink:role="http://www.xbrl.org/2008/role/label" xml:lang="nl" id="bw2-titel9_HedgeInstrumentTypedMember_label_nl">Hedge instrument</label:label>
    <gen:arc xlink:type="arc" xlink:arcrole="http://xbrl.org/arcrole/2008/element-label" xlink:from="bw2-titel9_HedgeInstrumentTypedMember_loc" xlink:to="bw2-titel9_HedgeInstrumentTypedMember_label_nl"/>
    <link:loc xlink:type="locator" xlink:href="bw2-titel9-cor.xsd#bw2-titel9_LegalEntityNamesParticipatingInterestsWithoutLegalPersonalityTypedMember" xlink:label="bw2-titel9_LegalEntityNamesParticipatingInterestsWithoutLegalPersonalityTypedMember_loc"/>
    <label:label xlink:type="resource" xlink:label="bw2-titel9_LegalEntityNamesParticipatingInterestsWithoutLegalPersonalityTypedMember_label_nl" xlink:role="http://www.xbrl.org/2008/role/label" xml:lang="nl" id="bw2-titel9_LegalEntityNamesParticipatingInterestsWithoutLegalPersonalityTypedMember_label_nl">Naam van dochtermaatschappij zonder rechtspersoonlijkheid</label:label>
    <gen:arc xlink:type="arc" xlink:arcrole="http://xbrl.org/arcrole/2008/element-label" xlink:from="bw2-titel9_LegalEntityNamesParticipatingInterestsWithoutLegalPersonalityTypedMember_loc" xlink:to="bw2-titel9_LegalEntityNamesParticipatingInterestsWithoutLegalPersonalityTypedMember_label_nl"/>
    <link:loc xlink:type="locator" xlink:href="bw2-titel9-cor.xsd#bw2-titel9_LegalEntityTypedMember" xlink:label="bw2-titel9_LegalEntityTypedMember_loc"/>
    <label:label xlink:type="resource" xlink:label="bw2-titel9_LegalEntityTypedMember_label_nl" xlink:role="http://www.xbrl.org/2008/role/label" xml:lang="nl" id="bw2-titel9_LegalEntityTypedMember_label_nl">Rechtspersoon</label:label>
    <gen:arc xlink:type="arc" xlink:arcrole="http://xbrl.org/arcrole/2008/element-label" xlink:from="bw2-titel9_LegalEntityTypedMember_loc" xlink:to="bw2-titel9_LegalEntityTypedMember_label_nl"/>
    <link:loc xlink:type="locator" xlink:href="bw2-titel9-cor.xsd#bw2-titel9_LiabilitiesOtherTypedMember" xlink:label="bw2-titel9_LiabilitiesOtherTypedMember_loc"/>
    <label:label xlink:type="resource" xlink:label="bw2-titel9_LiabilitiesOtherTypedMember_label_nl" xlink:role="http://www.xbrl.org/2008/role/label" xml:lang="nl" id="bw2-titel9_LiabilitiesOtherTypedMember_label_nl">Categorie van overige schulden</label:label>
    <gen:arc xlink:type="arc" xlink:arcrole="http://xbrl.org/arcrole/2008/element-label" xlink:from="bw2-titel9_LiabilitiesOtherTypedMember_loc" xlink:to="bw2-titel9_LiabilitiesOtherTypedMember_label_nl"/>
    <link:loc xlink:type="locator" xlink:href="bw2-titel9-cor.xsd#bw2-titel9_ManagingDirectorTypedMember" xlink:label="bw2-titel9_ManagingDirectorTypedMember_loc"/>
    <label:label xlink:type="resource" xlink:label="bw2-titel9_ManagingDirectorTypedMember_label_nl" xlink:role="http://www.xbrl.org/2008/role/label" xml:lang="nl" id="bw2-titel9_ManagingDirectorTypedMember_label_nl">Bestuurder</label:label>
    <gen:arc xlink:type="arc" xlink:arcrole="http://xbrl.org/arcrole/2008/element-label" xlink:from="bw2-titel9_ManagingDirectorTypedMember_loc" xlink:to="bw2-titel9_ManagingDirectorTypedMember_label_nl"/>
    <link:loc xlink:type="locator" xlink:href="bw2-titel9-cor.xsd#bw2-titel9_ManagingOrSupervisoryDirectorOrRepresentativeTypedMember" xlink:label="bw2-titel9_ManagingOrSupervisoryDirectorOrRepresentativeTypedMember_loc"/>
    <label:label xlink:type="resource" xlink:label="bw2-titel9_ManagingOrSupervisoryDirectorOrRepresentativeTypedMember_label_nl" xlink:role="http://www.xbrl.org/2008/role/label" xml:lang="nl" id="bw2-titel9_ManagingOrSupervisoryDirectorOrRepresentativeTypedMember_label_nl">Naam bestuurder, commissaris en vertegenwoordiger</label:label>
    <gen:arc xlink:type="arc" xlink:arcrole="http://xbrl.org/arcrole/2008/element-label" xlink:from="bw2-titel9_ManagingOrSupervisoryDirectorOrRepresentativeTypedMember_loc" xlink:to="bw2-titel9_ManagingOrSupervisoryDirectorOrRepresentativeTypedMember_label_nl"/>
    <link:loc xlink:type="locator" xlink:href="bw2-titel9-cor.xsd#bw2-titel9_NameBeneficiarySpecialGoverningControlStructureTypedMember" xlink:label="bw2-titel9_NameBeneficiarySpecialGoverningControlStructureTypedMember_loc"/>
    <label:label xlink:type="resource" xlink:label="bw2-titel9_NameBeneficiarySpecialGoverningControlStructureTypedMember_label_nl" xlink:role="http://www.xbrl.org/2008/role/label" xml:lang="nl" id="bw2-titel9_NameBeneficiarySpecialGoverningControlStructureTypedMember_label_nl">Naam van begunstigde van bijzonder statutair recht inzake zeggenschap</label:label>
    <gen:arc xlink:type="arc" xlink:arcrole="http://xbrl.org/arcrole/2008/element-label" xlink:from="bw2-titel9_NameBeneficiarySpecialGoverningControlStructureTypedMember_loc" xlink:to="bw2-titel9_NameBeneficiarySpecialGoverningControlStructureTypedMember_label_nl"/>
    <link:loc xlink:type="locator" xlink:href="bw2-titel9-cor.xsd#bw2-titel9_NetRevenueGeographicTypedMember" xlink:label="bw2-titel9_NetRevenueGeographicTypedMember_loc"/>
    <label:label xlink:type="resource" xlink:label="bw2-titel9_NetRevenueGeographicTypedMember_label_nl" xlink:role="http://www.xbrl.org/2008/role/label" xml:lang="nl" id="bw2-titel9_NetRevenueGeographicTypedMember_label_nl">Netto-omzet, geografisch gebied</label:label>
    <gen:arc xlink:type="arc" xlink:arcrole="http://xbrl.org/arcrole/2008/element-label" xlink:from="bw2-titel9_NetRevenueGeographicTypedMember_loc" xlink:to="bw2-titel9_NetRevenueGeographicTypedMember_label_nl"/>
    <link:loc xlink:type="locator" xlink:href="bw2-titel9-cor.xsd#bw2-titel9_NetRevenueIndustryTypedMember" xlink:label="bw2-titel9_NetRevenueIndustryTypedMember_loc"/>
    <label:label xlink:type="resource" xlink:label="bw2-titel9_NetRevenueIndustryTypedMember_label_nl" xlink:role="http://www.xbrl.org/2008/role/label" xml:lang="nl" id="bw2-titel9_NetRevenueIndustryTypedMember_label_nl">Netto-omzet, bedrijfstak</label:label>
    <gen:arc xlink:type="arc" xlink:arcrole="http://xbrl.org/arcrole/2008/element-label" xlink:from="bw2-titel9_NetRevenueIndustryTypedMember_loc" xlink:to="bw2-titel9_NetRevenueIndustryTypedMember_label_nl"/>
    <link:loc xlink:type="locator" xlink:href="bw2-titel9-cor.xsd#bw2-titel9_ReceivablesOtherAffiliatedCompaniesCurrentTypedMember" xlink:label="bw2-titel9_ReceivablesOtherAffiliatedCompaniesCurrentTypedMember_loc"/>
    <label:label xlink:type="resource" xlink:label="bw2-titel9_ReceivablesOtherAffiliatedCompaniesCurrentTypedMember_label_nl" xlink:role="http://www.xbrl.org/2008/role/label" xml:lang="nl" id="bw2-titel9_ReceivablesOtherAffiliatedCompaniesCurrentTypedMember_label_nl">Categorie van kortlopende vorderingen op overige verbonden maatschappijen</label:label>
    <gen:arc xlink:type="arc" xlink:arcrole="http://xbrl.org/arcrole/2008/element-label" xlink:from="bw2-titel9_ReceivablesOtherAffiliatedCompaniesCurrentTypedMember_loc" xlink:to="bw2-titel9_ReceivablesOtherAffiliatedCompaniesCurrentTypedMember_label_nl"/>
    <link:loc xlink:type="locator" xlink:href="bw2-titel9-cor.xsd#bw2-titel9_ReceivablesOtherTypedMember" xlink:label="bw2-titel9_ReceivablesOtherTypedMember_loc"/>
    <label:label xlink:type="resource" xlink:label="bw2-titel9_ReceivablesOtherTypedMember_label_nl" xlink:role="http://www.xbrl.org/2008/role/label" xml:lang="nl" id="bw2-titel9_ReceivablesOtherTypedMember_label_nl">Categorie van overige vorderingen</label:label>
    <gen:arc xlink:type="arc" xlink:arcrole="http://xbrl.org/arcrole/2008/element-label" xlink:from="bw2-titel9_ReceivablesOtherTypedMember_loc" xlink:to="bw2-titel9_ReceivablesOtherTypedMember_label_nl"/>
    <link:loc xlink:type="locator" xlink:href="bw2-titel9-cor.xsd#bw2-titel9_RelatedPartyTransactionDetailsTypedMember" xlink:label="bw2-titel9_RelatedPartyTransactionDetailsTypedMember_loc"/>
    <label:label xlink:type="resource" xlink:label="bw2-titel9_RelatedPartyTransactionDetailsTypedMember_label_nl" xlink:role="http://www.xbrl.org/2008/role/label" xml:lang="nl" id="bw2-titel9_RelatedPartyTransactionDetailsTypedMember_label_nl">Details van transacties met verbonden partijen</label:label>
    <gen:arc xlink:type="arc" xlink:arcrole="http://xbrl.org/arcrole/2008/element-label" xlink:from="bw2-titel9_RelatedPartyTransactionDetailsTypedMember_loc" xlink:to="bw2-titel9_RelatedPartyTransactionDetailsTypedMember_label_nl"/>
    <link:loc xlink:type="locator" xlink:href="bw2-titel9-cor.xsd#bw2-titel9_SegmentForAverageNumberEmployeesTypedMember" xlink:label="bw2-titel9_SegmentForAverageNumberEmployeesTypedMember_loc"/>
    <label:label xlink:type="resource" xlink:label="bw2-titel9_SegmentForAverageNumberEmployeesTypedMember_label_nl" xlink:role="http://www.xbrl.org/2008/role/label" xml:lang="nl" id="bw2-titel9_SegmentForAverageNumberEmployeesTypedMember_label_nl">Segment voor gemiddeld aantal werknemers over de periode</label:label>
    <gen:arc xlink:type="arc" xlink:arcrole="http://xbrl.org/arcrole/2008/element-label" xlink:from="bw2-titel9_SegmentForAverageNumberEmployeesTypedMember_loc" xlink:to="bw2-titel9_SegmentForAverageNumberEmployeesTypedMember_label_nl"/>
    <link:loc xlink:type="locator" xlink:href="bw2-titel9-cor.xsd#bw2-titel9_ShareBasedPaymentsSpecificationTypedMember" xlink:label="bw2-titel9_ShareBasedPaymentsSpecificationTypedMember_loc"/>
    <label:label xlink:type="resource" xlink:label="bw2-titel9_ShareBasedPaymentsSpecificationTypedMember_label_nl" xlink:role="http://www.xbrl.org/2008/role/label" xml:lang="nl" id="bw2-titel9_ShareBasedPaymentsSpecificationTypedMember_label_nl">Specificatie voor op aandelen gebaseerde betalingen</label:label>
    <gen:arc xlink:type="arc" xlink:arcrole="http://xbrl.org/arcrole/2008/element-label" xlink:from="bw2-titel9_ShareBasedPaymentsSpecificationTypedMember_loc" xlink:to="bw2-titel9_ShareBasedPaymentsSpecificationTypedMember_label_nl"/>
    <link:loc xlink:type="locator" xlink:href="bw2-titel9-cor.xsd#bw2-titel9_ShareCapitalEarningsPerShareTypedMember" xlink:label="bw2-titel9_ShareCapitalEarningsPerShareTypedMember_loc"/>
    <label:label xlink:type="resource" xlink:label="bw2-titel9_ShareCapitalEarningsPerShareTypedMember_label_nl" xlink:role="http://www.xbrl.org/2008/role/label" xml:lang="nl" id="bw2-titel9_ShareCapitalEarningsPerShareTypedMember_label_nl">Aandelenkapitaal winst per aandeel</label:label>
    <gen:arc xlink:type="arc" xlink:arcrole="http://xbrl.org/arcrole/2008/element-label" xlink:from="bw2-titel9_ShareCapitalEarningsPerShareTypedMember_loc" xlink:to="bw2-titel9_ShareCapitalEarningsPerShareTypedMember_label_nl"/>
    <link:loc xlink:type="locator" xlink:href="bw2-titel9-cor.xsd#bw2-titel9_ShareCapitalNumberOfSharesTypedMember" xlink:label="bw2-titel9_ShareCapitalNumberOfSharesTypedMember_loc"/>
    <label:label xlink:type="resource" xlink:label="bw2-titel9_ShareCapitalNumberOfSharesTypedMember_label_nl" xlink:role="http://www.xbrl.org/2008/role/label" xml:lang="nl" id="bw2-titel9_ShareCapitalNumberOfSharesTypedMember_label_nl">Aandelenkapitaal (aantal aandelen)</label:label>
    <gen:arc xlink:type="arc" xlink:arcrole="http://xbrl.org/arcrole/2008/element-label" xlink:from="bw2-titel9_ShareCapitalNumberOfSharesTypedMember_loc" xlink:to="bw2-titel9_ShareCapitalNumberOfSharesTypedMember_label_nl"/>
    <link:loc xlink:type="locator" xlink:href="bw2-titel9-cor.xsd#bw2-titel9_ShareCapitalTypedMember" xlink:label="bw2-titel9_ShareCapitalTypedMember_loc"/>
    <label:label xlink:type="resource" xlink:label="bw2-titel9_ShareCapitalTypedMember_label_nl" xlink:role="http://www.xbrl.org/2008/role/label" xml:lang="nl" id="bw2-titel9_ShareCapitalTypedMember_label_nl">Aandelenkapitaal</label:label>
    <gen:arc xlink:type="arc" xlink:arcrole="http://xbrl.org/arcrole/2008/element-label" xlink:from="bw2-titel9_ShareCapitalTypedMember_loc" xlink:to="bw2-titel9_ShareCapitalTypedMember_label_nl"/>
    <link:loc xlink:type="locator" xlink:href="bw2-titel9-cor.xsd#bw2-titel9_SupervisoryDirectorTypedMember" xlink:label="bw2-titel9_SupervisoryDirectorTypedMember_loc"/>
    <label:label xlink:type="resource" xlink:label="bw2-titel9_SupervisoryDirectorTypedMember_label_nl" xlink:role="http://www.xbrl.org/2008/role/label" xml:lang="nl" id="bw2-titel9_SupervisoryDirectorTypedMember_label_nl">Commissaris</label:label>
    <gen:arc xlink:type="arc" xlink:arcrole="http://xbrl.org/arcrole/2008/element-label" xlink:from="bw2-titel9_SupervisoryDirectorTypedMember_loc" xlink:to="bw2-titel9_SupervisoryDirectorTypedMember_label_nl"/>
  </gen:link>
</link:linkbase>
