<?xml version="1.0" encoding="UTF-8"?>

<link:linkbase xmlns:xsi="http://www.w3.org/2001/XMLSchema-instance" xsi:schemaLocation="http://www.xbrl.org/2003/linkbase http://www.xbrl.org/2003/xbrl-linkbase-2003-12-31.xsd" xmlns:link="http://www.xbrl.org/2003/linkbase" xmlns:xlink="http://www.w3.org/1999/xlink" xmlns:xbrli="http://www.xbrl.org/2003/instance">
  <link:labelLink xlink:type="extended" xlink:role="http://www.xbrl.org/2003/role/link">
    <link:loc xlink:type="locator" xlink:href="rj-all.xsd#rj_AnnualReportingGuidelines100Title" xlink:label="rj_AnnualReportingGuidelines100Title_loc"/>
    <link:label xlink:type="resource" xlink:label="rj_AnnualReportingGuidelines100Title_label_fr" xlink:role="http://www.xbrl.org/2003/role/label" xml:lang="fr" id="rj_AnnualReportingGuidelines100Title_label_fr">RJ 100 - Présentation</link:label>
    <link:labelArc xlink:type="arc" xlink:arcrole="http://www.xbrl.org/2003/arcrole/concept-label" xlink:from="rj_AnnualReportingGuidelines100Title_loc" xlink:to="rj_AnnualReportingGuidelines100Title_label_fr"/>
    <link:loc xlink:type="locator" xlink:href="rj-all.xsd#rj_AnnualReportingGuidelines110Title" xlink:label="rj_AnnualReportingGuidelines110Title_loc"/>
    <link:label xlink:type="resource" xlink:label="rj_AnnualReportingGuidelines110Title_label_fr" xlink:role="http://www.xbrl.org/2003/role/label" xml:lang="fr" id="rj_AnnualReportingGuidelines110Title_label_fr">RJ 110 - Objectifs et principes directeurs</link:label>
    <link:labelArc xlink:type="arc" xlink:arcrole="http://www.xbrl.org/2003/arcrole/concept-label" xlink:from="rj_AnnualReportingGuidelines110Title_loc" xlink:to="rj_AnnualReportingGuidelines110Title_label_fr"/>
    <link:loc xlink:type="locator" xlink:href="rj-all.xsd#rj_AnnualReportingGuidelines115Title" xlink:label="rj_AnnualReportingGuidelines115Title_loc"/>
    <link:label xlink:type="resource" xlink:label="rj_AnnualReportingGuidelines115Title_label_fr" xlink:role="http://www.xbrl.org/2003/role/label" xml:lang="fr" id="rj_AnnualReportingGuidelines115Title_label_fr">RJ 115 - Critères pour l'enregistrement et la diffusion des données</link:label>
    <link:labelArc xlink:type="arc" xlink:arcrole="http://www.xbrl.org/2003/arcrole/concept-label" xlink:from="rj_AnnualReportingGuidelines115Title_loc" xlink:to="rj_AnnualReportingGuidelines115Title_label_fr"/>
    <link:loc xlink:type="locator" xlink:href="rj-all.xsd#rj_AnnualReportingGuidelines120Title" xlink:label="rj_AnnualReportingGuidelines120Title_loc"/>
    <link:label xlink:type="resource" xlink:label="rj_AnnualReportingGuidelines120Title_label_fr" xlink:role="http://www.xbrl.org/2003/role/label" xml:lang="fr" id="rj_AnnualReportingGuidelines120Title_label_fr">RJ 120 - Principes du prix</link:label>
    <link:labelArc xlink:type="arc" xlink:arcrole="http://www.xbrl.org/2003/arcrole/concept-label" xlink:from="rj_AnnualReportingGuidelines120Title_loc" xlink:to="rj_AnnualReportingGuidelines120Title_label_fr"/>
    <link:loc xlink:type="locator" xlink:href="rj-all.xsd#rj_AnnualReportingGuidelines121Title" xlink:label="rj_AnnualReportingGuidelines121Title_loc"/>
    <link:label xlink:type="resource" xlink:label="rj_AnnualReportingGuidelines121Title_label_fr" xlink:role="http://www.xbrl.org/2003/role/label" xml:lang="fr" id="rj_AnnualReportingGuidelines121Title_label_fr">RJ 121 - Dépréciation des immobilisations corporelles</link:label>
    <link:labelArc xlink:type="arc" xlink:arcrole="http://www.xbrl.org/2003/arcrole/concept-label" xlink:from="rj_AnnualReportingGuidelines121Title_loc" xlink:to="rj_AnnualReportingGuidelines121Title_label_fr"/>
    <link:loc xlink:type="locator" xlink:href="rj-all.xsd#rj_AnnualReportingGuidelines122Title" xlink:label="rj_AnnualReportingGuidelines122Title_loc"/>
    <link:label xlink:type="resource" xlink:label="rj_AnnualReportingGuidelines122Title_label_fr" xlink:role="http://www.xbrl.org/2003/role/label" xml:lang="fr" id="rj_AnnualReportingGuidelines122Title_label_fr">RJ 122 - Principes du prix pour devises étrangères</link:label>
    <link:labelArc xlink:type="arc" xlink:arcrole="http://www.xbrl.org/2003/arcrole/concept-label" xlink:from="rj_AnnualReportingGuidelines122Title_loc" xlink:to="rj_AnnualReportingGuidelines122Title_label_fr"/>
    <link:loc xlink:type="locator" xlink:href="rj-all.xsd#rj_AnnualReportingGuidelines140Title" xlink:label="rj_AnnualReportingGuidelines140Title_loc"/>
    <link:label xlink:type="resource" xlink:label="rj_AnnualReportingGuidelines140Title_label_fr" xlink:role="http://www.xbrl.org/2003/role/label" xml:lang="fr" id="rj_AnnualReportingGuidelines140Title_label_fr">RJ 140 - Changements de régime</link:label>
    <link:labelArc xlink:type="arc" xlink:arcrole="http://www.xbrl.org/2003/arcrole/concept-label" xlink:from="rj_AnnualReportingGuidelines140Title_loc" xlink:to="rj_AnnualReportingGuidelines140Title_label_fr"/>
    <link:loc xlink:type="locator" xlink:href="rj-all.xsd#rj_AnnualReportingGuidelines145Title" xlink:label="rj_AnnualReportingGuidelines145Title_loc"/>
    <link:label xlink:type="resource" xlink:label="rj_AnnualReportingGuidelines145Title_label_fr" xlink:role="http://www.xbrl.org/2003/role/label" xml:lang="fr" id="rj_AnnualReportingGuidelines145Title_label_fr">RJ 145 - Changements d'estimations comptables</link:label>
    <link:labelArc xlink:type="arc" xlink:arcrole="http://www.xbrl.org/2003/arcrole/concept-label" xlink:from="rj_AnnualReportingGuidelines145Title_loc" xlink:to="rj_AnnualReportingGuidelines145Title_label_fr"/>
    <link:loc xlink:type="locator" xlink:href="rj-all.xsd#rj_AnnualReportingGuidelines150Title" xlink:label="rj_AnnualReportingGuidelines150Title_loc"/>
    <link:label xlink:type="resource" xlink:label="rj_AnnualReportingGuidelines150Title_label_fr" xlink:role="http://www.xbrl.org/2003/role/label" xml:lang="fr" id="rj_AnnualReportingGuidelines150Title_label_fr">RJ 150 - Correction d'erreur</link:label>
    <link:labelArc xlink:type="arc" xlink:arcrole="http://www.xbrl.org/2003/arcrole/concept-label" xlink:from="rj_AnnualReportingGuidelines150Title_loc" xlink:to="rj_AnnualReportingGuidelines150Title_label_fr"/>
    <link:loc xlink:type="locator" xlink:href="rj-all.xsd#rj_AnnualReportingGuidelines160Title" xlink:label="rj_AnnualReportingGuidelines160Title_loc"/>
    <link:label xlink:type="resource" xlink:label="rj_AnnualReportingGuidelines160Title_label_fr" xlink:role="http://www.xbrl.org/2003/role/label" xml:lang="fr" id="rj_AnnualReportingGuidelines160Title_label_fr">RJ 160 - Événements postérieurs à la date du bilan</link:label>
    <link:labelArc xlink:type="arc" xlink:arcrole="http://www.xbrl.org/2003/arcrole/concept-label" xlink:from="rj_AnnualReportingGuidelines160Title_loc" xlink:to="rj_AnnualReportingGuidelines160Title_label_fr"/>
    <link:loc xlink:type="locator" xlink:href="rj-all.xsd#rj_AnnualReportingGuidelines170Title" xlink:label="rj_AnnualReportingGuidelines170Title_loc"/>
    <link:label xlink:type="resource" xlink:label="rj_AnnualReportingGuidelines170Title_label_fr" xlink:role="http://www.xbrl.org/2003/role/label" xml:lang="fr" id="rj_AnnualReportingGuidelines170Title_label_fr">RJ 170 - Discontinuité et sérieuse incertitude quant à la continuité</link:label>
    <link:labelArc xlink:type="arc" xlink:arcrole="http://www.xbrl.org/2003/arcrole/concept-label" xlink:from="rj_AnnualReportingGuidelines170Title_loc" xlink:to="rj_AnnualReportingGuidelines170Title_label_fr"/>
    <link:loc xlink:type="locator" xlink:href="rj-all.xsd#rj_AnnualReportingGuidelines190Title" xlink:label="rj_AnnualReportingGuidelines190Title_loc"/>
    <link:label xlink:type="resource" xlink:label="rj_AnnualReportingGuidelines190Title_label_fr" xlink:role="http://www.xbrl.org/2003/role/label" xml:lang="fr" id="rj_AnnualReportingGuidelines190Title_label_fr">RJ 190 - Autres déclarations générales</link:label>
    <link:labelArc xlink:type="arc" xlink:arcrole="http://www.xbrl.org/2003/arcrole/concept-label" xlink:from="rj_AnnualReportingGuidelines190Title_loc" xlink:to="rj_AnnualReportingGuidelines190Title_label_fr"/>
    <link:loc xlink:type="locator" xlink:href="rj-all.xsd#rj_AnnualReportingGuidelines210Title" xlink:label="rj_AnnualReportingGuidelines210Title_loc"/>
    <link:label xlink:type="resource" xlink:label="rj_AnnualReportingGuidelines210Title_label_fr" xlink:role="http://www.xbrl.org/2003/role/label" xml:lang="fr" id="rj_AnnualReportingGuidelines210Title_label_fr">RJ 210 - Immobilisations incorporelles achetées</link:label>
    <link:labelArc xlink:type="arc" xlink:arcrole="http://www.xbrl.org/2003/arcrole/concept-label" xlink:from="rj_AnnualReportingGuidelines210Title_loc" xlink:to="rj_AnnualReportingGuidelines210Title_label_fr"/>
    <link:loc xlink:type="locator" xlink:href="rj-all.xsd#rj_AnnualReportingGuidelines212Title" xlink:label="rj_AnnualReportingGuidelines212Title_loc"/>
    <link:label xlink:type="resource" xlink:label="rj_AnnualReportingGuidelines212Title_label_fr" xlink:role="http://www.xbrl.org/2003/role/label" xml:lang="fr" id="rj_AnnualReportingGuidelines212Title_label_fr">RJ 212 - Immobilisations corporelles</link:label>
    <link:labelArc xlink:type="arc" xlink:arcrole="http://www.xbrl.org/2003/arcrole/concept-label" xlink:from="rj_AnnualReportingGuidelines212Title_loc" xlink:to="rj_AnnualReportingGuidelines212Title_label_fr"/>
    <link:loc xlink:type="locator" xlink:href="rj-all.xsd#rj_AnnualReportingGuidelines213Title" xlink:label="rj_AnnualReportingGuidelines213Title_loc"/>
    <link:label xlink:type="resource" xlink:label="rj_AnnualReportingGuidelines213Title_label_fr" xlink:role="http://www.xbrl.org/2003/role/label" xml:lang="fr" id="rj_AnnualReportingGuidelines213Title_label_fr">RJ 213 - Immeubles de placement</link:label>
    <link:labelArc xlink:type="arc" xlink:arcrole="http://www.xbrl.org/2003/arcrole/concept-label" xlink:from="rj_AnnualReportingGuidelines213Title_loc" xlink:to="rj_AnnualReportingGuidelines213Title_label_fr"/>
    <link:loc xlink:type="locator" xlink:href="rj-all.xsd#rj_AnnualReportingGuidelines214Title" xlink:label="rj_AnnualReportingGuidelines214Title_loc"/>
    <link:label xlink:type="resource" xlink:label="rj_AnnualReportingGuidelines214Title_label_fr" xlink:role="http://www.xbrl.org/2003/role/label" xml:lang="fr" id="rj_AnnualReportingGuidelines214Title_label_fr">RJ 214 - Immobilisations financières</link:label>
    <link:labelArc xlink:type="arc" xlink:arcrole="http://www.xbrl.org/2003/arcrole/concept-label" xlink:from="rj_AnnualReportingGuidelines214Title_loc" xlink:to="rj_AnnualReportingGuidelines214Title_label_fr"/>
    <link:loc xlink:type="locator" xlink:href="rj-all.xsd#rj_AnnualReportingGuidelines215Title" xlink:label="rj_AnnualReportingGuidelines215Title_loc"/>
    <link:label xlink:type="resource" xlink:label="rj_AnnualReportingGuidelines215Title_label_fr" xlink:role="http://www.xbrl.org/2003/role/label" xml:lang="fr" id="rj_AnnualReportingGuidelines215Title_label_fr">RJ 215 - Joint ventures</link:label>
    <link:labelArc xlink:type="arc" xlink:arcrole="http://www.xbrl.org/2003/arcrole/concept-label" xlink:from="rj_AnnualReportingGuidelines215Title_loc" xlink:to="rj_AnnualReportingGuidelines215Title_label_fr"/>
    <link:loc xlink:type="locator" xlink:href="rj-all.xsd#rj_AnnualReportingGuidelines216Title" xlink:label="rj_AnnualReportingGuidelines216Title_loc"/>
    <link:label xlink:type="resource" xlink:label="rj_AnnualReportingGuidelines216Title_label_fr" xlink:role="http://www.xbrl.org/2003/role/label" xml:lang="fr" id="rj_AnnualReportingGuidelines216Title_label_fr">RJ 216 - Fusions et acquisitions</link:label>
    <link:labelArc xlink:type="arc" xlink:arcrole="http://www.xbrl.org/2003/arcrole/concept-label" xlink:from="rj_AnnualReportingGuidelines216Title_loc" xlink:to="rj_AnnualReportingGuidelines216Title_label_fr"/>
    <link:loc xlink:type="locator" xlink:href="rj-all.xsd#rj_AnnualReportingGuidelines217Title" xlink:label="rj_AnnualReportingGuidelines217Title_loc"/>
    <link:label xlink:type="resource" xlink:label="rj_AnnualReportingGuidelines217Title_label_fr" xlink:role="http://www.xbrl.org/2003/role/label" xml:lang="fr" id="rj_AnnualReportingGuidelines217Title_label_fr">RJ 217 - Consolidation</link:label>
    <link:labelArc xlink:type="arc" xlink:arcrole="http://www.xbrl.org/2003/arcrole/concept-label" xlink:from="rj_AnnualReportingGuidelines217Title_loc" xlink:to="rj_AnnualReportingGuidelines217Title_label_fr"/>
    <link:loc xlink:type="locator" xlink:href="rj-all.xsd#rj_AnnualReportingGuidelines220Title" xlink:label="rj_AnnualReportingGuidelines220Title_loc"/>
    <link:label xlink:type="resource" xlink:label="rj_AnnualReportingGuidelines220Title_label_fr" xlink:role="http://www.xbrl.org/2003/role/label" xml:lang="fr" id="rj_AnnualReportingGuidelines220Title_label_fr">RJ 220 - Stocks</link:label>
    <link:labelArc xlink:type="arc" xlink:arcrole="http://www.xbrl.org/2003/arcrole/concept-label" xlink:from="rj_AnnualReportingGuidelines220Title_loc" xlink:to="rj_AnnualReportingGuidelines220Title_label_fr"/>
    <link:loc xlink:type="locator" xlink:href="rj-all.xsd#rj_AnnualReportingGuidelines221Title" xlink:label="rj_AnnualReportingGuidelines221Title_loc"/>
    <link:label xlink:type="resource" xlink:label="rj_AnnualReportingGuidelines221Title_label_fr" xlink:role="http://www.xbrl.org/2003/role/label" xml:lang="fr" id="rj_AnnualReportingGuidelines221Title_label_fr">RJ 221 - Projets en cours</link:label>
    <link:labelArc xlink:type="arc" xlink:arcrole="http://www.xbrl.org/2003/arcrole/concept-label" xlink:from="rj_AnnualReportingGuidelines221Title_loc" xlink:to="rj_AnnualReportingGuidelines221Title_label_fr"/>
    <link:loc xlink:type="locator" xlink:href="rj-all.xsd#rj_AnnualReportingGuidelines222Title" xlink:label="rj_AnnualReportingGuidelines222Title_loc"/>
    <link:label xlink:type="resource" xlink:label="rj_AnnualReportingGuidelines222Title_label_fr" xlink:role="http://www.xbrl.org/2003/role/label" xml:lang="fr" id="rj_AnnualReportingGuidelines222Title_label_fr">RJ 222 - Créances</link:label>
    <link:labelArc xlink:type="arc" xlink:arcrole="http://www.xbrl.org/2003/arcrole/concept-label" xlink:from="rj_AnnualReportingGuidelines222Title_loc" xlink:to="rj_AnnualReportingGuidelines222Title_label_fr"/>
    <link:loc xlink:type="locator" xlink:href="rj-all.xsd#rj_AnnualReportingGuidelines224Title" xlink:label="rj_AnnualReportingGuidelines224Title_loc"/>
    <link:label xlink:type="resource" xlink:label="rj_AnnualReportingGuidelines224Title_label_fr" xlink:role="http://www.xbrl.org/2003/role/label" xml:lang="fr" id="rj_AnnualReportingGuidelines224Title_label_fr">RJ 224 - Actifs de régularisation</link:label>
    <link:labelArc xlink:type="arc" xlink:arcrole="http://www.xbrl.org/2003/arcrole/concept-label" xlink:from="rj_AnnualReportingGuidelines224Title_loc" xlink:to="rj_AnnualReportingGuidelines224Title_label_fr"/>
    <link:loc xlink:type="locator" xlink:href="rj-all.xsd#rj_AnnualReportingGuidelines226Title" xlink:label="rj_AnnualReportingGuidelines226Title_loc"/>
    <link:label xlink:type="resource" xlink:label="rj_AnnualReportingGuidelines226Title_label_fr" xlink:role="http://www.xbrl.org/2003/role/label" xml:lang="fr" id="rj_AnnualReportingGuidelines226Title_label_fr">RJ 226 - Valeurs mobilières</link:label>
    <link:labelArc xlink:type="arc" xlink:arcrole="http://www.xbrl.org/2003/arcrole/concept-label" xlink:from="rj_AnnualReportingGuidelines226Title_loc" xlink:to="rj_AnnualReportingGuidelines226Title_label_fr"/>
    <link:loc xlink:type="locator" xlink:href="rj-all.xsd#rj_AnnualReportingGuidelines228Title" xlink:label="rj_AnnualReportingGuidelines228Title_loc"/>
    <link:label xlink:type="resource" xlink:label="rj_AnnualReportingGuidelines228Title_label_fr" xlink:role="http://www.xbrl.org/2003/role/label" xml:lang="fr" id="rj_AnnualReportingGuidelines228Title_label_fr">RJ 228 - Liquidités</link:label>
    <link:labelArc xlink:type="arc" xlink:arcrole="http://www.xbrl.org/2003/arcrole/concept-label" xlink:from="rj_AnnualReportingGuidelines228Title_loc" xlink:to="rj_AnnualReportingGuidelines228Title_label_fr"/>
    <link:loc xlink:type="locator" xlink:href="rj-all.xsd#rj_AnnualReportingGuidelines240Title" xlink:label="rj_AnnualReportingGuidelines240Title_loc"/>
    <link:label xlink:type="resource" xlink:label="rj_AnnualReportingGuidelines240Title_label_fr" xlink:role="http://www.xbrl.org/2003/role/label" xml:lang="fr" id="rj_AnnualReportingGuidelines240Title_label_fr">RJ 240 - Fonds propres</link:label>
    <link:labelArc xlink:type="arc" xlink:arcrole="http://www.xbrl.org/2003/arcrole/concept-label" xlink:from="rj_AnnualReportingGuidelines240Title_loc" xlink:to="rj_AnnualReportingGuidelines240Title_label_fr"/>
    <link:loc xlink:type="locator" xlink:href="rj-all.xsd#rj_AnnualReportingGuidelines252Title" xlink:label="rj_AnnualReportingGuidelines252Title_loc"/>
    <link:label xlink:type="resource" xlink:label="rj_AnnualReportingGuidelines252Title_label_fr" xlink:role="http://www.xbrl.org/2003/role/label" xml:lang="fr" id="rj_AnnualReportingGuidelines252Title_label_fr">RJ 252 - Provisions, passifs non repris dans le bilan et actifs non repris dans le bilan</link:label>
    <link:labelArc xlink:type="arc" xlink:arcrole="http://www.xbrl.org/2003/arcrole/concept-label" xlink:from="rj_AnnualReportingGuidelines252Title_loc" xlink:to="rj_AnnualReportingGuidelines252Title_label_fr"/>
    <link:loc xlink:type="locator" xlink:href="rj-all.xsd#rj_AnnualReportingGuidelines254Title" xlink:label="rj_AnnualReportingGuidelines254Title_loc"/>
    <link:label xlink:type="resource" xlink:label="rj_AnnualReportingGuidelines254Title_label_fr" xlink:role="http://www.xbrl.org/2003/role/label" xml:lang="fr" id="rj_AnnualReportingGuidelines254Title_label_fr">RJ 254 - Dettes</link:label>
    <link:labelArc xlink:type="arc" xlink:arcrole="http://www.xbrl.org/2003/arcrole/concept-label" xlink:from="rj_AnnualReportingGuidelines254Title_loc" xlink:to="rj_AnnualReportingGuidelines254Title_label_fr"/>
    <link:loc xlink:type="locator" xlink:href="rj-all.xsd#rj_AnnualReportingGuidelines258Title" xlink:label="rj_AnnualReportingGuidelines258Title_loc"/>
    <link:label xlink:type="resource" xlink:label="rj_AnnualReportingGuidelines258Title_label_fr" xlink:role="http://www.xbrl.org/2003/role/label" xml:lang="fr" id="rj_AnnualReportingGuidelines258Title_label_fr">RJ 258 - Passifs de régularisation</link:label>
    <link:labelArc xlink:type="arc" xlink:arcrole="http://www.xbrl.org/2003/arcrole/concept-label" xlink:from="rj_AnnualReportingGuidelines258Title_loc" xlink:to="rj_AnnualReportingGuidelines258Title_label_fr"/>
    <link:loc xlink:type="locator" xlink:href="rj-all.xsd#rj_AnnualReportingGuidelines265Title" xlink:label="rj_AnnualReportingGuidelines265Title_loc"/>
    <link:label xlink:type="resource" xlink:label="rj_AnnualReportingGuidelines265Title_label_fr" xlink:role="http://www.xbrl.org/2003/role/label" xml:lang="fr" id="rj_AnnualReportingGuidelines265Title_label_fr">RJ 265 - État du résultat total de l'entreprise dotée de la personnalité juridique</link:label>
    <link:labelArc xlink:type="arc" xlink:arcrole="http://www.xbrl.org/2003/arcrole/concept-label" xlink:from="rj_AnnualReportingGuidelines265Title_loc" xlink:to="rj_AnnualReportingGuidelines265Title_label_fr"/>
    <link:loc xlink:type="locator" xlink:href="rj-all.xsd#rj_AnnualReportingGuidelines270Title" xlink:label="rj_AnnualReportingGuidelines270Title_loc"/>
    <link:label xlink:type="resource" xlink:label="rj_AnnualReportingGuidelines270Title_label_fr" xlink:role="http://www.xbrl.org/2003/role/label" xml:lang="fr" id="rj_AnnualReportingGuidelines270Title_label_fr">RJ 270 - Le compte des pertes et profits</link:label>
    <link:labelArc xlink:type="arc" xlink:arcrole="http://www.xbrl.org/2003/arcrole/concept-label" xlink:from="rj_AnnualReportingGuidelines270Title_loc" xlink:to="rj_AnnualReportingGuidelines270Title_label_fr"/>
    <link:loc xlink:type="locator" xlink:href="rj-all.xsd#rj_AnnualReportingGuidelines271Title" xlink:label="rj_AnnualReportingGuidelines271Title_loc"/>
    <link:label xlink:type="resource" xlink:label="rj_AnnualReportingGuidelines271Title_label_fr" xlink:role="http://www.xbrl.org/2003/role/label" xml:lang="fr" id="rj_AnnualReportingGuidelines271Title_label_fr">RJ 271 - Primes du personnel</link:label>
    <link:labelArc xlink:type="arc" xlink:arcrole="http://www.xbrl.org/2003/arcrole/concept-label" xlink:from="rj_AnnualReportingGuidelines271Title_loc" xlink:to="rj_AnnualReportingGuidelines271Title_label_fr"/>
    <link:loc xlink:type="locator" xlink:href="rj-all.xsd#rj_AnnualReportingGuidelines272Title" xlink:label="rj_AnnualReportingGuidelines272Title_loc"/>
    <link:label xlink:type="resource" xlink:label="rj_AnnualReportingGuidelines272Title_label_fr" xlink:role="http://www.xbrl.org/2003/role/label" xml:lang="fr" id="rj_AnnualReportingGuidelines272Title_label_fr">RJ 272 - Impôt sur le revenu</link:label>
    <link:labelArc xlink:type="arc" xlink:arcrole="http://www.xbrl.org/2003/arcrole/concept-label" xlink:from="rj_AnnualReportingGuidelines272Title_loc" xlink:to="rj_AnnualReportingGuidelines272Title_label_fr"/>
    <link:loc xlink:type="locator" xlink:href="rj-all.xsd#rj_AnnualReportingGuidelines273Title" xlink:label="rj_AnnualReportingGuidelines273Title_loc"/>
    <link:label xlink:type="resource" xlink:label="rj_AnnualReportingGuidelines273Title_label_fr" xlink:role="http://www.xbrl.org/2003/role/label" xml:lang="fr" id="rj_AnnualReportingGuidelines273Title_label_fr">RJ 273 - Charges d'intérêt</link:label>
    <link:labelArc xlink:type="arc" xlink:arcrole="http://www.xbrl.org/2003/arcrole/concept-label" xlink:from="rj_AnnualReportingGuidelines273Title_loc" xlink:to="rj_AnnualReportingGuidelines273Title_label_fr"/>
    <link:loc xlink:type="locator" xlink:href="rj-all.xsd#rj_AnnualReportingGuidelines274Title" xlink:label="rj_AnnualReportingGuidelines274Title_loc"/>
    <link:label xlink:type="resource" xlink:label="rj_AnnualReportingGuidelines274Title_label_fr" xlink:role="http://www.xbrl.org/2003/role/label" xml:lang="fr" id="rj_AnnualReportingGuidelines274Title_label_fr">RJ 274 - Subventions publiques</link:label>
    <link:labelArc xlink:type="arc" xlink:arcrole="http://www.xbrl.org/2003/arcrole/concept-label" xlink:from="rj_AnnualReportingGuidelines274Title_loc" xlink:to="rj_AnnualReportingGuidelines274Title_label_fr"/>
    <link:loc xlink:type="locator" xlink:href="rj-all.xsd#rj_AnnualReportingGuidelines275Title" xlink:label="rj_AnnualReportingGuidelines275Title_loc"/>
    <link:label xlink:type="resource" xlink:label="rj_AnnualReportingGuidelines275Title_label_fr" xlink:role="http://www.xbrl.org/2003/role/label" xml:lang="fr" id="rj_AnnualReportingGuidelines275Title_label_fr">RJ 275 - Paiement fondé sur les actions</link:label>
    <link:labelArc xlink:type="arc" xlink:arcrole="http://www.xbrl.org/2003/arcrole/concept-label" xlink:from="rj_AnnualReportingGuidelines275Title_loc" xlink:to="rj_AnnualReportingGuidelines275Title_label_fr"/>
    <link:loc xlink:type="locator" xlink:href="rj-all.xsd#rj_AnnualReportingGuidelines290Title" xlink:label="rj_AnnualReportingGuidelines290Title_loc"/>
    <link:label xlink:type="resource" xlink:label="rj_AnnualReportingGuidelines290Title_label_fr" xlink:role="http://www.xbrl.org/2003/role/label" xml:lang="fr" id="rj_AnnualReportingGuidelines290Title_label_fr">RJ 290 - Instruments financiers</link:label>
    <link:labelArc xlink:type="arc" xlink:arcrole="http://www.xbrl.org/2003/arcrole/concept-label" xlink:from="rj_AnnualReportingGuidelines290Title_loc" xlink:to="rj_AnnualReportingGuidelines290Title_label_fr"/>
    <link:loc xlink:type="locator" xlink:href="rj-all.xsd#rj_AnnualReportingGuidelines292Title" xlink:label="rj_AnnualReportingGuidelines292Title_loc"/>
    <link:label xlink:type="resource" xlink:label="rj_AnnualReportingGuidelines292Title_label_fr" xlink:role="http://www.xbrl.org/2003/role/label" xml:lang="fr" id="rj_AnnualReportingGuidelines292Title_label_fr">RJ 292 - Leasing</link:label>
    <link:labelArc xlink:type="arc" xlink:arcrole="http://www.xbrl.org/2003/arcrole/concept-label" xlink:from="rj_AnnualReportingGuidelines292Title_loc" xlink:to="rj_AnnualReportingGuidelines292Title_label_fr"/>
    <link:loc xlink:type="locator" xlink:href="rj-all.xsd#rj_AnnualReportingGuidelines300Title" xlink:label="rj_AnnualReportingGuidelines300Title_loc"/>
    <link:label xlink:type="resource" xlink:label="rj_AnnualReportingGuidelines300Title_label_fr" xlink:role="http://www.xbrl.org/2003/role/label" xml:lang="fr" id="rj_AnnualReportingGuidelines300Title_label_fr">RJ 300 - Fonction et classification</link:label>
    <link:labelArc xlink:type="arc" xlink:arcrole="http://www.xbrl.org/2003/arcrole/concept-label" xlink:from="rj_AnnualReportingGuidelines300Title_loc" xlink:to="rj_AnnualReportingGuidelines300Title_label_fr"/>
    <link:loc xlink:type="locator" xlink:href="rj-all.xsd#rj_AnnualReportingGuidelines315Title" xlink:label="rj_AnnualReportingGuidelines315Title_loc"/>
    <link:label xlink:type="resource" xlink:label="rj_AnnualReportingGuidelines315Title_label_fr" xlink:role="http://www.xbrl.org/2003/role/label" xml:lang="fr" id="rj_AnnualReportingGuidelines315Title_label_fr">RJ 315 - Exonérations pour les entreprises de taille moyenne dotées de la personnalité juridique</link:label>
    <link:labelArc xlink:type="arc" xlink:arcrole="http://www.xbrl.org/2003/arcrole/concept-label" xlink:from="rj_AnnualReportingGuidelines315Title_loc" xlink:to="rj_AnnualReportingGuidelines315Title_label_fr"/>
    <link:loc xlink:type="locator" xlink:href="rj-all.xsd#rj_AnnualReportingGuidelines330Title" xlink:label="rj_AnnualReportingGuidelines330Title_loc"/>
    <link:label xlink:type="resource" xlink:label="rj_AnnualReportingGuidelines330Title_label_fr" xlink:role="http://www.xbrl.org/2003/role/label" xml:lang="fr" id="rj_AnnualReportingGuidelines330Title_label_fr">RJ 330 - Parties liées</link:label>
    <link:labelArc xlink:type="arc" xlink:arcrole="http://www.xbrl.org/2003/arcrole/concept-label" xlink:from="rj_AnnualReportingGuidelines330Title_loc" xlink:to="rj_AnnualReportingGuidelines330Title_label_fr"/>
    <link:loc xlink:type="locator" xlink:href="rj-all.xsd#rj_AnnualReportingGuidelines340Title" xlink:label="rj_AnnualReportingGuidelines340Title_loc"/>
    <link:label xlink:type="resource" xlink:label="rj_AnnualReportingGuidelines340Title_label_fr" xlink:role="http://www.xbrl.org/2003/role/label" xml:lang="fr" id="rj_AnnualReportingGuidelines340Title_label_fr">RJ 340 - Bénéfice par action</link:label>
    <link:labelArc xlink:type="arc" xlink:arcrole="http://www.xbrl.org/2003/arcrole/concept-label" xlink:from="rj_AnnualReportingGuidelines340Title_loc" xlink:to="rj_AnnualReportingGuidelines340Title_label_fr"/>
    <link:loc xlink:type="locator" xlink:href="rj-all.xsd#rj_AnnualReportingGuidelines345Title" xlink:label="rj_AnnualReportingGuidelines345Title_loc"/>
    <link:label xlink:type="resource" xlink:label="rj_AnnualReportingGuidelines345Title_label_fr" xlink:role="http://www.xbrl.org/2003/role/label" xml:lang="fr" id="rj_AnnualReportingGuidelines345Title_label_fr">RJ 345 - Abandon des activités de l'entreprise</link:label>
    <link:labelArc xlink:type="arc" xlink:arcrole="http://www.xbrl.org/2003/arcrole/concept-label" xlink:from="rj_AnnualReportingGuidelines345Title_loc" xlink:to="rj_AnnualReportingGuidelines345Title_label_fr"/>
    <link:loc xlink:type="locator" xlink:href="rj-all.xsd#rj_AnnualReportingGuidelines350Title" xlink:label="rj_AnnualReportingGuidelines350Title_loc"/>
    <link:label xlink:type="resource" xlink:label="rj_AnnualReportingGuidelines350Title_label_fr" xlink:role="http://www.xbrl.org/2003/role/label" xml:lang="fr" id="rj_AnnualReportingGuidelines350Title_label_fr">RJ 350 - Informations segmentées</link:label>
    <link:labelArc xlink:type="arc" xlink:arcrole="http://www.xbrl.org/2003/arcrole/concept-label" xlink:from="rj_AnnualReportingGuidelines350Title_loc" xlink:to="rj_AnnualReportingGuidelines350Title_label_fr"/>
    <link:loc xlink:type="locator" xlink:href="rj-all.xsd#rj_AnnualReportingGuidelines360Title" xlink:label="rj_AnnualReportingGuidelines360Title_loc"/>
    <link:label xlink:type="resource" xlink:label="rj_AnnualReportingGuidelines360Title_label_fr" xlink:role="http://www.xbrl.org/2003/role/label" xml:lang="fr" id="rj_AnnualReportingGuidelines360Title_label_fr">RJ 360 - L'état du flux de trésorerie</link:label>
    <link:labelArc xlink:type="arc" xlink:arcrole="http://www.xbrl.org/2003/arcrole/concept-label" xlink:from="rj_AnnualReportingGuidelines360Title_loc" xlink:to="rj_AnnualReportingGuidelines360Title_label_fr"/>
    <link:loc xlink:type="locator" xlink:href="rj-all.xsd#rj_AnnualReportingGuidelines390Title" xlink:label="rj_AnnualReportingGuidelines390Title_loc"/>
    <link:label xlink:type="resource" xlink:label="rj_AnnualReportingGuidelines390Title_label_fr" xlink:role="http://www.xbrl.org/2003/role/label" xml:lang="fr" id="rj_AnnualReportingGuidelines390Title_label_fr">RJ 390 - Autres informations à insérer dans l'annexe</link:label>
    <link:labelArc xlink:type="arc" xlink:arcrole="http://www.xbrl.org/2003/arcrole/concept-label" xlink:from="rj_AnnualReportingGuidelines390Title_loc" xlink:to="rj_AnnualReportingGuidelines390Title_label_fr"/>
    <link:loc xlink:type="locator" xlink:href="rj-all.xsd#rj_AnnualReportingGuidelines394Title" xlink:label="rj_AnnualReportingGuidelines394Title_loc"/>
    <link:label xlink:type="resource" xlink:label="rj_AnnualReportingGuidelines394Title_label_fr" xlink:role="http://www.xbrl.org/2003/role/label" xml:lang="fr" id="rj_AnnualReportingGuidelines394Title_label_fr">RJ 394 - Messages intermédiaires</link:label>
    <link:labelArc xlink:type="arc" xlink:arcrole="http://www.xbrl.org/2003/arcrole/concept-label" xlink:from="rj_AnnualReportingGuidelines394Title_loc" xlink:to="rj_AnnualReportingGuidelines394Title_label_fr"/>
    <link:loc xlink:type="locator" xlink:href="rj-all.xsd#rj_AnnualReportingGuidelines396Title" xlink:label="rj_AnnualReportingGuidelines396Title_loc"/>
    <link:label xlink:type="resource" xlink:label="rj_AnnualReportingGuidelines396Title_label_fr" xlink:role="http://www.xbrl.org/2003/role/label" xml:lang="fr" id="rj_AnnualReportingGuidelines396Title_label_fr">RJ 396 - Publicité</link:label>
    <link:labelArc xlink:type="arc" xlink:arcrole="http://www.xbrl.org/2003/arcrole/concept-label" xlink:from="rj_AnnualReportingGuidelines396Title_loc" xlink:to="rj_AnnualReportingGuidelines396Title_label_fr"/>
    <link:loc xlink:type="locator" xlink:href="rj-all.xsd#rj_AnnualReportingGuidelines400Title" xlink:label="rj_AnnualReportingGuidelines400Title_loc"/>
    <link:label xlink:type="resource" xlink:label="rj_AnnualReportingGuidelines400Title_label_fr" xlink:role="http://www.xbrl.org/2003/role/label" xml:lang="fr" id="rj_AnnualReportingGuidelines400Title_label_fr">RJ 400 - Rapport de gestion</link:label>
    <link:labelArc xlink:type="arc" xlink:arcrole="http://www.xbrl.org/2003/arcrole/concept-label" xlink:from="rj_AnnualReportingGuidelines400Title_loc" xlink:to="rj_AnnualReportingGuidelines400Title_label_fr"/>
    <link:loc xlink:type="locator" xlink:href="rj-all.xsd#rj_AnnualReportingGuidelines404Title" xlink:label="rj_AnnualReportingGuidelines404Title_loc"/>
    <link:label xlink:type="resource" xlink:label="rj_AnnualReportingGuidelines404Title_label_fr" xlink:role="http://www.xbrl.org/2003/role/label" xml:lang="fr" id="rj_AnnualReportingGuidelines404Title_label_fr">RJ 404 - Rapport de rémunération et rapport de rémunération</link:label>
    <link:labelArc xlink:type="arc" xlink:arcrole="http://www.xbrl.org/2003/arcrole/concept-label" xlink:from="rj_AnnualReportingGuidelines404Title_loc" xlink:to="rj_AnnualReportingGuidelines404Title_label_fr"/>
    <link:loc xlink:type="locator" xlink:href="rj-all.xsd#rj_AnnualReportingGuidelines405Title" xlink:label="rj_AnnualReportingGuidelines405Title_loc"/>
    <link:label xlink:type="resource" xlink:label="rj_AnnualReportingGuidelines405Title_label_fr" xlink:role="http://www.xbrl.org/2003/role/label" xml:lang="fr" id="rj_AnnualReportingGuidelines405Title_label_fr">RJ 405 - Rapport du collège des commissaires</link:label>
    <link:labelArc xlink:type="arc" xlink:arcrole="http://www.xbrl.org/2003/arcrole/concept-label" xlink:from="rj_AnnualReportingGuidelines405Title_loc" xlink:to="rj_AnnualReportingGuidelines405Title_label_fr"/>
    <link:loc xlink:type="locator" xlink:href="rj-all.xsd#rj_AnnualReportingGuidelines410Title" xlink:label="rj_AnnualReportingGuidelines410Title_loc"/>
    <link:label xlink:type="resource" xlink:label="rj_AnnualReportingGuidelines410Title_label_fr" xlink:role="http://www.xbrl.org/2003/role/label" xml:lang="fr" id="rj_AnnualReportingGuidelines410Title_label_fr">RJ 410 - Autres données</link:label>
    <link:labelArc xlink:type="arc" xlink:arcrole="http://www.xbrl.org/2003/arcrole/concept-label" xlink:from="rj_AnnualReportingGuidelines410Title_loc" xlink:to="rj_AnnualReportingGuidelines410Title_label_fr"/>
    <link:loc xlink:type="locator" xlink:href="rj-all.xsd#rj_AnnualReportingGuidelines420Title" xlink:label="rj_AnnualReportingGuidelines420Title_loc"/>
    <link:label xlink:type="resource" xlink:label="rj_AnnualReportingGuidelines420Title_label_fr" xlink:role="http://www.xbrl.org/2003/role/label" xml:lang="fr" id="rj_AnnualReportingGuidelines420Title_label_fr">RJ 420 - Affectation du résultat, comptabilisation des pertes</link:label>
    <link:labelArc xlink:type="arc" xlink:arcrole="http://www.xbrl.org/2003/arcrole/concept-label" xlink:from="rj_AnnualReportingGuidelines420Title_loc" xlink:to="rj_AnnualReportingGuidelines420Title_label_fr"/>
    <link:loc xlink:type="locator" xlink:href="rj-all.xsd#rj_AnnualReportingGuidelines430Title" xlink:label="rj_AnnualReportingGuidelines430Title_loc"/>
    <link:label xlink:type="resource" xlink:label="rj_AnnualReportingGuidelines430Title_label_fr" xlink:role="http://www.xbrl.org/2003/role/label" xml:lang="fr" id="rj_AnnualReportingGuidelines430Title_label_fr">RJ 430 - Chiffres clés, ratios et états pluriannuels</link:label>
    <link:labelArc xlink:type="arc" xlink:arcrole="http://www.xbrl.org/2003/arcrole/concept-label" xlink:from="rj_AnnualReportingGuidelines430Title_loc" xlink:to="rj_AnnualReportingGuidelines430Title_label_fr"/>
    <link:loc xlink:type="locator" xlink:href="rj-all.xsd#rj_AnnualReportingGuidelines600Title" xlink:label="rj_AnnualReportingGuidelines600Title_loc"/>
    <link:label xlink:type="resource" xlink:label="rj_AnnualReportingGuidelines600Title_label_fr" xlink:role="http://www.xbrl.org/2003/role/label" xml:lang="fr" id="rj_AnnualReportingGuidelines600Title_label_fr">RJ 600 - Banques</link:label>
    <link:labelArc xlink:type="arc" xlink:arcrole="http://www.xbrl.org/2003/arcrole/concept-label" xlink:from="rj_AnnualReportingGuidelines600Title_loc" xlink:to="rj_AnnualReportingGuidelines600Title_label_fr"/>
    <link:loc xlink:type="locator" xlink:href="rj-all.xsd#rj_AnnualReportingGuidelines605Title" xlink:label="rj_AnnualReportingGuidelines605Title_loc"/>
    <link:label xlink:type="resource" xlink:label="rj_AnnualReportingGuidelines605Title_label_fr" xlink:role="http://www.xbrl.org/2003/role/label" xml:lang="fr" id="rj_AnnualReportingGuidelines605Title_label_fr">RJ 605 - Compagnies d'assurances</link:label>
    <link:labelArc xlink:type="arc" xlink:arcrole="http://www.xbrl.org/2003/arcrole/concept-label" xlink:from="rj_AnnualReportingGuidelines605Title_loc" xlink:to="rj_AnnualReportingGuidelines605Title_label_fr"/>
    <link:loc xlink:type="locator" xlink:href="rj-all.xsd#rj_AnnualReportingGuidelines610Title" xlink:label="rj_AnnualReportingGuidelines610Title_loc"/>
    <link:label xlink:type="resource" xlink:label="rj_AnnualReportingGuidelines610Title_label_fr" xlink:role="http://www.xbrl.org/2003/role/label" xml:lang="fr" id="rj_AnnualReportingGuidelines610Title_label_fr">RJ 610 - Fonds de retraite</link:label>
    <link:labelArc xlink:type="arc" xlink:arcrole="http://www.xbrl.org/2003/arcrole/concept-label" xlink:from="rj_AnnualReportingGuidelines610Title_loc" xlink:to="rj_AnnualReportingGuidelines610Title_label_fr"/>
    <link:loc xlink:type="locator" xlink:href="rj-all.xsd#rj_AnnualReportingGuidelines611Title" xlink:label="rj_AnnualReportingGuidelines611Title_loc"/>
    <link:label xlink:type="resource" xlink:label="rj_AnnualReportingGuidelines611Title_label_fr" xlink:role="http://www.xbrl.org/2003/role/label" xml:lang="fr" id="rj_AnnualReportingGuidelines611Title_label_fr">RJ 611 - Les institutions de retraite premium</link:label>
    <link:labelArc xlink:type="arc" xlink:arcrole="http://www.xbrl.org/2003/arcrole/concept-label" xlink:from="rj_AnnualReportingGuidelines611Title_loc" xlink:to="rj_AnnualReportingGuidelines611Title_label_fr"/>
    <link:loc xlink:type="locator" xlink:href="rj-all.xsd#rj_AnnualReportingGuidelines615Title" xlink:label="rj_AnnualReportingGuidelines615Title_loc"/>
    <link:label xlink:type="resource" xlink:label="rj_AnnualReportingGuidelines615Title_label_fr" xlink:role="http://www.xbrl.org/2003/role/label" xml:lang="fr" id="rj_AnnualReportingGuidelines615Title_label_fr">RJ 615 -Entités d'investissement</link:label>
    <link:labelArc xlink:type="arc" xlink:arcrole="http://www.xbrl.org/2003/arcrole/concept-label" xlink:from="rj_AnnualReportingGuidelines615Title_loc" xlink:to="rj_AnnualReportingGuidelines615Title_label_fr"/>
    <link:loc xlink:type="locator" xlink:href="rj-all.xsd#rj_AnnualReportingGuidelines620Title" xlink:label="rj_AnnualReportingGuidelines620Title_loc"/>
    <link:label xlink:type="resource" xlink:label="rj_AnnualReportingGuidelines620Title_label_fr" xlink:role="http://www.xbrl.org/2003/role/label" xml:lang="fr" id="rj_AnnualReportingGuidelines620Title_label_fr">RJ 620 -Coopérations</link:label>
    <link:labelArc xlink:type="arc" xlink:arcrole="http://www.xbrl.org/2003/arcrole/concept-label" xlink:from="rj_AnnualReportingGuidelines620Title_loc" xlink:to="rj_AnnualReportingGuidelines620Title_label_fr"/>
    <link:loc xlink:type="locator" xlink:href="rj-all.xsd#rj_AnnualReportingGuidelines630Title" xlink:label="rj_AnnualReportingGuidelines630Title_loc"/>
    <link:label xlink:type="resource" xlink:label="rj_AnnualReportingGuidelines630Title_label_fr" xlink:role="http://www.xbrl.org/2003/role/label" xml:lang="fr" id="rj_AnnualReportingGuidelines630Title_label_fr">RJ 630 - Fondations commerciales et associations</link:label>
    <link:labelArc xlink:type="arc" xlink:arcrole="http://www.xbrl.org/2003/arcrole/concept-label" xlink:from="rj_AnnualReportingGuidelines630Title_loc" xlink:to="rj_AnnualReportingGuidelines630Title_label_fr"/>
    <link:loc xlink:type="locator" xlink:href="rj-all.xsd#rj_AnnualReportingGuidelines640Title" xlink:label="rj_AnnualReportingGuidelines640Title_loc"/>
    <link:label xlink:type="resource" xlink:label="rj_AnnualReportingGuidelines640Title_label_fr" xlink:role="http://www.xbrl.org/2003/role/label" xml:lang="fr" id="rj_AnnualReportingGuidelines640Title_label_fr">RJ 640 - Associations sans but lucratif</link:label>
    <link:labelArc xlink:type="arc" xlink:arcrole="http://www.xbrl.org/2003/arcrole/concept-label" xlink:from="rj_AnnualReportingGuidelines640Title_loc" xlink:to="rj_AnnualReportingGuidelines640Title_label_fr"/>
    <link:loc xlink:type="locator" xlink:href="rj-all.xsd#rj_AnnualReportingGuidelines645Title" xlink:label="rj_AnnualReportingGuidelines645Title_loc"/>
    <link:label xlink:type="resource" xlink:label="rj_AnnualReportingGuidelines645Title_label_fr" xlink:role="http://www.xbrl.org/2003/role/label" xml:lang="fr" id="rj_AnnualReportingGuidelines645Title_label_fr">RJ 645 - Établissements autorisés logement social</link:label>
    <link:labelArc xlink:type="arc" xlink:arcrole="http://www.xbrl.org/2003/arcrole/concept-label" xlink:from="rj_AnnualReportingGuidelines645Title_loc" xlink:to="rj_AnnualReportingGuidelines645Title_label_fr"/>
    <link:loc xlink:type="locator" xlink:href="rj-all.xsd#rj_AnnualReportingGuidelines650Title" xlink:label="rj_AnnualReportingGuidelines650Title_loc"/>
    <link:label xlink:type="resource" xlink:label="rj_AnnualReportingGuidelines650Title_label_fr" xlink:role="http://www.xbrl.org/2003/role/label" xml:lang="fr" id="rj_AnnualReportingGuidelines650Title_label_fr">RJ 650 - Établissements de collectes de fonds</link:label>
    <link:labelArc xlink:type="arc" xlink:arcrole="http://www.xbrl.org/2003/arcrole/concept-label" xlink:from="rj_AnnualReportingGuidelines650Title_loc" xlink:to="rj_AnnualReportingGuidelines650Title_label_fr"/>
    <link:loc xlink:type="locator" xlink:href="rj-all.xsd#rj_AnnualReportingGuidelines655Title" xlink:label="rj_AnnualReportingGuidelines655Title_loc"/>
    <link:label xlink:type="resource" xlink:label="rj_AnnualReportingGuidelines655Title_label_fr" xlink:role="http://www.xbrl.org/2003/role/label" xml:lang="fr" id="rj_AnnualReportingGuidelines655Title_label_fr">RJ 655 - Établissements de soins de santé</link:label>
    <link:labelArc xlink:type="arc" xlink:arcrole="http://www.xbrl.org/2003/arcrole/concept-label" xlink:from="rj_AnnualReportingGuidelines655Title_loc" xlink:to="rj_AnnualReportingGuidelines655Title_label_fr"/>
    <link:loc xlink:type="locator" xlink:href="rj-all.xsd#rj_AnnualReportingGuidelines660Title" xlink:label="rj_AnnualReportingGuidelines660Title_loc"/>
    <link:label xlink:type="resource" xlink:label="rj_AnnualReportingGuidelines660Title_label_fr" xlink:role="http://www.xbrl.org/2003/role/label" xml:lang="fr" id="rj_AnnualReportingGuidelines660Title_label_fr">RJ 660 - Établissements d'enseignement</link:label>
    <link:labelArc xlink:type="arc" xlink:arcrole="http://www.xbrl.org/2003/arcrole/concept-label" xlink:from="rj_AnnualReportingGuidelines660Title_loc" xlink:to="rj_AnnualReportingGuidelines660Title_label_fr"/>
    <link:loc xlink:type="locator" xlink:href="rj-all.xsd#rj_AnnualReportingGuidelines920Title" xlink:label="rj_AnnualReportingGuidelines920Title_loc"/>
    <link:label xlink:type="resource" xlink:label="rj_AnnualReportingGuidelines920Title_label_fr" xlink:role="http://www.xbrl.org/2003/role/label" xml:lang="fr" id="rj_AnnualReportingGuidelines920Title_label_fr">RJ 920 - Aide pour le bilan social</link:label>
    <link:labelArc xlink:type="arc" xlink:arcrole="http://www.xbrl.org/2003/arcrole/concept-label" xlink:from="rj_AnnualReportingGuidelines920Title_loc" xlink:to="rj_AnnualReportingGuidelines920Title_label_fr"/>
    <link:loc xlink:type="locator" xlink:href="rj-all.xsd#rj_AnnualReportingGuidelines921Title" xlink:label="rj_AnnualReportingGuidelines921Title_loc"/>
    <link:label xlink:type="resource" xlink:label="rj_AnnualReportingGuidelines921Title_label_fr" xlink:role="http://www.xbrl.org/2003/role/label" xml:lang="fr" id="rj_AnnualReportingGuidelines921Title_label_fr">RJ 921 - Aide à l'application de l'IAS 19R dans le cadre des pensions aux Pays-Bas</link:label>
    <link:labelArc xlink:type="arc" xlink:arcrole="http://www.xbrl.org/2003/arcrole/concept-label" xlink:from="rj_AnnualReportingGuidelines921Title_loc" xlink:to="rj_AnnualReportingGuidelines921Title_label_fr"/>
    <link:loc xlink:type="locator" xlink:href="rj-all.xsd#rj_AnnualReportingGuidelinesExpressions202013Title" xlink:label="rj_AnnualReportingGuidelinesExpressions202013Title_loc"/>
    <link:label xlink:type="resource" xlink:label="rj_AnnualReportingGuidelinesExpressions202013Title_label_fr" xlink:role="http://www.xbrl.org/2003/role/label" xml:lang="fr" id="rj_AnnualReportingGuidelinesExpressions202013Title_label_fr">RJ Déclaration 2020-13</link:label>
    <link:labelArc xlink:type="arc" xlink:arcrole="http://www.xbrl.org/2003/arcrole/concept-label" xlink:from="rj_AnnualReportingGuidelinesExpressions202013Title_loc" xlink:to="rj_AnnualReportingGuidelinesExpressions202013Title_label_fr"/>
    <link:loc xlink:type="locator" xlink:href="rj-all.xsd#rj_AnnualReportingGuidelinesExpressions202015Title" xlink:label="rj_AnnualReportingGuidelinesExpressions202015Title_loc"/>
    <link:label xlink:type="resource" xlink:label="rj_AnnualReportingGuidelinesExpressions202015Title_label_fr" xlink:role="http://www.xbrl.org/2003/role/label" xml:lang="fr" id="rj_AnnualReportingGuidelinesExpressions202015Title_label_fr">RJ Déclaration 2020-15</link:label>
    <link:labelArc xlink:type="arc" xlink:arcrole="http://www.xbrl.org/2003/arcrole/concept-label" xlink:from="rj_AnnualReportingGuidelinesExpressions202015Title_loc" xlink:to="rj_AnnualReportingGuidelinesExpressions202015Title_label_fr"/>
    <link:loc xlink:type="locator" xlink:href="rj-all.xsd#rj_AnnualReportingGuidelinesExpressionsTitle" xlink:label="rj_AnnualReportingGuidelinesExpressionsTitle_loc"/>
    <link:label xlink:type="resource" xlink:label="rj_AnnualReportingGuidelinesExpressionsTitle_label_fr" xlink:role="http://www.xbrl.org/2003/role/label" xml:lang="fr" id="rj_AnnualReportingGuidelinesExpressionsTitle_label_fr">RJ Déclarations</link:label>
    <link:labelArc xlink:type="arc" xlink:arcrole="http://www.xbrl.org/2003/arcrole/concept-label" xlink:from="rj_AnnualReportingGuidelinesExpressionsTitle_loc" xlink:to="rj_AnnualReportingGuidelinesExpressionsTitle_label_fr"/>
  </link:labelLink>
</link:linkbase>
