<?xml version="1.0" encoding="UTF-8"?>

<link:linkbase xmlns:xsi="http://www.w3.org/2001/XMLSchema-instance" xsi:schemaLocation="http://www.xbrl.org/2003/linkbase http://www.xbrl.org/2003/xbrl-linkbase-2003-12-31.xsd" xmlns:link="http://www.xbrl.org/2003/linkbase" xmlns:xlink="http://www.w3.org/1999/xlink" xmlns:xbrli="http://www.xbrl.org/2003/instance">
  <link:labelLink xlink:type="extended" xlink:role="http://www.xbrl.org/2003/role/link">
    <link:loc xlink:type="locator" xlink:href="rjk-all.xsd#rj_AnnualReportingGuidelinesA1Title" xlink:label="rj_AnnualReportingGuidelinesA1Title_loc"/>
    <link:label xlink:type="resource" xlink:label="rj_AnnualReportingGuidelinesA1Title_label_fr" xlink:role="http://www.xbrl.org/2003/role/label" xml:lang="fr" id="rj_AnnualReportingGuidelinesA1Title_label_fr">A1 - Présentation, statut, objectifs et principes directeurs</link:label>
    <link:labelArc xlink:type="arc" xlink:arcrole="http://www.xbrl.org/2003/arcrole/concept-label" xlink:from="rj_AnnualReportingGuidelinesA1Title_loc" xlink:to="rj_AnnualReportingGuidelinesA1Title_label_fr"/>
    <link:loc xlink:type="locator" xlink:href="rjk-all.xsd#rj_AnnualReportingGuidelinesA2Title" xlink:label="rj_AnnualReportingGuidelinesA2Title_loc"/>
    <link:label xlink:type="resource" xlink:label="rj_AnnualReportingGuidelinesA2Title_label_fr" xlink:role="http://www.xbrl.org/2003/role/label" xml:lang="fr" id="rj_AnnualReportingGuidelinesA2Title_label_fr">A2 - Traitement et évaluation</link:label>
    <link:labelArc xlink:type="arc" xlink:arcrole="http://www.xbrl.org/2003/arcrole/concept-label" xlink:from="rj_AnnualReportingGuidelinesA2Title_loc" xlink:to="rj_AnnualReportingGuidelinesA2Title_label_fr"/>
    <link:loc xlink:type="locator" xlink:href="rjk-all.xsd#rj_AnnualReportingGuidelinesA3Title" xlink:label="rj_AnnualReportingGuidelinesA3Title_loc"/>
    <link:label xlink:type="resource" xlink:label="rj_AnnualReportingGuidelinesA3Title_label_fr" xlink:role="http://www.xbrl.org/2003/role/label" xml:lang="fr" id="rj_AnnualReportingGuidelinesA3Title_label_fr">A3 - Changements de régime, d'estimations comptables et correction d'erreur</link:label>
    <link:labelArc xlink:type="arc" xlink:arcrole="http://www.xbrl.org/2003/arcrole/concept-label" xlink:from="rj_AnnualReportingGuidelinesA3Title_loc" xlink:to="rj_AnnualReportingGuidelinesA3Title_label_fr"/>
    <link:loc xlink:type="locator" xlink:href="rjk-all.xsd#rj_AnnualReportingGuidelinesA4Title" xlink:label="rj_AnnualReportingGuidelinesA4Title_loc"/>
    <link:label xlink:type="resource" xlink:label="rj_AnnualReportingGuidelinesA4Title_label_fr" xlink:role="http://www.xbrl.org/2003/role/label" xml:lang="fr" id="rj_AnnualReportingGuidelinesA4Title_label_fr">A4 - Événements postérieurs à la date du bilan</link:label>
    <link:labelArc xlink:type="arc" xlink:arcrole="http://www.xbrl.org/2003/arcrole/concept-label" xlink:from="rj_AnnualReportingGuidelinesA4Title_loc" xlink:to="rj_AnnualReportingGuidelinesA4Title_label_fr"/>
    <link:loc xlink:type="locator" xlink:href="rjk-all.xsd#rj_AnnualReportingGuidelinesA6Title" xlink:label="rj_AnnualReportingGuidelinesA6Title_loc"/>
    <link:label xlink:type="resource" xlink:label="rj_AnnualReportingGuidelinesA6Title_label_fr" xlink:role="http://www.xbrl.org/2003/role/label" xml:lang="fr" id="rj_AnnualReportingGuidelinesA6Title_label_fr">A6 - Publicité</link:label>
    <link:labelArc xlink:type="arc" xlink:arcrole="http://www.xbrl.org/2003/arcrole/concept-label" xlink:from="rj_AnnualReportingGuidelinesA6Title_loc" xlink:to="rj_AnnualReportingGuidelinesA6Title_label_fr"/>
    <link:loc xlink:type="locator" xlink:href="rjk-all.xsd#rj_AnnualReportingGuidelinesA8Title" xlink:label="rj_AnnualReportingGuidelinesA8Title_loc"/>
    <link:label xlink:type="resource" xlink:label="rj_AnnualReportingGuidelinesA8Title_label_fr" xlink:role="http://www.xbrl.org/2003/role/label" xml:lang="fr" id="rj_AnnualReportingGuidelinesA8Title_label_fr">A1 - Présentation, statut, objectifs et principes directeurs</link:label>
    <link:labelArc xlink:type="arc" xlink:arcrole="http://www.xbrl.org/2003/arcrole/concept-label" xlink:from="rj_AnnualReportingGuidelinesA8Title_loc" xlink:to="rj_AnnualReportingGuidelinesA8Title_label_fr"/>
    <link:loc xlink:type="locator" xlink:href="rjk-all.xsd#rj_AnnualReportingGuidelinesB1Title" xlink:label="rj_AnnualReportingGuidelinesB1Title_loc"/>
    <link:label xlink:type="resource" xlink:label="rj_AnnualReportingGuidelinesB1Title_label_fr" xlink:role="http://www.xbrl.org/2003/role/label" xml:lang="fr" id="rj_AnnualReportingGuidelinesB1Title_label_fr">B1 - Immobilisations incorporelles achetées</link:label>
    <link:labelArc xlink:type="arc" xlink:arcrole="http://www.xbrl.org/2003/arcrole/concept-label" xlink:from="rj_AnnualReportingGuidelinesB1Title_loc" xlink:to="rj_AnnualReportingGuidelinesB1Title_label_fr"/>
    <link:loc xlink:type="locator" xlink:href="rjk-all.xsd#rj_AnnualReportingGuidelinesB2Title" xlink:label="rj_AnnualReportingGuidelinesB2Title_loc"/>
    <link:label xlink:type="resource" xlink:label="rj_AnnualReportingGuidelinesB2Title_label_fr" xlink:role="http://www.xbrl.org/2003/role/label" xml:lang="fr" id="rj_AnnualReportingGuidelinesB2Title_label_fr">B2 - Immobilisations corporelles et immeubles de placement</link:label>
    <link:labelArc xlink:type="arc" xlink:arcrole="http://www.xbrl.org/2003/arcrole/concept-label" xlink:from="rj_AnnualReportingGuidelinesB2Title_loc" xlink:to="rj_AnnualReportingGuidelinesB2Title_label_fr"/>
    <link:loc xlink:type="locator" xlink:href="rjk-all.xsd#rj_AnnualReportingGuidelinesB3Title" xlink:label="rj_AnnualReportingGuidelinesB3Title_loc"/>
    <link:label xlink:type="resource" xlink:label="rj_AnnualReportingGuidelinesB3Title_label_fr" xlink:role="http://www.xbrl.org/2003/role/label" xml:lang="fr" id="rj_AnnualReportingGuidelinesB3Title_label_fr">B3 - Immobilisations financières et consolidation</link:label>
    <link:labelArc xlink:type="arc" xlink:arcrole="http://www.xbrl.org/2003/arcrole/concept-label" xlink:from="rj_AnnualReportingGuidelinesB3Title_loc" xlink:to="rj_AnnualReportingGuidelinesB3Title_label_fr"/>
    <link:loc xlink:type="locator" xlink:href="rjk-all.xsd#rj_AnnualReportingGuidelinesB4Title" xlink:label="rj_AnnualReportingGuidelinesB4Title_loc"/>
    <link:label xlink:type="resource" xlink:label="rj_AnnualReportingGuidelinesB4Title_label_fr" xlink:role="http://www.xbrl.org/2003/role/label" xml:lang="fr" id="rj_AnnualReportingGuidelinesB4Title_label_fr">B4 - Stocks</link:label>
    <link:labelArc xlink:type="arc" xlink:arcrole="http://www.xbrl.org/2003/arcrole/concept-label" xlink:from="rj_AnnualReportingGuidelinesB4Title_loc" xlink:to="rj_AnnualReportingGuidelinesB4Title_label_fr"/>
    <link:loc xlink:type="locator" xlink:href="rjk-all.xsd#rj_AnnualReportingGuidelinesB5Title" xlink:label="rj_AnnualReportingGuidelinesB5Title_loc"/>
    <link:label xlink:type="resource" xlink:label="rj_AnnualReportingGuidelinesB5Title_label_fr" xlink:role="http://www.xbrl.org/2003/role/label" xml:lang="fr" id="rj_AnnualReportingGuidelinesB5Title_label_fr">B5 - Créances et immobilisations de régularisation</link:label>
    <link:labelArc xlink:type="arc" xlink:arcrole="http://www.xbrl.org/2003/arcrole/concept-label" xlink:from="rj_AnnualReportingGuidelinesB5Title_loc" xlink:to="rj_AnnualReportingGuidelinesB5Title_label_fr"/>
    <link:loc xlink:type="locator" xlink:href="rjk-all.xsd#rj_AnnualReportingGuidelinesB6Title" xlink:label="rj_AnnualReportingGuidelinesB6Title_loc"/>
    <link:label xlink:type="resource" xlink:label="rj_AnnualReportingGuidelinesB6Title_label_fr" xlink:role="http://www.xbrl.org/2003/role/label" xml:lang="fr" id="rj_AnnualReportingGuidelinesB6Title_label_fr">B6 - Valeurs mobilières</link:label>
    <link:labelArc xlink:type="arc" xlink:arcrole="http://www.xbrl.org/2003/arcrole/concept-label" xlink:from="rj_AnnualReportingGuidelinesB6Title_loc" xlink:to="rj_AnnualReportingGuidelinesB6Title_label_fr"/>
    <link:loc xlink:type="locator" xlink:href="rjk-all.xsd#rj_AnnualReportingGuidelinesB7Title" xlink:label="rj_AnnualReportingGuidelinesB7Title_loc"/>
    <link:label xlink:type="resource" xlink:label="rj_AnnualReportingGuidelinesB7Title_label_fr" xlink:role="http://www.xbrl.org/2003/role/label" xml:lang="fr" id="rj_AnnualReportingGuidelinesB7Title_label_fr">B7 - Liquidités</link:label>
    <link:labelArc xlink:type="arc" xlink:arcrole="http://www.xbrl.org/2003/arcrole/concept-label" xlink:from="rj_AnnualReportingGuidelinesB7Title_loc" xlink:to="rj_AnnualReportingGuidelinesB7Title_label_fr"/>
    <link:loc xlink:type="locator" xlink:href="rjk-all.xsd#rj_AnnualReportingGuidelinesB8Title" xlink:label="rj_AnnualReportingGuidelinesB8Title_loc"/>
    <link:label xlink:type="resource" xlink:label="rj_AnnualReportingGuidelinesB8Title_label_fr" xlink:role="http://www.xbrl.org/2003/role/label" xml:lang="fr" id="rj_AnnualReportingGuidelinesB8Title_label_fr">B8 - Fonds propres</link:label>
    <link:labelArc xlink:type="arc" xlink:arcrole="http://www.xbrl.org/2003/arcrole/concept-label" xlink:from="rj_AnnualReportingGuidelinesB8Title_loc" xlink:to="rj_AnnualReportingGuidelinesB8Title_label_fr"/>
    <link:loc xlink:type="locator" xlink:href="rjk-all.xsd#rj_AnnualReportingGuidelinesB9Title" xlink:label="rj_AnnualReportingGuidelinesB9Title_loc"/>
    <link:label xlink:type="resource" xlink:label="rj_AnnualReportingGuidelinesB9Title_label_fr" xlink:role="http://www.xbrl.org/2003/role/label" xml:lang="fr" id="rj_AnnualReportingGuidelinesB9Title_label_fr">B9 - Passifs/Dettes</link:label>
    <link:labelArc xlink:type="arc" xlink:arcrole="http://www.xbrl.org/2003/arcrole/concept-label" xlink:from="rj_AnnualReportingGuidelinesB9Title_loc" xlink:to="rj_AnnualReportingGuidelinesB9Title_label_fr"/>
    <link:loc xlink:type="locator" xlink:href="rjk-all.xsd#rj_AnnualReportingGuidelinesB10Title" xlink:label="rj_AnnualReportingGuidelinesB10Title_loc"/>
    <link:label xlink:type="resource" xlink:label="rj_AnnualReportingGuidelinesB10Title_label_fr" xlink:role="http://www.xbrl.org/2003/role/label" xml:lang="fr" id="rj_AnnualReportingGuidelinesB10Title_label_fr">B10 - Provisions et passifs non repris dans le bilan</link:label>
    <link:labelArc xlink:type="arc" xlink:arcrole="http://www.xbrl.org/2003/arcrole/concept-label" xlink:from="rj_AnnualReportingGuidelinesB10Title_loc" xlink:to="rj_AnnualReportingGuidelinesB10Title_label_fr"/>
    <link:loc xlink:type="locator" xlink:href="rjk-all.xsd#rj_AnnualReportingGuidelinesB11Title" xlink:label="rj_AnnualReportingGuidelinesB11Title_loc"/>
    <link:label xlink:type="resource" xlink:label="rj_AnnualReportingGuidelinesB11Title_label_fr" xlink:role="http://www.xbrl.org/2003/role/label" xml:lang="fr" id="rj_AnnualReportingGuidelinesB11Title_label_fr">B11 - Leasing</link:label>
    <link:labelArc xlink:type="arc" xlink:arcrole="http://www.xbrl.org/2003/arcrole/concept-label" xlink:from="rj_AnnualReportingGuidelinesB11Title_loc" xlink:to="rj_AnnualReportingGuidelinesB11Title_label_fr"/>
    <link:loc xlink:type="locator" xlink:href="rjk-all.xsd#rj_AnnualReportingGuidelinesB12Title" xlink:label="rj_AnnualReportingGuidelinesB12Title_loc"/>
    <link:label xlink:type="resource" xlink:label="rj_AnnualReportingGuidelinesB12Title_label_fr" xlink:role="http://www.xbrl.org/2003/role/label" xml:lang="fr" id="rj_AnnualReportingGuidelinesB12Title_label_fr">B12 - Instruments financiers</link:label>
    <link:labelArc xlink:type="arc" xlink:arcrole="http://www.xbrl.org/2003/arcrole/concept-label" xlink:from="rj_AnnualReportingGuidelinesB12Title_loc" xlink:to="rj_AnnualReportingGuidelinesB12Title_label_fr"/>
    <link:loc xlink:type="locator" xlink:href="rjk-all.xsd#rj_AnnualReportingGuidelinesB13Title" xlink:label="rj_AnnualReportingGuidelinesB13Title_loc"/>
    <link:label xlink:type="resource" xlink:label="rj_AnnualReportingGuidelinesB13Title_label_fr" xlink:role="http://www.xbrl.org/2003/role/label" xml:lang="fr" id="rj_AnnualReportingGuidelinesB13Title_label_fr">B13 - Compte des pertes et profits</link:label>
    <link:labelArc xlink:type="arc" xlink:arcrole="http://www.xbrl.org/2003/arcrole/concept-label" xlink:from="rj_AnnualReportingGuidelinesB13Title_loc" xlink:to="rj_AnnualReportingGuidelinesB13Title_label_fr"/>
    <link:loc xlink:type="locator" xlink:href="rjk-all.xsd#rj_AnnualReportingGuidelinesB14Title" xlink:label="rj_AnnualReportingGuidelinesB14Title_loc"/>
    <link:label xlink:type="resource" xlink:label="rj_AnnualReportingGuidelinesB14Title_label_fr" xlink:role="http://www.xbrl.org/2003/role/label" xml:lang="fr" id="rj_AnnualReportingGuidelinesB14Title_label_fr">B14 - Primes du personnel</link:label>
    <link:labelArc xlink:type="arc" xlink:arcrole="http://www.xbrl.org/2003/arcrole/concept-label" xlink:from="rj_AnnualReportingGuidelinesB14Title_loc" xlink:to="rj_AnnualReportingGuidelinesB14Title_label_fr"/>
    <link:loc xlink:type="locator" xlink:href="rjk-all.xsd#rj_AnnualReportingGuidelinesB15Title" xlink:label="rj_AnnualReportingGuidelinesB15Title_loc"/>
    <link:label xlink:type="resource" xlink:label="rj_AnnualReportingGuidelinesB15Title_label_fr" xlink:role="http://www.xbrl.org/2003/role/label" xml:lang="fr" id="rj_AnnualReportingGuidelinesB15Title_label_fr">B15 - Impôt sur le revenu</link:label>
    <link:labelArc xlink:type="arc" xlink:arcrole="http://www.xbrl.org/2003/arcrole/concept-label" xlink:from="rj_AnnualReportingGuidelinesB15Title_loc" xlink:to="rj_AnnualReportingGuidelinesB15Title_label_fr"/>
    <link:loc xlink:type="locator" xlink:href="rjk-all.xsd#rj_AnnualReportingGuidelinesB16Title" xlink:label="rj_AnnualReportingGuidelinesB16Title_loc"/>
    <link:label xlink:type="resource" xlink:label="rj_AnnualReportingGuidelinesB16Title_label_fr" xlink:role="http://www.xbrl.org/2003/role/label" xml:lang="fr" id="rj_AnnualReportingGuidelinesB16Title_label_fr">B16 - Intérêt</link:label>
    <link:labelArc xlink:type="arc" xlink:arcrole="http://www.xbrl.org/2003/arcrole/concept-label" xlink:from="rj_AnnualReportingGuidelinesB16Title_loc" xlink:to="rj_AnnualReportingGuidelinesB16Title_label_fr"/>
    <link:loc xlink:type="locator" xlink:href="rjk-all.xsd#rj_AnnualReportingGuidelinesB17Title" xlink:label="rj_AnnualReportingGuidelinesB17Title_loc"/>
    <link:label xlink:type="resource" xlink:label="rj_AnnualReportingGuidelinesB17Title_label_fr" xlink:role="http://www.xbrl.org/2003/role/label" xml:lang="fr" id="rj_AnnualReportingGuidelinesB17Title_label_fr">B17 - Subventions publiques</link:label>
    <link:labelArc xlink:type="arc" xlink:arcrole="http://www.xbrl.org/2003/arcrole/concept-label" xlink:from="rj_AnnualReportingGuidelinesB17Title_loc" xlink:to="rj_AnnualReportingGuidelinesB17Title_label_fr"/>
    <link:loc xlink:type="locator" xlink:href="rjk-all.xsd#rj_AnnualReportingGuidelinesB18Title" xlink:label="rj_AnnualReportingGuidelinesB18Title_loc"/>
    <link:label xlink:type="resource" xlink:label="rj_AnnualReportingGuidelinesB18Title_label_fr" xlink:role="http://www.xbrl.org/2003/role/label" xml:lang="fr" id="rj_AnnualReportingGuidelinesB18Title_label_fr">B18 - Annexe</link:label>
    <link:labelArc xlink:type="arc" xlink:arcrole="http://www.xbrl.org/2003/arcrole/concept-label" xlink:from="rj_AnnualReportingGuidelinesB18Title_loc" xlink:to="rj_AnnualReportingGuidelinesB18Title_label_fr"/>
    <link:loc xlink:type="locator" xlink:href="rjk-all.xsd#rj_AnnualReportingGuidelinesC1Title" xlink:label="rj_AnnualReportingGuidelinesC1Title_loc"/>
    <link:label xlink:type="resource" xlink:label="rj_AnnualReportingGuidelinesC1Title_label_fr" xlink:role="http://www.xbrl.org/2003/role/label" xml:lang="fr" id="rj_AnnualReportingGuidelinesC1Title_label_fr">C1 - Associations sans but lucratif</link:label>
    <link:labelArc xlink:type="arc" xlink:arcrole="http://www.xbrl.org/2003/arcrole/concept-label" xlink:from="rj_AnnualReportingGuidelinesC1Title_loc" xlink:to="rj_AnnualReportingGuidelinesC1Title_label_fr"/>
    <link:loc xlink:type="locator" xlink:href="rjk-all.xsd#rj_AnnualReportingGuidelinesC2Title" xlink:label="rj_AnnualReportingGuidelinesC2Title_loc"/>
    <link:label xlink:type="resource" xlink:label="rj_AnnualReportingGuidelinesC2Title_label_fr" xlink:role="http://www.xbrl.org/2003/role/label" xml:lang="fr" id="rj_AnnualReportingGuidelinesC2Title_label_fr">C2 - Associations de collectes de fonds</link:label>
    <link:labelArc xlink:type="arc" xlink:arcrole="http://www.xbrl.org/2003/arcrole/concept-label" xlink:from="rj_AnnualReportingGuidelinesC2Title_loc" xlink:to="rj_AnnualReportingGuidelinesC2Title_label_fr"/>
    <link:loc xlink:type="locator" xlink:href="rjk-all.xsd#rj_AnnualReportingGuidelinesD3Title" xlink:label="rj_AnnualReportingGuidelinesD3Title_loc"/>
    <link:label xlink:type="resource" xlink:label="rj_AnnualReportingGuidelinesD3Title_label_fr" xlink:role="http://www.xbrl.org/2003/role/label" xml:lang="fr" id="rj_AnnualReportingGuidelinesD3Title_label_fr">A1 - Présentation, statut, objectifs et principes directeurs</link:label>
    <link:labelArc xlink:type="arc" xlink:arcrole="http://www.xbrl.org/2003/arcrole/concept-label" xlink:from="rj_AnnualReportingGuidelinesD3Title_loc" xlink:to="rj_AnnualReportingGuidelinesD3Title_label_fr"/>
    <link:loc xlink:type="locator" xlink:href="rjk-all.xsd#rj_AnnualReportingGuidelinesM1Title" xlink:label="rj_AnnualReportingGuidelinesM1Title_loc"/>
    <link:label xlink:type="resource" xlink:label="rj_AnnualReportingGuidelinesM1Title_label_fr" xlink:role="http://www.xbrl.org/2003/role/label" xml:lang="fr" id="rj_AnnualReportingGuidelinesM1Title_label_fr">M1 - Microentreprise</link:label>
    <link:labelArc xlink:type="arc" xlink:arcrole="http://www.xbrl.org/2003/arcrole/concept-label" xlink:from="rj_AnnualReportingGuidelinesM1Title_loc" xlink:to="rj_AnnualReportingGuidelinesM1Title_label_fr"/>
  </link:labelLink>
</link:linkbase>
