<?xml version="1.0" encoding="UTF-8"?>

<link:linkbase xmlns:xsi="http://www.w3.org/2001/XMLSchema-instance" xsi:schemaLocation="http://www.xbrl.org/2003/linkbase http://www.xbrl.org/2003/xbrl-linkbase-2003-12-31.xsd" xmlns:link="http://www.xbrl.org/2003/linkbase" xmlns:xbrli="http://www.xbrl.org/2003/instance" xmlns:xlink="http://www.w3.org/1999/xlink">
  <link:labelLink xlink:type="extended" xlink:role="http://www.xbrl.org/2003/role/link">
    <link:loc xlink:type="locator" xlink:href="demiddelgrotebv-2023-12-31.xsd#middelgroot_IncreaseDecreaseLiabilitiesCurrent" xlink:label="middelgroot_IncreaseDecreaseCurrentLiabilities_loc"/>
    <link:label xlink:type="resource" xlink:label="middelgroot_IncreaseDecreaseCurrentLiabilities_label_nl" xlink:role="http://www.xbrl.org/2003/role/label" xml:lang="nl">Kortlopende schulden (exclusief bankkrediet)</link:label>
    <link:labelArc xlink:type="arc" xlink:arcrole="http://www.xbrl.org/2003/arcrole/concept-label" xlink:from="middelgroot_IncreaseDecreaseCurrentLiabilities_loc" xlink:to="middelgroot_IncreaseDecreaseCurrentLiabilities_label_nl"/>
    <link:loc xlink:type="locator" xlink:href="demiddelgrotebv-2023-12-31.xsd#middelgroot_CashFlowFromInterestDividend" xlink:label="middelgroot_CashFlowFromInterestDividend_loc"/>
    <link:label xlink:type="resource" xlink:label="middelgroot_CashFlowFromInterestDividend_label_nl" xlink:role="http://www.xbrl.org/2003/role/label" xml:lang="nl">Kasstroom uit interest en dividend</link:label>
    <link:labelArc xlink:type="arc" xlink:arcrole="http://www.xbrl.org/2003/arcrole/concept-label" xlink:from="middelgroot_CashFlowFromInterestDividend_loc" xlink:to="middelgroot_CashFlowFromInterestDividend_label_nl"/>
    <link:loc xlink:type="locator" xlink:href="demiddelgrotebv-2023-12-31.xsd#middelgroot_ProceedsFromLiabilitiesNonCurrent" xlink:label="middelgroot_ProceedsFromLiabilitiesNonCurrent_loc"/>
    <link:label xlink:type="resource" xlink:label="middelgroot_ProceedsFromLiabilitiesNonCurrent_label_nl" xlink:role="http://www.xbrl.org/2003/role/label" xml:lang="nl">Ontvangst uit langlopende schulden</link:label>
    <link:labelArc xlink:type="arc" xlink:arcrole="http://www.xbrl.org/2003/arcrole/concept-label" xlink:from="middelgroot_ProceedsFromLiabilitiesNonCurrent_loc" xlink:to="middelgroot_ProceedsFromLiabilitiesNonCurrent_label_nl"/>
    <link:loc xlink:type="locator" xlink:href="demiddelgrotebv-2023-12-31.xsd#middelgroot_NOWReceivables" xlink:label="middelgroot_NOWReceivables_loc"/>
    <link:label xlink:type="resource" xlink:label="middelgroot_NOWReceivables_label_nl" xlink:role="http://www.xbrl.org/2003/role/label" xml:lang="nl">Te ontvangen inzake afrekeningen NOW</link:label>
    <link:labelArc xlink:type="arc" xlink:arcrole="http://www.xbrl.org/2003/arcrole/concept-label" xlink:from="middelgroot_NOWReceivables_loc" xlink:to="middelgroot_NOWReceivables_label_nl"/>
    <link:loc xlink:type="locator" xlink:href="demiddelgrotebv-2023-12-31.xsd#middelgroot_ReceivablesOtherAccruedIncome" xlink:label="middelgroot_ReceivablesOtherAccruedIncome_loc"/>
    <link:label xlink:type="resource" xlink:label="middelgroot_ReceivablesOtherAccruedIncome_label_nl" xlink:role="http://www.xbrl.org/2003/role/label" xml:lang="nl">Overige vorderingen en overlopende activa</link:label>
    <link:labelArc xlink:type="arc" xlink:arcrole="http://www.xbrl.org/2003/arcrole/concept-label" xlink:from="middelgroot_ReceivablesOtherAccruedIncome_loc" xlink:to="middelgroot_ReceivablesOtherAccruedIncome_label_nl"/>
    <link:loc xlink:type="locator" xlink:href="demiddelgrotebv-2023-12-31.xsd#middelgroot_PayablesOtherAccrualsAndDeferredIncomeCurrent" xlink:label="middelgroot_PayablesOtherAccrualsAndDeferredIncomeCurrent_loc"/>
    <link:label xlink:type="resource" xlink:label="middelgroot_PayablesOtherAccrualsAndDeferredIncomeCurrent_label_nl" xlink:role="http://www.xbrl.org/2003/role/label" xml:lang="nl">Overige schulden en overlopende passiva</link:label>
    <link:labelArc xlink:type="arc" xlink:arcrole="http://www.xbrl.org/2003/arcrole/concept-label" xlink:from="middelgroot_PayablesOtherAccrualsAndDeferredIncomeCurrent_loc" xlink:to="middelgroot_PayablesOtherAccrualsAndDeferredIncomeCurrent_label_nl"/>
    <link:loc xlink:type="locator" xlink:href="demiddelgrotebv-2023-12-31.xsd#middelgroot_EquityResultFinancialYear" xlink:label="middelgroot_EquityProfitAllocation_loc"/>
    <link:label xlink:type="resource" xlink:label="middelgroot_EquityProfitAllocation_label_nl" xlink:role="http://www.xbrl.org/2003/role/label" xml:lang="nl">Resultaat boekjaar</link:label>
    <link:labelArc xlink:type="arc" xlink:arcrole="http://www.xbrl.org/2003/arcrole/concept-label" xlink:from="middelgroot_EquityProfitAllocation_loc" xlink:to="middelgroot_EquityProfitAllocation_label_nl"/>
    <link:loc xlink:type="locator" xlink:href="demiddelgrotebv-2023-12-31.xsd#middelgroot_TransferToLegalReserveDeductedFromResultForTheYear" xlink:label="middelgroot_TransferToLegalReserveDeductedFromResultForTheYear_loc"/>
    <link:label xlink:type="resource" xlink:label="middelgroot_TransferToLegalReserveDeductedFromResultForTheYear_label_nl" xlink:role="http://www.xbrl.org/2003/role/label" xml:lang="nl">Toevoeging wettelijke reserve</link:label>
    <link:labelArc xlink:type="arc" xlink:arcrole="http://www.xbrl.org/2003/arcrole/concept-label" xlink:from="middelgroot_TransferToLegalReserveDeductedFromResultForTheYear_loc" xlink:to="middelgroot_TransferToLegalReserveDeductedFromResultForTheYear_label_nl"/>
    <link:loc xlink:type="locator" xlink:href="demiddelgrotebv-2023-12-31.xsd#middelgroot_EquitySubtotal" xlink:label="middelgroot_EquitySubtotal_loc"/>
    <link:label xlink:type="resource" xlink:label="middelgroot_EquitySubtotal_label_nl" xlink:role="http://www.xbrl.org/2003/role/label" xml:lang="nl">Subtotaal</link:label>
    <link:labelArc xlink:type="arc" xlink:arcrole="http://www.xbrl.org/2003/arcrole/concept-label" xlink:from="middelgroot_EquitySubtotal_loc" xlink:to="middelgroot_EquitySubtotal_label_nl"/>
  </link:labelLink>
</link:linkbase>
