<?xml version="1.0" encoding="UTF-8"?>
<!-- Generated by Fujitsu Interstage XWand B0255 -->
<link:linkbase xmlns:xsi="http://www.w3.org/2001/XMLSchema-instance" xsi:schemaLocation="http://www.xbrl.org/2003/linkbase http://www.xbrl.org/2003/xbrl-linkbase-2003-12-31.xsd" xmlns:link="http://www.xbrl.org/2003/linkbase" xmlns:xlink="http://www.w3.org/1999/xlink" xmlns:xbrli="http://www.xbrl.org/2003/instance">
  <link:labelLink xlink:type="extended" xlink:role="http://www.xbrl.org/2003/role/link">
    <link:loc xlink:type="locator" xlink:href="demiddelgrotebv-2023-12-31.xsd#middelgroot_IncreaseDecreaseLiabilitiesCurrent" xlink:label="middelgroot_IncreaseDecreaseCurrentLiabilities_loc"/>
    <link:label xlink:type="resource" xlink:label="middelgroot_IncreaseDecreaseCurrentLiabilities_label_nl" xlink:role="http://www.xbrl.org/2003/role/label" xml:lang="nl">Toename (afname) van kortlopende schulden (exclusief bankkrediet)</link:label>
    <link:labelArc xlink:type="arc" xlink:arcrole="http://www.xbrl.org/2003/arcrole/concept-label" xlink:from="middelgroot_IncreaseDecreaseCurrentLiabilities_loc" xlink:to="middelgroot_IncreaseDecreaseCurrentLiabilities_label_nl"/>
    <link:label xlink:type="resource" xlink:label="middelgroot_IncreaseDecreaseCurrentLiabilities_terseLabel_nl" xlink:role="http://www.xbrl.org/2003/role/terseLabel" xml:lang="nl">Kortlopende schulden (exclusief bankkrediet)</link:label>
    <link:labelArc xlink:type="arc" xlink:arcrole="http://www.xbrl.org/2003/arcrole/concept-label" xlink:from="middelgroot_IncreaseDecreaseCurrentLiabilities_loc" xlink:to="middelgroot_IncreaseDecreaseCurrentLiabilities_terseLabel_nl"/>
    <link:label xlink:type="resource" xlink:label="middelgroot_IncreaseDecreaseCurrentLiabilities_terseLabel_en" xlink:role="http://www.xbrl.org/2003/role/label" xml:lang="en">Increase (decrease) in current liabilities (excluding bank credit)</link:label>
    <link:labelArc xlink:type="arc" xlink:arcrole="http://www.xbrl.org/2003/arcrole/concept-label" xlink:from="middelgroot_IncreaseDecreaseCurrentLiabilities_loc" xlink:to="middelgroot_IncreaseDecreaseCurrentLiabilities_terseLabel_en"/>
    <link:label xlink:type="resource" xlink:label="middelgroot_IncreaseDecreaseCurrentLiabilities_label_en" xlink:role="http://www.xbrl.org/2003/role/label" xml:lang="en">Current liabilities (excluding bank credit)</link:label>
    <link:labelArc xlink:type="arc" xlink:arcrole="http://www.xbrl.org/2003/arcrole/concept-label" xlink:from="middelgroot_IncreaseDecreaseCurrentLiabilities_loc" xlink:to="middelgroot_IncreaseDecreaseCurrentLiabilities_label_en"/>
    <link:loc xlink:type="locator" xlink:href="demiddelgrotebv-2023-12-31.xsd#middelgroot_IncreaseDecreaseInReceivables" xlink:label="middelgroot_IncreaseDecreaseInReceivables_loc"/>
    <link:label xlink:type="resource" xlink:label="middelgroot_IncreaseDecreaseInReceivables_label_en" xlink:role="http://www.xbrl.org/2003/role/label" xml:lang="en">Decrease (increase) in receivables</link:label>
    <link:labelArc xlink:type="arc" xlink:arcrole="http://www.xbrl.org/2003/arcrole/concept-label" xlink:from="middelgroot_IncreaseDecreaseInReceivables_loc" xlink:to="middelgroot_IncreaseDecreaseInReceivables_label_en"/>
    <link:label xlink:type="resource" xlink:label="middelgroot_IncreaseDecreaseInReceivables_terseLabel_en" xlink:role="http://www.xbrl.org/2003/role/terseLabel" xml:lang="en">Receivables</link:label>
    <link:labelArc xlink:type="arc" xlink:arcrole="http://www.xbrl.org/2003/arcrole/concept-label" xlink:from="middelgroot_IncreaseDecreaseInReceivables_loc" xlink:to="middelgroot_IncreaseDecreaseInReceivables_terseLabel_en"/>
    <link:label xlink:type="resource" xlink:label="middelgroot_IncreaseDecreaseInReceivables_terseLabel_nl" xlink:role="http://www.xbrl.org/2003/role/terseLabel" xml:lang="nl">Vorderingen</link:label>
    <link:labelArc xlink:type="arc" xlink:arcrole="http://www.xbrl.org/2003/arcrole/concept-label" xlink:from="middelgroot_IncreaseDecreaseInReceivables_loc" xlink:to="middelgroot_IncreaseDecreaseInReceivables_terseLabel_nl"/>
    <link:label xlink:type="resource" xlink:label="middelgroot_IncreaseDecreaseInReceivables_label_nl" xlink:role="http://www.xbrl.org/2003/role/label" xml:lang="nl">Afname (toename) van vorderingen</link:label>
    <link:labelArc xlink:type="arc" xlink:arcrole="http://www.xbrl.org/2003/arcrole/concept-label" xlink:from="middelgroot_IncreaseDecreaseInReceivables_loc" xlink:to="middelgroot_IncreaseDecreaseInReceivables_label_nl"/>
    <link:loc xlink:type="locator" xlink:href="demiddelgrotebv-2023-12-31.xsd#middelgroot_CashFlowFromInterestDividend" xlink:label="middelgroot_CashFlowFromInterestDividend_loc"/>
    <link:label xlink:type="resource" xlink:label="middelgroot_CashFlowFromInterestDividend_label_nl" xlink:role="http://www.xbrl.org/2003/role/label" xml:lang="nl">Kasstroom uit interest en dividend</link:label>
    <link:labelArc xlink:type="arc" xlink:arcrole="http://www.xbrl.org/2003/arcrole/concept-label" xlink:from="middelgroot_CashFlowFromInterestDividend_loc" xlink:to="middelgroot_CashFlowFromInterestDividend_label_nl"/>
    <link:label xlink:type="resource" xlink:label="middelgroot_CashFlowFromInterestDividend_label_en" xlink:role="http://www.xbrl.org/2003/role/label" xml:lang="en">Cash flow from interest and dividend</link:label>
    <link:labelArc xlink:type="arc" xlink:arcrole="http://www.xbrl.org/2003/arcrole/concept-label" xlink:from="middelgroot_CashFlowFromInterestDividend_loc" xlink:to="middelgroot_CashFlowFromInterestDividend_label_en"/>
    <link:loc xlink:type="locator" xlink:href="demiddelgrotebv-2023-12-31.xsd#middelgroot_ProceedsFromLiabilitiesNonCurrent" xlink:label="middelgroot_ProceedsFromLiabilitiesNonCurrent_loc"/>
    <link:label xlink:type="resource" xlink:label="middelgroot_ProceedsFromLiabilitiesNonCurrent_label_en" xlink:role="http://www.xbrl.org/2003/role/label" xml:lang="en">Proceeds from non-current liabilities</link:label>
    <link:labelArc xlink:type="arc" xlink:arcrole="http://www.xbrl.org/2003/arcrole/concept-label" xlink:from="middelgroot_ProceedsFromLiabilitiesNonCurrent_loc" xlink:to="middelgroot_ProceedsFromLiabilitiesNonCurrent_label_en"/>
    <link:label xlink:type="resource" xlink:label="middelgroot_ProceedsFromLiabilitiesNonCurrent_label_nl" xlink:role="http://www.xbrl.org/2003/role/label" xml:lang="nl">Ontvangst uit langlopende schulden</link:label>
    <link:labelArc xlink:type="arc" xlink:arcrole="http://www.xbrl.org/2003/arcrole/concept-label" xlink:from="middelgroot_ProceedsFromLiabilitiesNonCurrent_loc" xlink:to="middelgroot_ProceedsFromLiabilitiesNonCurrent_label_nl"/>
    <link:loc xlink:type="locator" xlink:href="demiddelgrotebv-2023-12-31.xsd#middelgroot_BankerMutation" xlink:label="middelgroot_BankerMutation_loc"/>
    <link:label xlink:type="resource" xlink:label="middelgroot_BankerMutation_label_nl" xlink:role="http://www.xbrl.org/2003/role/label" xml:lang="nl">Mutatie bankier</link:label>
    <link:labelArc xlink:type="arc" xlink:arcrole="http://www.xbrl.org/2003/arcrole/concept-label" xlink:from="middelgroot_BankerMutation_loc" xlink:to="middelgroot_BankerMutation_label_nl"/>
    <link:label xlink:type="resource" xlink:label="middelgroot_BankerMutation_label_en" xlink:role="http://www.xbrl.org/2003/role/label" xml:lang="en">Mutation banker</link:label>
    <link:labelArc xlink:type="arc" xlink:arcrole="http://www.xbrl.org/2003/arcrole/concept-label" xlink:from="middelgroot_BankerMutation_loc" xlink:to="middelgroot_BankerMutation_label_en"/>
    <link:loc xlink:type="locator" xlink:href="demiddelgrotebv-2023-12-31.xsd#middelgroot_SellingAndGeneralExpensesPolicy" xlink:label="middelgroot_SellingAndGeneralExpensesPolicy_loc"/>
    <link:label xlink:type="resource" xlink:label="middelgroot_SellingAndGeneralExpensesPolicy_label_nl" xlink:role="http://www.xbrl.org/2003/role/label" xml:lang="nl">Grondslag van verkoopkosten en algemene beheerkosten</link:label>
    <link:labelArc xlink:type="arc" xlink:arcrole="http://www.xbrl.org/2003/arcrole/concept-label" xlink:from="middelgroot_SellingAndGeneralExpensesPolicy_loc" xlink:to="middelgroot_SellingAndGeneralExpensesPolicy_label_nl"/>
    <link:label xlink:type="resource" xlink:label="middelgroot_SellingAndGeneralExpensesPolicy_label_en" xlink:role="http://www.xbrl.org/2003/role/label" xml:lang="en">Policy of selling expenses and general administrative expenses</link:label>
    <link:labelArc xlink:type="arc" xlink:arcrole="http://www.xbrl.org/2003/arcrole/concept-label" xlink:from="middelgroot_SellingAndGeneralExpensesPolicy_loc" xlink:to="middelgroot_SellingAndGeneralExpensesPolicy_label_en"/>
    <link:loc xlink:type="locator" xlink:href="demiddelgrotebv-2023-12-31.xsd#middelgroot_FinancialInstrumentsRiskManagementMarketRiskDisclosure" xlink:label="middelgroot_FinancialInstrumentsRiskManagementCreditRisksDisclosure_loc"/>
    <link:label xlink:type="resource" xlink:label="middelgroot_FinancialInstrumentsRiskManagementCreditRisksDisclosure_label_nl" xlink:role="http://www.xbrl.org/2003/role/label" xml:lang="nl">Informatieverschaffing over marktrisico</link:label>
    <link:labelArc xlink:type="arc" xlink:arcrole="http://www.xbrl.org/2003/arcrole/concept-label" xlink:from="middelgroot_FinancialInstrumentsRiskManagementCreditRisksDisclosure_loc" xlink:to="middelgroot_FinancialInstrumentsRiskManagementCreditRisksDisclosure_label_nl"/>
    <link:label xlink:type="resource" xlink:label="middelgroot_FinancialInstrumentsRiskManagementCreditRisksDisclosure_label_nl_2" xlink:role="http://www.xbrl.org/2003/role/label" xml:lang="en">Disclosure of market risk</link:label>
    <link:labelArc xlink:type="arc" xlink:arcrole="http://www.xbrl.org/2003/arcrole/concept-label" xlink:from="middelgroot_FinancialInstrumentsRiskManagementCreditRisksDisclosure_loc" xlink:to="middelgroot_FinancialInstrumentsRiskManagementCreditRisksDisclosure_label_nl_2"/>
    <link:label xlink:type="resource" xlink:label="middelgroot_FinancialInstrumentsRiskManagementCreditRisksDisclosure_terseLabel_nl" xlink:role="http://www.xbrl.org/2003/role/terseLabel" xml:lang="nl">Marktrisico</link:label>
    <link:labelArc xlink:type="arc" xlink:arcrole="http://www.xbrl.org/2003/arcrole/concept-label" xlink:from="middelgroot_FinancialInstrumentsRiskManagementCreditRisksDisclosure_loc" xlink:to="middelgroot_FinancialInstrumentsRiskManagementCreditRisksDisclosure_terseLabel_nl"/>
    <link:label xlink:type="resource" xlink:label="middelgroot_FinancialInstrumentsRiskManagementCreditRisksDisclosure_terseLabel_en" xlink:role="http://www.xbrl.org/2003/role/terseLabel" xml:lang="en">Market risk</link:label>
    <link:labelArc xlink:type="arc" xlink:arcrole="http://www.xbrl.org/2003/arcrole/concept-label" xlink:from="middelgroot_FinancialInstrumentsRiskManagementCreditRisksDisclosure_loc" xlink:to="middelgroot_FinancialInstrumentsRiskManagementCreditRisksDisclosure_terseLabel_en"/>
    <link:loc xlink:type="locator" xlink:href="demiddelgrotebv-2023-12-31.xsd#middelgroot_DepreciationOtherChangesInValuePropertyPlantEquipmentIntangibleAssetsDisclosure" xlink:label="middelgroot_DepreciationOtherChangesInValuePropertyPlantEquipmentIntangibleAssetsDisclosure_loc"/>
    <link:label xlink:type="resource" xlink:label="middelgroot_DepreciationOtherChangesInValuePropertyPlantEquipmentIntangibleAssetsDisclosure_label_en" xlink:role="http://www.xbrl.org/2003/role/label" xml:lang="nl">Informatieverschaffing over afschrijvingen op en overige waardeveranderingen van immateriële en materiële vaste activa</link:label>
    <link:labelArc xlink:type="arc" xlink:arcrole="http://www.xbrl.org/2003/arcrole/concept-label" xlink:from="middelgroot_DepreciationOtherChangesInValuePropertyPlantEquipmentIntangibleAssetsDisclosure_loc" xlink:to="middelgroot_DepreciationOtherChangesInValuePropertyPlantEquipmentIntangibleAssetsDisclosure_label_en"/>
    <link:label xlink:type="resource" xlink:label="middelgroot_DepreciationOtherChangesInValuePropertyPlantEquipmentIntangibleAssetsDisclosure_label_en_2" xlink:role="http://www.xbrl.org/2003/role/label" xml:lang="en">Disclosure of depreciation and other changes in value intangible assets and property, plant and equipment</link:label>
    <link:labelArc xlink:type="arc" xlink:arcrole="http://www.xbrl.org/2003/arcrole/concept-label" xlink:from="middelgroot_DepreciationOtherChangesInValuePropertyPlantEquipmentIntangibleAssetsDisclosure_loc" xlink:to="middelgroot_DepreciationOtherChangesInValuePropertyPlantEquipmentIntangibleAssetsDisclosure_label_en_2"/>
    <link:loc xlink:type="locator" xlink:href="demiddelgrotebv-2023-12-31.xsd#middelgroot_OtherRightsToSharesDisclosure" xlink:label="middelgroot_OtherRightsToSharesDisclosure_loc"/>
    <link:label xlink:type="resource" xlink:label="middelgroot_OtherRightsToSharesDisclosure_label_nl" xlink:role="http://www.xbrl.org/2003/role/label" xml:lang="nl">Informatieverschaffing over overige rechten op aandelen</link:label>
    <link:labelArc xlink:type="arc" xlink:arcrole="http://www.xbrl.org/2003/arcrole/concept-label" xlink:from="middelgroot_OtherRightsToSharesDisclosure_loc" xlink:to="middelgroot_OtherRightsToSharesDisclosure_label_nl"/>
    <link:label xlink:type="resource" xlink:label="middelgroot_OtherRightsToSharesDisclosure_label_en" xlink:role="http://www.xbrl.org/2003/role/label" xml:lang="en">Disclosure of other rights to shares</link:label>
    <link:labelArc xlink:type="arc" xlink:arcrole="http://www.xbrl.org/2003/arcrole/concept-label" xlink:from="middelgroot_OtherRightsToSharesDisclosure_loc" xlink:to="middelgroot_OtherRightsToSharesDisclosure_label_en"/>
    <link:loc xlink:type="locator" xlink:href="demiddelgrotebv-2023-12-31.xsd#middelgroot_InterestIncomeInterestExpensesPolicy" xlink:label="middelgroot_InterestIncomeInterestExpensesPolicy_loc"/>
    <link:label xlink:type="resource" xlink:label="middelgroot_InterestIncomeInterestExpensesPolicy_label_en" xlink:role="http://www.xbrl.org/2003/role/label" xml:lang="en">Policy of interest income and interest expenses</link:label>
    <link:labelArc xlink:type="arc" xlink:arcrole="http://www.xbrl.org/2003/arcrole/concept-label" xlink:from="middelgroot_InterestIncomeInterestExpensesPolicy_loc" xlink:to="middelgroot_InterestIncomeInterestExpensesPolicy_label_en"/>
    <link:label xlink:type="resource" xlink:label="middelgroot_InterestIncomeInterestExpensesPolicy_label_nl" xlink:role="http://www.xbrl.org/2003/role/label" xml:lang="nl">Grondslag van rentebaten en rentelasten</link:label>
    <link:labelArc xlink:type="arc" xlink:arcrole="http://www.xbrl.org/2003/arcrole/concept-label" xlink:from="middelgroot_InterestIncomeInterestExpensesPolicy_loc" xlink:to="middelgroot_InterestIncomeInterestExpensesPolicy_label_nl"/>
    <link:loc xlink:type="locator" xlink:href="demiddelgrotebv-2023-12-31.xsd#middelgroot_DividendsPolicy" xlink:label="middelgroot_DividendsPolicy_loc"/>
    <link:label xlink:type="resource" xlink:label="middelgroot_DividendsPolicy_label_nl" xlink:role="http://www.xbrl.org/2003/role/label" xml:lang="nl">Grondslag van dividenden</link:label>
    <link:labelArc xlink:type="arc" xlink:arcrole="http://www.xbrl.org/2003/arcrole/concept-label" xlink:from="middelgroot_DividendsPolicy_loc" xlink:to="middelgroot_DividendsPolicy_label_nl"/>
    <link:label xlink:type="resource" xlink:label="middelgroot_DividendsPolicy_label_en" xlink:role="http://www.xbrl.org/2003/role/label" xml:lang="en">Policy of dividends</link:label>
    <link:labelArc xlink:type="arc" xlink:arcrole="http://www.xbrl.org/2003/arcrole/concept-label" xlink:from="middelgroot_DividendsPolicy_loc" xlink:to="middelgroot_DividendsPolicy_label_en"/>
    <link:loc xlink:type="locator" xlink:href="demiddelgrotebv-2023-12-31.xsd#middelgroot_ChangesValueFinancialInstrumentsValuedFairValuePolicy" xlink:label="middelgroot_ChangesValueFinancialInstrumentsValuedFairValuePolicy_loc"/>
    <link:label xlink:type="resource" xlink:label="middelgroot_ChangesValueFinancialInstrumentsValuedFairValuePolicy_label_en" xlink:role="http://www.xbrl.org/2003/role/label" xml:lang="en">Policy of changes in value of financial instruments valued at fair value</link:label>
    <link:labelArc xlink:type="arc" xlink:arcrole="http://www.xbrl.org/2003/arcrole/concept-label" xlink:from="middelgroot_ChangesValueFinancialInstrumentsValuedFairValuePolicy_loc" xlink:to="middelgroot_ChangesValueFinancialInstrumentsValuedFairValuePolicy_label_en"/>
    <link:label xlink:type="resource" xlink:label="middelgroot_ChangesValueFinancialInstrumentsValuedFairValuePolicy_label_nl" xlink:role="http://www.xbrl.org/2003/role/label" xml:lang="nl">Grondslag van waardeveranderingen financiële instrumenten gewaardeerd tegen reële waarde</link:label>
    <link:labelArc xlink:type="arc" xlink:arcrole="http://www.xbrl.org/2003/arcrole/concept-label" xlink:from="middelgroot_ChangesValueFinancialInstrumentsValuedFairValuePolicy_loc" xlink:to="middelgroot_ChangesValueFinancialInstrumentsValuedFairValuePolicy_label_nl"/>
    <link:loc xlink:type="locator" xlink:href="demiddelgrotebv-2023-12-31.xsd#middelgroot_InterestExpensesInterestCapitalisedDuringPeriodPolicy" xlink:label="middelgroot_InterestExpensesInterestCapitalisedDuringPeriodPolicy_loc"/>
    <link:label xlink:type="resource" xlink:label="middelgroot_InterestExpensesInterestCapitalisedDuringPeriodPolicy_label_nl" xlink:role="http://www.xbrl.org/2003/role/label" xml:lang="nl">Grondslag van geactiveerde rentelasten gedurende de periode</link:label>
    <link:labelArc xlink:type="arc" xlink:arcrole="http://www.xbrl.org/2003/arcrole/concept-label" xlink:from="middelgroot_InterestExpensesInterestCapitalisedDuringPeriodPolicy_loc" xlink:to="middelgroot_InterestExpensesInterestCapitalisedDuringPeriodPolicy_label_nl"/>
    <link:label xlink:type="resource" xlink:label="middelgroot_InterestExpensesInterestCapitalisedDuringPeriodPolicy_label_en" xlink:role="http://www.xbrl.org/2003/role/label" xml:lang="en">Policy of interest expenses capitalised during the period</link:label>
    <link:labelArc xlink:type="arc" xlink:arcrole="http://www.xbrl.org/2003/arcrole/concept-label" xlink:from="middelgroot_InterestExpensesInterestCapitalisedDuringPeriodPolicy_loc" xlink:to="middelgroot_InterestExpensesInterestCapitalisedDuringPeriodPolicy_label_en"/>
    <link:loc xlink:type="locator" xlink:href="demiddelgrotebv-2023-12-31.xsd#middelgroot_InvestmentsInParticipatingInterestsDisclosure" xlink:label="middelgroot_InvestmentsInParticipatingInterestsDisclosure_loc_2"/>
    <link:label xlink:type="resource" xlink:label="middelgroot_InvestmentsInParticipatingInterestsDisclosure_label_nl_2" xlink:role="http://www.xbrl.org/2003/role/label" xml:lang="nl">Informatieverschaffing over deelnemingen</link:label>
    <link:labelArc xlink:type="arc" xlink:arcrole="http://www.xbrl.org/2003/arcrole/concept-label" xlink:from="middelgroot_InvestmentsInParticipatingInterestsDisclosure_loc_2" xlink:to="middelgroot_InvestmentsInParticipatingInterestsDisclosure_label_nl_2"/>
    <link:label xlink:type="resource" xlink:label="middelgroot_InvestmentsInParticipatingInterestsDisclosure_label_en_2" xlink:role="http://www.xbrl.org/2003/role/label" xml:lang="en">Disclosure of investments in participating interests</link:label>
    <link:labelArc xlink:type="arc" xlink:arcrole="http://www.xbrl.org/2003/arcrole/concept-label" xlink:from="middelgroot_InvestmentsInParticipatingInterestsDisclosure_loc_2" xlink:to="middelgroot_InvestmentsInParticipatingInterestsDisclosure_label_en_2"/>
    <link:loc xlink:type="locator" xlink:href="demiddelgrotebv-2023-12-31.xsd#middelgroot_InvestmentsInParticipatingInterestsPolicy" xlink:label="middelgroot_InvestmentsInParticipatingInterestsDisclosure_loc"/>
    <link:label xlink:type="resource" xlink:label="middelgroot_InvestmentsInParticipatingInterestsDisclosure_label_nl" xlink:role="http://www.xbrl.org/2003/role/label" xml:lang="nl">Grondslag van deelnemingen</link:label>
    <link:labelArc xlink:type="arc" xlink:arcrole="http://www.xbrl.org/2003/arcrole/concept-label" xlink:from="middelgroot_InvestmentsInParticipatingInterestsDisclosure_loc" xlink:to="middelgroot_InvestmentsInParticipatingInterestsDisclosure_label_nl"/>
    <link:label xlink:type="resource" xlink:label="middelgroot_InvestmentsInParticipatingInterestsDisclosure_label_en" xlink:role="http://www.xbrl.org/2003/role/label" xml:lang="en">Policy of investments in participating interests</link:label>
    <link:labelArc xlink:type="arc" xlink:arcrole="http://www.xbrl.org/2003/arcrole/concept-label" xlink:from="middelgroot_InvestmentsInParticipatingInterestsDisclosure_loc" xlink:to="middelgroot_InvestmentsInParticipatingInterestsDisclosure_label_en"/>
    <link:loc xlink:type="locator" xlink:href="demiddelgrotebv-2023-12-31.xsd#middelgroot_ReceivablesInvestmentsInParticipatingInterestsPolicy" xlink:label="middelgroot_ReceivablesInvestmentsInParticipatingInterestsPolicy_loc"/>
    <link:label xlink:type="resource" xlink:label="middelgroot_ReceivablesInvestmentsInParticipatingInterestsPolicy_label_nl" xlink:role="http://www.xbrl.org/2003/role/label" xml:lang="nl">Grondslag van vorderingen op deelnemingen</link:label>
    <link:labelArc xlink:type="arc" xlink:arcrole="http://www.xbrl.org/2003/arcrole/concept-label" xlink:from="middelgroot_ReceivablesInvestmentsInParticipatingInterestsPolicy_loc" xlink:to="middelgroot_ReceivablesInvestmentsInParticipatingInterestsPolicy_label_nl"/>
    <link:label xlink:type="resource" xlink:label="middelgroot_ReceivablesInvestmentsInParticipatingInterestsPolicy_label_en" xlink:role="http://www.xbrl.org/2003/role/label" xml:lang="en">Policy of receivables from investments in participating interests</link:label>
    <link:labelArc xlink:type="arc" xlink:arcrole="http://www.xbrl.org/2003/arcrole/concept-label" xlink:from="middelgroot_ReceivablesInvestmentsInParticipatingInterestsPolicy_loc" xlink:to="middelgroot_ReceivablesInvestmentsInParticipatingInterestsPolicy_label_en"/>
    <link:loc xlink:type="locator" xlink:href="demiddelgrotebv-2023-12-31.xsd#middelgroot_ReceivablesInvestmentsInParticipatingInterestsDisclosure" xlink:label="middelgroot_ReceivablesInvestmentsInParticipatingInterestsDisclosure_loc"/>
    <link:label xlink:type="resource" xlink:label="middelgroot_ReceivablesInvestmentsInParticipatingInterestsDisclosure_label_nl" xlink:role="http://www.xbrl.org/2003/role/label" xml:lang="nl">Informatieverschaffing over vorderingen op deelnemingen</link:label>
    <link:labelArc xlink:type="arc" xlink:arcrole="http://www.xbrl.org/2003/arcrole/concept-label" xlink:from="middelgroot_ReceivablesInvestmentsInParticipatingInterestsDisclosure_loc" xlink:to="middelgroot_ReceivablesInvestmentsInParticipatingInterestsDisclosure_label_nl"/>
    <link:label xlink:type="resource" xlink:label="middelgroot_ReceivablesInvestmentsInParticipatingInterestsDisclosure_label_en" xlink:role="http://www.xbrl.org/2003/role/label" xml:lang="en">Disclosure of receivables from investments in participating interests</link:label>
    <link:labelArc xlink:type="arc" xlink:arcrole="http://www.xbrl.org/2003/arcrole/concept-label" xlink:from="middelgroot_ReceivablesInvestmentsInParticipatingInterestsDisclosure_loc" xlink:to="middelgroot_ReceivablesInvestmentsInParticipatingInterestsDisclosure_label_en"/>
    <link:loc xlink:type="locator" xlink:href="demiddelgrotebv-2023-12-31.xsd#middelgroot_ReceivablesOtherAccruedIncomeDisclosure" xlink:label="middelgroot_ReceivablesOtherAccruedIncomeDisclosure_loc"/>
    <link:label xlink:type="resource" xlink:label="middelgroot_ReceivablesOtherAccruedIncomeDisclosure_label_nl" xlink:role="http://www.xbrl.org/2003/role/label" xml:lang="nl">Informatieverschaffing over overige vorderingen en overlopende activa</link:label>
    <link:labelArc xlink:type="arc" xlink:arcrole="http://www.xbrl.org/2003/arcrole/concept-label" xlink:from="middelgroot_ReceivablesOtherAccruedIncomeDisclosure_loc" xlink:to="middelgroot_ReceivablesOtherAccruedIncomeDisclosure_label_nl"/>
    <link:label xlink:type="resource" xlink:label="middelgroot_ReceivablesOtherAccruedIncomeDisclosure_label_en" xlink:role="http://www.xbrl.org/2003/role/label" xml:lang="en">Disclosure of other receivables and accrued income</link:label>
    <link:labelArc xlink:type="arc" xlink:arcrole="http://www.xbrl.org/2003/arcrole/concept-label" xlink:from="middelgroot_ReceivablesOtherAccruedIncomeDisclosure_loc" xlink:to="middelgroot_ReceivablesOtherAccruedIncomeDisclosure_label_en"/>
    <link:loc xlink:type="locator" xlink:href="demiddelgrotebv-2023-12-31.xsd#middelgroot_ContingentAssetsLiabilitiesCommittedToDisclosure" xlink:label="middelgroot_ContingentAssetsLiabilitiesCommittedToDisclosure_loc"/>
    <link:label xlink:type="resource" xlink:label="middelgroot_ContingentAssetsLiabilitiesCommittedToDisclosure_label_nl" xlink:role="http://www.xbrl.org/2003/role/label" xml:lang="nl">Informatieverschaffing over voorwaardelijke activa en verlichtingen waartoe de rechtspersoon zich heeft verbonden</link:label>
    <link:labelArc xlink:type="arc" xlink:arcrole="http://www.xbrl.org/2003/arcrole/concept-label" xlink:from="middelgroot_ContingentAssetsLiabilitiesCommittedToDisclosure_loc" xlink:to="middelgroot_ContingentAssetsLiabilitiesCommittedToDisclosure_label_nl"/>
    <link:label xlink:type="resource" xlink:label="middelgroot_ContingentAssetsLiabilitiesCommittedToDisclosure_label_en" xlink:role="http://www.xbrl.org/2003/role/label" xml:lang="en">Disclosure of contingent assets and liabilities to which the legal entity committed</link:label>
    <link:labelArc xlink:type="arc" xlink:arcrole="http://www.xbrl.org/2003/arcrole/concept-label" xlink:from="middelgroot_ContingentAssetsLiabilitiesCommittedToDisclosure_loc" xlink:to="middelgroot_ContingentAssetsLiabilitiesCommittedToDisclosure_label_en"/>
    <link:loc xlink:type="locator" xlink:href="demiddelgrotebv-2023-12-31.xsd#middelgroot_NotRecordedLiabilitiesCommittedToDisclosure" xlink:label="middelgroot_NotRecordedLiabilitiesCommittedToDisclosure_loc"/>
    <link:label xlink:type="resource" xlink:label="middelgroot_NotRecordedLiabilitiesCommittedToDisclosure_label_nl" xlink:role="http://www.xbrl.org/2003/role/label" xml:lang="nl">Informatieverschaffing over niet verwerkte verplichtingen waartoe de rechtspersoon zich heeft verbonden</link:label>
    <link:labelArc xlink:type="arc" xlink:arcrole="http://www.xbrl.org/2003/arcrole/concept-label" xlink:from="middelgroot_NotRecordedLiabilitiesCommittedToDisclosure_loc" xlink:to="middelgroot_NotRecordedLiabilitiesCommittedToDisclosure_label_nl"/>
    <link:label xlink:type="resource" xlink:label="middelgroot_NotRecordedLiabilitiesCommittedToDisclosure_label_en" xlink:role="http://www.xbrl.org/2003/role/label" xml:lang="en">Disclosure of not recorded liabilities to which the legal entity committed</link:label>
    <link:labelArc xlink:type="arc" xlink:arcrole="http://www.xbrl.org/2003/arcrole/concept-label" xlink:from="middelgroot_NotRecordedLiabilitiesCommittedToDisclosure_loc" xlink:to="middelgroot_NotRecordedLiabilitiesCommittedToDisclosure_label_en"/>
    <link:loc xlink:type="locator" xlink:href="demiddelgrotebv-2023-12-31.xsd#middelgroot_FinancialInstrumentsFinancialAssetsMethodsAssumptionsFairValueEstimationDisclosure" xlink:label="middelgroot_FinancialInstrumentsFinancialAssetsMethodsAssumptionsFairValueEstimationDisclosure_loc"/>
    <link:label xlink:type="resource" xlink:label="middelgroot_FinancialInstrumentsFinancialAssetsMethodsAssumptionsFairValueEstimationDisclosure_label_en" xlink:role="http://www.xbrl.org/2003/role/label" xml:lang="en">Disclosure of the methods and significant assumptions used in the estimation of the fair value of financial assets</link:label>
    <link:labelArc xlink:type="arc" xlink:arcrole="http://www.xbrl.org/2003/arcrole/concept-label" xlink:from="middelgroot_FinancialInstrumentsFinancialAssetsMethodsAssumptionsFairValueEstimationDisclosure_loc" xlink:to="middelgroot_FinancialInstrumentsFinancialAssetsMethodsAssumptionsFairValueEstimationDisclosure_label_en"/>
    <link:label xlink:type="resource" xlink:label="middelgroot_FinancialInstrumentsFinancialAssetsMethodsAssumptionsFairValueEstimationDisclosure_label_nl" xlink:role="http://www.xbrl.org/2003/role/label" xml:lang="nl">Informatieverschaffing over de methoden en belangrijke veronderstellingen die zijn gehanteerd bij het schatten van de reële waarde van financiële vaste activa die tegen reële waarde zijn gewaardeerd</link:label>
    <link:labelArc xlink:type="arc" xlink:arcrole="http://www.xbrl.org/2003/arcrole/concept-label" xlink:from="middelgroot_FinancialInstrumentsFinancialAssetsMethodsAssumptionsFairValueEstimationDisclosure_loc" xlink:to="middelgroot_FinancialInstrumentsFinancialAssetsMethodsAssumptionsFairValueEstimationDisclosure_label_nl"/>
    <link:loc xlink:type="locator" xlink:href="demiddelgrotebv-2023-12-31.xsd#middelgroot_FinancialInstrumentsSecuritiesCurrentMethodsAssumptionsFairValueEstimationDisclosure" xlink:label="middelgroot_FinancialInstrumentsSecuritiesCurrentMethodsAssumptionsFairValueEstimationDisclosure_loc"/>
    <link:label xlink:type="resource" xlink:label="middelgroot_FinancialInstrumentsSecuritiesCurrentMethodsAssumptionsFairValueEstimationDisclosure_label_en" xlink:role="http://www.xbrl.org/2003/role/label" xml:lang="en">Disclosure of the methods and significant assumptions used in the estimation of the fair value of securities</link:label>
    <link:labelArc xlink:type="arc" xlink:arcrole="http://www.xbrl.org/2003/arcrole/concept-label" xlink:from="middelgroot_FinancialInstrumentsSecuritiesCurrentMethodsAssumptionsFairValueEstimationDisclosure_loc" xlink:to="middelgroot_FinancialInstrumentsSecuritiesCurrentMethodsAssumptionsFairValueEstimationDisclosure_label_en"/>
    <link:label xlink:type="resource" xlink:label="middelgroot_FinancialInstrumentsSecuritiesCurrentMethodsAssumptionsFairValueEstimationDisclosure_label_nl" xlink:role="http://www.xbrl.org/2003/role/label" xml:lang="nl">Informatieverschaffing over de methoden en belangrijke veronderstellingen die zijn gehanteerd bij het schatten van de reële waarde van effecten die tegen reële waarde zijn gewaardeerd</link:label>
    <link:labelArc xlink:type="arc" xlink:arcrole="http://www.xbrl.org/2003/arcrole/concept-label" xlink:from="middelgroot_FinancialInstrumentsSecuritiesCurrentMethodsAssumptionsFairValueEstimationDisclosure_loc" xlink:to="middelgroot_FinancialInstrumentsSecuritiesCurrentMethodsAssumptionsFairValueEstimationDisclosure_label_nl"/>
    <link:loc xlink:type="locator" xlink:href="demiddelgrotebv-2023-12-31.xsd#middelgroot_ShareOptionsExercisedDisclosure" xlink:label="middelgroot_RightsGrantedExercisedDuringDisclosure_loc"/>
    <link:label xlink:type="resource" xlink:label="middelgroot_RightsGrantedExercisedDuringDisclosure_label_en" xlink:role="http://www.xbrl.org/2003/role/label" xml:lang="en">Disclosure of share options exercised</link:label>
    <link:labelArc xlink:type="arc" xlink:arcrole="http://www.xbrl.org/2003/arcrole/concept-label" xlink:from="middelgroot_RightsGrantedExercisedDuringDisclosure_loc" xlink:to="middelgroot_RightsGrantedExercisedDuringDisclosure_label_en"/>
    <link:label xlink:type="resource" xlink:label="middelgroot_RightsGrantedExercisedDuringDisclosure_label_nl" xlink:role="http://www.xbrl.org/2003/role/label" xml:lang="nl">Informatieverschaffing over uitgeoefende aandelenopties</link:label>
    <link:labelArc xlink:type="arc" xlink:arcrole="http://www.xbrl.org/2003/arcrole/concept-label" xlink:from="middelgroot_RightsGrantedExercisedDuringDisclosure_loc" xlink:to="middelgroot_RightsGrantedExercisedDuringDisclosure_label_nl"/>
    <link:loc xlink:type="locator" xlink:href="demiddelgrotebv-2023-12-31.xsd#middelgroot_SharesGrantedDisclosure" xlink:label="middelgroot_RemunerationSharesIssuedDisclosure_loc"/>
    <link:label xlink:type="resource" xlink:label="middelgroot_RemunerationSharesIssuedDisclosure_label_nl" xlink:role="http://www.xbrl.org/2003/role/label" xml:lang="nl">Informatieverschaffing over verstrekte aandelen</link:label>
    <link:labelArc xlink:type="arc" xlink:arcrole="http://www.xbrl.org/2003/arcrole/concept-label" xlink:from="middelgroot_RemunerationSharesIssuedDisclosure_loc" xlink:to="middelgroot_RemunerationSharesIssuedDisclosure_label_nl"/>
    <link:label xlink:type="resource" xlink:label="middelgroot_RemunerationSharesIssuedDisclosure_label_en" xlink:role="http://www.xbrl.org/2003/role/label" xml:lang="en">Disclosure of shares granted</link:label>
    <link:labelArc xlink:type="arc" xlink:arcrole="http://www.xbrl.org/2003/arcrole/concept-label" xlink:from="middelgroot_RemunerationSharesIssuedDisclosure_loc" xlink:to="middelgroot_RemunerationSharesIssuedDisclosure_label_en"/>
    <link:loc xlink:type="locator" xlink:href="demiddelgrotebv-2023-12-31.xsd#middelgroot_ShareOptionsGrantedDisclosure" xlink:label="middelgroot_ShareOptionsGrantedNotYetExercisedDuringDisclosure_loc"/>
    <link:label xlink:type="resource" xlink:label="middelgroot_ShareOptionsGrantedNotYetExercisedDuringDisclosure_label_en" xlink:role="http://www.xbrl.org/2003/role/label" xml:lang="en">Disclosure of share options granted</link:label>
    <link:labelArc xlink:type="arc" xlink:arcrole="http://www.xbrl.org/2003/arcrole/concept-label" xlink:from="middelgroot_ShareOptionsGrantedNotYetExercisedDuringDisclosure_loc" xlink:to="middelgroot_ShareOptionsGrantedNotYetExercisedDuringDisclosure_label_en"/>
    <link:label xlink:type="resource" xlink:label="middelgroot_ShareOptionsGrantedNotYetExercisedDuringDisclosure_label_nl" xlink:role="http://www.xbrl.org/2003/role/label" xml:lang="nl">Informatieverschaffing over verstrekte aandelenopties</link:label>
    <link:labelArc xlink:type="arc" xlink:arcrole="http://www.xbrl.org/2003/arcrole/concept-label" xlink:from="middelgroot_ShareOptionsGrantedNotYetExercisedDuringDisclosure_loc" xlink:to="middelgroot_ShareOptionsGrantedNotYetExercisedDuringDisclosure_label_nl"/>
    <link:loc xlink:type="locator" xlink:href="demiddelgrotebv-2023-12-31.xsd#middelgroot_OtherOptionRightsDisclosure" xlink:label="middelgroot_OtherOptionRightsDisclosure_loc"/>
    <link:label xlink:type="resource" xlink:label="middelgroot_OtherOptionRightsDisclosure_label_nl" xlink:role="http://www.xbrl.org/2003/role/label" xml:lang="nl">Informatieverschaffing over overige optierechten</link:label>
    <link:labelArc xlink:type="arc" xlink:arcrole="http://www.xbrl.org/2003/arcrole/concept-label" xlink:from="middelgroot_OtherOptionRightsDisclosure_loc" xlink:to="middelgroot_OtherOptionRightsDisclosure_label_nl"/>
    <link:label xlink:type="resource" xlink:label="middelgroot_OtherOptionRightsDisclosure_label_en" xlink:role="http://www.xbrl.org/2003/role/label" xml:lang="en">Disclosure of other option rights</link:label>
    <link:labelArc xlink:type="arc" xlink:arcrole="http://www.xbrl.org/2003/arcrole/concept-label" xlink:from="middelgroot_OtherOptionRightsDisclosure_loc" xlink:to="middelgroot_OtherOptionRightsDisclosure_label_en"/>
    <link:loc xlink:type="locator" xlink:href="demiddelgrotebv-2023-12-31.xsd#middelgroot_ReceivablesInvestmentsInParticipatingInterests" xlink:label="middelgroot_ReceivablesInvestmentsInParticipatingInterests_loc"/>
    <link:label xlink:type="resource" xlink:label="middelgroot_ReceivablesInvestmentsInParticipatingInterests_label_nl" xlink:role="http://www.xbrl.org/2003/role/label" xml:lang="nl">Vorderingen op deelnemingen</link:label>
    <link:labelArc xlink:type="arc" xlink:arcrole="http://www.xbrl.org/2003/arcrole/concept-label" xlink:from="middelgroot_ReceivablesInvestmentsInParticipatingInterests_loc" xlink:to="middelgroot_ReceivablesInvestmentsInParticipatingInterests_label_nl"/>
    <link:label xlink:type="resource" xlink:label="middelgroot_ReceivablesInvestmentsInParticipatingInterests_label_en" xlink:role="http://www.xbrl.org/2003/role/label" xml:lang="en">Receivables from investments in participating interests</link:label>
    <link:labelArc xlink:type="arc" xlink:arcrole="http://www.xbrl.org/2003/arcrole/concept-label" xlink:from="middelgroot_ReceivablesInvestmentsInParticipatingInterests_loc" xlink:to="middelgroot_ReceivablesInvestmentsInParticipatingInterests_label_en"/>
    <link:loc xlink:type="locator" xlink:href="demiddelgrotebv-2023-12-31.xsd#middelgroot_NOWReceivables" xlink:label="middelgroot_NOWReceivables_loc"/>
    <link:label xlink:type="resource" xlink:label="middelgroot_NOWReceivables_label_nl" xlink:role="http://www.xbrl.org/2003/role/label" xml:lang="nl">Te ontvangen inzake afrekeningen NOW</link:label>
    <link:labelArc xlink:type="arc" xlink:arcrole="http://www.xbrl.org/2003/arcrole/concept-label" xlink:from="middelgroot_NOWReceivables_loc" xlink:to="middelgroot_NOWReceivables_label_nl"/>
    <link:label xlink:type="resource" xlink:label="middelgroot_NOWReceivables_label_en" xlink:role="http://www.xbrl.org/2003/role/label" xml:lang="en">Receivables from NOW settlements</link:label>
    <link:labelArc xlink:type="arc" xlink:arcrole="http://www.xbrl.org/2003/arcrole/concept-label" xlink:from="middelgroot_NOWReceivables_loc" xlink:to="middelgroot_NOWReceivables_label_en"/>
    <link:loc xlink:type="locator" xlink:href="demiddelgrotebv-2023-12-31.xsd#middelgroot_ReceivablesOtherAccruedIncome" xlink:label="middelgroot_ReceivablesOtherAccruedIncome_loc"/>
    <link:label xlink:type="resource" xlink:label="middelgroot_ReceivablesOtherAccruedIncome_label_nl" xlink:role="http://www.xbrl.org/2003/role/label" xml:lang="nl">Overige vorderingen en overlopende activa</link:label>
    <link:labelArc xlink:type="arc" xlink:arcrole="http://www.xbrl.org/2003/arcrole/concept-label" xlink:from="middelgroot_ReceivablesOtherAccruedIncome_loc" xlink:to="middelgroot_ReceivablesOtherAccruedIncome_label_nl"/>
    <link:label xlink:type="resource" xlink:label="middelgroot_ReceivablesOtherAccruedIncome_label_en" xlink:role="http://www.xbrl.org/2003/role/label" xml:lang="en">Other receivables and accrued income</link:label>
    <link:labelArc xlink:type="arc" xlink:arcrole="http://www.xbrl.org/2003/arcrole/concept-label" xlink:from="middelgroot_ReceivablesOtherAccruedIncome_loc" xlink:to="middelgroot_ReceivablesOtherAccruedIncome_label_en"/>
    <link:loc xlink:type="locator" xlink:href="demiddelgrotebv-2023-12-31.xsd#middelgroot_PayablesOtherAccrualsAndDeferredIncomeCurrent" xlink:label="middelgroot_PayablesOtherAccrualsAndDeferredIncomeCurrent_loc"/>
    <link:label xlink:type="resource" xlink:label="middelgroot_PayablesOtherAccrualsAndDeferredIncomeCurrent_label_nl" xlink:role="http://www.xbrl.org/2003/role/label" xml:lang="nl">Overige schulden en overlopende passiva</link:label>
    <link:labelArc xlink:type="arc" xlink:arcrole="http://www.xbrl.org/2003/arcrole/concept-label" xlink:from="middelgroot_PayablesOtherAccrualsAndDeferredIncomeCurrent_loc" xlink:to="middelgroot_PayablesOtherAccrualsAndDeferredIncomeCurrent_label_nl"/>
    <link:label xlink:type="resource" xlink:label="middelgroot_PayablesOtherAccrualsAndDeferredIncomeCurrent_label_en" xlink:role="http://www.xbrl.org/2003/role/label" xml:lang="en">Other payables, accruals and deferred income</link:label>
    <link:labelArc xlink:type="arc" xlink:arcrole="http://www.xbrl.org/2003/arcrole/concept-label" xlink:from="middelgroot_PayablesOtherAccrualsAndDeferredIncomeCurrent_loc" xlink:to="middelgroot_PayablesOtherAccrualsAndDeferredIncomeCurrent_label_en"/>
    <link:loc xlink:type="locator" xlink:href="demiddelgrotebv-2023-12-31.xsd#middelgroot_EquityProfitAllocation" xlink:label="middelgroot_EquityProfitAllocation_loc"/>
    <link:label xlink:type="resource" xlink:label="middelgroot_EquityProfitAllocation_label_en" xlink:role="http://www.xbrl.org/2003/role/label" xml:lang="en">Profit allocation</link:label>
    <link:labelArc xlink:type="arc" xlink:arcrole="http://www.xbrl.org/2003/arcrole/concept-label" xlink:from="middelgroot_EquityProfitAllocation_loc" xlink:to="middelgroot_EquityProfitAllocation_label_en"/>
    <link:label xlink:type="resource" xlink:label="middelgroot_EquityProfitAllocation_label_nl" xlink:role="http://www.xbrl.org/2003/role/label" xml:lang="nl">Winstbestemming</link:label>
    <link:labelArc xlink:type="arc" xlink:arcrole="http://www.xbrl.org/2003/arcrole/concept-label" xlink:from="middelgroot_EquityProfitAllocation_loc" xlink:to="middelgroot_EquityProfitAllocation_label_nl"/>
  </link:labelLink>
</link:linkbase>
