<?xml version="1.0" encoding="UTF-8"?>

<link:linkbase xmlns:xsi="http://www.w3.org/2001/XMLSchema-instance" xsi:schemaLocation="http://www.xbrl.org/2003/linkbase http://www.xbrl.org/2003/xbrl-linkbase-2003-12-31.xsd" xmlns:link="http://www.xbrl.org/2003/linkbase" xmlns:xbrli="http://www.xbrl.org/2003/instance" xmlns:xlink="http://www.w3.org/1999/xlink">
  <link:roleRef roleURI="https://www.demiddelgrotebv.nl/role/BalanceSheet" xlink:type="simple" xlink:href="demiddelgrotebv-2023-12-31.xsd#BalanceSheet"/>
  <link:roleRef roleURI="https://www.demiddelgrotebv.nl/role/IncomeStatement" xlink:type="simple" xlink:href="demiddelgrotebv-2023-12-31.xsd#IncomeStatement"/>
  <link:roleRef roleURI="https://www.demiddelgrotebv.nl/role/CashFlowStatement" xlink:type="simple" xlink:href="demiddelgrotebv-2023-12-31.xsd#CashFlowStatement"/>
  <link:arcroleRef arcroleURI="https://xbrl.org/2023/arcrole/summation-item" xlink:type="simple" xlink:href="https://www.xbrl.org/2023/calculation-1.1.xsd#summation-item"/>  
  <link:calculationLink xlink:type="extended" xlink:role="https://www.demiddelgrotebv.nl/role/BalanceSheet">
    <link:loc xlink:type="locator" xlink:href="https://www.nltaxonomie.nl/jenv/2024-03-31/bw2-titel9-cor.xsd#bw2-titel9_Assets" xlink:label="bw2-titel9_Assets_loc"/>
    <link:loc xlink:type="locator" xlink:href="https://www.nltaxonomie.nl/jenv/2024-03-31/bw2-titel9-cor.xsd#bw2-titel9_AssetsNoncurrent" xlink:label="bw2-titel9_AssetsNoncurrent_loc"/>
    <link:calculationArc xlink:type="arc" xlink:arcrole="https://xbrl.org/2023/arcrole/summation-item" xlink:from="bw2-titel9_Assets_loc" xlink:to="bw2-titel9_AssetsNoncurrent_loc" order="1.0" weight="1.0"/>
    <link:loc xlink:type="locator" xlink:href="https://www.nltaxonomie.nl/jenv/2024-03-31/bw2-titel9-cor.xsd#bw2-titel9_IntangibleAssets" xlink:label="bw2-titel9_IntangibleAssets_loc"/>
    <link:calculationArc xlink:type="arc" xlink:arcrole="https://xbrl.org/2023/arcrole/summation-item" xlink:from="bw2-titel9_AssetsNoncurrent_loc" xlink:to="bw2-titel9_IntangibleAssets_loc" order="1.0" weight="1.0"/>
    <link:loc xlink:type="locator" xlink:href="https://www.nltaxonomie.nl/jenv/2024-03-31/bw2-titel9-cor.xsd#bw2-titel9_DevelopmentCosts" xlink:label="bw2-titel9_DevelopmentCosts_loc"/>
    <link:calculationArc xlink:type="arc" xlink:arcrole="https://xbrl.org/2023/arcrole/summation-item" xlink:from="bw2-titel9_IntangibleAssets_loc" xlink:to="bw2-titel9_DevelopmentCosts_loc" order="1.0" weight="1.0"/>
    <link:loc xlink:type="locator" xlink:href="https://www.nltaxonomie.nl/jenv/2024-03-31/bw2-titel9-cor.xsd#bw2-titel9_PatentsTrademarksOtherRights" xlink:label="bw2-titel9_PatentsTrademarksOtherRights_loc"/>
    <link:calculationArc xlink:type="arc" xlink:arcrole="https://xbrl.org/2023/arcrole/summation-item" xlink:from="bw2-titel9_IntangibleAssets_loc" xlink:to="bw2-titel9_PatentsTrademarksOtherRights_loc" order="2.0" weight="1.0"/>
    <link:loc xlink:type="locator" xlink:href="https://www.nltaxonomie.nl/jenv/2024-03-31/bw2-titel9-cor.xsd#bw2-titel9_Goodwill" xlink:label="bw2-titel9_Goodwill_loc"/>
    <link:calculationArc xlink:type="arc" xlink:arcrole="https://xbrl.org/2023/arcrole/summation-item" xlink:from="bw2-titel9_IntangibleAssets_loc" xlink:to="bw2-titel9_Goodwill_loc" order="3.0" weight="1.0"/>
    <link:loc xlink:type="locator" xlink:href="https://www.nltaxonomie.nl/jenv/2024-03-31/bw2-titel9-cor.xsd#bw2-titel9_PropertyPlantEquipment" xlink:label="bw2-titel9_PropertyPlantEquipment_loc"/>
    <link:calculationArc xlink:type="arc" xlink:arcrole="https://xbrl.org/2023/arcrole/summation-item" xlink:from="bw2-titel9_AssetsNoncurrent_loc" xlink:to="bw2-titel9_PropertyPlantEquipment_loc" order="2.0" weight="1.0"/>
    <link:loc xlink:type="locator" xlink:href="https://www.nltaxonomie.nl/jenv/2024-03-31/bw2-titel9-cor.xsd#bw2-titel9_LandAndBuildings" xlink:label="bw2-titel9_LandAndBuildings_loc"/>
    <link:calculationArc xlink:type="arc" xlink:arcrole="https://xbrl.org/2023/arcrole/summation-item" xlink:from="bw2-titel9_PropertyPlantEquipment_loc" xlink:to="bw2-titel9_LandAndBuildings_loc" order="1.0" weight="1.0"/>
    <link:loc xlink:type="locator" xlink:href="https://www.nltaxonomie.nl/jenv/2024-03-31/bw2-titel9-cor.xsd#bw2-titel9_Machinery" xlink:label="bw2-titel9_Machinery_loc"/>
    <link:calculationArc xlink:type="arc" xlink:arcrole="https://xbrl.org/2023/arcrole/summation-item" xlink:from="bw2-titel9_PropertyPlantEquipment_loc" xlink:to="bw2-titel9_Machinery_loc" order="2.0" weight="1.0"/>
    <link:loc xlink:type="locator" xlink:href="https://www.nltaxonomie.nl/jenv/2024-03-31/bw2-titel9-cor.xsd#bw2-titel9_TangibleAssetsOther" xlink:label="bw2-titel9_TangibleAssetsOther_loc"/>
    <link:calculationArc xlink:type="arc" xlink:arcrole="https://xbrl.org/2023/arcrole/summation-item" xlink:from="bw2-titel9_PropertyPlantEquipment_loc" xlink:to="bw2-titel9_TangibleAssetsOther_loc" order="3.0" weight="1.0"/>
    <link:loc xlink:type="locator" xlink:href="https://www.nltaxonomie.nl/jenv/2024-03-31/bw2-titel9-cor.xsd#bw2-titel9_ConstructionInProgressPrepaymentsPropertyPlantEquipment" xlink:label="bw2-titel9_ConstructionInProgressPrepaymentsPropertyPlantEquipment_loc"/>
    <link:calculationArc xlink:type="arc" xlink:arcrole="https://xbrl.org/2023/arcrole/summation-item" xlink:from="bw2-titel9_PropertyPlantEquipment_loc" xlink:to="bw2-titel9_ConstructionInProgressPrepaymentsPropertyPlantEquipment_loc" order="4.0" weight="1.0"/>
    <link:loc xlink:type="locator" xlink:href="https://www.nltaxonomie.nl/rj/2024-03-31/rj-cor.xsd#rj_InvestmentProperties" xlink:label="rj_InvestmentProperties_loc"/>
    <link:calculationArc xlink:type="arc" xlink:arcrole="https://xbrl.org/2023/arcrole/summation-item" xlink:from="bw2-titel9_AssetsNoncurrent_loc" xlink:to="rj_InvestmentProperties_loc" order="3.0" weight="1.0"/>
    <link:loc xlink:type="locator" xlink:href="https://www.nltaxonomie.nl/rj/2024-03-31/rj-cor.xsd#rj_InvestmentPropertiesInExploitation" xlink:label="rj_InvestmentPropertiesInExploitation_loc"/>
    <link:calculationArc xlink:type="arc" xlink:arcrole="https://xbrl.org/2023/arcrole/summation-item" xlink:from="rj_InvestmentProperties_loc" xlink:to="rj_InvestmentPropertiesInExploitation_loc" order="1.0" weight="1.0"/>
    <link:loc xlink:type="locator" xlink:href="https://www.nltaxonomie.nl/rj/2024-03-31/rj-cor.xsd#rj_InvestmentPropertiesInDevelopment" xlink:label="rj_InvestmentPropertiesInDevelopment_loc"/>
    <link:calculationArc xlink:type="arc" xlink:arcrole="https://xbrl.org/2023/arcrole/summation-item" xlink:from="rj_InvestmentProperties_loc" xlink:to="rj_InvestmentPropertiesInDevelopment_loc" order="2.0" weight="1.0"/>
    <link:loc xlink:type="locator" xlink:href="https://www.nltaxonomie.nl/jenv/2024-03-31/bw2-titel9-cor.xsd#bw2-titel9_FinancialAssets" xlink:label="bw2-titel9_FinancialAssets_loc"/>
    <link:calculationArc xlink:type="arc" xlink:arcrole="https://xbrl.org/2023/arcrole/summation-item" xlink:from="bw2-titel9_AssetsNoncurrent_loc" xlink:to="bw2-titel9_FinancialAssets_loc" order="4.0" weight="1.0"/>
    <link:loc xlink:type="locator" xlink:href="https://www.nltaxonomie.nl/jenv/2024-03-31/bw2-titel9-cor.xsd#bw2-titel9_SecuritiesOtherNoncurrent" xlink:label="bw2-titel9_SecuritiesOtherNoncurrent_loc"/>
    <link:calculationArc xlink:type="arc" xlink:arcrole="https://xbrl.org/2023/arcrole/summation-item" xlink:from="bw2-titel9_FinancialAssets_loc" xlink:to="bw2-titel9_SecuritiesOtherNoncurrent_loc" order="3.0" weight="1.0"/>
    <link:loc xlink:type="locator" xlink:href="https://www.nltaxonomie.nl/rj/2024-03-31/rj-cor.xsd#rj_DeferredTaxAssetsNoncurrent" xlink:label="rj_DeferredTaxAssetsNoncurrent_loc"/>
    <link:calculationArc xlink:type="arc" xlink:arcrole="https://xbrl.org/2023/arcrole/summation-item" xlink:from="bw2-titel9_FinancialAssets_loc" xlink:to="rj_DeferredTaxAssetsNoncurrent_loc" order="4.0" weight="1.0"/>
    <link:loc xlink:type="locator" xlink:href="https://www.nltaxonomie.nl/jenv/2024-03-31/bw2-titel9-cor.xsd#bw2-titel9_ReceivablesOtherNoncurrent" xlink:label="bw2-titel9_ReceivablesOtherNoncurrent_loc"/>
    <link:calculationArc xlink:type="arc" xlink:arcrole="https://xbrl.org/2023/arcrole/summation-item" xlink:from="bw2-titel9_FinancialAssets_loc" xlink:to="bw2-titel9_ReceivablesOtherNoncurrent_loc" order="5.0" weight="1.0"/>
    <link:loc xlink:type="locator" xlink:href="https://www.nltaxonomie.nl/jenv/2024-03-31/bw2-titel9-cor.xsd#bw2-titel9_InvestmentsOtherAffiliatedCompanies" xlink:label="bw2-titel9_InvestmentsOtherAffiliatedCompanies_loc"/>
    <link:calculationArc xlink:type="arc" xlink:arcrole="https://xbrl.org/2023/arcrole/summation-item" xlink:from="bw2-titel9_FinancialAssets_loc" xlink:to="bw2-titel9_InvestmentsOtherAffiliatedCompanies_loc" order="1.0" weight="1.0"/>
    <link:loc xlink:type="locator" xlink:href="https://www.nltaxonomie.nl/jenv/2024-03-31/bw2-titel9-cor.xsd#bw2-titel9_ReceivablesOtherAffiliatedCompaniesNoncurrent" xlink:label="bw2-titel9_ReceivablesOtherAffiliatedCompaniesNoncurrent_loc"/>
    <link:calculationArc xlink:type="arc" xlink:arcrole="https://xbrl.org/2023/arcrole/summation-item" xlink:from="bw2-titel9_FinancialAssets_loc" xlink:to="bw2-titel9_ReceivablesOtherAffiliatedCompaniesNoncurrent_loc" order="2.0" weight="1.0"/>
    <link:loc xlink:type="locator" xlink:href="https://www.nltaxonomie.nl/jenv/2024-03-31/bw2-titel9-cor.xsd#bw2-titel9_AssetsCurrent" xlink:label="bw2-titel9_AssetsCurrent_loc"/>
    <link:calculationArc xlink:type="arc" xlink:arcrole="https://xbrl.org/2023/arcrole/summation-item" xlink:from="bw2-titel9_Assets_loc" xlink:to="bw2-titel9_AssetsCurrent_loc" order="2.0" weight="1.0"/>
    <link:loc xlink:type="locator" xlink:href="https://www.nltaxonomie.nl/jenv/2024-03-31/bw2-titel9-cor.xsd#bw2-titel9_Inventories" xlink:label="bw2-titel9_Inventories_loc"/>
    <link:calculationArc xlink:type="arc" xlink:arcrole="https://xbrl.org/2023/arcrole/summation-item" xlink:from="bw2-titel9_AssetsCurrent_loc" xlink:to="bw2-titel9_Inventories_loc" order="1.0" weight="1.0"/>
    <link:loc xlink:type="locator" xlink:href="https://www.nltaxonomie.nl/jenv/2024-03-31/bw2-titel9-cor.xsd#bw2-titel9_InventoryRawMaterialsConsumables" xlink:label="bw2-titel9_InventoryRawMaterialsConsumables_loc"/>
    <link:calculationArc xlink:type="arc" xlink:arcrole="https://xbrl.org/2023/arcrole/summation-item" xlink:from="bw2-titel9_Inventories_loc" xlink:to="bw2-titel9_InventoryRawMaterialsConsumables_loc" order="1.0" weight="1.0"/>
    <link:loc xlink:type="locator" xlink:href="https://www.nltaxonomie.nl/jenv/2024-03-31/bw2-titel9-cor.xsd#bw2-titel9_WorkInProgress" xlink:label="bw2-titel9_WorkInProgress_loc"/>
    <link:calculationArc xlink:type="arc" xlink:arcrole="https://xbrl.org/2023/arcrole/summation-item" xlink:from="bw2-titel9_Inventories_loc" xlink:to="bw2-titel9_WorkInProgress_loc" order="2.0" weight="1.0"/>
    <link:loc xlink:type="locator" xlink:href="https://www.nltaxonomie.nl/jenv/2024-03-31/bw2-titel9-cor.xsd#bw2-titel9_InventoryFinishedTradeGoods" xlink:label="bw2-titel9_InventoryFinishedTradeGoods_loc"/>
    <link:calculationArc xlink:type="arc" xlink:arcrole="https://xbrl.org/2023/arcrole/summation-item" xlink:from="bw2-titel9_Inventories_loc" xlink:to="bw2-titel9_InventoryFinishedTradeGoods_loc" order="3.0" weight="1.0"/>
    <link:loc xlink:type="locator" xlink:href="https://www.nltaxonomie.nl/jenv/2024-03-31/bw2-titel9-cor.xsd#bw2-titel9_PrepaymentsInventories" xlink:label="bw2-titel9_PrepaymentsInventories_loc"/>
    <link:calculationArc xlink:type="arc" xlink:arcrole="https://xbrl.org/2023/arcrole/summation-item" xlink:from="bw2-titel9_Inventories_loc" xlink:to="bw2-titel9_PrepaymentsInventories_loc" order="4.0" weight="1.0"/>
    <link:loc xlink:type="locator" xlink:href="https://www.nltaxonomie.nl/rj/2024-03-31/rj-cor.xsd#rj_ConstructionContractsAssets" xlink:label="rj_ConstructionContractsAssets_loc"/>
    <link:calculationArc xlink:type="arc" xlink:arcrole="https://xbrl.org/2023/arcrole/summation-item" xlink:from="bw2-titel9_Inventories_loc" xlink:to="rj_ConstructionContractsAssets_loc" order="5.0" weight="1.0"/>
    <link:calculationArc xlink:type="arc" xlink:arcrole="https://xbrl.org/2023/arcrole/summation-item" xlink:from="bw2-titel9_AssetsCurrent_loc" xlink:to="rj_ConstructionContractsAssets_loc" order="2.0" weight="1.0"/>
    <link:loc xlink:type="locator" xlink:href="https://www.nltaxonomie.nl/jenv/2024-03-31/bw2-titel9-cor.xsd#bw2-titel9_Receivables" xlink:label="bw2-titel9_Receivables_loc"/>
    <link:calculationArc xlink:type="arc" xlink:arcrole="https://xbrl.org/2023/arcrole/summation-item" xlink:from="bw2-titel9_AssetsCurrent_loc" xlink:to="bw2-titel9_Receivables_loc" order="3.0" weight="1.0"/>
    <link:loc xlink:type="locator" xlink:href="https://www.nltaxonomie.nl/jenv/2024-03-31/bw2-titel9-cor.xsd#bw2-titel9_TradeReceivables" xlink:label="bw2-titel9_TradeReceivables_loc"/>
    <link:calculationArc xlink:type="arc" xlink:arcrole="https://xbrl.org/2023/arcrole/summation-item" xlink:from="bw2-titel9_Receivables_loc" xlink:to="bw2-titel9_TradeReceivables_loc" order="1.0" weight="1.0"/>
    <link:loc xlink:type="locator" xlink:href="https://www.nltaxonomie.nl/jenv/2024-03-31/bw2-titel9-cor.xsd#bw2-titel9_ReceivablesGroupCompaniesCurrent" xlink:label="bw2-titel9_ReceivablesGroupCompaniesCurrent_loc"/>
    <link:calculationArc xlink:type="arc" xlink:arcrole="https://xbrl.org/2023/arcrole/summation-item" xlink:from="bw2-titel9_Receivables_loc" xlink:to="bw2-titel9_ReceivablesGroupCompaniesCurrent_loc" order="2.0" weight="1.0"/>
    <link:loc xlink:type="locator" xlink:href="https://www.nltaxonomie.nl/jenv/2024-03-31/bw2-titel9-cor.xsd#bw2-titel9_ReceivablesShareholdersParticipatingInterestsCurrent" xlink:label="bw2-titel9_ReceivablesShareholdersParticipatingInterestsCurrent_loc"/>
    <link:calculationArc xlink:type="arc" xlink:arcrole="https://xbrl.org/2023/arcrole/summation-item" xlink:from="bw2-titel9_Receivables_loc" xlink:to="bw2-titel9_ReceivablesShareholdersParticipatingInterestsCurrent_loc" order="3.0" weight="1.0"/>
    <link:loc xlink:type="locator" xlink:href="https://www.nltaxonomie.nl/rj/2024-03-31/rj-cor.xsd#rj_TaxReceivables" xlink:label="rj_TaxReceivables_loc"/>
    <link:calculationArc xlink:type="arc" xlink:arcrole="https://xbrl.org/2023/arcrole/summation-item" xlink:from="bw2-titel9_Receivables_loc" xlink:to="rj_TaxReceivables_loc" order="4.0" weight="1.0"/>
    <link:loc xlink:type="locator" xlink:href="demiddelgrotebv-2023-12-31.xsd#middelgroot_NOWReceivables" xlink:label="middelgroot_NOWReceivables_loc"/>
    <link:calculationArc xlink:type="arc" xlink:arcrole="https://xbrl.org/2023/arcrole/summation-item" xlink:from="bw2-titel9_Receivables_loc" xlink:to="middelgroot_NOWReceivables_loc" order="5.0" weight="1.0"/>
    <link:loc xlink:type="locator" xlink:href="demiddelgrotebv-2023-12-31.xsd#middelgroot_ReceivablesOtherAccruedIncome" xlink:label="middelgroot_ReceivablesOtherAccruedIncome_loc"/>
    <link:calculationArc xlink:type="arc" xlink:arcrole="https://xbrl.org/2023/arcrole/summation-item" xlink:from="bw2-titel9_Receivables_loc" xlink:to="middelgroot_ReceivablesOtherAccruedIncome_loc" order="6.0" weight="1.0"/>
    <link:loc xlink:type="locator" xlink:href="https://www.nltaxonomie.nl/jenv/2024-03-31/bw2-titel9-cor.xsd#bw2-titel9_SecuritiesCurrent" xlink:label="bw2-titel9_SecuritiesCurrent_loc"/>
    <link:calculationArc xlink:type="arc" xlink:arcrole="https://xbrl.org/2023/arcrole/summation-item" xlink:from="bw2-titel9_AssetsCurrent_loc" xlink:to="bw2-titel9_SecuritiesCurrent_loc" order="4.0" weight="1.0"/>
    <link:loc xlink:type="locator" xlink:href="https://www.nltaxonomie.nl/jenv/2024-03-31/bw2-titel9-cor.xsd#bw2-titel9_CashAndCashEquivalents" xlink:label="bw2-titel9_CashAndCashEquivalents_loc"/>
    <link:calculationArc xlink:type="arc" xlink:arcrole="https://xbrl.org/2023/arcrole/summation-item" xlink:from="bw2-titel9_AssetsCurrent_loc" xlink:to="bw2-titel9_CashAndCashEquivalents_loc" order="5.0" weight="1.0"/>
    <link:loc xlink:type="locator" xlink:href="https://www.nltaxonomie.nl/jenv/2024-03-31/bw2-titel9-cor.xsd#bw2-titel9_EquityAndLiabilities" xlink:label="bw2-titel9_EquityAndLiabilities_loc"/>
    <link:loc xlink:type="locator" xlink:href="https://www.nltaxonomie.nl/jenv/2024-03-31/bw2-titel9-cor.xsd#bw2-titel9_LiabilitiesNoncurrent" xlink:label="bw2-titel9_LiabilitiesNoncurrent_loc"/>
    <link:calculationArc xlink:type="arc" xlink:arcrole="https://xbrl.org/2023/arcrole/summation-item" xlink:from="bw2-titel9_EquityAndLiabilities_loc" xlink:to="bw2-titel9_LiabilitiesNoncurrent_loc" order="3.0" weight="1.0"/>
    <link:loc xlink:type="locator" xlink:href="https://www.nltaxonomie.nl/rj/2024-03-31/rj-cor.xsd#rj_SubordinatedLoans" xlink:label="rj_SubordinatedLoans_loc"/>
    <link:calculationArc xlink:type="arc" xlink:arcrole="https://xbrl.org/2023/arcrole/summation-item" xlink:from="bw2-titel9_LiabilitiesNoncurrent_loc" xlink:to="rj_SubordinatedLoans_loc" order="1.0" weight="1.0"/>
    <link:loc xlink:type="locator" xlink:href="https://www.nltaxonomie.nl/jenv/2024-03-31/bw2-titel9-cor.xsd#bw2-titel9_ConvertibleBorrowingsNoncurrent" xlink:label="bw2-titel9_ConvertibleBorrowingsNoncurrent_loc"/>
    <link:calculationArc xlink:type="arc" xlink:arcrole="https://xbrl.org/2023/arcrole/summation-item" xlink:from="bw2-titel9_LiabilitiesNoncurrent_loc" xlink:to="bw2-titel9_ConvertibleBorrowingsNoncurrent_loc" order="2.0" weight="1.0"/>
    <link:loc xlink:type="locator" xlink:href="https://www.nltaxonomie.nl/jenv/2024-03-31/bw2-titel9-cor.xsd#bw2-titel9_PayablesBanksNoncurrent" xlink:label="bw2-titel9_PayablesBanksNoncurrent_loc"/>
    <link:calculationArc xlink:type="arc" xlink:arcrole="https://xbrl.org/2023/arcrole/summation-item" xlink:from="bw2-titel9_LiabilitiesNoncurrent_loc" xlink:to="bw2-titel9_PayablesBanksNoncurrent_loc" order="3.0" weight="1.0"/>
    <link:loc xlink:type="locator" xlink:href="https://www.nltaxonomie.nl/rj/2024-03-31/rj-cor.xsd#rj_FinanceLeaseLiabilitiesNoncurrent" xlink:label="rj_FinanceLeaseLiabilitiesNoncurrent_loc"/>
    <link:calculationArc xlink:type="arc" xlink:arcrole="https://xbrl.org/2023/arcrole/summation-item" xlink:from="bw2-titel9_LiabilitiesNoncurrent_loc" xlink:to="rj_FinanceLeaseLiabilitiesNoncurrent_loc" order="4.0" weight="1.0"/>
    <link:loc xlink:type="locator" xlink:href="https://www.nltaxonomie.nl/jenv/2024-03-31/bw2-titel9-cor.xsd#bw2-titel9_LiabilitiesCurrent" xlink:label="bw2-titel9_LiabilitiesCurrent_loc"/>
    <link:calculationArc xlink:type="arc" xlink:arcrole="https://xbrl.org/2023/arcrole/summation-item" xlink:from="bw2-titel9_EquityAndLiabilities_loc" xlink:to="bw2-titel9_LiabilitiesCurrent_loc" order="4.0" weight="1.0"/>
    <link:loc xlink:type="locator" xlink:href="https://www.nltaxonomie.nl/jenv/2024-03-31/bw2-titel9-cor.xsd#bw2-titel9_PayablesBanksCurrent" xlink:label="bw2-titel9_PayablesBanksCurrent_loc"/>
    <link:calculationArc xlink:type="arc" xlink:arcrole="https://xbrl.org/2023/arcrole/summation-item" xlink:from="bw2-titel9_LiabilitiesCurrent_loc" xlink:to="bw2-titel9_PayablesBanksCurrent_loc" order="1.0" weight="1.0"/>
    <link:loc xlink:type="locator" xlink:href="https://www.nltaxonomie.nl/jenv/2024-03-31/bw2-titel9-cor.xsd#bw2-titel9_RepaymentObligationsOfNoncurrentBorrowings" xlink:label="bw2-titel9_RepaymentObligationsOfNoncurrentBorrowings_loc"/>
    <link:calculationArc xlink:type="arc" xlink:arcrole="https://xbrl.org/2023/arcrole/summation-item" xlink:from="bw2-titel9_LiabilitiesCurrent_loc" xlink:to="bw2-titel9_RepaymentObligationsOfNoncurrentBorrowings_loc" order="2.0" weight="1.0"/>
    <link:loc xlink:type="locator" xlink:href="https://www.nltaxonomie.nl/rj/2024-03-31/rj-cor.xsd#rj_ConstructionContractsLiabilities" xlink:label="rj_ConstructionContractsLiabilities_loc"/>
    <link:calculationArc xlink:type="arc" xlink:arcrole="https://xbrl.org/2023/arcrole/summation-item" xlink:from="bw2-titel9_LiabilitiesCurrent_loc" xlink:to="rj_ConstructionContractsLiabilities_loc" order="3.0" weight="1.0"/>
    <link:loc xlink:type="locator" xlink:href="https://www.nltaxonomie.nl/rj/2024-03-31/rj-cor.xsd#rj_FinanceLeaseLiabilitiesCurrent" xlink:label="rj_FinanceLeaseLiabilitiesCurrent_loc"/>
    <link:calculationArc xlink:type="arc" xlink:arcrole="https://xbrl.org/2023/arcrole/summation-item" xlink:from="bw2-titel9_LiabilitiesCurrent_loc" xlink:to="rj_FinanceLeaseLiabilitiesCurrent_loc" order="4.0" weight="1.0"/>
    <link:loc xlink:type="locator" xlink:href="https://www.nltaxonomie.nl/jenv/2024-03-31/bw2-titel9-cor.xsd#bw2-titel9_TradePayablesCurrent" xlink:label="bw2-titel9_TradePayablesCurrent_loc"/>
    <link:calculationArc xlink:type="arc" xlink:arcrole="https://xbrl.org/2023/arcrole/summation-item" xlink:from="bw2-titel9_LiabilitiesCurrent_loc" xlink:to="bw2-titel9_TradePayablesCurrent_loc" order="5.0" weight="1.0"/>
    <link:loc xlink:type="locator" xlink:href="https://www.nltaxonomie.nl/jenv/2024-03-31/bw2-titel9-cor.xsd#bw2-titel9_PayablesGroupCompaniesCurrent" xlink:label="bw2-titel9_PayablesGroupCompaniesCurrent_loc"/>
    <link:calculationArc xlink:type="arc" xlink:arcrole="https://xbrl.org/2023/arcrole/summation-item" xlink:from="bw2-titel9_LiabilitiesCurrent_loc" xlink:to="bw2-titel9_PayablesGroupCompaniesCurrent_loc" order="6.0" weight="1.0"/>
    <link:loc xlink:type="locator" xlink:href="https://www.nltaxonomie.nl/jenv/2024-03-31/bw2-titel9-cor.xsd#bw2-titel9_TaxesSocialSecurityContributionsPayableCurrent" xlink:label="bw2-titel9_TaxesSocialSecurityContributionsPayableCurrent_loc"/>
    <link:calculationArc xlink:type="arc" xlink:arcrole="https://xbrl.org/2023/arcrole/summation-item" xlink:from="bw2-titel9_LiabilitiesCurrent_loc" xlink:to="bw2-titel9_TaxesSocialSecurityContributionsPayableCurrent_loc" order="7.0" weight="1.0"/>
    <link:loc xlink:type="locator" xlink:href="demiddelgrotebv-2023-12-31.xsd#middelgroot_PayablesOtherAccrualsAndDeferredIncomeCurrent" xlink:label="middelgroot_PayablesOtherAccrualsAndDeferredIncomeCurrent_loc"/>
    <link:calculationArc xlink:type="arc" xlink:arcrole="https://xbrl.org/2023/arcrole/summation-item" xlink:from="bw2-titel9_LiabilitiesCurrent_loc" xlink:to="middelgroot_PayablesOtherAccrualsAndDeferredIncomeCurrent_loc" order="8.0" weight="1.0"/>
    <link:loc xlink:type="locator" xlink:href="https://www.nltaxonomie.nl/jenv/2024-03-31/bw2-titel9-cor.xsd#bw2-titel9_Provisions" xlink:label="bw2-titel9_Provisions_loc"/>
    <link:calculationArc xlink:type="arc" xlink:arcrole="https://xbrl.org/2023/arcrole/summation-item" xlink:from="bw2-titel9_EquityAndLiabilities_loc" xlink:to="bw2-titel9_Provisions_loc" order="2.0" weight="1.0"/>
    <link:loc xlink:type="locator" xlink:href="https://www.nltaxonomie.nl/jenv/2024-03-31/bw2-titel9-cor.xsd#bw2-titel9_ProvisionPensionObligations" xlink:label="bw2-titel9_ProvisionPensionObligations_loc"/>
    <link:calculationArc xlink:type="arc" xlink:arcrole="https://xbrl.org/2023/arcrole/summation-item" xlink:from="bw2-titel9_Provisions_loc" xlink:to="bw2-titel9_ProvisionPensionObligations_loc" order="1.0" weight="1.0"/>
    <link:loc xlink:type="locator" xlink:href="https://www.nltaxonomie.nl/rj/2024-03-31/rj-cor.xsd#rj_DeferredTaxLiabilities" xlink:label="rj_DeferredTaxLiabilities_loc"/>
    <link:calculationArc xlink:type="arc" xlink:arcrole="https://xbrl.org/2023/arcrole/summation-item" xlink:from="bw2-titel9_Provisions_loc" xlink:to="rj_DeferredTaxLiabilities_loc" order="2.0" weight="1.0"/>
    <link:loc xlink:type="locator" xlink:href="https://www.nltaxonomie.nl/jenv/2024-03-31/bw2-titel9-cor.xsd#bw2-titel9_ProvisionsOther" xlink:label="bw2-titel9_ProvisionsOther_loc"/>
    <link:calculationArc xlink:type="arc" xlink:arcrole="https://xbrl.org/2023/arcrole/summation-item" xlink:from="bw2-titel9_Provisions_loc" xlink:to="bw2-titel9_ProvisionsOther_loc" order="3.0" weight="1.0"/>
    <link:loc xlink:type="locator" xlink:href="https://www.nltaxonomie.nl/jenv/2024-03-31/bw2-titel9-cor.xsd#bw2-titel9_EquityGroup" xlink:label="bw2-titel9_EquityGroup_loc"/>
    <link:calculationArc xlink:type="arc" xlink:arcrole="https://xbrl.org/2023/arcrole/summation-item" xlink:from="bw2-titel9_EquityAndLiabilities_loc" xlink:to="bw2-titel9_EquityGroup_loc" order="1.0" weight="1.0"/>
    <link:loc xlink:type="locator" xlink:href="https://www.nltaxonomie.nl/jenv/2024-03-31/bw2-titel9-cor.xsd#bw2-titel9_Equity" xlink:label="bw2-titel9_Equity_loc"/>
    <link:calculationArc xlink:type="arc" xlink:arcrole="https://xbrl.org/2023/arcrole/summation-item" xlink:from="bw2-titel9_EquityGroup_loc" xlink:to="bw2-titel9_Equity_loc" order="1.0" weight="1.0"/>
    <link:loc xlink:type="locator" xlink:href="https://www.nltaxonomie.nl/jenv/2024-03-31/bw2-titel9-cor.xsd#bw2-titel9_NoncontrollingInterest" xlink:label="bw2-titel9_NoncontrollingInterest_loc"/>
    <link:calculationArc xlink:type="arc" xlink:arcrole="https://xbrl.org/2023/arcrole/summation-item" xlink:from="bw2-titel9_EquityGroup_loc" xlink:to="bw2-titel9_NoncontrollingInterest_loc" order="2.0" weight="1.0"/>
  </link:calculationLink>
  <link:calculationLink xlink:type="extended" xlink:role="https://www.demiddelgrotebv.nl/role/IncomeStatement">
    <link:loc xlink:type="locator" xlink:href="https://www.nltaxonomie.nl/jenv/2024-03-31/bw2-titel9-cor.xsd#bw2-titel9_NetResultAfterTax" xlink:label="bw2-titel9_NetResultAfterTax_loc"/>
    <link:loc xlink:type="locator" xlink:href="https://www.nltaxonomie.nl/jenv/2024-03-31/bw2-titel9-cor.xsd#bw2-titel9_ResultAfterTax" xlink:label="bw2-titel9_ResultAfterTax_loc"/>
    <link:calculationArc xlink:type="arc" xlink:arcrole="https://xbrl.org/2023/arcrole/summation-item" xlink:from="bw2-titel9_NetResultAfterTax_loc" xlink:to="bw2-titel9_ResultAfterTax_loc" order="1.0" weight="1.0"/>
    <link:loc xlink:type="locator" xlink:href="https://www.nltaxonomie.nl/jenv/2024-03-31/bw2-titel9-cor.xsd#bw2-titel9_IncomeTaxExpense" xlink:label="bw2-titel9_IncomeTaxExpense_loc"/>
    <link:calculationArc xlink:type="arc" xlink:arcrole="https://xbrl.org/2023/arcrole/summation-item" xlink:from="bw2-titel9_ResultAfterTax_loc" xlink:to="bw2-titel9_IncomeTaxExpense_loc" order="2.0" weight="-1.0"/>
    <link:loc xlink:type="locator" xlink:href="https://www.nltaxonomie.nl/jenv/2024-03-31/bw2-titel9-cor.xsd#bw2-titel9_ResultBeforeTax" xlink:label="bw2-titel9_ResultBeforeTax_loc"/>
    <link:calculationArc xlink:type="arc" xlink:arcrole="https://xbrl.org/2023/arcrole/summation-item" xlink:from="bw2-titel9_ResultAfterTax_loc" xlink:to="bw2-titel9_ResultBeforeTax_loc" order="1.0" weight="1.0"/>
    <link:loc xlink:type="locator" xlink:href="https://www.nltaxonomie.nl/jenv/2024-03-31/bw2-titel9-cor.xsd#bw2-titel9_NetOperatingResult" xlink:label="bw2-titel9_NetOperatingResult_loc"/>
    <link:calculationArc xlink:type="arc" xlink:arcrole="https://xbrl.org/2023/arcrole/summation-item" xlink:from="bw2-titel9_ResultBeforeTax_loc" xlink:to="bw2-titel9_NetOperatingResult_loc" order="1.0" weight="1.0"/>
    <link:loc xlink:type="locator" xlink:href="https://www.nltaxonomie.nl/jenv/2024-03-31/bw2-titel9-cor.xsd#bw2-titel9_GrossOperatingResult" xlink:label="bw2-titel9_GrossOperatingResult_loc"/>
    <link:calculationArc xlink:type="arc" xlink:arcrole="https://xbrl.org/2023/arcrole/summation-item" xlink:from="bw2-titel9_NetOperatingResult_loc" xlink:to="bw2-titel9_GrossOperatingResult_loc" order="1.0" weight="1.0"/>
    <link:loc xlink:type="locator" xlink:href="https://www.nltaxonomie.nl/jenv/2024-03-31/bw2-titel9-cor.xsd#bw2-titel9_SumOfExpenses" xlink:label="bw2-titel9_SumOfExpenses_loc"/>
    <link:calculationArc xlink:type="arc" xlink:arcrole="https://xbrl.org/2023/arcrole/summation-item" xlink:from="bw2-titel9_NetOperatingResult_loc" xlink:to="bw2-titel9_SumOfExpenses_loc" order="2.0" weight="-1.0"/>
    <link:loc xlink:type="locator" xlink:href="https://www.nltaxonomie.nl/jenv/2024-03-31/bw2-titel9-cor.xsd#bw2-titel9_SellingExpenses" xlink:label="bw2-titel9_SellingExpenses_loc"/>
    <link:calculationArc xlink:type="arc" xlink:arcrole="https://xbrl.org/2023/arcrole/summation-item" xlink:from="bw2-titel9_SumOfExpenses_loc" xlink:to="bw2-titel9_SellingExpenses_loc" order="1.0" weight="1.0"/>
    <link:loc xlink:type="locator" xlink:href="https://www.nltaxonomie.nl/jenv/2024-03-31/bw2-titel9-cor.xsd#bw2-titel9_GeneralAdministrativeExpenses" xlink:label="bw2-titel9_GeneralAdministrativeExpenses_loc"/>
    <link:calculationArc xlink:type="arc" xlink:arcrole="https://xbrl.org/2023/arcrole/summation-item" xlink:from="bw2-titel9_SumOfExpenses_loc" xlink:to="bw2-titel9_GeneralAdministrativeExpenses_loc" order="2.0" weight="1.0"/>
    <link:loc xlink:type="locator" xlink:href="https://www.nltaxonomie.nl/rj/2024-03-31/rj-cor.xsd#rj_ChangesValueInvestmentProperties" xlink:label="rj_ChangesValueInvestmentProperties_loc"/>
    <link:calculationArc xlink:type="arc" xlink:arcrole="https://xbrl.org/2023/arcrole/summation-item" xlink:from="bw2-titel9_ResultBeforeTax_loc" xlink:to="rj_ChangesValueInvestmentProperties_loc" order="2.0" weight="1.0"/>
    <link:loc xlink:type="locator" xlink:href="https://www.nltaxonomie.nl/jenv/2024-03-31/bw2-titel9-cor.xsd#bw2-titel9_RevaluationReserveRelease" xlink:label="bw2-titel9_RevaluationReserveRelease_loc"/>
    <link:calculationArc xlink:type="arc" xlink:arcrole="https://xbrl.org/2023/arcrole/summation-item" xlink:from="bw2-titel9_ResultBeforeTax_loc" xlink:to="bw2-titel9_RevaluationReserveRelease_loc" order="3.0" weight="1.0"/>
    <link:loc xlink:type="locator" xlink:href="https://www.nltaxonomie.nl/rj/2024-03-31/rj-cor.xsd#rj_FinancialIncomeExpenses" xlink:label="rj_FinancialIncomeExpenses_loc"/>
    <link:calculationArc xlink:type="arc" xlink:arcrole="https://xbrl.org/2023/arcrole/summation-item" xlink:from="bw2-titel9_ResultBeforeTax_loc" xlink:to="rj_FinancialIncomeExpenses_loc" order="4.0" weight="1.0"/>
    <link:loc xlink:type="locator" xlink:href="https://www.nltaxonomie.nl/jenv/2024-03-31/bw2-titel9-cor.xsd#bw2-titel9_IncomeReceivablesNoncurrentSecurities" xlink:label="bw2-titel9_IncomeReceivablesNoncurrentSecurities_loc"/>
    <link:calculationArc xlink:type="arc" xlink:arcrole="https://xbrl.org/2023/arcrole/summation-item" xlink:from="rj_FinancialIncomeExpenses_loc" xlink:to="bw2-titel9_IncomeReceivablesNoncurrentSecurities_loc" order="1.0" weight="1.0"/>
    <link:loc xlink:type="locator" xlink:href="https://www.nltaxonomie.nl/rj/2024-03-31/rj-cor.xsd#rj_FinancialIncome" xlink:label="rj_FinancialIncome_loc"/>
    <link:calculationArc xlink:type="arc" xlink:arcrole="https://xbrl.org/2023/arcrole/summation-item" xlink:from="rj_FinancialIncomeExpenses_loc" xlink:to="rj_FinancialIncome_loc" order="2.0" weight="1.0"/>
    <link:loc xlink:type="locator" xlink:href="https://www.nltaxonomie.nl/jenv/2024-03-31/bw2-titel9-cor.xsd#bw2-titel9_InterestIncomeRelatedIncome" xlink:label="bw2-titel9_InterestIncomeRelatedIncome_loc"/>
    <link:calculationArc xlink:type="arc" xlink:arcrole="https://xbrl.org/2023/arcrole/summation-item" xlink:from="rj_FinancialIncome_loc" xlink:to="bw2-titel9_InterestIncomeRelatedIncome_loc" order="1.0" weight="1.0"/>
    <link:loc xlink:type="locator" xlink:href="https://www.nltaxonomie.nl/jenv/2024-03-31/bw2-titel9-cor.xsd#bw2-titel9_ChangesValueFinancialAssetsSecurities" xlink:label="bw2-titel9_ChangesValueFinancialAssetsSecurities_loc"/>
    <link:calculationArc xlink:type="arc" xlink:arcrole="https://xbrl.org/2023/arcrole/summation-item" xlink:from="rj_FinancialIncome_loc" xlink:to="bw2-titel9_ChangesValueFinancialAssetsSecurities_loc" order="2.0" weight="1.0"/>
    <link:loc xlink:type="locator" xlink:href="https://www.nltaxonomie.nl/rj/2024-03-31/rj-cor.xsd#rj_FinancialExpenses" xlink:label="rj_FinancialExpenses_loc"/>
    <link:calculationArc xlink:type="arc" xlink:arcrole="https://xbrl.org/2023/arcrole/summation-item" xlink:from="rj_FinancialIncomeExpenses_loc" xlink:to="rj_FinancialExpenses_loc" order="3.0" weight="-1.0"/>
    <link:loc xlink:type="locator" xlink:href="https://www.nltaxonomie.nl/jenv/2024-03-31/bw2-titel9-cor.xsd#bw2-titel9_InterestExpensesRelatedExpenses" xlink:label="bw2-titel9_InterestExpensesRelatedExpenses_loc"/>
    <link:calculationArc xlink:type="arc" xlink:arcrole="https://xbrl.org/2023/arcrole/summation-item" xlink:from="rj_FinancialExpenses_loc" xlink:to="bw2-titel9_InterestExpensesRelatedExpenses_loc" order="1.0" weight="1.0"/>
    <link:loc xlink:type="locator" xlink:href="https://www.nltaxonomie.nl/rj/2024-03-31/rj-cor.xsd#rj_ForeignCurrencyExchangeRateResults" xlink:label="rj_ForeignCurrencyExchangeRateResults_loc"/>
    <link:calculationArc xlink:type="arc" xlink:arcrole="https://xbrl.org/2023/arcrole/summation-item" xlink:from="rj_FinancialExpenses_loc" xlink:to="rj_ForeignCurrencyExchangeRateResults_loc" order="2.0" weight="1.0"/>
    <link:loc xlink:type="locator" xlink:href="https://www.nltaxonomie.nl/jenv/2024-03-31/bw2-titel9-cor.xsd#bw2-titel9_ShareInResultsParticipatingInterests" xlink:label="bw2-titel9_ShareInResultsParticipatingInterests_loc"/>
    <link:calculationArc xlink:type="arc" xlink:arcrole="https://xbrl.org/2023/arcrole/summation-item" xlink:from="bw2-titel9_ResultAfterTax_loc" xlink:to="bw2-titel9_ShareInResultsParticipatingInterests_loc" order="3.0" weight="1.0"/>
    <link:loc xlink:type="locator" xlink:href="https://www.nltaxonomie.nl/jenv/2024-03-31/bw2-titel9-cor.xsd#bw2-titel9_ResultAttributableNoncontrollingInterest" xlink:label="bw2-titel9_ResultAttributableNoncontrollingInterest_loc"/>
    <link:calculationArc xlink:type="arc" xlink:arcrole="https://xbrl.org/2023/arcrole/summation-item" xlink:from="bw2-titel9_NetResultAfterTax_loc" xlink:to="bw2-titel9_ResultAttributableNoncontrollingInterest_loc" order="2.0" weight="1.0"/>
  </link:calculationLink>
  <link:calculationLink xlink:type="extended" xlink:role="https://www.demiddelgrotebv.nl/role/CashFlowStatement">
    <link:loc xlink:type="locator" xlink:href="https://www.nltaxonomie.nl/rj/2024-03-31/rj-cor.xsd#rj_IncreaseDecreaseCashAndCashEquivalents" xlink:label="rj_IncreaseDecreaseCashAndCashEquivalents_loc"/>
    <link:loc xlink:type="locator" xlink:href="https://www.nltaxonomie.nl/rj/2024-03-31/rj-cor.xsd#rj_NetCashFlows" xlink:label="rj_NetCashFlows_loc"/>
    <link:calculationArc xlink:type="arc" xlink:arcrole="https://xbrl.org/2023/arcrole/summation-item" xlink:from="rj_IncreaseDecreaseCashAndCashEquivalents_loc" xlink:to="rj_NetCashFlows_loc" order="1.0" weight="1.0"/>
    <link:loc xlink:type="locator" xlink:href="https://www.nltaxonomie.nl/rj/2024-03-31/rj-cor.xsd#rj_CashFlowOperatingActivities" xlink:label="rj_CashFlowOperatingActivities_loc"/>
    <link:calculationArc xlink:type="arc" xlink:arcrole="https://xbrl.org/2023/arcrole/summation-item" xlink:from="rj_NetCashFlows_loc" xlink:to="rj_CashFlowOperatingActivities_loc" order="1.0" weight="1.0"/>
    <link:loc xlink:type="locator" xlink:href="https://www.nltaxonomie.nl/rj/2024-03-31/rj-cor.xsd#rj_CashFlowFromOperations" xlink:label="rj_CashFlowFromOperations_loc"/>
    <link:calculationArc xlink:type="arc" xlink:arcrole="https://xbrl.org/2023/arcrole/summation-item" xlink:from="rj_CashFlowOperatingActivities_loc" xlink:to="rj_CashFlowFromOperations_loc" order="1.0" weight="1.0"/>
    <link:loc xlink:type="locator" xlink:href="https://www.nltaxonomie.nl/rj/2024-03-31/rj-cor.xsd#rj_AdjustmentsReconcileOperatingResult" xlink:label="rj_AdjustmentsReconcileOperatingResult_loc"/>
    <link:calculationArc xlink:type="arc" xlink:arcrole="https://xbrl.org/2023/arcrole/summation-item" xlink:from="rj_CashFlowFromOperations_loc" xlink:to="rj_AdjustmentsReconcileOperatingResult_loc" order="2.0" weight="1.0"/>
    <link:loc xlink:type="locator" xlink:href="https://www.nltaxonomie.nl/rj/2024-03-31/rj-cor.xsd#rj_AdjustmentsDepreciationAndAmortisationExpense" xlink:label="rj_AdjustmentsDepreciationAndAmortisationExpense_loc"/>
    <link:calculationArc xlink:type="arc" xlink:arcrole="https://xbrl.org/2023/arcrole/summation-item" xlink:from="rj_AdjustmentsReconcileOperatingResult_loc" xlink:to="rj_AdjustmentsDepreciationAndAmortisationExpense_loc" order="1.0" weight="1.0"/>
    <link:loc xlink:type="locator" xlink:href="https://www.nltaxonomie.nl/rj/2024-03-31/rj-cor.xsd#rj_IncreaseDecreaseProvisions" xlink:label="rj_IncreaseDecreaseProvisions_loc"/>
    <link:calculationArc xlink:type="arc" xlink:arcrole="https://xbrl.org/2023/arcrole/summation-item" xlink:from="rj_AdjustmentsReconcileOperatingResult_loc" xlink:to="rj_IncreaseDecreaseProvisions_loc" order="2.0" weight="1.0"/>
    <link:loc xlink:type="locator" xlink:href="https://www.nltaxonomie.nl/rj/2024-03-31/rj-cor.xsd#rj_ChangesWorkingCapital" xlink:label="rj_ChangesWorkingCapital_loc"/>
    <link:calculationArc xlink:type="arc" xlink:arcrole="https://xbrl.org/2023/arcrole/summation-item" xlink:from="rj_CashFlowFromOperations_loc" xlink:to="rj_ChangesWorkingCapital_loc" order="3.0" weight="1.0"/>
    <link:loc xlink:type="locator" xlink:href="https://www.nltaxonomie.nl/rj/2024-03-31/rj-cor.xsd#rj_IncreaseDecreaseInInventories" xlink:label="rj_IncreaseDecreaseInInventories_loc"/>
    <link:calculationArc xlink:type="arc" xlink:arcrole="https://xbrl.org/2023/arcrole/summation-item" xlink:from="rj_ChangesWorkingCapital_loc" xlink:to="rj_IncreaseDecreaseInInventories_loc" order="1.0" weight="1.0"/>
    <link:loc xlink:type="locator" xlink:href="https://www.nltaxonomie.nl/rj/2024-03-31/rj-cor.xsd#rj_IncreaseDecreaseInConstructionContracts" xlink:label="rj_IncreaseDecreaseInConstructionContracts_loc"/>
    <link:calculationArc xlink:type="arc" xlink:arcrole="https://xbrl.org/2023/arcrole/summation-item" xlink:from="rj_ChangesWorkingCapital_loc" xlink:to="rj_IncreaseDecreaseInConstructionContracts_loc" order="2.0" weight="1.0"/>
    <link:loc xlink:type="locator" xlink:href="https://www.nltaxonomie.nl/rj/2024-03-31/rj-cor.xsd#rj_IncreaseDecreaseInSecurities" xlink:label="rj_IncreaseDecreaseInSecurities_loc"/>
    <link:calculationArc xlink:type="arc" xlink:arcrole="https://xbrl.org/2023/arcrole/summation-item" xlink:from="rj_ChangesWorkingCapital_loc" xlink:to="rj_IncreaseDecreaseInSecurities_loc" order="4.0" weight="1.0"/>
    <link:loc xlink:type="locator" xlink:href="demiddelgrotebv-2023-12-31.xsd#middelgroot_IncreaseDecreaseLiabilitiesCurrent" xlink:label="middelgroot_IncreaseDecreaseLiabilitiesCurrent_loc"/>
    <link:calculationArc xlink:type="arc" xlink:arcrole="https://xbrl.org/2023/arcrole/summation-item" xlink:from="rj_ChangesWorkingCapital_loc" xlink:to="middelgroot_IncreaseDecreaseLiabilitiesCurrent_loc" order="5.0" weight="1.0"/>
    <link:loc xlink:type="locator" xlink:href="https://www.nltaxonomie.nl/rj/2024-03-31/rj-cor.xsd#rj_IncreaseDecreaseInReceivables" xlink:label="rj_IncreaseDecreaseInReceivables_loc"/>
    <link:calculationArc xlink:type="arc" xlink:arcrole="https://xbrl.org/2023/arcrole/summation-item" xlink:from="rj_ChangesWorkingCapital_loc" xlink:to="rj_IncreaseDecreaseInReceivables_loc" order="3.0" weight="1.0"/>
    <link:loc xlink:type="locator" xlink:href="https://www.nltaxonomie.nl/rj/2024-03-31/rj-cor.xsd#rj_OperatingResultCashFlow" xlink:label="rj_OperatingResultCashFlow_loc"/>
    <link:calculationArc xlink:type="arc" xlink:arcrole="https://xbrl.org/2023/arcrole/summation-item" xlink:from="rj_CashFlowFromOperations_loc" xlink:to="rj_OperatingResultCashFlow_loc" order="1.0" weight="1.0"/>
    <link:loc xlink:type="locator" xlink:href="demiddelgrotebv-2023-12-31.xsd#middelgroot_CashFlowFromInterestDividend" xlink:label="middelgroot_CashFlowFromInterestDividend_loc"/>
    <link:calculationArc xlink:type="arc" xlink:arcrole="https://xbrl.org/2023/arcrole/summation-item" xlink:from="rj_CashFlowOperatingActivities_loc" xlink:to="middelgroot_CashFlowFromInterestDividend_loc" order="2.0" weight="1.0"/>
    <link:loc xlink:type="locator" xlink:href="https://www.nltaxonomie.nl/rj/2024-03-31/rj-cor.xsd#rj_InterestReceivedClassifiedAsOperatingActivities" xlink:label="rj_InterestReceivedClassifiedAsOperatingActivities_loc"/>
    <link:calculationArc xlink:type="arc" xlink:arcrole="https://xbrl.org/2023/arcrole/summation-item" xlink:from="middelgroot_CashFlowFromInterestDividend_loc" xlink:to="rj_InterestReceivedClassifiedAsOperatingActivities_loc" order="1.0" weight="1.0"/>
    <link:loc xlink:type="locator" xlink:href="https://www.nltaxonomie.nl/rj/2024-03-31/rj-cor.xsd#rj_IncomeTaxPaidClassifiedAsOperatingActivities" xlink:label="rj_IncomeTaxPaidClassifiedAsOperatingActivities_loc"/>
    <link:calculationArc xlink:type="arc" xlink:arcrole="https://xbrl.org/2023/arcrole/summation-item" xlink:from="middelgroot_CashFlowFromInterestDividend_loc" xlink:to="rj_IncomeTaxPaidClassifiedAsOperatingActivities_loc" order="2.0" weight="-1.0"/>
    <link:loc xlink:type="locator" xlink:href="https://www.nltaxonomie.nl/rj/2024-03-31/rj-cor.xsd#rj_InterestPaidClassifiedAsOperatingActivities" xlink:label="rj_InterestPaidClassifiedAsOperatingActivities_loc"/>
    <link:calculationArc xlink:type="arc" xlink:arcrole="https://xbrl.org/2023/arcrole/summation-item" xlink:from="middelgroot_CashFlowFromInterestDividend_loc" xlink:to="rj_InterestPaidClassifiedAsOperatingActivities_loc" order="3.0" weight="-1.0"/>
    <link:loc xlink:type="locator" xlink:href="https://www.nltaxonomie.nl/rj/2024-03-31/rj-cor.xsd#rj_DividendsReceivedClassifiedAsOperatingActivities" xlink:label="rj_DividendsReceivedClassifiedAsOperatingActivities_loc"/>
    <link:calculationArc xlink:type="arc" xlink:arcrole="https://xbrl.org/2023/arcrole/summation-item" xlink:from="middelgroot_CashFlowFromInterestDividend_loc" xlink:to="rj_DividendsReceivedClassifiedAsOperatingActivities_loc" order="4.0" weight="1.0"/>
    <link:loc xlink:type="locator" xlink:href="https://www.nltaxonomie.nl/rj/2024-03-31/rj-cor.xsd#rj_CashFlowInvestingActivities" xlink:label="rj_CashFlowInvestingActivities_loc"/>
    <link:calculationArc xlink:type="arc" xlink:arcrole="https://xbrl.org/2023/arcrole/summation-item" xlink:from="rj_NetCashFlows_loc" xlink:to="rj_CashFlowInvestingActivities_loc" order="2.0" weight="1.0"/>
    <link:loc xlink:type="locator" xlink:href="https://www.nltaxonomie.nl/rj/2024-03-31/rj-cor.xsd#rj_PurchaseGroupCompanies" xlink:label="rj_PurchaseGroupCompanies_loc"/>
    <link:calculationArc xlink:type="arc" xlink:arcrole="https://xbrl.org/2023/arcrole/summation-item" xlink:from="rj_CashFlowInvestingActivities_loc" xlink:to="rj_PurchaseGroupCompanies_loc" order="1.0" weight="-1.0"/>
    <link:loc xlink:type="locator" xlink:href="https://www.nltaxonomie.nl/rj/2024-03-31/rj-cor.xsd#rj_PurchaseIntangibleAssets" xlink:label="rj_PurchaseIntangibleAssets_loc"/>
    <link:calculationArc xlink:type="arc" xlink:arcrole="https://xbrl.org/2023/arcrole/summation-item" xlink:from="rj_CashFlowInvestingActivities_loc" xlink:to="rj_PurchaseIntangibleAssets_loc" order="2.0" weight="-1.0"/>
    <link:loc xlink:type="locator" xlink:href="https://www.nltaxonomie.nl/rj/2024-03-31/rj-cor.xsd#rj_PurchasePropertyPlantEquipment" xlink:label="rj_PurchasePropertyPlantEquipment_loc"/>
    <link:calculationArc xlink:type="arc" xlink:arcrole="https://xbrl.org/2023/arcrole/summation-item" xlink:from="rj_CashFlowInvestingActivities_loc" xlink:to="rj_PurchasePropertyPlantEquipment_loc" order="3.0" weight="-1.0"/>
    <link:loc xlink:type="locator" xlink:href="https://www.nltaxonomie.nl/rj/2024-03-31/rj-cor.xsd#rj_PurchaseInvestmentProperties" xlink:label="rj_PurchaseInvestmentProperties_loc"/>
    <link:calculationArc xlink:type="arc" xlink:arcrole="https://xbrl.org/2023/arcrole/summation-item" xlink:from="rj_CashFlowInvestingActivities_loc" xlink:to="rj_PurchaseInvestmentProperties_loc" order="4.0" weight="-1.0"/>
    <link:loc xlink:type="locator" xlink:href="https://www.nltaxonomie.nl/rj/2024-03-31/rj-cor.xsd#rj_ProceedsSalesGroupCompanies" xlink:label="rj_ProceedsSalesGroupCompanies_loc"/>
    <link:calculationArc xlink:type="arc" xlink:arcrole="https://xbrl.org/2023/arcrole/summation-item" xlink:from="rj_CashFlowInvestingActivities_loc" xlink:to="rj_ProceedsSalesGroupCompanies_loc" order="5.0" weight="1.0"/>
    <link:loc xlink:type="locator" xlink:href="https://www.nltaxonomie.nl/rj/2024-03-31/rj-cor.xsd#rj_ProceedsSalesPropertyPlantAndEquipment" xlink:label="rj_ProceedsSalesPropertyPlantAndEquipment_loc"/>
    <link:calculationArc xlink:type="arc" xlink:arcrole="https://xbrl.org/2023/arcrole/summation-item" xlink:from="rj_CashFlowInvestingActivities_loc" xlink:to="rj_ProceedsSalesPropertyPlantAndEquipment_loc" order="6.0" weight="1.0"/>
    <link:loc xlink:type="locator" xlink:href="https://www.nltaxonomie.nl/rj/2024-03-31/rj-cor.xsd#rj_ProceedsSalesInvestmentProperties" xlink:label="rj_ProceedsSalesInvestmentProperties_loc"/>
    <link:calculationArc xlink:type="arc" xlink:arcrole="https://xbrl.org/2023/arcrole/summation-item" xlink:from="rj_CashFlowInvestingActivities_loc" xlink:to="rj_ProceedsSalesInvestmentProperties_loc" order="7.0" weight="1.0"/>
    <link:loc xlink:type="locator" xlink:href="https://www.nltaxonomie.nl/rj/2024-03-31/rj-cor.xsd#rj_CashFlowFinancingActivities" xlink:label="rj_CashFlowFinancingActivities_loc"/>
    <link:calculationArc xlink:type="arc" xlink:arcrole="https://xbrl.org/2023/arcrole/summation-item" xlink:from="rj_NetCashFlows_loc" xlink:to="rj_CashFlowFinancingActivities_loc" order="3.0" weight="1.0"/>
    <link:loc xlink:type="locator" xlink:href="https://www.nltaxonomie.nl/rj/2024-03-31/rj-cor.xsd#rj_ProceedsIssueShares" xlink:label="rj_ProceedsIssueShares_loc"/>
    <link:calculationArc xlink:type="arc" xlink:arcrole="https://xbrl.org/2023/arcrole/summation-item" xlink:from="rj_CashFlowFinancingActivities_loc" xlink:to="rj_ProceedsIssueShares_loc" order="1.0" weight="1.0"/>
    <link:loc xlink:type="locator" xlink:href="https://www.nltaxonomie.nl/rj/2024-03-31/rj-cor.xsd#rj_DividendsPaidClassifiedAsFinancingActivities" xlink:label="rj_DividendsPaidClassifiedAsFinancingActivities_loc"/>
    <link:calculationArc xlink:type="arc" xlink:arcrole="https://xbrl.org/2023/arcrole/summation-item" xlink:from="rj_CashFlowFinancingActivities_loc" xlink:to="rj_DividendsPaidClassifiedAsFinancingActivities_loc" order="2.0" weight="-1.0"/>
    <link:loc xlink:type="locator" xlink:href="demiddelgrotebv-2023-12-31.xsd#middelgroot_ProceedsFromLiabilitiesNonCurrent" xlink:label="middelgroot_ProceedsFromLiabilitiesNonCurrent_loc"/>
    <link:calculationArc xlink:type="arc" xlink:arcrole="https://xbrl.org/2023/arcrole/summation-item" xlink:from="rj_CashFlowFinancingActivities_loc" xlink:to="middelgroot_ProceedsFromLiabilitiesNonCurrent_loc" order="3.0" weight="1.0"/>
    <link:loc xlink:type="locator" xlink:href="https://www.nltaxonomie.nl/rj/2024-03-31/rj-cor.xsd#rj_IncreaseDecreasePayablesCreditInstitutions" xlink:label="rj_IncreaseDecreasePayablesCreditInstitutions_loc"/>
    <link:calculationArc xlink:type="arc" xlink:arcrole="https://xbrl.org/2023/arcrole/summation-item" xlink:from="rj_CashFlowFinancingActivities_loc" xlink:to="rj_IncreaseDecreasePayablesCreditInstitutions_loc" order="4.0" weight="1.0"/>
    <link:loc xlink:type="locator" xlink:href="https://www.nltaxonomie.nl/rj/2024-03-31/rj-cor.xsd#rj_EffectExchangeRateChangesCashAndCashEquivalents" xlink:label="rj_EffectExchangeRateChangesCashAndCashEquivalents_loc"/>
    <link:calculationArc xlink:type="arc" xlink:arcrole="https://xbrl.org/2023/arcrole/summation-item" xlink:from="rj_IncreaseDecreaseCashAndCashEquivalents_loc" xlink:to="rj_EffectExchangeRateChangesCashAndCashEquivalents_loc" order="2.0" weight="1.0"/>
  </link:calculationLink>
</link:linkbase>
