<?xml version="1.0" encoding="UTF-8"?>
<!-- Generated by Fujitsu Interstage XWand B0255 -->
<link:linkbase xmlns:xsi="http://www.w3.org/2001/XMLSchema-instance" xsi:schemaLocation="http://www.xbrl.org/2003/linkbase http://www.xbrl.org/2003/xbrl-linkbase-2003-12-31.xsd" xmlns:link="http://www.xbrl.org/2003/linkbase" xmlns:xbrli="http://www.xbrl.org/2003/instance" xmlns:xlink="http://www.w3.org/1999/xlink">
  <link:labelLink xlink:type="extended" xlink:role="http://www.xbrl.org/2003/role/link">
    <link:loc xlink:type="locator" xlink:href="demiddelgrotebv-2023-12-31.xsd#middelgroot_IncreaseDecreaseLiabilitiesCurrent" xlink:label="middelgroot_IncreaseDecreaseCurrentLiabilities_loc"/>
    <link:label xlink:type="resource" xlink:label="middelgroot_IncreaseDecreaseCurrentLiabilities_label_nl" xlink:role="http://www.xbrl.org/2003/role/label" xml:lang="nl">Toename (afname) van kortlopende schulden (exclusief bankkrediet)</link:label>
    <link:labelArc xlink:type="arc" xlink:arcrole="http://www.xbrl.org/2003/arcrole/concept-label" xlink:from="middelgroot_IncreaseDecreaseCurrentLiabilities_loc" xlink:to="middelgroot_IncreaseDecreaseCurrentLiabilities_label_nl"/>
    <link:label xlink:type="resource" xlink:label="middelgroot_IncreaseDecreaseCurrentLiabilities_terseLabel_nl" xlink:role="http://www.xbrl.org/2003/role/terseLabel" xml:lang="nl">Kortlopende schulden (exclusief bankkrediet)</link:label>
    <link:labelArc xlink:type="arc" xlink:arcrole="http://www.xbrl.org/2003/arcrole/concept-label" xlink:from="middelgroot_IncreaseDecreaseCurrentLiabilities_loc" xlink:to="middelgroot_IncreaseDecreaseCurrentLiabilities_terseLabel_nl"/>
    <link:label xlink:type="resource" xlink:label="middelgroot_IncreaseDecreaseCurrentLiabilities_terseLabel_en" xlink:role="http://www.xbrl.org/2003/role/label" xml:lang="en">Increase (decrease) in current liabilities (excluding bank credit)</link:label>
    <link:labelArc xlink:type="arc" xlink:arcrole="http://www.xbrl.org/2003/arcrole/concept-label" xlink:from="middelgroot_IncreaseDecreaseCurrentLiabilities_loc" xlink:to="middelgroot_IncreaseDecreaseCurrentLiabilities_terseLabel_en"/>
    <link:label xlink:type="resource" xlink:label="middelgroot_IncreaseDecreaseCurrentLiabilities_label_en" xlink:role="http://www.xbrl.org/2003/role/label" xml:lang="en">Current liabilities (excluding bank credit)</link:label>
    <link:labelArc xlink:type="arc" xlink:arcrole="http://www.xbrl.org/2003/arcrole/concept-label" xlink:from="middelgroot_IncreaseDecreaseCurrentLiabilities_loc" xlink:to="middelgroot_IncreaseDecreaseCurrentLiabilities_label_en"/>
    <link:loc xlink:type="locator" xlink:href="demiddelgrotebv-2023-12-31.xsd#middelgroot_CashFlowFromInterestDividend" xlink:label="middelgroot_CashFlowFromInterestDividend_loc"/>
    <link:label xlink:type="resource" xlink:label="middelgroot_CashFlowFromInterestDividend_label_nl" xlink:role="http://www.xbrl.org/2003/role/label" xml:lang="nl">Kasstroom uit interest en dividend</link:label>
    <link:labelArc xlink:type="arc" xlink:arcrole="http://www.xbrl.org/2003/arcrole/concept-label" xlink:from="middelgroot_CashFlowFromInterestDividend_loc" xlink:to="middelgroot_CashFlowFromInterestDividend_label_nl"/>
    <link:label xlink:type="resource" xlink:label="middelgroot_CashFlowFromInterestDividend_label_en" xlink:role="http://www.xbrl.org/2003/role/label" xml:lang="en">Cash flow from interest and dividend</link:label>
    <link:labelArc xlink:type="arc" xlink:arcrole="http://www.xbrl.org/2003/arcrole/concept-label" xlink:from="middelgroot_CashFlowFromInterestDividend_loc" xlink:to="middelgroot_CashFlowFromInterestDividend_label_en"/>
    <link:loc xlink:type="locator" xlink:href="demiddelgrotebv-2023-12-31.xsd#middelgroot_ProceedsFromLiabilitiesNonCurrent" xlink:label="middelgroot_ProceedsFromLiabilitiesNonCurrent_loc"/>
    <link:label xlink:type="resource" xlink:label="middelgroot_ProceedsFromLiabilitiesNonCurrent_label_en" xlink:role="http://www.xbrl.org/2003/role/label" xml:lang="en">Proceeds from non-current liabilities</link:label>
    <link:labelArc xlink:type="arc" xlink:arcrole="http://www.xbrl.org/2003/arcrole/concept-label" xlink:from="middelgroot_ProceedsFromLiabilitiesNonCurrent_loc" xlink:to="middelgroot_ProceedsFromLiabilitiesNonCurrent_label_en"/>
    <link:label xlink:type="resource" xlink:label="middelgroot_ProceedsFromLiabilitiesNonCurrent_label_nl" xlink:role="http://www.xbrl.org/2003/role/label" xml:lang="nl">Ontvangst uit langlopende schulden</link:label>
    <link:labelArc xlink:type="arc" xlink:arcrole="http://www.xbrl.org/2003/arcrole/concept-label" xlink:from="middelgroot_ProceedsFromLiabilitiesNonCurrent_loc" xlink:to="middelgroot_ProceedsFromLiabilitiesNonCurrent_label_nl"/>
    <link:loc xlink:type="locator" xlink:href="demiddelgrotebv-2023-12-31.xsd#middelgroot_NOWReceivables" xlink:label="middelgroot_NOWReceivables_loc"/>
    <link:label xlink:type="resource" xlink:label="middelgroot_NOWReceivables_label_nl" xlink:role="http://www.xbrl.org/2003/role/label" xml:lang="nl">Te ontvangen inzake afrekeningen NOW</link:label>
    <link:labelArc xlink:type="arc" xlink:arcrole="http://www.xbrl.org/2003/arcrole/concept-label" xlink:from="middelgroot_NOWReceivables_loc" xlink:to="middelgroot_NOWReceivables_label_nl"/>
    <link:label xlink:type="resource" xlink:label="middelgroot_NOWReceivables_label_en" xlink:role="http://www.xbrl.org/2003/role/label" xml:lang="en">Receivables from NOW settlements</link:label>
    <link:labelArc xlink:type="arc" xlink:arcrole="http://www.xbrl.org/2003/arcrole/concept-label" xlink:from="middelgroot_NOWReceivables_loc" xlink:to="middelgroot_NOWReceivables_label_en"/>
    <link:loc xlink:type="locator" xlink:href="demiddelgrotebv-2023-12-31.xsd#middelgroot_ReceivablesOtherAccruedIncome" xlink:label="middelgroot_ReceivablesOtherAccruedIncome_loc"/>
    <link:label xlink:type="resource" xlink:label="middelgroot_ReceivablesOtherAccruedIncome_label_nl" xlink:role="http://www.xbrl.org/2003/role/label" xml:lang="nl">Overige vorderingen en overlopende activa</link:label>
    <link:labelArc xlink:type="arc" xlink:arcrole="http://www.xbrl.org/2003/arcrole/concept-label" xlink:from="middelgroot_ReceivablesOtherAccruedIncome_loc" xlink:to="middelgroot_ReceivablesOtherAccruedIncome_label_nl"/>
    <link:label xlink:type="resource" xlink:label="middelgroot_ReceivablesOtherAccruedIncome_label_en" xlink:role="http://www.xbrl.org/2003/role/label" xml:lang="en">Other receivables and accrued income</link:label>
    <link:labelArc xlink:type="arc" xlink:arcrole="http://www.xbrl.org/2003/arcrole/concept-label" xlink:from="middelgroot_ReceivablesOtherAccruedIncome_loc" xlink:to="middelgroot_ReceivablesOtherAccruedIncome_label_en"/>
    <link:loc xlink:type="locator" xlink:href="demiddelgrotebv-2023-12-31.xsd#middelgroot_PayablesOtherAccrualsAndDeferredIncomeCurrent" xlink:label="middelgroot_PayablesOtherAccrualsAndDeferredIncomeCurrent_loc"/>
    <link:label xlink:type="resource" xlink:label="middelgroot_PayablesOtherAccrualsAndDeferredIncomeCurrent_label_nl" xlink:role="http://www.xbrl.org/2003/role/label" xml:lang="nl">Overige schulden en overlopende passiva</link:label>
    <link:labelArc xlink:type="arc" xlink:arcrole="http://www.xbrl.org/2003/arcrole/concept-label" xlink:from="middelgroot_PayablesOtherAccrualsAndDeferredIncomeCurrent_loc" xlink:to="middelgroot_PayablesOtherAccrualsAndDeferredIncomeCurrent_label_nl"/>
    <link:label xlink:type="resource" xlink:label="middelgroot_PayablesOtherAccrualsAndDeferredIncomeCurrent_label_en" xlink:role="http://www.xbrl.org/2003/role/label" xml:lang="en">Other payables, accruals and deferred income</link:label>
    <link:labelArc xlink:type="arc" xlink:arcrole="http://www.xbrl.org/2003/arcrole/concept-label" xlink:from="middelgroot_PayablesOtherAccrualsAndDeferredIncomeCurrent_loc" xlink:to="middelgroot_PayablesOtherAccrualsAndDeferredIncomeCurrent_label_en"/>
    <link:loc xlink:type="locator" xlink:href="demiddelgrotebv-2023-12-31.xsd#middelgroot_EquityResultFinancialYear" xlink:label="middelgroot_EquityProfitAllocation_loc"/>
    <link:label xlink:type="resource" xlink:label="middelgroot_EquityProfitAllocation_label_nl" xlink:role="http://www.xbrl.org/2003/role/label" xml:lang="nl">Resultaat boekjaar</link:label>
    <link:labelArc xlink:type="arc" xlink:arcrole="http://www.xbrl.org/2003/arcrole/concept-label" xlink:from="middelgroot_EquityProfitAllocation_loc" xlink:to="middelgroot_EquityProfitAllocation_label_nl"/>
  </link:labelLink>
</link:linkbase>
