<?xml version="1.0" encoding="UTF-8"?>
<!-- Generated by Fujitsu Interstage XWand B0255 -->
<link:linkbase xmlns:link="http://www.xbrl.org/2003/linkbase" xmlns:xlink="http://www.w3.org/1999/xlink" xmlns:xbrldt="http://xbrl.org/2005/xbrldt">
  <link:roleRef roleURI="https://www.nltaxonomie.nl/kvk/role/items-separate-fs" xlink:type="simple" xlink:href="https://www.nltaxonomie.nl/kvk/2024-03-31/kvk-annual-report-nlgaap-ext.xsd#kvk-role-items-separate-fs"/>
  <link:roleRef roleURI="https://www.dekleinebv.nl/role/Anchoring" xlink:type="simple" xlink:href="dekleinebv-2023-12-31.xsd#Anchoring"/>
  <link:roleRef roleURI="https://www.dekleinebv.nl/role/RevaluationReserveStatementOfChanges" xlink:type="simple" xlink:href="dekleinebv-2023-12-31.xsd#RevaluationReserveStatementOfChanges"/>
  <link:roleRef roleURI="https://www.nltaxonomie.nl/kvk/role/items-dimensional" xlink:type="simple" xlink:href="https://www.nltaxonomie.nl/kvk/2024-03-31/kvk-annual-report-nlgaap-ext.xsd#kvk-role-items-dimensional"/>
  <link:arcroleRef arcroleURI="http://xbrl.org/int/dim/arcrole/dimension-domain" xlink:type="simple" xlink:href="http://www.xbrl.org/2005/xbrldt-2005.xsd#dimension-domain"/>
  <link:arcroleRef arcroleURI="http://xbrl.org/int/dim/arcrole/domain-member" xlink:type="simple" xlink:href="http://www.xbrl.org/2005/xbrldt-2005.xsd#domain-member"/>
  <link:arcroleRef arcroleURI="http://xbrl.org/int/dim/arcrole/hypercube-dimension" xlink:type="simple" xlink:href="http://www.xbrl.org/2005/xbrldt-2005.xsd#hypercube-dimension"/>
  <link:arcroleRef arcroleURI="http://xbrl.org/int/dim/arcrole/all" xlink:type="simple" xlink:href="http://www.xbrl.org/2005/xbrldt-2005.xsd#all"/>
  <link:arcroleRef arcroleURI="http://www.esma.europa.eu/xbrl/esef/arcrole/wider-narrower" xlink:type="simple" xlink:href="http://www.xbrl.org/lrr/arcrole/esma-arcrole-2018-11-21.xsd#wider-narrower"/>
  <link:definitionLink xlink:type="extended" xlink:role="https://www.nltaxonomie.nl/kvk/role/items-separate-fs">
    <link:loc xlink:type="locator" xlink:href="https://www.nltaxonomie.nl/kvk/2024-03-31/kvk-cor.xsd#kvk_ItemsInSeparateFinancialStatementsPlaceholder" xlink:label="kvk_ItemsInSeparateFinancialStatementsPlaceholder_loc"/>
    <link:loc xlink:type="locator" xlink:href="https://www.nltaxonomie.nl/jenv/2024-03-31/bw2-titel9-cor.xsd#bw2-titel9_BalanceSheetBeforeAppropriationResults" xlink:label="bw2-titel9_BalanceSheetBeforeAppropriationResults_loc"/>
    <link:definitionArc xlink:type="arc" xlink:arcrole="http://xbrl.org/int/dim/arcrole/domain-member" xlink:from="kvk_ItemsInSeparateFinancialStatementsPlaceholder_loc" xlink:to="bw2-titel9_BalanceSheetBeforeAppropriationResults_loc" order="2.0"/>
    <link:loc xlink:type="locator" xlink:href="https://www.nltaxonomie.nl/jenv/2024-03-31/bw2-titel9-cor.xsd#bw2-titel9_CostsIncorporationShareIssue" xlink:label="bw2-titel9_CostsIncorporationShareIssue_loc"/>
    <link:definitionArc xlink:type="arc" xlink:arcrole="http://xbrl.org/int/dim/arcrole/domain-member" xlink:from="kvk_ItemsInSeparateFinancialStatementsPlaceholder_loc" xlink:to="bw2-titel9_CostsIncorporationShareIssue_loc" order="3.0"/>
    <link:loc xlink:type="locator" xlink:href="https://www.nltaxonomie.nl/jenv/2024-03-31/bw2-titel9-cor.xsd#bw2-titel9_DevelopmentCosts" xlink:label="bw2-titel9_DevelopmentCosts_loc"/>
    <link:definitionArc xlink:type="arc" xlink:arcrole="http://xbrl.org/int/dim/arcrole/domain-member" xlink:from="kvk_ItemsInSeparateFinancialStatementsPlaceholder_loc" xlink:to="bw2-titel9_DevelopmentCosts_loc" order="4.0"/>
    <link:loc xlink:type="locator" xlink:href="https://www.nltaxonomie.nl/jenv/2024-03-31/bw2-titel9-cor.xsd#bw2-titel9_Goodwill" xlink:label="bw2-titel9_Goodwill_loc"/>
    <link:definitionArc xlink:type="arc" xlink:arcrole="http://xbrl.org/int/dim/arcrole/domain-member" xlink:from="kvk_ItemsInSeparateFinancialStatementsPlaceholder_loc" xlink:to="bw2-titel9_Goodwill_loc" order="5.0"/>
    <link:loc xlink:type="locator" xlink:href="https://www.nltaxonomie.nl/jenv/2024-03-31/bw2-titel9-cor.xsd#bw2-titel9_IntangibleAssets" xlink:label="bw2-titel9_IntangibleAssets_loc"/>
    <link:definitionArc xlink:type="arc" xlink:arcrole="http://xbrl.org/int/dim/arcrole/domain-member" xlink:from="kvk_ItemsInSeparateFinancialStatementsPlaceholder_loc" xlink:to="bw2-titel9_IntangibleAssets_loc" order="6.0"/>
    <link:loc xlink:type="locator" xlink:href="https://www.nltaxonomie.nl/jenv/2024-03-31/bw2-titel9-cor.xsd#bw2-titel9_LandAndBuildings" xlink:label="bw2-titel9_LandAndBuildings_loc"/>
    <link:definitionArc xlink:type="arc" xlink:arcrole="http://xbrl.org/int/dim/arcrole/domain-member" xlink:from="kvk_ItemsInSeparateFinancialStatementsPlaceholder_loc" xlink:to="bw2-titel9_LandAndBuildings_loc" order="7.0"/>
    <link:loc xlink:type="locator" xlink:href="https://www.nltaxonomie.nl/jenv/2024-03-31/bw2-titel9-cor.xsd#bw2-titel9_TangibleAssetsOther" xlink:label="bw2-titel9_TangibleAssetsOther_loc"/>
    <link:definitionArc xlink:type="arc" xlink:arcrole="http://xbrl.org/int/dim/arcrole/domain-member" xlink:from="kvk_ItemsInSeparateFinancialStatementsPlaceholder_loc" xlink:to="bw2-titel9_TangibleAssetsOther_loc" order="8.0"/>
    <link:loc xlink:type="locator" xlink:href="https://www.nltaxonomie.nl/jenv/2024-03-31/bw2-titel9-cor.xsd#bw2-titel9_PropertyPlantEquipment" xlink:label="bw2-titel9_PropertyPlantEquipment_loc"/>
    <link:definitionArc xlink:type="arc" xlink:arcrole="http://xbrl.org/int/dim/arcrole/domain-member" xlink:from="kvk_ItemsInSeparateFinancialStatementsPlaceholder_loc" xlink:to="bw2-titel9_PropertyPlantEquipment_loc" order="9.0"/>
    <link:loc xlink:type="locator" xlink:href="https://www.nltaxonomie.nl/rj/2024-03-31/rj-cor.xsd#rj_InvestmentProperties" xlink:label="rj_InvestmentProperties_loc"/>
    <link:definitionArc xlink:type="arc" xlink:arcrole="http://xbrl.org/int/dim/arcrole/domain-member" xlink:from="kvk_ItemsInSeparateFinancialStatementsPlaceholder_loc" xlink:to="rj_InvestmentProperties_loc" order="10.0"/>
    <link:loc xlink:type="locator" xlink:href="https://www.nltaxonomie.nl/jenv/2024-03-31/bw2-titel9-cor.xsd#bw2-titel9_InvestmentsInParticipatingInterestsInGroupCompanies" xlink:label="bw2-titel9_InvestmentsInParticipatingInterestsInGroupCompanies_loc"/>
    <link:definitionArc xlink:type="arc" xlink:arcrole="http://xbrl.org/int/dim/arcrole/domain-member" xlink:from="kvk_ItemsInSeparateFinancialStatementsPlaceholder_loc" xlink:to="bw2-titel9_InvestmentsInParticipatingInterestsInGroupCompanies_loc" order="11.0"/>
    <link:loc xlink:type="locator" xlink:href="https://www.nltaxonomie.nl/jenv/2024-03-31/bw2-titel9-cor.xsd#bw2-titel9_ReceivablesGroupCompaniesNoncurrent" xlink:label="bw2-titel9_ReceivablesGroupCompaniesNoncurrent_loc"/>
    <link:definitionArc xlink:type="arc" xlink:arcrole="http://xbrl.org/int/dim/arcrole/domain-member" xlink:from="kvk_ItemsInSeparateFinancialStatementsPlaceholder_loc" xlink:to="bw2-titel9_ReceivablesGroupCompaniesNoncurrent_loc" order="12.0"/>
    <link:loc xlink:type="locator" xlink:href="https://www.nltaxonomie.nl/rj/2024-03-31/rj-cor.xsd#rj_DeferredTaxAssetsNoncurrent" xlink:label="rj_DeferredTaxAssetsNoncurrent_loc"/>
    <link:definitionArc xlink:type="arc" xlink:arcrole="http://xbrl.org/int/dim/arcrole/domain-member" xlink:from="kvk_ItemsInSeparateFinancialStatementsPlaceholder_loc" xlink:to="rj_DeferredTaxAssetsNoncurrent_loc" order="13.0"/>
    <link:loc xlink:type="locator" xlink:href="https://www.nltaxonomie.nl/jenv/2024-03-31/bw2-titel9-cor.xsd#bw2-titel9_FinancialAssets" xlink:label="bw2-titel9_FinancialAssets_loc"/>
    <link:definitionArc xlink:type="arc" xlink:arcrole="http://xbrl.org/int/dim/arcrole/domain-member" xlink:from="kvk_ItemsInSeparateFinancialStatementsPlaceholder_loc" xlink:to="bw2-titel9_FinancialAssets_loc" order="14.0"/>
    <link:loc xlink:type="locator" xlink:href="https://www.nltaxonomie.nl/jenv/2024-03-31/bw2-titel9-cor.xsd#bw2-titel9_Inventories" xlink:label="bw2-titel9_Inventories_loc"/>
    <link:definitionArc xlink:type="arc" xlink:arcrole="http://xbrl.org/int/dim/arcrole/domain-member" xlink:from="kvk_ItemsInSeparateFinancialStatementsPlaceholder_loc" xlink:to="bw2-titel9_Inventories_loc" order="15.0"/>
    <link:loc xlink:type="locator" xlink:href="https://www.nltaxonomie.nl/rj/2024-03-31/rj-cor.xsd#rj_ConstructionContractsAssets" xlink:label="rj_ConstructionContractsAssets_loc"/>
    <link:definitionArc xlink:type="arc" xlink:arcrole="http://xbrl.org/int/dim/arcrole/domain-member" xlink:from="kvk_ItemsInSeparateFinancialStatementsPlaceholder_loc" xlink:to="rj_ConstructionContractsAssets_loc" order="16.0"/>
    <link:loc xlink:type="locator" xlink:href="https://www.nltaxonomie.nl/jenv/2024-03-31/bw2-titel9-cor.xsd#bw2-titel9_TradeReceivables" xlink:label="bw2-titel9_TradeReceivables_loc"/>
    <link:definitionArc xlink:type="arc" xlink:arcrole="http://xbrl.org/int/dim/arcrole/domain-member" xlink:from="kvk_ItemsInSeparateFinancialStatementsPlaceholder_loc" xlink:to="bw2-titel9_TradeReceivables_loc" order="17.0"/>
    <link:loc xlink:type="locator" xlink:href="https://www.nltaxonomie.nl/jenv/2024-03-31/bw2-titel9-cor.xsd#bw2-titel9_ReceivablesGroupCompaniesCurrent" xlink:label="bw2-titel9_ReceivablesGroupCompaniesCurrent_loc"/>
    <link:definitionArc xlink:type="arc" xlink:arcrole="http://xbrl.org/int/dim/arcrole/domain-member" xlink:from="kvk_ItemsInSeparateFinancialStatementsPlaceholder_loc" xlink:to="bw2-titel9_ReceivablesGroupCompaniesCurrent_loc" order="18.0"/>
    <link:loc xlink:type="locator" xlink:href="https://www.nltaxonomie.nl/jenv/2024-03-31/bw2-titel9-cor.xsd#bw2-titel9_CalledUpShareCapital" xlink:label="bw2-titel9_CalledUpShareCapital_loc"/>
    <link:definitionArc xlink:type="arc" xlink:arcrole="http://xbrl.org/int/dim/arcrole/domain-member" xlink:from="kvk_ItemsInSeparateFinancialStatementsPlaceholder_loc" xlink:to="bw2-titel9_CalledUpShareCapital_loc" order="19.0"/>
    <link:loc xlink:type="locator" xlink:href="dekleinebv-2023-12-31.xsd#klein_ReceivablesOtherAccruedIncome" xlink:label="klein_ReceivablesOtherAccruedIncome_loc"/>
    <link:definitionArc xlink:type="arc" xlink:arcrole="http://xbrl.org/int/dim/arcrole/domain-member" xlink:from="kvk_ItemsInSeparateFinancialStatementsPlaceholder_loc" xlink:to="klein_ReceivablesOtherAccruedIncome_loc" order="20.0"/>
    <link:loc xlink:type="locator" xlink:href="https://www.nltaxonomie.nl/jenv/2024-03-31/bw2-titel9-cor.xsd#bw2-titel9_Receivables" xlink:label="bw2-titel9_Receivables_loc"/>
    <link:definitionArc xlink:type="arc" xlink:arcrole="http://xbrl.org/int/dim/arcrole/domain-member" xlink:from="kvk_ItemsInSeparateFinancialStatementsPlaceholder_loc" xlink:to="bw2-titel9_Receivables_loc" order="21.0"/>
    <link:loc xlink:type="locator" xlink:href="https://www.nltaxonomie.nl/jenv/2024-03-31/bw2-titel9-cor.xsd#bw2-titel9_SecuritiesCurrent" xlink:label="bw2-titel9_SecuritiesCurrent_loc"/>
    <link:definitionArc xlink:type="arc" xlink:arcrole="http://xbrl.org/int/dim/arcrole/domain-member" xlink:from="kvk_ItemsInSeparateFinancialStatementsPlaceholder_loc" xlink:to="bw2-titel9_SecuritiesCurrent_loc" order="22.0"/>
    <link:loc xlink:type="locator" xlink:href="https://www.nltaxonomie.nl/jenv/2024-03-31/bw2-titel9-cor.xsd#bw2-titel9_CashAndCashEquivalents" xlink:label="bw2-titel9_CashAndCashEquivalents_loc"/>
    <link:definitionArc xlink:type="arc" xlink:arcrole="http://xbrl.org/int/dim/arcrole/domain-member" xlink:from="kvk_ItemsInSeparateFinancialStatementsPlaceholder_loc" xlink:to="bw2-titel9_CashAndCashEquivalents_loc" order="23.0"/>
    <link:loc xlink:type="locator" xlink:href="https://www.nltaxonomie.nl/jenv/2024-03-31/bw2-titel9-cor.xsd#bw2-titel9_Assets" xlink:label="bw2-titel9_Assets_loc"/>
    <link:definitionArc xlink:type="arc" xlink:arcrole="http://xbrl.org/int/dim/arcrole/domain-member" xlink:from="kvk_ItemsInSeparateFinancialStatementsPlaceholder_loc" xlink:to="bw2-titel9_Assets_loc" order="24.0"/>
    <link:loc xlink:type="locator" xlink:href="https://www.nltaxonomie.nl/jenv/2024-03-31/bw2-titel9-cor.xsd#bw2-titel9_ShareCapitalIssued" xlink:label="bw2-titel9_ShareCapitalIssued_loc"/>
    <link:definitionArc xlink:type="arc" xlink:arcrole="http://xbrl.org/int/dim/arcrole/domain-member" xlink:from="kvk_ItemsInSeparateFinancialStatementsPlaceholder_loc" xlink:to="bw2-titel9_ShareCapitalIssued_loc" order="25.0"/>
    <link:loc xlink:type="locator" xlink:href="https://www.nltaxonomie.nl/jenv/2024-03-31/bw2-titel9-cor.xsd#bw2-titel9_SharePremium" xlink:label="bw2-titel9_SharePremium_loc"/>
    <link:definitionArc xlink:type="arc" xlink:arcrole="http://xbrl.org/int/dim/arcrole/domain-member" xlink:from="kvk_ItemsInSeparateFinancialStatementsPlaceholder_loc" xlink:to="bw2-titel9_SharePremium_loc" order="26.0"/>
    <link:loc xlink:type="locator" xlink:href="https://www.nltaxonomie.nl/jenv/2024-03-31/bw2-titel9-cor.xsd#bw2-titel9_RevaluationReserve" xlink:label="bw2-titel9_RevaluationReserve_loc"/>
    <link:definitionArc xlink:type="arc" xlink:arcrole="http://xbrl.org/int/dim/arcrole/domain-member" xlink:from="kvk_ItemsInSeparateFinancialStatementsPlaceholder_loc" xlink:to="bw2-titel9_RevaluationReserve_loc" order="27.0"/>
    <link:loc xlink:type="locator" xlink:href="https://www.nltaxonomie.nl/jenv/2024-03-31/bw2-titel9-cor.xsd#bw2-titel9_LegalReserves" xlink:label="bw2-titel9_LegalReserves_loc"/>
    <link:definitionArc xlink:type="arc" xlink:arcrole="http://xbrl.org/int/dim/arcrole/domain-member" xlink:from="kvk_ItemsInSeparateFinancialStatementsPlaceholder_loc" xlink:to="bw2-titel9_LegalReserves_loc" order="28.0"/>
    <link:loc xlink:type="locator" xlink:href="https://www.nltaxonomie.nl/jenv/2024-03-31/bw2-titel9-cor.xsd#bw2-titel9_StatutoryReserves" xlink:label="bw2-titel9_StatutoryReserves_loc"/>
    <link:definitionArc xlink:type="arc" xlink:arcrole="http://xbrl.org/int/dim/arcrole/domain-member" xlink:from="kvk_ItemsInSeparateFinancialStatementsPlaceholder_loc" xlink:to="bw2-titel9_StatutoryReserves_loc" order="29.0"/>
    <link:loc xlink:type="locator" xlink:href="https://www.nltaxonomie.nl/jenv/2024-03-31/bw2-titel9-cor.xsd#bw2-titel9_ReservesOther" xlink:label="bw2-titel9_ReservesOther_loc"/>
    <link:definitionArc xlink:type="arc" xlink:arcrole="http://xbrl.org/int/dim/arcrole/domain-member" xlink:from="kvk_ItemsInSeparateFinancialStatementsPlaceholder_loc" xlink:to="bw2-titel9_ReservesOther_loc" order="30.0"/>
    <link:loc xlink:type="locator" xlink:href="https://www.nltaxonomie.nl/jenv/2024-03-31/bw2-titel9-cor.xsd#bw2-titel9_Equity" xlink:label="bw2-titel9_Equity_loc"/>
    <link:definitionArc xlink:type="arc" xlink:arcrole="http://xbrl.org/int/dim/arcrole/domain-member" xlink:from="kvk_ItemsInSeparateFinancialStatementsPlaceholder_loc" xlink:to="bw2-titel9_Equity_loc" order="31.0"/>
    <link:loc xlink:type="locator" xlink:href="https://www.nltaxonomie.nl/jenv/2024-03-31/bw2-titel9-cor.xsd#bw2-titel9_ProvisionPensionObligations" xlink:label="bw2-titel9_ProvisionPensionObligations_loc"/>
    <link:definitionArc xlink:type="arc" xlink:arcrole="http://xbrl.org/int/dim/arcrole/domain-member" xlink:from="kvk_ItemsInSeparateFinancialStatementsPlaceholder_loc" xlink:to="bw2-titel9_ProvisionPensionObligations_loc" order="32.0"/>
    <link:loc xlink:type="locator" xlink:href="https://www.nltaxonomie.nl/rj/2024-03-31/rj-cor.xsd#rj_DeferredTaxLiabilities" xlink:label="rj_DeferredTaxLiabilities_loc"/>
    <link:definitionArc xlink:type="arc" xlink:arcrole="http://xbrl.org/int/dim/arcrole/domain-member" xlink:from="kvk_ItemsInSeparateFinancialStatementsPlaceholder_loc" xlink:to="rj_DeferredTaxLiabilities_loc" order="33.0"/>
    <link:loc xlink:type="locator" xlink:href="https://www.nltaxonomie.nl/jenv/2024-03-31/bw2-titel9-cor.xsd#bw2-titel9_ProvisionsOther" xlink:label="bw2-titel9_ProvisionsOther_loc"/>
    <link:definitionArc xlink:type="arc" xlink:arcrole="http://xbrl.org/int/dim/arcrole/domain-member" xlink:from="kvk_ItemsInSeparateFinancialStatementsPlaceholder_loc" xlink:to="bw2-titel9_ProvisionsOther_loc" order="34.0"/>
    <link:loc xlink:type="locator" xlink:href="https://www.nltaxonomie.nl/jenv/2024-03-31/bw2-titel9-cor.xsd#bw2-titel9_Provisions" xlink:label="bw2-titel9_Provisions_loc"/>
    <link:definitionArc xlink:type="arc" xlink:arcrole="http://xbrl.org/int/dim/arcrole/domain-member" xlink:from="kvk_ItemsInSeparateFinancialStatementsPlaceholder_loc" xlink:to="bw2-titel9_Provisions_loc" order="35.0"/>
    <link:loc xlink:type="locator" xlink:href="https://www.nltaxonomie.nl/rj/2024-03-31/rj-cor.xsd#rj_SubordinatedLoans" xlink:label="rj_SubordinatedLoans_loc"/>
    <link:definitionArc xlink:type="arc" xlink:arcrole="http://xbrl.org/int/dim/arcrole/domain-member" xlink:from="kvk_ItemsInSeparateFinancialStatementsPlaceholder_loc" xlink:to="rj_SubordinatedLoans_loc" order="36.0"/>
    <link:loc xlink:type="locator" xlink:href="https://www.nltaxonomie.nl/jenv/2024-03-31/bw2-titel9-cor.xsd#bw2-titel9_PayablesBanksNoncurrent" xlink:label="bw2-titel9_PayablesBanksNoncurrent_loc"/>
    <link:definitionArc xlink:type="arc" xlink:arcrole="http://xbrl.org/int/dim/arcrole/domain-member" xlink:from="kvk_ItemsInSeparateFinancialStatementsPlaceholder_loc" xlink:to="bw2-titel9_PayablesBanksNoncurrent_loc" order="37.0"/>
    <link:loc xlink:type="locator" xlink:href="https://www.nltaxonomie.nl/rj/2024-03-31/rj-cor.xsd#rj_FinanceLeaseLiabilitiesNoncurrent" xlink:label="rj_FinanceLeaseLiabilitiesNoncurrent_loc"/>
    <link:definitionArc xlink:type="arc" xlink:arcrole="http://xbrl.org/int/dim/arcrole/domain-member" xlink:from="kvk_ItemsInSeparateFinancialStatementsPlaceholder_loc" xlink:to="rj_FinanceLeaseLiabilitiesNoncurrent_loc" order="38.0"/>
    <link:loc xlink:type="locator" xlink:href="https://www.nltaxonomie.nl/rj/2024-03-31/rj-cor.xsd#rj_OldAgeObligation" xlink:label="rj_OldAgeObligation_loc"/>
    <link:definitionArc xlink:type="arc" xlink:arcrole="http://xbrl.org/int/dim/arcrole/domain-member" xlink:from="kvk_ItemsInSeparateFinancialStatementsPlaceholder_loc" xlink:to="rj_OldAgeObligation_loc" order="39.0"/>
    <link:loc xlink:type="locator" xlink:href="https://www.nltaxonomie.nl/jenv/2024-03-31/bw2-titel9-cor.xsd#bw2-titel9_PayablesOtherNoncurrent" xlink:label="bw2-titel9_PayablesOtherNoncurrent_loc"/>
    <link:definitionArc xlink:type="arc" xlink:arcrole="http://xbrl.org/int/dim/arcrole/domain-member" xlink:from="kvk_ItemsInSeparateFinancialStatementsPlaceholder_loc" xlink:to="bw2-titel9_PayablesOtherNoncurrent_loc" order="40.0"/>
    <link:loc xlink:type="locator" xlink:href="https://www.nltaxonomie.nl/jenv/2024-03-31/bw2-titel9-cor.xsd#bw2-titel9_LiabilitiesNoncurrent" xlink:label="bw2-titel9_LiabilitiesNoncurrent_loc"/>
    <link:definitionArc xlink:type="arc" xlink:arcrole="http://xbrl.org/int/dim/arcrole/domain-member" xlink:from="kvk_ItemsInSeparateFinancialStatementsPlaceholder_loc" xlink:to="bw2-titel9_LiabilitiesNoncurrent_loc" order="41.0"/>
    <link:loc xlink:type="locator" xlink:href="https://www.nltaxonomie.nl/jenv/2024-03-31/bw2-titel9-cor.xsd#bw2-titel9_PayablesBanksCurrent" xlink:label="bw2-titel9_PayablesBanksCurrent_loc"/>
    <link:definitionArc xlink:type="arc" xlink:arcrole="http://xbrl.org/int/dim/arcrole/domain-member" xlink:from="kvk_ItemsInSeparateFinancialStatementsPlaceholder_loc" xlink:to="bw2-titel9_PayablesBanksCurrent_loc" order="42.0"/>
    <link:loc xlink:type="locator" xlink:href="https://www.nltaxonomie.nl/jenv/2024-03-31/bw2-titel9-cor.xsd#bw2-titel9_TradePayablesCurrent" xlink:label="bw2-titel9_TradePayablesCurrent_loc"/>
    <link:definitionArc xlink:type="arc" xlink:arcrole="http://xbrl.org/int/dim/arcrole/domain-member" xlink:from="kvk_ItemsInSeparateFinancialStatementsPlaceholder_loc" xlink:to="bw2-titel9_TradePayablesCurrent_loc" order="43.0"/>
    <link:loc xlink:type="locator" xlink:href="https://www.nltaxonomie.nl/jenv/2024-03-31/bw2-titel9-cor.xsd#bw2-titel9_PayablesGroupCompaniesCurrent" xlink:label="bw2-titel9_PayablesGroupCompaniesCurrent_loc"/>
    <link:definitionArc xlink:type="arc" xlink:arcrole="http://xbrl.org/int/dim/arcrole/domain-member" xlink:from="kvk_ItemsInSeparateFinancialStatementsPlaceholder_loc" xlink:to="bw2-titel9_PayablesGroupCompaniesCurrent_loc" order="44.0"/>
    <link:loc xlink:type="locator" xlink:href="https://www.nltaxonomie.nl/rj/2024-03-31/rj-cor.xsd#rj_ConstructionContractsLiabilities" xlink:label="rj_ConstructionContractsLiabilities_loc"/>
    <link:definitionArc xlink:type="arc" xlink:arcrole="http://xbrl.org/int/dim/arcrole/domain-member" xlink:from="kvk_ItemsInSeparateFinancialStatementsPlaceholder_loc" xlink:to="rj_ConstructionContractsLiabilities_loc" order="45.0"/>
    <link:loc xlink:type="locator" xlink:href="https://www.nltaxonomie.nl/jenv/2024-03-31/bw2-titel9-cor.xsd#bw2-titel9_TaxesSocialSecurityContributionsPayableCurrent" xlink:label="bw2-titel9_TaxesSocialSecurityContributionsPayableCurrent_loc"/>
    <link:definitionArc xlink:type="arc" xlink:arcrole="http://xbrl.org/int/dim/arcrole/domain-member" xlink:from="kvk_ItemsInSeparateFinancialStatementsPlaceholder_loc" xlink:to="bw2-titel9_TaxesSocialSecurityContributionsPayableCurrent_loc" order="46.0"/>
    <link:loc xlink:type="locator" xlink:href="https://www.nltaxonomie.nl/jenv/2024-03-31/bw2-titel9-cor.xsd#bw2-titel9_PensionPayablesCurrent" xlink:label="bw2-titel9_PensionPayablesCurrent_loc"/>
    <link:definitionArc xlink:type="arc" xlink:arcrole="http://xbrl.org/int/dim/arcrole/domain-member" xlink:from="kvk_ItemsInSeparateFinancialStatementsPlaceholder_loc" xlink:to="bw2-titel9_PensionPayablesCurrent_loc" order="47.0"/>
    <link:loc xlink:type="locator" xlink:href="dekleinebv-2023-12-31.xsd#klein_PayablesOtherAccrualsAndDeferredIncomeCurrent" xlink:label="klein_PayablesOtherAccrualsAndDeferredIncomeCurrent_loc"/>
    <link:definitionArc xlink:type="arc" xlink:arcrole="http://xbrl.org/int/dim/arcrole/domain-member" xlink:from="kvk_ItemsInSeparateFinancialStatementsPlaceholder_loc" xlink:to="klein_PayablesOtherAccrualsAndDeferredIncomeCurrent_loc" order="48.0"/>
    <link:loc xlink:type="locator" xlink:href="https://www.nltaxonomie.nl/jenv/2024-03-31/bw2-titel9-cor.xsd#bw2-titel9_LiabilitiesCurrent" xlink:label="bw2-titel9_LiabilitiesCurrent_loc"/>
    <link:definitionArc xlink:type="arc" xlink:arcrole="http://xbrl.org/int/dim/arcrole/domain-member" xlink:from="kvk_ItemsInSeparateFinancialStatementsPlaceholder_loc" xlink:to="bw2-titel9_LiabilitiesCurrent_loc" order="49.0"/>
    <link:loc xlink:type="locator" xlink:href="https://www.nltaxonomie.nl/jenv/2024-03-31/bw2-titel9-cor.xsd#bw2-titel9_EquityAndLiabilities" xlink:label="bw2-titel9_EquityAndLiabilities_loc"/>
    <link:definitionArc xlink:type="arc" xlink:arcrole="http://xbrl.org/int/dim/arcrole/domain-member" xlink:from="kvk_ItemsInSeparateFinancialStatementsPlaceholder_loc" xlink:to="bw2-titel9_EquityAndLiabilities_loc" order="50.0"/>
    <link:loc xlink:type="locator" xlink:href="https://www.nltaxonomie.nl/jenv/2024-03-31/bw2-titel9-cor.xsd#bw2-titel9_GrossOperatingResult" xlink:label="bw2-titel9_GrossOperatingResult_loc"/>
    <link:definitionArc xlink:type="arc" xlink:arcrole="http://xbrl.org/int/dim/arcrole/domain-member" xlink:from="kvk_ItemsInSeparateFinancialStatementsPlaceholder_loc" xlink:to="bw2-titel9_GrossOperatingResult_loc" order="51.0"/>
    <link:loc xlink:type="locator" xlink:href="https://www.nltaxonomie.nl/jenv/2024-03-31/bw2-titel9-cor.xsd#bw2-titel9_WagesSalaries" xlink:label="bw2-titel9_WagesSalaries_loc"/>
    <link:definitionArc xlink:type="arc" xlink:arcrole="http://xbrl.org/int/dim/arcrole/domain-member" xlink:from="kvk_ItemsInSeparateFinancialStatementsPlaceholder_loc" xlink:to="bw2-titel9_WagesSalaries_loc" order="52.0"/>
    <link:loc xlink:type="locator" xlink:href="https://www.nltaxonomie.nl/jenv/2024-03-31/bw2-titel9-cor.xsd#bw2-titel9_SocialSecurityContributions" xlink:label="bw2-titel9_SocialSecurityContributions_loc"/>
    <link:definitionArc xlink:type="arc" xlink:arcrole="http://xbrl.org/int/dim/arcrole/domain-member" xlink:from="kvk_ItemsInSeparateFinancialStatementsPlaceholder_loc" xlink:to="bw2-titel9_SocialSecurityContributions_loc" order="53.0"/>
    <link:loc xlink:type="locator" xlink:href="https://www.nltaxonomie.nl/jenv/2024-03-31/bw2-titel9-cor.xsd#bw2-titel9_DepreciationPropertyPlantEquipmentAmortisationIntangibleAssets" xlink:label="bw2-titel9_DepreciationPropertyPlantEquipmentAmortisationIntangibleAssets_loc"/>
    <link:definitionArc xlink:type="arc" xlink:arcrole="http://xbrl.org/int/dim/arcrole/domain-member" xlink:from="kvk_ItemsInSeparateFinancialStatementsPlaceholder_loc" xlink:to="bw2-titel9_DepreciationPropertyPlantEquipmentAmortisationIntangibleAssets_loc" order="54.0"/>
    <link:loc xlink:type="locator" xlink:href="https://www.nltaxonomie.nl/rj/2024-03-31/rj-cor.xsd#rj_ChangesValueInvestmentProperties" xlink:label="rj_ChangesValueInvestmentProperties_loc"/>
    <link:definitionArc xlink:type="arc" xlink:arcrole="http://xbrl.org/int/dim/arcrole/domain-member" xlink:from="kvk_ItemsInSeparateFinancialStatementsPlaceholder_loc" xlink:to="rj_ChangesValueInvestmentProperties_loc" order="55.0"/>
    <link:loc xlink:type="locator" xlink:href="https://www.nltaxonomie.nl/jenv/2024-03-31/bw2-titel9-cor.xsd#bw2-titel9_ImpairmentCurrentAssets" xlink:label="bw2-titel9_ImpairmentCurrentAssets_loc"/>
    <link:definitionArc xlink:type="arc" xlink:arcrole="http://xbrl.org/int/dim/arcrole/domain-member" xlink:from="kvk_ItemsInSeparateFinancialStatementsPlaceholder_loc" xlink:to="bw2-titel9_ImpairmentCurrentAssets_loc" order="56.0"/>
    <link:loc xlink:type="locator" xlink:href="https://www.nltaxonomie.nl/jenv/2024-03-31/bw2-titel9-cor.xsd#bw2-titel9_OperatingExpensesOther" xlink:label="bw2-titel9_OperatingExpensesOther_loc"/>
    <link:definitionArc xlink:type="arc" xlink:arcrole="http://xbrl.org/int/dim/arcrole/domain-member" xlink:from="kvk_ItemsInSeparateFinancialStatementsPlaceholder_loc" xlink:to="bw2-titel9_OperatingExpensesOther_loc" order="57.0"/>
    <link:loc xlink:type="locator" xlink:href="https://www.nltaxonomie.nl/jenv/2024-03-31/bw2-titel9-cor.xsd#bw2-titel9_SumOfExpenses" xlink:label="bw2-titel9_SumOfExpenses_loc"/>
    <link:definitionArc xlink:type="arc" xlink:arcrole="http://xbrl.org/int/dim/arcrole/domain-member" xlink:from="kvk_ItemsInSeparateFinancialStatementsPlaceholder_loc" xlink:to="bw2-titel9_SumOfExpenses_loc" order="58.0"/>
    <link:loc xlink:type="locator" xlink:href="https://www.nltaxonomie.nl/jenv/2024-03-31/bw2-titel9-cor.xsd#bw2-titel9_OperatingResult" xlink:label="bw2-titel9_OperatingResult_loc"/>
    <link:definitionArc xlink:type="arc" xlink:arcrole="http://xbrl.org/int/dim/arcrole/domain-member" xlink:from="kvk_ItemsInSeparateFinancialStatementsPlaceholder_loc" xlink:to="bw2-titel9_OperatingResult_loc" order="59.0"/>
    <link:loc xlink:type="locator" xlink:href="https://www.nltaxonomie.nl/jenv/2024-03-31/bw2-titel9-cor.xsd#bw2-titel9_IncomeReceivablesNoncurrentSecurities" xlink:label="bw2-titel9_IncomeReceivablesNoncurrentSecurities_loc"/>
    <link:definitionArc xlink:type="arc" xlink:arcrole="http://xbrl.org/int/dim/arcrole/domain-member" xlink:from="kvk_ItemsInSeparateFinancialStatementsPlaceholder_loc" xlink:to="bw2-titel9_IncomeReceivablesNoncurrentSecurities_loc" order="60.0"/>
    <link:loc xlink:type="locator" xlink:href="https://www.nltaxonomie.nl/jenv/2024-03-31/bw2-titel9-cor.xsd#bw2-titel9_InterestIncomeRelatedIncomeOther" xlink:label="bw2-titel9_InterestIncomeRelatedIncomeOther_loc"/>
    <link:definitionArc xlink:type="arc" xlink:arcrole="http://xbrl.org/int/dim/arcrole/domain-member" xlink:from="kvk_ItemsInSeparateFinancialStatementsPlaceholder_loc" xlink:to="bw2-titel9_InterestIncomeRelatedIncomeOther_loc" order="61.0"/>
    <link:loc xlink:type="locator" xlink:href="https://www.nltaxonomie.nl/jenv/2024-03-31/bw2-titel9-cor.xsd#bw2-titel9_InterestExpensesRelatedExpenses" xlink:label="bw2-titel9_InterestExpensesRelatedExpenses_loc"/>
    <link:definitionArc xlink:type="arc" xlink:arcrole="http://xbrl.org/int/dim/arcrole/domain-member" xlink:from="kvk_ItemsInSeparateFinancialStatementsPlaceholder_loc" xlink:to="bw2-titel9_InterestExpensesRelatedExpenses_loc" order="62.0"/>
    <link:loc xlink:type="locator" xlink:href="https://www.nltaxonomie.nl/jenv/2024-03-31/bw2-titel9-cor.xsd#bw2-titel9_ResultBeforeTax" xlink:label="bw2-titel9_ResultBeforeTax_loc"/>
    <link:definitionArc xlink:type="arc" xlink:arcrole="http://xbrl.org/int/dim/arcrole/domain-member" xlink:from="kvk_ItemsInSeparateFinancialStatementsPlaceholder_loc" xlink:to="bw2-titel9_ResultBeforeTax_loc" order="63.0"/>
    <link:loc xlink:type="locator" xlink:href="https://www.nltaxonomie.nl/jenv/2024-03-31/bw2-titel9-cor.xsd#bw2-titel9_IncomeTaxExpense" xlink:label="bw2-titel9_IncomeTaxExpense_loc"/>
    <link:definitionArc xlink:type="arc" xlink:arcrole="http://xbrl.org/int/dim/arcrole/domain-member" xlink:from="kvk_ItemsInSeparateFinancialStatementsPlaceholder_loc" xlink:to="bw2-titel9_IncomeTaxExpense_loc" order="64.0"/>
    <link:loc xlink:type="locator" xlink:href="https://www.nltaxonomie.nl/jenv/2024-03-31/bw2-titel9-cor.xsd#bw2-titel9_ShareInResultsParticipatingInterests" xlink:label="bw2-titel9_ShareInResultsParticipatingInterests_loc"/>
    <link:definitionArc xlink:type="arc" xlink:arcrole="http://xbrl.org/int/dim/arcrole/domain-member" xlink:from="kvk_ItemsInSeparateFinancialStatementsPlaceholder_loc" xlink:to="bw2-titel9_ShareInResultsParticipatingInterests_loc" order="65.0"/>
    <link:loc xlink:type="locator" xlink:href="https://www.nltaxonomie.nl/jenv/2024-03-31/bw2-titel9-cor.xsd#bw2-titel9_ResultAfterTax" xlink:label="bw2-titel9_ResultAfterTax_loc"/>
    <link:definitionArc xlink:type="arc" xlink:arcrole="http://xbrl.org/int/dim/arcrole/domain-member" xlink:from="kvk_ItemsInSeparateFinancialStatementsPlaceholder_loc" xlink:to="bw2-titel9_ResultAfterTax_loc" order="66.0"/>
    <link:loc xlink:type="locator" xlink:href="https://www.nltaxonomie.nl/rj/2024-03-31/rj-cor.xsd#rj_RevaluationReserveRealisedRevaluationsThroughIncomeStatement" xlink:label="rj_RevaluationReserveRealisedRevaluationsThroughIncomeStatement_loc"/>
    <link:definitionArc xlink:type="arc" xlink:arcrole="http://xbrl.org/int/dim/arcrole/domain-member" xlink:from="kvk_ItemsInSeparateFinancialStatementsPlaceholder_loc" xlink:to="rj_RevaluationReserveRealisedRevaluationsThroughIncomeStatement_loc" order="68.0"/>
    <link:loc xlink:type="locator" xlink:href="https://www.nltaxonomie.nl/rj/2024-03-31/rj-cor.xsd#rj_RevaluationReserveRealisedRevaluationsThroughOtherReserves" xlink:label="rj_RevaluationReserveRealisedRevaluationsThroughOtherReserves_loc"/>
    <link:definitionArc xlink:type="arc" xlink:arcrole="http://xbrl.org/int/dim/arcrole/domain-member" xlink:from="kvk_ItemsInSeparateFinancialStatementsPlaceholder_loc" xlink:to="rj_RevaluationReserveRealisedRevaluationsThroughOtherReserves_loc" order="69.0"/>
    <link:loc xlink:type="locator" xlink:href="https://www.nltaxonomie.nl/rj/2024-03-31/rj-cor.xsd#rj_RevaluationReserveRealisedRevaluationsThroughHedgedAssetsLiabilities" xlink:label="rj_RevaluationReserveRealisedRevaluationsThroughHedgedAssetsLiabilities_loc"/>
    <link:definitionArc xlink:type="arc" xlink:arcrole="http://xbrl.org/int/dim/arcrole/domain-member" xlink:from="kvk_ItemsInSeparateFinancialStatementsPlaceholder_loc" xlink:to="rj_RevaluationReserveRealisedRevaluationsThroughHedgedAssetsLiabilities_loc" order="70.0"/>
    <link:loc xlink:type="locator" xlink:href="https://www.nltaxonomie.nl/rj/2024-03-31/rj-cor.xsd#rj_RevaluationReserveRealisedRevaluationsTaxImpact" xlink:label="rj_RevaluationReserveRealisedRevaluationsTaxImpact_loc"/>
    <link:definitionArc xlink:type="arc" xlink:arcrole="http://xbrl.org/int/dim/arcrole/domain-member" xlink:from="kvk_ItemsInSeparateFinancialStatementsPlaceholder_loc" xlink:to="rj_RevaluationReserveRealisedRevaluationsTaxImpact_loc" order="71.0"/>
    <link:loc xlink:type="locator" xlink:href="https://www.nltaxonomie.nl/rj/2024-03-31/rj-cor.xsd#rj_RevaluationReserveRevaluationsThroughOtherReserves" xlink:label="rj_RevaluationReserveRevaluationsThroughOtherReserves_loc"/>
    <link:definitionArc xlink:type="arc" xlink:arcrole="http://xbrl.org/int/dim/arcrole/domain-member" xlink:from="kvk_ItemsInSeparateFinancialStatementsPlaceholder_loc" xlink:to="rj_RevaluationReserveRevaluationsThroughOtherReserves_loc" order="72.0"/>
    <link:loc xlink:type="locator" xlink:href="dekleinebv-2023-12-31.xsd#klein_RevaluationReserveRevaluationsChangesValueFinancialInstruments" xlink:label="klein_RevaluationReserveRevaluationsChangesValueFinancialInstruments_loc"/>
    <link:definitionArc xlink:type="arc" xlink:arcrole="http://xbrl.org/int/dim/arcrole/domain-member" xlink:from="kvk_ItemsInSeparateFinancialStatementsPlaceholder_loc" xlink:to="klein_RevaluationReserveRevaluationsChangesValueFinancialInstruments_loc" order="73.0"/>
    <link:loc xlink:type="locator" xlink:href="https://www.nltaxonomie.nl/rj/2024-03-31/rj-cor.xsd#rj_RevaluationReserveRevaluationsThroughHedgedAssetsLiabilities" xlink:label="rj_RevaluationReserveRevaluationsThroughHedgedAssetsLiabilities_loc"/>
    <link:definitionArc xlink:type="arc" xlink:arcrole="http://xbrl.org/int/dim/arcrole/domain-member" xlink:from="kvk_ItemsInSeparateFinancialStatementsPlaceholder_loc" xlink:to="rj_RevaluationReserveRevaluationsThroughHedgedAssetsLiabilities_loc" order="74.0"/>
    <link:loc xlink:type="locator" xlink:href="https://www.nltaxonomie.nl/jenv/2024-03-31/bw2-titel9-cor.xsd#bw2-titel9_RevaluationReserveRevaluationsTaxImpact" xlink:label="bw2-titel9_RevaluationReserveRevaluationsTaxImpact_loc"/>
    <link:definitionArc xlink:type="arc" xlink:arcrole="http://xbrl.org/int/dim/arcrole/domain-member" xlink:from="kvk_ItemsInSeparateFinancialStatementsPlaceholder_loc" xlink:to="bw2-titel9_RevaluationReserveRevaluationsTaxImpact_loc" order="75.0"/>
  </link:definitionLink>
  <link:definitionLink xlink:type="extended" xlink:role="https://www.dekleinebv.nl/role/Anchoring">
    <link:loc xlink:type="locator" xlink:href="dekleinebv-2023-12-31.xsd#klein_ReceivablesOtherAccruedIncome" xlink:label="klein_ReceivablesOtherAccruedIncome_loc"/>
    <link:loc xlink:type="locator" xlink:href="https://www.nltaxonomie.nl/jenv/2024-03-31/bw2-titel9-cor.xsd#bw2-titel9_ReceivablesOther" xlink:label="bw2-titel9_ReceivablesOther_loc"/>
    <link:definitionArc xlink:type="arc" xlink:arcrole="http://www.esma.europa.eu/xbrl/esef/arcrole/wider-narrower" xlink:from="klein_ReceivablesOtherAccruedIncome_loc" xlink:to="bw2-titel9_ReceivablesOther_loc" order="1.0"/>
    <link:loc xlink:type="locator" xlink:href="https://www.nltaxonomie.nl/jenv/2024-03-31/bw2-titel9-cor.xsd#bw2-titel9_AccruedIncome" xlink:label="bw2-titel9_AccruedIncome_loc"/>
    <link:definitionArc xlink:type="arc" xlink:arcrole="http://www.esma.europa.eu/xbrl/esef/arcrole/wider-narrower" xlink:from="klein_ReceivablesOtherAccruedIncome_loc" xlink:to="bw2-titel9_AccruedIncome_loc" order="2.0"/>
    <link:loc xlink:type="locator" xlink:href="https://www.nltaxonomie.nl/jenv/2024-03-31/bw2-titel9-cor.xsd#bw2-titel9_Receivables" xlink:label="bw2-titel9_Receivables_loc"/>
    <link:definitionArc xlink:type="arc" xlink:arcrole="http://www.esma.europa.eu/xbrl/esef/arcrole/wider-narrower" xlink:from="bw2-titel9_Receivables_loc" xlink:to="klein_ReceivablesOtherAccruedIncome_loc" order="1.0"/>
    <link:loc xlink:type="locator" xlink:href="dekleinebv-2023-12-31.xsd#klein_PayablesOtherAccrualsAndDeferredIncomeCurrent" xlink:label="klein_PayablesOtheAccrualsAndDeferredIncomeCurrent_loc"/>
    <link:loc xlink:type="locator" xlink:href="https://www.nltaxonomie.nl/jenv/2024-03-31/bw2-titel9-cor.xsd#bw2-titel9_PayablesOtherCurrent" xlink:label="bw2-titel9_PayablesOtherCurrent_loc"/>
    <link:definitionArc xlink:type="arc" xlink:arcrole="http://www.esma.europa.eu/xbrl/esef/arcrole/wider-narrower" xlink:from="klein_PayablesOtheAccrualsAndDeferredIncomeCurrent_loc" xlink:to="bw2-titel9_PayablesOtherCurrent_loc" order="1.0"/>
    <link:loc xlink:type="locator" xlink:href="https://www.nltaxonomie.nl/jenv/2024-03-31/bw2-titel9-cor.xsd#bw2-titel9_AccrualsAndDeferredIncomeCurrent" xlink:label="bw2-titel9_AccrualsAndDeferredIncomeCurrent_loc"/>
    <link:definitionArc xlink:type="arc" xlink:arcrole="http://www.esma.europa.eu/xbrl/esef/arcrole/wider-narrower" xlink:from="klein_PayablesOtheAccrualsAndDeferredIncomeCurrent_loc" xlink:to="bw2-titel9_AccrualsAndDeferredIncomeCurrent_loc" order="2.0"/>
    <link:loc xlink:type="locator" xlink:href="https://www.nltaxonomie.nl/jenv/2024-03-31/bw2-titel9-cor.xsd#bw2-titel9_LiabilitiesCurrent" xlink:label="bw2-titel9_LiabilitiesCurrent_loc"/>
    <link:definitionArc xlink:type="arc" xlink:arcrole="http://www.esma.europa.eu/xbrl/esef/arcrole/wider-narrower" xlink:from="bw2-titel9_LiabilitiesCurrent_loc" xlink:to="klein_PayablesOtheAccrualsAndDeferredIncomeCurrent_loc" order="1.0"/>
    <link:loc xlink:type="locator" xlink:href="https://www.nltaxonomie.nl/jenv/2024-03-31/bw2-titel9-cor.xsd#bw2-titel9_RevaluationReserveMovement" xlink:label="bw2-titel9_RevaluationReserveMovement_loc"/>
    <link:loc xlink:type="locator" xlink:href="dekleinebv-2023-12-31.xsd#klein_RevaluationReserveRevaluationsChangesValueFinancialInstruments" xlink:label="klein_RevaluationReserveRevaluationsChangesValueFinancialInstruments_loc"/>
    <link:definitionArc xlink:type="arc" xlink:arcrole="http://www.esma.europa.eu/xbrl/esef/arcrole/wider-narrower" xlink:from="bw2-titel9_RevaluationReserveMovement_loc" xlink:to="klein_RevaluationReserveRevaluationsChangesValueFinancialInstruments_loc" order="1.0"/>
  </link:definitionLink>
  <link:definitionLink xlink:type="extended" xlink:role="https://www.dekleinebv.nl/role/RevaluationReserveStatementOfChanges">
    <link:loc xlink:type="locator" xlink:href="https://www.nltaxonomie.nl/jenv/2024-03-31/bw2-titel9-cor.xsd#bw2-titel9_RevaluationReserveStatementOfChangesLineItems" xlink:label="bw2-titel9_RevaluationReserveStatementOfChangesLineItems_loc"/>
    <link:loc xlink:type="locator" xlink:href="https://www.nltaxonomie.nl/jenv/2024-03-31/bw2-titel9-cor.xsd#bw2-titel9_RevaluationReserve" xlink:label="bw2-titel9_RevaluationReserve_loc"/>
    <link:definitionArc xlink:type="arc" xlink:arcrole="http://xbrl.org/int/dim/arcrole/domain-member" xlink:from="bw2-titel9_RevaluationReserveStatementOfChangesLineItems_loc" xlink:to="bw2-titel9_RevaluationReserve_loc" order="1.0"/>
    <link:loc xlink:type="locator" xlink:href="https://www.nltaxonomie.nl/rj/2024-03-31/rj-cor.xsd#rj_RevaluationReserveRealisedRevaluationsThroughIncomeStatement" xlink:label="rj_RevaluationReserveRealisedRevaluationsThroughIncomeStatement_loc"/>
    <link:definitionArc xlink:type="arc" xlink:arcrole="http://xbrl.org/int/dim/arcrole/domain-member" xlink:from="bw2-titel9_RevaluationReserveStatementOfChangesLineItems_loc" xlink:to="rj_RevaluationReserveRealisedRevaluationsThroughIncomeStatement_loc" order="2.0"/>
    <link:loc xlink:type="locator" xlink:href="https://www.nltaxonomie.nl/rj/2024-03-31/rj-cor.xsd#rj_RevaluationReserveRealisedRevaluationsThroughOtherReserves" xlink:label="rj_RevaluationReserveRealisedRevaluationsThroughOtherReserves_loc"/>
    <link:definitionArc xlink:type="arc" xlink:arcrole="http://xbrl.org/int/dim/arcrole/domain-member" xlink:from="bw2-titel9_RevaluationReserveStatementOfChangesLineItems_loc" xlink:to="rj_RevaluationReserveRealisedRevaluationsThroughOtherReserves_loc" order="3.0"/>
    <link:loc xlink:type="locator" xlink:href="https://www.nltaxonomie.nl/rj/2024-03-31/rj-cor.xsd#rj_RevaluationReserveRevaluationsThroughHedgedAssetsLiabilities" xlink:label="rj_RevaluationReserveRevaluationsThroughHedgedAssetsLiabilities_loc"/>
    <link:definitionArc xlink:type="arc" xlink:arcrole="http://xbrl.org/int/dim/arcrole/domain-member" xlink:from="bw2-titel9_RevaluationReserveStatementOfChangesLineItems_loc" xlink:to="rj_RevaluationReserveRevaluationsThroughHedgedAssetsLiabilities_loc" order="8.0"/>
    <link:loc xlink:type="locator" xlink:href="https://www.nltaxonomie.nl/jenv/2024-03-31/bw2-titel9-cor.xsd#bw2-titel9_RevaluationReserveRevaluationsTaxImpact" xlink:label="bw2-titel9_RevaluationReserveRevaluationsTaxImpact_loc"/>
    <link:definitionArc xlink:type="arc" xlink:arcrole="http://xbrl.org/int/dim/arcrole/domain-member" xlink:from="bw2-titel9_RevaluationReserveStatementOfChangesLineItems_loc" xlink:to="bw2-titel9_RevaluationReserveRevaluationsTaxImpact_loc" order="9.0"/>
    <link:loc xlink:type="locator" xlink:href="https://www.nltaxonomie.nl/rj/2024-03-31/rj-cor.xsd#rj_RevaluationReserveRevaluationsThroughOtherReserves" xlink:label="rj_RevaluationReserveRevaluationsThroughOtherReserves_loc"/>
    <link:definitionArc xlink:type="arc" xlink:arcrole="http://xbrl.org/int/dim/arcrole/domain-member" xlink:from="bw2-titel9_RevaluationReserveStatementOfChangesLineItems_loc" xlink:to="rj_RevaluationReserveRevaluationsThroughOtherReserves_loc" order="6.0"/>
    <link:loc xlink:type="locator" xlink:href="dekleinebv-2023-12-31.xsd#klein_RevaluationReserveRevaluationsChangesValueFinancialInstruments" xlink:label="klein_RevaluationReserveRevaluationsChangesValueFinancialInstruments_loc"/>
    <link:definitionArc xlink:type="arc" xlink:arcrole="http://xbrl.org/int/dim/arcrole/domain-member" xlink:from="bw2-titel9_RevaluationReserveStatementOfChangesLineItems_loc" xlink:to="klein_RevaluationReserveRevaluationsChangesValueFinancialInstruments_loc" order="7.0"/>
    <link:loc xlink:type="locator" xlink:href="https://www.nltaxonomie.nl/jenv/2024-03-31/bw2-titel9-cor.xsd#bw2-titel9_RevaluationReserveStatementOfChangesTable" xlink:label="bw2-titel9_RevaluationReserveStatementOfChangesTable_loc"/>
    <link:definitionArc xlink:type="arc" xlink:arcrole="http://xbrl.org/int/dim/arcrole/all" xlink:from="bw2-titel9_RevaluationReserveStatementOfChangesLineItems_loc" xlink:to="bw2-titel9_RevaluationReserveStatementOfChangesTable_loc" order="10.0" xbrldt:contextElement="scenario"/>
    <link:loc xlink:type="locator" xlink:href="https://www.nltaxonomie.nl/rj/2024-03-31/rj-cor.xsd#rj_ClassesOfRevaluationReserveAxis" xlink:label="rj_ClassesOfRevaluationReserveAxis_loc"/>
    <link:definitionArc xlink:type="arc" xlink:arcrole="http://xbrl.org/int/dim/arcrole/hypercube-dimension" xlink:from="bw2-titel9_RevaluationReserveStatementOfChangesTable_loc" xlink:to="rj_ClassesOfRevaluationReserveAxis_loc" order="1.0"/>
    <link:loc xlink:type="locator" xlink:href="https://www.nltaxonomie.nl/jenv/2024-03-31/bw2-titel9-cor.xsd#bw2-titel9_RevaluationReserveMember" xlink:label="bw2-titel9_RevaluationReserveMember_loc"/>
    <link:definitionArc xlink:type="arc" xlink:arcrole="http://xbrl.org/int/dim/arcrole/dimension-domain" xlink:from="rj_ClassesOfRevaluationReserveAxis_loc" xlink:to="bw2-titel9_RevaluationReserveMember_loc" order="1.0"/>
    <link:loc xlink:type="locator" xlink:href="https://www.nltaxonomie.nl/rj/2024-03-31/rj-cor.xsd#rj_RevaluationReserveRealisedRevaluationsTaxImpact" xlink:label="rj_RevaluationReserveRealisedRevaluationsTaxImpact_loc_2"/>
    <link:definitionArc xlink:type="arc" xlink:arcrole="http://xbrl.org/int/dim/arcrole/domain-member" xlink:from="bw2-titel9_RevaluationReserveStatementOfChangesLineItems_loc" xlink:to="rj_RevaluationReserveRealisedRevaluationsTaxImpact_loc_2" order="5.0"/>
    <link:loc xlink:type="locator" xlink:href="https://www.nltaxonomie.nl/rj/2024-03-31/rj-cor.xsd#rj_RevaluationReserveRealisedRevaluationsThroughHedgedAssetsLiabilities" xlink:label="rj_RevaluationReserveRealisedRevaluationsThroughHedgedAssetsLiabilities_loc"/>
    <link:definitionArc xlink:type="arc" xlink:arcrole="http://xbrl.org/int/dim/arcrole/domain-member" xlink:from="bw2-titel9_RevaluationReserveStatementOfChangesLineItems_loc" xlink:to="rj_RevaluationReserveRealisedRevaluationsThroughHedgedAssetsLiabilities_loc" order="4.0"/>
  </link:definitionLink>
  <link:definitionLink xlink:type="extended" xlink:role="https://www.nltaxonomie.nl/kvk/role/items-dimensional">
    <link:loc xlink:type="locator" xlink:href="https://www.nltaxonomie.nl/kvk/2024-03-31/kvk-cor.xsd#kvk_NullItems" xlink:label="kvk_NullItems_loc"/>
    <link:loc xlink:type="locator" xlink:href="https://www.nltaxonomie.nl/rj/2024-03-31/rj-cor.xsd#rj_ProvisionRestructuringPolicy" xlink:label="rj_ProvisionRestructuringPolicy_loc"/>
    <link:definitionArc xlink:type="arc" xlink:arcrole="http://xbrl.org/int/dim/arcrole/domain-member" xlink:from="kvk_NullItems_loc" xlink:to="rj_ProvisionRestructuringPolicy_loc" use="prohibited" priority="1" order="3873.0"/>
    <link:loc xlink:type="locator" xlink:href="https://www.nltaxonomie.nl/rj/2024-03-31/rj-cor.xsd#rj_ProvisionWarrantyPolicy" xlink:label="rj_ProvisionWarrantyPolicy_loc"/>
    <link:definitionArc xlink:type="arc" xlink:arcrole="http://xbrl.org/int/dim/arcrole/domain-member" xlink:from="kvk_NullItems_loc" xlink:to="rj_ProvisionWarrantyPolicy_loc" use="prohibited" priority="1" order="3880.0"/>
  </link:definitionLink>
</link:linkbase>
