<?xml version="1.0" encoding="UTF-8"?>
<!-- Generated by Fujitsu Interstage XWand B0255 -->
<link:linkbase xmlns:link="http://www.xbrl.org/2003/linkbase" xmlns:xlink="http://www.w3.org/1999/xlink" xmlns:xbrldt="http://xbrl.org/2005/xbrldt">
  <link:roleRef roleURI="https://www.nltaxonomie.nl/kvk/role/items-separate-fs" xlink:type="simple" xlink:href="https://www.nltaxonomie.nl/kvk/2024-03-31/kvk-annual-report-nlgaap-ext.xsd#kvk-role-items-separate-fs"/>
  <link:roleRef roleURI="https://www.dekleinebv.nl/role/Anchoring" xlink:type="simple" xlink:href="dekleinebv-2023-12-31.xsd#Anchoring"/>
  <link:roleRef roleURI="https://www.dekleinebv.nl/role/RevaluationReserveStatementOfChanges" xlink:type="simple" xlink:href="dekleinebv-2023-12-31.xsd#RevaluationReserveStatementOfChanges"/>
  <link:roleRef roleURI="https://www.nltaxonomie.nl/kvk/role/items-dimensional" xlink:type="simple" xlink:href="https://www.nltaxonomie.nl/kvk/2024-03-31/kvk-annual-report-nlgaap-ext.xsd#kvk-role-items-dimensional"/>
  <link:arcroleRef arcroleURI="http://xbrl.org/int/dim/arcrole/dimension-domain" xlink:type="simple" xlink:href="http://www.xbrl.org/2005/xbrldt-2005.xsd#dimension-domain"/>
  <link:arcroleRef arcroleURI="http://xbrl.org/int/dim/arcrole/domain-member" xlink:type="simple" xlink:href="http://www.xbrl.org/2005/xbrldt-2005.xsd#domain-member"/>
  <link:arcroleRef arcroleURI="http://xbrl.org/int/dim/arcrole/hypercube-dimension" xlink:type="simple" xlink:href="http://www.xbrl.org/2005/xbrldt-2005.xsd#hypercube-dimension"/>
  <link:arcroleRef arcroleURI="http://xbrl.org/int/dim/arcrole/all" xlink:type="simple" xlink:href="http://www.xbrl.org/2005/xbrldt-2005.xsd#all"/>
  <link:arcroleRef arcroleURI="http://www.esma.europa.eu/xbrl/esef/arcrole/wider-narrower" xlink:type="simple" xlink:href="http://www.xbrl.org/lrr/arcrole/esma-arcrole-2018-11-21.xsd#wider-narrower"/>
  <link:definitionLink xlink:type="extended" xlink:role="https://www.nltaxonomie.nl/kvk/role/items-separate-fs">
    <link:loc xlink:type="locator" xlink:href="https://www.nltaxonomie.nl/kvk/2024-03-31/kvk-cor.xsd#kvk_ItemsInSeparateFinancialStatementsPlaceholder" xlink:label="kvk_ItemsInSeparateFinancialStatementsPlaceholder_loc"/>
    <link:loc xlink:type="locator" xlink:href="https://www.nltaxonomie.nl/jenv/2024-03-31/bw2-titel9-cor.xsd#bw2-titel9_BalanceSheetBeforeAppropriationResults" xlink:label="bw2-titel9_BalanceSheetBeforeAppropriationResults_loc"/>
    <link:definitionArc xlink:type="arc" xlink:arcrole="http://xbrl.org/int/dim/arcrole/domain-member" xlink:from="kvk_ItemsInSeparateFinancialStatementsPlaceholder_loc" xlink:to="bw2-titel9_BalanceSheetBeforeAppropriationResults_loc" order="2.0"/>
    <link:loc xlink:type="locator" xlink:href="https://www.nltaxonomie.nl/jenv/2024-03-31/bw2-titel9-cor.xsd#bw2-titel9_CostsIncorporationShareIssue" xlink:label="bw2-titel9_CostsIncorporationShareIssue_loc"/>
    <link:definitionArc xlink:type="arc" xlink:arcrole="http://xbrl.org/int/dim/arcrole/domain-member" xlink:from="kvk_ItemsInSeparateFinancialStatementsPlaceholder_loc" xlink:to="bw2-titel9_CostsIncorporationShareIssue_loc" order="3.0"/>
    <link:loc xlink:type="locator" xlink:href="https://www.nltaxonomie.nl/jenv/2024-03-31/bw2-titel9-cor.xsd#bw2-titel9_DevelopmentCosts" xlink:label="bw2-titel9_DevelopmentCosts_loc"/>
    <link:definitionArc xlink:type="arc" xlink:arcrole="http://xbrl.org/int/dim/arcrole/domain-member" xlink:from="kvk_ItemsInSeparateFinancialStatementsPlaceholder_loc" xlink:to="bw2-titel9_DevelopmentCosts_loc" order="4.0"/>
    <link:loc xlink:type="locator" xlink:href="https://www.nltaxonomie.nl/jenv/2024-03-31/bw2-titel9-cor.xsd#bw2-titel9_Goodwill" xlink:label="bw2-titel9_Goodwill_loc"/>
    <link:definitionArc xlink:type="arc" xlink:arcrole="http://xbrl.org/int/dim/arcrole/domain-member" xlink:from="kvk_ItemsInSeparateFinancialStatementsPlaceholder_loc" xlink:to="bw2-titel9_Goodwill_loc" order="5.0"/>
    <link:loc xlink:type="locator" xlink:href="https://www.nltaxonomie.nl/jenv/2024-03-31/bw2-titel9-cor.xsd#bw2-titel9_IntangibleAssets" xlink:label="bw2-titel9_IntangibleAssets_loc"/>
    <link:definitionArc xlink:type="arc" xlink:arcrole="http://xbrl.org/int/dim/arcrole/domain-member" xlink:from="kvk_ItemsInSeparateFinancialStatementsPlaceholder_loc" xlink:to="bw2-titel9_IntangibleAssets_loc" order="6.0"/>
    <link:loc xlink:type="locator" xlink:href="https://www.nltaxonomie.nl/jenv/2024-03-31/bw2-titel9-cor.xsd#bw2-titel9_LandAndBuildings" xlink:label="bw2-titel9_LandAndBuildings_loc"/>
    <link:definitionArc xlink:type="arc" xlink:arcrole="http://xbrl.org/int/dim/arcrole/domain-member" xlink:from="kvk_ItemsInSeparateFinancialStatementsPlaceholder_loc" xlink:to="bw2-titel9_LandAndBuildings_loc" order="7.0"/>
    <link:loc xlink:type="locator" xlink:href="https://www.nltaxonomie.nl/jenv/2024-03-31/bw2-titel9-cor.xsd#bw2-titel9_TangibleAssetsOther" xlink:label="bw2-titel9_TangibleAssetsOther_loc"/>
    <link:definitionArc xlink:type="arc" xlink:arcrole="http://xbrl.org/int/dim/arcrole/domain-member" xlink:from="kvk_ItemsInSeparateFinancialStatementsPlaceholder_loc" xlink:to="bw2-titel9_TangibleAssetsOther_loc" order="8.0"/>
    <link:loc xlink:type="locator" xlink:href="https://www.nltaxonomie.nl/jenv/2024-03-31/bw2-titel9-cor.xsd#bw2-titel9_PropertyPlantEquipment" xlink:label="bw2-titel9_PropertyPlantEquipment_loc"/>
    <link:definitionArc xlink:type="arc" xlink:arcrole="http://xbrl.org/int/dim/arcrole/domain-member" xlink:from="kvk_ItemsInSeparateFinancialStatementsPlaceholder_loc" xlink:to="bw2-titel9_PropertyPlantEquipment_loc" order="9.0"/>
    <link:loc xlink:type="locator" xlink:href="https://www.nltaxonomie.nl/rj/2024-03-31/rj-cor.xsd#rj_InvestmentProperties" xlink:label="rj_InvestmentProperties_loc"/>
    <link:definitionArc xlink:type="arc" xlink:arcrole="http://xbrl.org/int/dim/arcrole/domain-member" xlink:from="kvk_ItemsInSeparateFinancialStatementsPlaceholder_loc" xlink:to="rj_InvestmentProperties_loc" order="10.0"/>
    <link:loc xlink:type="locator" xlink:href="https://www.nltaxonomie.nl/jenv/2024-03-31/bw2-titel9-cor.xsd#bw2-titel9_InvestmentsInParticipatingInterestsInGroupCompanies" xlink:label="bw2-titel9_InvestmentsInParticipatingInterestsInGroupCompanies_loc"/>
    <link:definitionArc xlink:type="arc" xlink:arcrole="http://xbrl.org/int/dim/arcrole/domain-member" xlink:from="kvk_ItemsInSeparateFinancialStatementsPlaceholder_loc" xlink:to="bw2-titel9_InvestmentsInParticipatingInterestsInGroupCompanies_loc" order="11.0"/>
    <link:loc xlink:type="locator" xlink:href="https://www.nltaxonomie.nl/jenv/2024-03-31/bw2-titel9-cor.xsd#bw2-titel9_ReceivablesGroupCompaniesNoncurrent" xlink:label="bw2-titel9_ReceivablesGroupCompaniesNoncurrent_loc"/>
    <link:definitionArc xlink:type="arc" xlink:arcrole="http://xbrl.org/int/dim/arcrole/domain-member" xlink:from="kvk_ItemsInSeparateFinancialStatementsPlaceholder_loc" xlink:to="bw2-titel9_ReceivablesGroupCompaniesNoncurrent_loc" order="12.0"/>
    <link:loc xlink:type="locator" xlink:href="https://www.nltaxonomie.nl/rj/2024-03-31/rj-cor.xsd#rj_DeferredTaxAssetsNoncurrent" xlink:label="rj_DeferredTaxAssetsNoncurrent_loc"/>
    <link:definitionArc xlink:type="arc" xlink:arcrole="http://xbrl.org/int/dim/arcrole/domain-member" xlink:from="kvk_ItemsInSeparateFinancialStatementsPlaceholder_loc" xlink:to="rj_DeferredTaxAssetsNoncurrent_loc" order="13.0"/>
    <link:loc xlink:type="locator" xlink:href="https://www.nltaxonomie.nl/jenv/2024-03-31/bw2-titel9-cor.xsd#bw2-titel9_FinancialAssets" xlink:label="bw2-titel9_FinancialAssets_loc"/>
    <link:definitionArc xlink:type="arc" xlink:arcrole="http://xbrl.org/int/dim/arcrole/domain-member" xlink:from="kvk_ItemsInSeparateFinancialStatementsPlaceholder_loc" xlink:to="bw2-titel9_FinancialAssets_loc" order="14.0"/>
    <link:loc xlink:type="locator" xlink:href="https://www.nltaxonomie.nl/jenv/2024-03-31/bw2-titel9-cor.xsd#bw2-titel9_Inventories" xlink:label="bw2-titel9_Inventories_loc"/>
    <link:definitionArc xlink:type="arc" xlink:arcrole="http://xbrl.org/int/dim/arcrole/domain-member" xlink:from="kvk_ItemsInSeparateFinancialStatementsPlaceholder_loc" xlink:to="bw2-titel9_Inventories_loc" order="15.0"/>
    <link:loc xlink:type="locator" xlink:href="https://www.nltaxonomie.nl/rj/2024-03-31/rj-cor.xsd#rj_ConstructionContractsAssets" xlink:label="rj_ConstructionContractsAssets_loc"/>
    <link:definitionArc xlink:type="arc" xlink:arcrole="http://xbrl.org/int/dim/arcrole/domain-member" xlink:from="kvk_ItemsInSeparateFinancialStatementsPlaceholder_loc" xlink:to="rj_ConstructionContractsAssets_loc" order="16.0"/>
    <link:loc xlink:type="locator" xlink:href="https://www.nltaxonomie.nl/jenv/2024-03-31/bw2-titel9-cor.xsd#bw2-titel9_TradeReceivables" xlink:label="bw2-titel9_TradeReceivables_loc"/>
    <link:definitionArc xlink:type="arc" xlink:arcrole="http://xbrl.org/int/dim/arcrole/domain-member" xlink:from="kvk_ItemsInSeparateFinancialStatementsPlaceholder_loc" xlink:to="bw2-titel9_TradeReceivables_loc" order="17.0"/>
    <link:loc xlink:type="locator" xlink:href="https://www.nltaxonomie.nl/jenv/2024-03-31/bw2-titel9-cor.xsd#bw2-titel9_ReceivablesGroupCompaniesCurrent" xlink:label="bw2-titel9_ReceivablesGroupCompaniesCurrent_loc"/>
    <link:definitionArc xlink:type="arc" xlink:arcrole="http://xbrl.org/int/dim/arcrole/domain-member" xlink:from="kvk_ItemsInSeparateFinancialStatementsPlaceholder_loc" xlink:to="bw2-titel9_ReceivablesGroupCompaniesCurrent_loc" order="18.0"/>
    <link:loc xlink:type="locator" xlink:href="https://www.nltaxonomie.nl/jenv/2024-03-31/bw2-titel9-cor.xsd#bw2-titel9_CalledUpShareCapital" xlink:label="bw2-titel9_CalledUpShareCapital_loc"/>
    <link:definitionArc xlink:type="arc" xlink:arcrole="http://xbrl.org/int/dim/arcrole/domain-member" xlink:from="kvk_ItemsInSeparateFinancialStatementsPlaceholder_loc" xlink:to="bw2-titel9_CalledUpShareCapital_loc" order="19.0"/>
    <link:loc xlink:type="locator" xlink:href="dekleinebv-2023-12-31.xsd#klein_ReceivablesOtherAccruedIncome" xlink:label="klein_ReceivablesOtherAccruedIncome_loc"/>
    <link:definitionArc xlink:type="arc" xlink:arcrole="http://xbrl.org/int/dim/arcrole/domain-member" xlink:from="kvk_ItemsInSeparateFinancialStatementsPlaceholder_loc" xlink:to="klein_ReceivablesOtherAccruedIncome_loc" order="20.0"/>
    <link:loc xlink:type="locator" xlink:href="https://www.nltaxonomie.nl/jenv/2024-03-31/bw2-titel9-cor.xsd#bw2-titel9_Receivables" xlink:label="bw2-titel9_Receivables_loc"/>
    <link:definitionArc xlink:type="arc" xlink:arcrole="http://xbrl.org/int/dim/arcrole/domain-member" xlink:from="kvk_ItemsInSeparateFinancialStatementsPlaceholder_loc" xlink:to="bw2-titel9_Receivables_loc" order="21.0"/>
    <link:loc xlink:type="locator" xlink:href="https://www.nltaxonomie.nl/jenv/2024-03-31/bw2-titel9-cor.xsd#bw2-titel9_SecuritiesCurrent" xlink:label="bw2-titel9_SecuritiesCurrent_loc"/>
    <link:definitionArc xlink:type="arc" xlink:arcrole="http://xbrl.org/int/dim/arcrole/domain-member" xlink:from="kvk_ItemsInSeparateFinancialStatementsPlaceholder_loc" xlink:to="bw2-titel9_SecuritiesCurrent_loc" order="22.0"/>
    <link:loc xlink:type="locator" xlink:href="https://www.nltaxonomie.nl/jenv/2024-03-31/bw2-titel9-cor.xsd#bw2-titel9_CashAndCashEquivalents" xlink:label="bw2-titel9_CashAndCashEquivalents_loc"/>
    <link:definitionArc xlink:type="arc" xlink:arcrole="http://xbrl.org/int/dim/arcrole/domain-member" xlink:from="kvk_ItemsInSeparateFinancialStatementsPlaceholder_loc" xlink:to="bw2-titel9_CashAndCashEquivalents_loc" order="23.0"/>
    <link:loc xlink:type="locator" xlink:href="https://www.nltaxonomie.nl/jenv/2024-03-31/bw2-titel9-cor.xsd#bw2-titel9_Assets" xlink:label="bw2-titel9_Assets_loc"/>
    <link:definitionArc xlink:type="arc" xlink:arcrole="http://xbrl.org/int/dim/arcrole/domain-member" xlink:from="kvk_ItemsInSeparateFinancialStatementsPlaceholder_loc" xlink:to="bw2-titel9_Assets_loc" order="24.0"/>
    <link:loc xlink:type="locator" xlink:href="https://www.nltaxonomie.nl/jenv/2024-03-31/bw2-titel9-cor.xsd#bw2-titel9_ShareCapitalIssued" xlink:label="bw2-titel9_ShareCapitalIssued_loc"/>
    <link:definitionArc xlink:type="arc" xlink:arcrole="http://xbrl.org/int/dim/arcrole/domain-member" xlink:from="kvk_ItemsInSeparateFinancialStatementsPlaceholder_loc" xlink:to="bw2-titel9_ShareCapitalIssued_loc" order="25.0"/>
    <link:loc xlink:type="locator" xlink:href="https://www.nltaxonomie.nl/jenv/2024-03-31/bw2-titel9-cor.xsd#bw2-titel9_SharePremium" xlink:label="bw2-titel9_SharePremium_loc"/>
    <link:definitionArc xlink:type="arc" xlink:arcrole="http://xbrl.org/int/dim/arcrole/domain-member" xlink:from="kvk_ItemsInSeparateFinancialStatementsPlaceholder_loc" xlink:to="bw2-titel9_SharePremium_loc" order="26.0"/>
    <link:loc xlink:type="locator" xlink:href="https://www.nltaxonomie.nl/jenv/2024-03-31/bw2-titel9-cor.xsd#bw2-titel9_RevaluationReserve" xlink:label="bw2-titel9_RevaluationReserve_loc"/>
    <link:definitionArc xlink:type="arc" xlink:arcrole="http://xbrl.org/int/dim/arcrole/domain-member" xlink:from="kvk_ItemsInSeparateFinancialStatementsPlaceholder_loc" xlink:to="bw2-titel9_RevaluationReserve_loc" order="27.0"/>
    <link:loc xlink:type="locator" xlink:href="https://www.nltaxonomie.nl/jenv/2024-03-31/bw2-titel9-cor.xsd#bw2-titel9_LegalReserves" xlink:label="bw2-titel9_LegalReserves_loc"/>
    <link:definitionArc xlink:type="arc" xlink:arcrole="http://xbrl.org/int/dim/arcrole/domain-member" xlink:from="kvk_ItemsInSeparateFinancialStatementsPlaceholder_loc" xlink:to="bw2-titel9_LegalReserves_loc" order="28.0"/>
    <link:loc xlink:type="locator" xlink:href="https://www.nltaxonomie.nl/jenv/2024-03-31/bw2-titel9-cor.xsd#bw2-titel9_StatutoryReserves" xlink:label="bw2-titel9_StatutoryReserves_loc"/>
    <link:definitionArc xlink:type="arc" xlink:arcrole="http://xbrl.org/int/dim/arcrole/domain-member" xlink:from="kvk_ItemsInSeparateFinancialStatementsPlaceholder_loc" xlink:to="bw2-titel9_StatutoryReserves_loc" order="29.0"/>
    <link:loc xlink:type="locator" xlink:href="https://www.nltaxonomie.nl/jenv/2024-03-31/bw2-titel9-cor.xsd#bw2-titel9_ReservesOther" xlink:label="bw2-titel9_ReservesOther_loc"/>
    <link:definitionArc xlink:type="arc" xlink:arcrole="http://xbrl.org/int/dim/arcrole/domain-member" xlink:from="kvk_ItemsInSeparateFinancialStatementsPlaceholder_loc" xlink:to="bw2-titel9_ReservesOther_loc" order="30.0"/>
    <link:loc xlink:type="locator" xlink:href="https://www.nltaxonomie.nl/jenv/2024-03-31/bw2-titel9-cor.xsd#bw2-titel9_Equity" xlink:label="bw2-titel9_Equity_loc"/>
    <link:definitionArc xlink:type="arc" xlink:arcrole="http://xbrl.org/int/dim/arcrole/domain-member" xlink:from="kvk_ItemsInSeparateFinancialStatementsPlaceholder_loc" xlink:to="bw2-titel9_Equity_loc" order="31.0"/>
    <link:loc xlink:type="locator" xlink:href="https://www.nltaxonomie.nl/jenv/2024-03-31/bw2-titel9-cor.xsd#bw2-titel9_ProvisionPensionObligations" xlink:label="bw2-titel9_ProvisionPensionObligations_loc"/>
    <link:definitionArc xlink:type="arc" xlink:arcrole="http://xbrl.org/int/dim/arcrole/domain-member" xlink:from="kvk_ItemsInSeparateFinancialStatementsPlaceholder_loc" xlink:to="bw2-titel9_ProvisionPensionObligations_loc" order="32.0"/>
    <link:loc xlink:type="locator" xlink:href="https://www.nltaxonomie.nl/rj/2024-03-31/rj-cor.xsd#rj_DeferredTaxLiabilities" xlink:label="rj_DeferredTaxLiabilities_loc"/>
    <link:definitionArc xlink:type="arc" xlink:arcrole="http://xbrl.org/int/dim/arcrole/domain-member" xlink:from="kvk_ItemsInSeparateFinancialStatementsPlaceholder_loc" xlink:to="rj_DeferredTaxLiabilities_loc" order="33.0"/>
    <link:loc xlink:type="locator" xlink:href="https://www.nltaxonomie.nl/jenv/2024-03-31/bw2-titel9-cor.xsd#bw2-titel9_ProvisionsOther" xlink:label="bw2-titel9_ProvisionsOther_loc"/>
    <link:definitionArc xlink:type="arc" xlink:arcrole="http://xbrl.org/int/dim/arcrole/domain-member" xlink:from="kvk_ItemsInSeparateFinancialStatementsPlaceholder_loc" xlink:to="bw2-titel9_ProvisionsOther_loc" order="34.0"/>
    <link:loc xlink:type="locator" xlink:href="https://www.nltaxonomie.nl/jenv/2024-03-31/bw2-titel9-cor.xsd#bw2-titel9_Provisions" xlink:label="bw2-titel9_Provisions_loc"/>
    <link:definitionArc xlink:type="arc" xlink:arcrole="http://xbrl.org/int/dim/arcrole/domain-member" xlink:from="kvk_ItemsInSeparateFinancialStatementsPlaceholder_loc" xlink:to="bw2-titel9_Provisions_loc" order="35.0"/>
    <link:loc xlink:type="locator" xlink:href="https://www.nltaxonomie.nl/rj/2024-03-31/rj-cor.xsd#rj_SubordinatedLoans" xlink:label="rj_SubordinatedLoans_loc"/>
    <link:definitionArc xlink:type="arc" xlink:arcrole="http://xbrl.org/int/dim/arcrole/domain-member" xlink:from="kvk_ItemsInSeparateFinancialStatementsPlaceholder_loc" xlink:to="rj_SubordinatedLoans_loc" order="36.0"/>
    <link:loc xlink:type="locator" xlink:href="https://www.nltaxonomie.nl/jenv/2024-03-31/bw2-titel9-cor.xsd#bw2-titel9_PayablesBanksNoncurrent" xlink:label="bw2-titel9_PayablesBanksNoncurrent_loc"/>
    <link:definitionArc xlink:type="arc" xlink:arcrole="http://xbrl.org/int/dim/arcrole/domain-member" xlink:from="kvk_ItemsInSeparateFinancialStatementsPlaceholder_loc" xlink:to="bw2-titel9_PayablesBanksNoncurrent_loc" order="37.0"/>
    <link:loc xlink:type="locator" xlink:href="https://www.nltaxonomie.nl/rj/2024-03-31/rj-cor.xsd#rj_FinanceLeaseLiabilitiesNoncurrent" xlink:label="rj_FinanceLeaseLiabilitiesNoncurrent_loc"/>
    <link:definitionArc xlink:type="arc" xlink:arcrole="http://xbrl.org/int/dim/arcrole/domain-member" xlink:from="kvk_ItemsInSeparateFinancialStatementsPlaceholder_loc" xlink:to="rj_FinanceLeaseLiabilitiesNoncurrent_loc" order="38.0"/>
    <link:loc xlink:type="locator" xlink:href="https://www.nltaxonomie.nl/rj/2024-03-31/rj-cor.xsd#rj_OldAgeObligation" xlink:label="rj_OldAgeObligation_loc"/>
    <link:definitionArc xlink:type="arc" xlink:arcrole="http://xbrl.org/int/dim/arcrole/domain-member" xlink:from="kvk_ItemsInSeparateFinancialStatementsPlaceholder_loc" xlink:to="rj_OldAgeObligation_loc" order="39.0"/>
    <link:loc xlink:type="locator" xlink:href="https://www.nltaxonomie.nl/jenv/2024-03-31/bw2-titel9-cor.xsd#bw2-titel9_PayablesOtherNoncurrent" xlink:label="bw2-titel9_PayablesOtherNoncurrent_loc"/>
    <link:definitionArc xlink:type="arc" xlink:arcrole="http://xbrl.org/int/dim/arcrole/domain-member" xlink:from="kvk_ItemsInSeparateFinancialStatementsPlaceholder_loc" xlink:to="bw2-titel9_PayablesOtherNoncurrent_loc" order="40.0"/>
    <link:loc xlink:type="locator" xlink:href="https://www.nltaxonomie.nl/jenv/2024-03-31/bw2-titel9-cor.xsd#bw2-titel9_LiabilitiesNoncurrent" xlink:label="bw2-titel9_LiabilitiesNoncurrent_loc"/>
    <link:definitionArc xlink:type="arc" xlink:arcrole="http://xbrl.org/int/dim/arcrole/domain-member" xlink:from="kvk_ItemsInSeparateFinancialStatementsPlaceholder_loc" xlink:to="bw2-titel9_LiabilitiesNoncurrent_loc" order="41.0"/>
    <link:loc xlink:type="locator" xlink:href="https://www.nltaxonomie.nl/jenv/2024-03-31/bw2-titel9-cor.xsd#bw2-titel9_PayablesBanksCurrent" xlink:label="bw2-titel9_PayablesBanksCurrent_loc"/>
    <link:definitionArc xlink:type="arc" xlink:arcrole="http://xbrl.org/int/dim/arcrole/domain-member" xlink:from="kvk_ItemsInSeparateFinancialStatementsPlaceholder_loc" xlink:to="bw2-titel9_PayablesBanksCurrent_loc" order="42.0"/>
    <link:loc xlink:type="locator" xlink:href="https://www.nltaxonomie.nl/jenv/2024-03-31/bw2-titel9-cor.xsd#bw2-titel9_TradePayablesCurrent" xlink:label="bw2-titel9_TradePayablesCurrent_loc"/>
    <link:definitionArc xlink:type="arc" xlink:arcrole="http://xbrl.org/int/dim/arcrole/domain-member" xlink:from="kvk_ItemsInSeparateFinancialStatementsPlaceholder_loc" xlink:to="bw2-titel9_TradePayablesCurrent_loc" order="43.0"/>
    <link:loc xlink:type="locator" xlink:href="https://www.nltaxonomie.nl/jenv/2024-03-31/bw2-titel9-cor.xsd#bw2-titel9_PayablesGroupCompaniesCurrent" xlink:label="bw2-titel9_PayablesGroupCompaniesCurrent_loc"/>
    <link:definitionArc xlink:type="arc" xlink:arcrole="http://xbrl.org/int/dim/arcrole/domain-member" xlink:from="kvk_ItemsInSeparateFinancialStatementsPlaceholder_loc" xlink:to="bw2-titel9_PayablesGroupCompaniesCurrent_loc" order="44.0"/>
    <link:loc xlink:type="locator" xlink:href="https://www.nltaxonomie.nl/rj/2024-03-31/rj-cor.xsd#rj_ConstructionContractsLiabilities" xlink:label="rj_ConstructionContractsLiabilities_loc"/>
    <link:definitionArc xlink:type="arc" xlink:arcrole="http://xbrl.org/int/dim/arcrole/domain-member" xlink:from="kvk_ItemsInSeparateFinancialStatementsPlaceholder_loc" xlink:to="rj_ConstructionContractsLiabilities_loc" order="45.0"/>
    <link:loc xlink:type="locator" xlink:href="https://www.nltaxonomie.nl/jenv/2024-03-31/bw2-titel9-cor.xsd#bw2-titel9_TaxesSocialSecurityContributionsPayableCurrent" xlink:label="bw2-titel9_TaxesSocialSecurityContributionsPayableCurrent_loc"/>
    <link:definitionArc xlink:type="arc" xlink:arcrole="http://xbrl.org/int/dim/arcrole/domain-member" xlink:from="kvk_ItemsInSeparateFinancialStatementsPlaceholder_loc" xlink:to="bw2-titel9_TaxesSocialSecurityContributionsPayableCurrent_loc" order="46.0"/>
    <link:loc xlink:type="locator" xlink:href="https://www.nltaxonomie.nl/jenv/2024-03-31/bw2-titel9-cor.xsd#bw2-titel9_PensionPayablesCurrent" xlink:label="bw2-titel9_PensionPayablesCurrent_loc"/>
    <link:definitionArc xlink:type="arc" xlink:arcrole="http://xbrl.org/int/dim/arcrole/domain-member" xlink:from="kvk_ItemsInSeparateFinancialStatementsPlaceholder_loc" xlink:to="bw2-titel9_PensionPayablesCurrent_loc" order="47.0"/>
    <link:loc xlink:type="locator" xlink:href="dekleinebv-2023-12-31.xsd#klein_PayablesOtherAccrualsAndDeferredIncomeCurrent" xlink:label="klein_PayablesOtherAccrualsAndDeferredIncomeCurrent_loc"/>
    <link:definitionArc xlink:type="arc" xlink:arcrole="http://xbrl.org/int/dim/arcrole/domain-member" xlink:from="kvk_ItemsInSeparateFinancialStatementsPlaceholder_loc" xlink:to="klein_PayablesOtherAccrualsAndDeferredIncomeCurrent_loc" order="48.0"/>
    <link:loc xlink:type="locator" xlink:href="https://www.nltaxonomie.nl/jenv/2024-03-31/bw2-titel9-cor.xsd#bw2-titel9_LiabilitiesCurrent" xlink:label="bw2-titel9_LiabilitiesCurrent_loc"/>
    <link:definitionArc xlink:type="arc" xlink:arcrole="http://xbrl.org/int/dim/arcrole/domain-member" xlink:from="kvk_ItemsInSeparateFinancialStatementsPlaceholder_loc" xlink:to="bw2-titel9_LiabilitiesCurrent_loc" order="49.0"/>
    <link:loc xlink:type="locator" xlink:href="https://www.nltaxonomie.nl/jenv/2024-03-31/bw2-titel9-cor.xsd#bw2-titel9_EquityAndLiabilities" xlink:label="bw2-titel9_EquityAndLiabilities_loc"/>
    <link:definitionArc xlink:type="arc" xlink:arcrole="http://xbrl.org/int/dim/arcrole/domain-member" xlink:from="kvk_ItemsInSeparateFinancialStatementsPlaceholder_loc" xlink:to="bw2-titel9_EquityAndLiabilities_loc" order="50.0"/>
    <link:loc xlink:type="locator" xlink:href="https://www.nltaxonomie.nl/jenv/2024-03-31/bw2-titel9-cor.xsd#bw2-titel9_GrossOperatingResult" xlink:label="bw2-titel9_GrossOperatingResult_loc"/>
    <link:definitionArc xlink:type="arc" xlink:arcrole="http://xbrl.org/int/dim/arcrole/domain-member" xlink:from="kvk_ItemsInSeparateFinancialStatementsPlaceholder_loc" xlink:to="bw2-titel9_GrossOperatingResult_loc" order="51.0"/>
    <link:loc xlink:type="locator" xlink:href="https://www.nltaxonomie.nl/jenv/2024-03-31/bw2-titel9-cor.xsd#bw2-titel9_WagesSalaries" xlink:label="bw2-titel9_WagesSalaries_loc"/>
    <link:definitionArc xlink:type="arc" xlink:arcrole="http://xbrl.org/int/dim/arcrole/domain-member" xlink:from="kvk_ItemsInSeparateFinancialStatementsPlaceholder_loc" xlink:to="bw2-titel9_WagesSalaries_loc" order="52.0"/>
    <link:loc xlink:type="locator" xlink:href="https://www.nltaxonomie.nl/jenv/2024-03-31/bw2-titel9-cor.xsd#bw2-titel9_SocialSecurityContributions" xlink:label="bw2-titel9_SocialSecurityContributions_loc"/>
    <link:definitionArc xlink:type="arc" xlink:arcrole="http://xbrl.org/int/dim/arcrole/domain-member" xlink:from="kvk_ItemsInSeparateFinancialStatementsPlaceholder_loc" xlink:to="bw2-titel9_SocialSecurityContributions_loc" order="53.0"/>
    <link:loc xlink:type="locator" xlink:href="https://www.nltaxonomie.nl/jenv/2024-03-31/bw2-titel9-cor.xsd#bw2-titel9_DepreciationPropertyPlantEquipmentAmortisationIntangibleAssets" xlink:label="bw2-titel9_DepreciationPropertyPlantEquipmentAmortisationIntangibleAssets_loc"/>
    <link:definitionArc xlink:type="arc" xlink:arcrole="http://xbrl.org/int/dim/arcrole/domain-member" xlink:from="kvk_ItemsInSeparateFinancialStatementsPlaceholder_loc" xlink:to="bw2-titel9_DepreciationPropertyPlantEquipmentAmortisationIntangibleAssets_loc" order="54.0"/>
    <link:loc xlink:type="locator" xlink:href="https://www.nltaxonomie.nl/rj/2024-03-31/rj-cor.xsd#rj_ChangesValueInvestmentProperties" xlink:label="rj_ChangesValueInvestmentProperties_loc"/>
    <link:definitionArc xlink:type="arc" xlink:arcrole="http://xbrl.org/int/dim/arcrole/domain-member" xlink:from="kvk_ItemsInSeparateFinancialStatementsPlaceholder_loc" xlink:to="rj_ChangesValueInvestmentProperties_loc" order="55.0"/>
    <link:loc xlink:type="locator" xlink:href="https://www.nltaxonomie.nl/jenv/2024-03-31/bw2-titel9-cor.xsd#bw2-titel9_ImpairmentCurrentAssets" xlink:label="bw2-titel9_ImpairmentCurrentAssets_loc"/>
    <link:definitionArc xlink:type="arc" xlink:arcrole="http://xbrl.org/int/dim/arcrole/domain-member" xlink:from="kvk_ItemsInSeparateFinancialStatementsPlaceholder_loc" xlink:to="bw2-titel9_ImpairmentCurrentAssets_loc" order="56.0"/>
    <link:loc xlink:type="locator" xlink:href="https://www.nltaxonomie.nl/jenv/2024-03-31/bw2-titel9-cor.xsd#bw2-titel9_OperatingExpensesOther" xlink:label="bw2-titel9_OperatingExpensesOther_loc"/>
    <link:definitionArc xlink:type="arc" xlink:arcrole="http://xbrl.org/int/dim/arcrole/domain-member" xlink:from="kvk_ItemsInSeparateFinancialStatementsPlaceholder_loc" xlink:to="bw2-titel9_OperatingExpensesOther_loc" order="57.0"/>
    <link:loc xlink:type="locator" xlink:href="https://www.nltaxonomie.nl/jenv/2024-03-31/bw2-titel9-cor.xsd#bw2-titel9_SumOfExpenses" xlink:label="bw2-titel9_SumOfExpenses_loc"/>
    <link:definitionArc xlink:type="arc" xlink:arcrole="http://xbrl.org/int/dim/arcrole/domain-member" xlink:from="kvk_ItemsInSeparateFinancialStatementsPlaceholder_loc" xlink:to="bw2-titel9_SumOfExpenses_loc" order="58.0"/>
    <link:loc xlink:type="locator" xlink:href="https://www.nltaxonomie.nl/jenv/2024-03-31/bw2-titel9-cor.xsd#bw2-titel9_OperatingResult" xlink:label="bw2-titel9_OperatingResult_loc"/>
    <link:definitionArc xlink:type="arc" xlink:arcrole="http://xbrl.org/int/dim/arcrole/domain-member" xlink:from="kvk_ItemsInSeparateFinancialStatementsPlaceholder_loc" xlink:to="bw2-titel9_OperatingResult_loc" order="59.0"/>
    <link:loc xlink:type="locator" xlink:href="https://www.nltaxonomie.nl/jenv/2024-03-31/bw2-titel9-cor.xsd#bw2-titel9_IncomeReceivablesNoncurrentSecurities" xlink:label="bw2-titel9_IncomeReceivablesNoncurrentSecurities_loc"/>
    <link:definitionArc xlink:type="arc" xlink:arcrole="http://xbrl.org/int/dim/arcrole/domain-member" xlink:from="kvk_ItemsInSeparateFinancialStatementsPlaceholder_loc" xlink:to="bw2-titel9_IncomeReceivablesNoncurrentSecurities_loc" order="60.0"/>
    <link:loc xlink:type="locator" xlink:href="https://www.nltaxonomie.nl/jenv/2024-03-31/bw2-titel9-cor.xsd#bw2-titel9_InterestIncomeRelatedIncomeOther" xlink:label="bw2-titel9_InterestIncomeRelatedIncomeOther_loc"/>
    <link:definitionArc xlink:type="arc" xlink:arcrole="http://xbrl.org/int/dim/arcrole/domain-member" xlink:from="kvk_ItemsInSeparateFinancialStatementsPlaceholder_loc" xlink:to="bw2-titel9_InterestIncomeRelatedIncomeOther_loc" order="61.0"/>
    <link:loc xlink:type="locator" xlink:href="https://www.nltaxonomie.nl/jenv/2024-03-31/bw2-titel9-cor.xsd#bw2-titel9_InterestExpensesRelatedExpenses" xlink:label="bw2-titel9_InterestExpensesRelatedExpenses_loc"/>
    <link:definitionArc xlink:type="arc" xlink:arcrole="http://xbrl.org/int/dim/arcrole/domain-member" xlink:from="kvk_ItemsInSeparateFinancialStatementsPlaceholder_loc" xlink:to="bw2-titel9_InterestExpensesRelatedExpenses_loc" order="62.0"/>
    <link:loc xlink:type="locator" xlink:href="https://www.nltaxonomie.nl/jenv/2024-03-31/bw2-titel9-cor.xsd#bw2-titel9_ResultBeforeTax" xlink:label="bw2-titel9_ResultBeforeTax_loc"/>
    <link:definitionArc xlink:type="arc" xlink:arcrole="http://xbrl.org/int/dim/arcrole/domain-member" xlink:from="kvk_ItemsInSeparateFinancialStatementsPlaceholder_loc" xlink:to="bw2-titel9_ResultBeforeTax_loc" order="63.0"/>
    <link:loc xlink:type="locator" xlink:href="https://www.nltaxonomie.nl/jenv/2024-03-31/bw2-titel9-cor.xsd#bw2-titel9_IncomeTaxExpense" xlink:label="bw2-titel9_IncomeTaxExpense_loc"/>
    <link:definitionArc xlink:type="arc" xlink:arcrole="http://xbrl.org/int/dim/arcrole/domain-member" xlink:from="kvk_ItemsInSeparateFinancialStatementsPlaceholder_loc" xlink:to="bw2-titel9_IncomeTaxExpense_loc" order="64.0"/>
    <link:loc xlink:type="locator" xlink:href="https://www.nltaxonomie.nl/jenv/2024-03-31/bw2-titel9-cor.xsd#bw2-titel9_ShareInResultsParticipatingInterests" xlink:label="bw2-titel9_ShareInResultsParticipatingInterests_loc"/>
    <link:definitionArc xlink:type="arc" xlink:arcrole="http://xbrl.org/int/dim/arcrole/domain-member" xlink:from="kvk_ItemsInSeparateFinancialStatementsPlaceholder_loc" xlink:to="bw2-titel9_ShareInResultsParticipatingInterests_loc" order="65.0"/>
    <link:loc xlink:type="locator" xlink:href="https://www.nltaxonomie.nl/jenv/2024-03-31/bw2-titel9-cor.xsd#bw2-titel9_ResultAfterTax" xlink:label="bw2-titel9_ResultAfterTax_loc"/>
    <link:definitionArc xlink:type="arc" xlink:arcrole="http://xbrl.org/int/dim/arcrole/domain-member" xlink:from="kvk_ItemsInSeparateFinancialStatementsPlaceholder_loc" xlink:to="bw2-titel9_ResultAfterTax_loc" order="66.0"/>
    <link:loc xlink:type="locator" xlink:href="https://www.nltaxonomie.nl/rj/2024-03-31/rj-cor.xsd#rj_MostImportantActivitiesEntityDescription" xlink:label="rj_MostImportantActivitiesEntityDescription_loc"/>
    <link:definitionArc xlink:type="arc" xlink:arcrole="http://xbrl.org/int/dim/arcrole/domain-member" xlink:from="kvk_ItemsInSeparateFinancialStatementsPlaceholder_loc" xlink:to="rj_MostImportantActivitiesEntityDescription_loc" order="67.0"/>
    <link:loc xlink:type="locator" xlink:href="https://www.nltaxonomie.nl/jenv/2024-03-31/bw2-titel9-cor.xsd#bw2-titel9_GoingConcernDisclosure" xlink:label="bw2-titel9_GoingConcernDisclosure_loc"/>
    <link:definitionArc xlink:type="arc" xlink:arcrole="http://xbrl.org/int/dim/arcrole/domain-member" xlink:from="kvk_ItemsInSeparateFinancialStatementsPlaceholder_loc" xlink:to="bw2-titel9_GoingConcernDisclosure_loc" order="68.0"/>
    <link:loc xlink:type="locator" xlink:href="https://www.nltaxonomie.nl/rj/2024-03-31/rj-cor.xsd#rj_LocationActualActivitiesDescription" xlink:label="rj_LocationActualActivitiesDescription_loc"/>
    <link:definitionArc xlink:type="arc" xlink:arcrole="http://xbrl.org/int/dim/arcrole/domain-member" xlink:from="kvk_ItemsInSeparateFinancialStatementsPlaceholder_loc" xlink:to="rj_LocationActualActivitiesDescription_loc" order="69.0"/>
    <link:loc xlink:type="locator" xlink:href="https://www.nltaxonomie.nl/jenv/2024-03-31/bw2-titel9-cor.xsd#bw2-titel9_GroupStructureDisclosure" xlink:label="bw2-titel9_GroupStructureDisclosure_loc"/>
    <link:definitionArc xlink:type="arc" xlink:arcrole="http://xbrl.org/int/dim/arcrole/domain-member" xlink:from="kvk_ItemsInSeparateFinancialStatementsPlaceholder_loc" xlink:to="bw2-titel9_GroupStructureDisclosure_loc" order="70.0"/>
    <link:loc xlink:type="locator" xlink:href="https://www.nltaxonomie.nl/jenv/2024-03-31/bw2-titel9-cor.xsd#bw2-titel9_ChangeAccountingPoliciesDisclosure" xlink:label="bw2-titel9_ChangeAccountingPoliciesDisclosure_loc"/>
    <link:definitionArc xlink:type="arc" xlink:arcrole="http://xbrl.org/int/dim/arcrole/domain-member" xlink:from="kvk_ItemsInSeparateFinancialStatementsPlaceholder_loc" xlink:to="bw2-titel9_ChangeAccountingPoliciesDisclosure_loc" order="71.0"/>
    <link:loc xlink:type="locator" xlink:href="https://www.nltaxonomie.nl/rj/2024-03-31/rj-cor.xsd#rj_ChangeAccountingEstimatesExplanation" xlink:label="rj_ChangeAccountingEstimatesExplanation_loc"/>
    <link:definitionArc xlink:type="arc" xlink:arcrole="http://xbrl.org/int/dim/arcrole/domain-member" xlink:from="kvk_ItemsInSeparateFinancialStatementsPlaceholder_loc" xlink:to="rj_ChangeAccountingEstimatesExplanation_loc" order="72.0"/>
    <link:loc xlink:type="locator" xlink:href="https://www.nltaxonomie.nl/rj/2024-03-31/rj-cor.xsd#rj_EstimatesDisclosure" xlink:label="rj_EstimatesDisclosure_loc"/>
    <link:definitionArc xlink:type="arc" xlink:arcrole="http://xbrl.org/int/dim/arcrole/domain-member" xlink:from="kvk_ItemsInSeparateFinancialStatementsPlaceholder_loc" xlink:to="rj_EstimatesDisclosure_loc" order="73.0"/>
    <link:loc xlink:type="locator" xlink:href="https://www.nltaxonomie.nl/rj/2024-03-31/rj-cor.xsd#rj_PriorPeriodErrorsDisclosure" xlink:label="rj_PriorPeriodErrorsDisclosure_loc"/>
    <link:definitionArc xlink:type="arc" xlink:arcrole="http://xbrl.org/int/dim/arcrole/domain-member" xlink:from="kvk_ItemsInSeparateFinancialStatementsPlaceholder_loc" xlink:to="rj_PriorPeriodErrorsDisclosure_loc" order="74.0"/>
    <link:loc xlink:type="locator" xlink:href="https://www.nltaxonomie.nl/jenv/2024-03-31/bw2-titel9-cor.xsd#bw2-titel9_AccountingStandardsUsedToPrepareFinancialStatementsDescription" xlink:label="bw2-titel9_AccountingStandardsUsedToPrepareFinancialStatementsDescription_loc"/>
    <link:definitionArc xlink:type="arc" xlink:arcrole="http://xbrl.org/int/dim/arcrole/domain-member" xlink:from="kvk_ItemsInSeparateFinancialStatementsPlaceholder_loc" xlink:to="bw2-titel9_AccountingStandardsUsedToPrepareFinancialStatementsDescription_loc" order="75.0"/>
    <link:loc xlink:type="locator" xlink:href="https://www.nltaxonomie.nl/jenv/2024-03-31/bw2-titel9-cor.xsd#bw2-titel9_NoChangesInAccountingPoliciesDescription" xlink:label="bw2-titel9_NoChangesInAccountingPoliciesDescription_loc"/>
    <link:definitionArc xlink:type="arc" xlink:arcrole="http://xbrl.org/int/dim/arcrole/domain-member" xlink:from="kvk_ItemsInSeparateFinancialStatementsPlaceholder_loc" xlink:to="bw2-titel9_NoChangesInAccountingPoliciesDescription_loc" order="76.0"/>
    <link:loc xlink:type="locator" xlink:href="https://www.nltaxonomie.nl/jenv/2024-03-31/bw2-titel9-cor.xsd#bw2-titel9_ForeignCurrencyTranslationPolicy" xlink:label="bw2-titel9_ForeignCurrencyTranslationPolicy_loc"/>
    <link:definitionArc xlink:type="arc" xlink:arcrole="http://xbrl.org/int/dim/arcrole/domain-member" xlink:from="kvk_ItemsInSeparateFinancialStatementsPlaceholder_loc" xlink:to="bw2-titel9_ForeignCurrencyTranslationPolicy_loc" order="77.0"/>
    <link:loc xlink:type="locator" xlink:href="https://www.nltaxonomie.nl/rj/2024-03-31/rj-cor.xsd#rj_FunctionalCurrencyDescription" xlink:label="rj_FunctionalCurrencyDescription_loc"/>
    <link:definitionArc xlink:type="arc" xlink:arcrole="http://xbrl.org/int/dim/arcrole/domain-member" xlink:from="kvk_ItemsInSeparateFinancialStatementsPlaceholder_loc" xlink:to="rj_FunctionalCurrencyDescription_loc" order="78.0"/>
    <link:loc xlink:type="locator" xlink:href="https://www.nltaxonomie.nl/rj/2024-03-31/rj-cor.xsd#rj_LeasesPolicy" xlink:label="rj_LeasesPolicy_loc"/>
    <link:definitionArc xlink:type="arc" xlink:arcrole="http://xbrl.org/int/dim/arcrole/domain-member" xlink:from="kvk_ItemsInSeparateFinancialStatementsPlaceholder_loc" xlink:to="rj_LeasesPolicy_loc" order="79.0"/>
    <link:loc xlink:type="locator" xlink:href="https://www.nltaxonomie.nl/rj/2024-03-31/rj-cor.xsd#rj_FinanceLeasesPolicy" xlink:label="rj_FinanceLeasesPolicy_loc"/>
    <link:definitionArc xlink:type="arc" xlink:arcrole="http://xbrl.org/int/dim/arcrole/domain-member" xlink:from="kvk_ItemsInSeparateFinancialStatementsPlaceholder_loc" xlink:to="rj_FinanceLeasesPolicy_loc" order="80.0"/>
    <link:loc xlink:type="locator" xlink:href="https://www.nltaxonomie.nl/rj/2024-03-31/rj-cor.xsd#rj_OperatingLeasesPolicy" xlink:label="rj_OperatingLeasesPolicy_loc"/>
    <link:definitionArc xlink:type="arc" xlink:arcrole="http://xbrl.org/int/dim/arcrole/domain-member" xlink:from="kvk_ItemsInSeparateFinancialStatementsPlaceholder_loc" xlink:to="rj_OperatingLeasesPolicy_loc" order="81.0"/>
    <link:loc xlink:type="locator" xlink:href="https://www.nltaxonomie.nl/rj/2024-03-31/rj-cor.xsd#rj_FinancialInstrumentsHedgeAccountingPolicy" xlink:label="rj_FinancialInstrumentsHedgeAccountingPolicy_loc"/>
    <link:definitionArc xlink:type="arc" xlink:arcrole="http://xbrl.org/int/dim/arcrole/domain-member" xlink:from="kvk_ItemsInSeparateFinancialStatementsPlaceholder_loc" xlink:to="rj_FinancialInstrumentsHedgeAccountingPolicy_loc" order="82.0"/>
    <link:loc xlink:type="locator" xlink:href="https://www.nltaxonomie.nl/jenv/2024-03-31/bw2-titel9-cor.xsd#bw2-titel9_IntangibleAssetsPolicy" xlink:label="bw2-titel9_IntangibleAssetsPolicy_loc"/>
    <link:definitionArc xlink:type="arc" xlink:arcrole="http://xbrl.org/int/dim/arcrole/domain-member" xlink:from="kvk_ItemsInSeparateFinancialStatementsPlaceholder_loc" xlink:to="bw2-titel9_IntangibleAssetsPolicy_loc" order="83.0"/>
    <link:loc xlink:type="locator" xlink:href="https://www.nltaxonomie.nl/jenv/2024-03-31/bw2-titel9-cor.xsd#bw2-titel9_DevelopmentCostsPolicy" xlink:label="bw2-titel9_DevelopmentCostsPolicy_loc"/>
    <link:definitionArc xlink:type="arc" xlink:arcrole="http://xbrl.org/int/dim/arcrole/domain-member" xlink:from="kvk_ItemsInSeparateFinancialStatementsPlaceholder_loc" xlink:to="bw2-titel9_DevelopmentCostsPolicy_loc" order="84.0"/>
    <link:loc xlink:type="locator" xlink:href="https://www.nltaxonomie.nl/jenv/2024-03-31/bw2-titel9-cor.xsd#bw2-titel9_GoodwillPolicy" xlink:label="bw2-titel9_GoodwillPolicy_loc"/>
    <link:definitionArc xlink:type="arc" xlink:arcrole="http://xbrl.org/int/dim/arcrole/domain-member" xlink:from="kvk_ItemsInSeparateFinancialStatementsPlaceholder_loc" xlink:to="bw2-titel9_GoodwillPolicy_loc" order="85.0"/>
    <link:loc xlink:type="locator" xlink:href="https://www.nltaxonomie.nl/jenv/2024-03-31/bw2-titel9-cor.xsd#bw2-titel9_PropertyPlantEquipmentPolicy" xlink:label="bw2-titel9_PropertyPlantEquipmentPolicy_loc"/>
    <link:definitionArc xlink:type="arc" xlink:arcrole="http://xbrl.org/int/dim/arcrole/domain-member" xlink:from="kvk_ItemsInSeparateFinancialStatementsPlaceholder_loc" xlink:to="bw2-titel9_PropertyPlantEquipmentPolicy_loc" order="86.0"/>
    <link:loc xlink:type="locator" xlink:href="https://www.nltaxonomie.nl/rj/2024-03-31/rj-cor.xsd#rj_InvestmentPropertiesPolicy" xlink:label="rj_InvestmentPropertiesPolicy_loc"/>
    <link:definitionArc xlink:type="arc" xlink:arcrole="http://xbrl.org/int/dim/arcrole/domain-member" xlink:from="kvk_ItemsInSeparateFinancialStatementsPlaceholder_loc" xlink:to="rj_InvestmentPropertiesPolicy_loc" order="89.0"/>
    <link:loc xlink:type="locator" xlink:href="https://www.nltaxonomie.nl/jenv/2024-03-31/bw2-titel9-cor.xsd#bw2-titel9_FinancialAssetsPolicy" xlink:label="bw2-titel9_FinancialAssetsPolicy_loc"/>
    <link:definitionArc xlink:type="arc" xlink:arcrole="http://xbrl.org/int/dim/arcrole/domain-member" xlink:from="kvk_ItemsInSeparateFinancialStatementsPlaceholder_loc" xlink:to="bw2-titel9_FinancialAssetsPolicy_loc" order="90.0"/>
    <link:loc xlink:type="locator" xlink:href="dekleinebv-2023-12-31.xsd#klein_InvestmentsInParticipatingInterestsPolicy" xlink:label="klein_InvestmentsInParticipatingInterestsPolicy_loc"/>
    <link:definitionArc xlink:type="arc" xlink:arcrole="http://xbrl.org/int/dim/arcrole/domain-member" xlink:from="kvk_ItemsInSeparateFinancialStatementsPlaceholder_loc" xlink:to="klein_InvestmentsInParticipatingInterestsPolicy_loc" order="91.0"/>
    <link:loc xlink:type="locator" xlink:href="https://www.nltaxonomie.nl/jenv/2024-03-31/bw2-titel9-cor.xsd#bw2-titel9_ReceivablesGroupCompaniesPolicy" xlink:label="bw2-titel9_ReceivablesGroupCompaniesPolicy_loc"/>
    <link:definitionArc xlink:type="arc" xlink:arcrole="http://xbrl.org/int/dim/arcrole/domain-member" xlink:from="kvk_ItemsInSeparateFinancialStatementsPlaceholder_loc" xlink:to="bw2-titel9_ReceivablesGroupCompaniesPolicy_loc" order="92.0"/>
    <link:loc xlink:type="locator" xlink:href="https://www.nltaxonomie.nl/rj/2024-03-31/rj-cor.xsd#rj_DeferredTaxAssetsPolicy" xlink:label="rj_DeferredTaxAssetsPolicy_loc"/>
    <link:definitionArc xlink:type="arc" xlink:arcrole="http://xbrl.org/int/dim/arcrole/domain-member" xlink:from="kvk_ItemsInSeparateFinancialStatementsPlaceholder_loc" xlink:to="rj_DeferredTaxAssetsPolicy_loc" order="93.0"/>
    <link:loc xlink:type="locator" xlink:href="https://www.nltaxonomie.nl/rj/2024-03-31/rj-cor.xsd#rj_ImpairmentAssetsNoncurrentPolicy" xlink:label="rj_ImpairmentAssetsNoncurrentPolicy_loc"/>
    <link:definitionArc xlink:type="arc" xlink:arcrole="http://xbrl.org/int/dim/arcrole/domain-member" xlink:from="kvk_ItemsInSeparateFinancialStatementsPlaceholder_loc" xlink:to="rj_ImpairmentAssetsNoncurrentPolicy_loc" order="94.0"/>
    <link:loc xlink:type="locator" xlink:href="https://www.nltaxonomie.nl/jenv/2024-03-31/bw2-titel9-cor.xsd#bw2-titel9_InventoriesPolicy" xlink:label="bw2-titel9_InventoriesPolicy_loc"/>
    <link:definitionArc xlink:type="arc" xlink:arcrole="http://xbrl.org/int/dim/arcrole/domain-member" xlink:from="kvk_ItemsInSeparateFinancialStatementsPlaceholder_loc" xlink:to="bw2-titel9_InventoriesPolicy_loc" order="95.0"/>
    <link:loc xlink:type="locator" xlink:href="https://www.nltaxonomie.nl/rj/2024-03-31/rj-cor.xsd#rj_ConstructionContractsPolicy" xlink:label="rj_ConstructionContractsPolicy_loc"/>
    <link:definitionArc xlink:type="arc" xlink:arcrole="http://xbrl.org/int/dim/arcrole/domain-member" xlink:from="kvk_ItemsInSeparateFinancialStatementsPlaceholder_loc" xlink:to="rj_ConstructionContractsPolicy_loc" order="96.0"/>
    <link:loc xlink:type="locator" xlink:href="https://www.nltaxonomie.nl/jenv/2024-03-31/bw2-titel9-cor.xsd#bw2-titel9_ReceivablesPolicy" xlink:label="bw2-titel9_ReceivablesPolicy_loc"/>
    <link:definitionArc xlink:type="arc" xlink:arcrole="http://xbrl.org/int/dim/arcrole/domain-member" xlink:from="kvk_ItemsInSeparateFinancialStatementsPlaceholder_loc" xlink:to="bw2-titel9_ReceivablesPolicy_loc" order="97.0"/>
    <link:loc xlink:type="locator" xlink:href="https://www.nltaxonomie.nl/jenv/2024-03-31/bw2-titel9-cor.xsd#bw2-titel9_SecuritiesCurrentPolicy" xlink:label="bw2-titel9_SecuritiesCurrentPolicy_loc"/>
    <link:definitionArc xlink:type="arc" xlink:arcrole="http://xbrl.org/int/dim/arcrole/domain-member" xlink:from="kvk_ItemsInSeparateFinancialStatementsPlaceholder_loc" xlink:to="bw2-titel9_SecuritiesCurrentPolicy_loc" order="98.0"/>
    <link:loc xlink:type="locator" xlink:href="https://www.nltaxonomie.nl/jenv/2024-03-31/bw2-titel9-cor.xsd#bw2-titel9_CashAndCashEquivalentsPolicy" xlink:label="bw2-titel9_CashAndCashEquivalentsPolicy_loc"/>
    <link:definitionArc xlink:type="arc" xlink:arcrole="http://xbrl.org/int/dim/arcrole/domain-member" xlink:from="kvk_ItemsInSeparateFinancialStatementsPlaceholder_loc" xlink:to="bw2-titel9_CashAndCashEquivalentsPolicy_loc" order="99.0"/>
    <link:loc xlink:type="locator" xlink:href="https://www.nltaxonomie.nl/jenv/2024-03-31/bw2-titel9-cor.xsd#bw2-titel9_EquityPolicy" xlink:label="bw2-titel9_EquityPolicy_loc"/>
    <link:definitionArc xlink:type="arc" xlink:arcrole="http://xbrl.org/int/dim/arcrole/domain-member" xlink:from="kvk_ItemsInSeparateFinancialStatementsPlaceholder_loc" xlink:to="bw2-titel9_EquityPolicy_loc" order="100.0"/>
    <link:loc xlink:type="locator" xlink:href="https://www.nltaxonomie.nl/jenv/2024-03-31/bw2-titel9-cor.xsd#bw2-titel9_RevaluationReservePolicy" xlink:label="bw2-titel9_RevaluationReservePolicy_loc"/>
    <link:definitionArc xlink:type="arc" xlink:arcrole="http://xbrl.org/int/dim/arcrole/domain-member" xlink:from="kvk_ItemsInSeparateFinancialStatementsPlaceholder_loc" xlink:to="bw2-titel9_RevaluationReservePolicy_loc" order="101.0"/>
    <link:loc xlink:type="locator" xlink:href="https://www.nltaxonomie.nl/jenv/2024-03-31/bw2-titel9-cor.xsd#bw2-titel9_ProvisionsPolicy" xlink:label="bw2-titel9_ProvisionsPolicy_loc"/>
    <link:definitionArc xlink:type="arc" xlink:arcrole="http://xbrl.org/int/dim/arcrole/domain-member" xlink:from="kvk_ItemsInSeparateFinancialStatementsPlaceholder_loc" xlink:to="bw2-titel9_ProvisionsPolicy_loc" order="102.0"/>
    <link:loc xlink:type="locator" xlink:href="https://www.nltaxonomie.nl/jenv/2024-03-31/bw2-titel9-cor.xsd#bw2-titel9_ProvisionPensionObligationsPolicy" xlink:label="bw2-titel9_ProvisionPensionObligationsPolicy_loc"/>
    <link:definitionArc xlink:type="arc" xlink:arcrole="http://xbrl.org/int/dim/arcrole/domain-member" xlink:from="kvk_ItemsInSeparateFinancialStatementsPlaceholder_loc" xlink:to="bw2-titel9_ProvisionPensionObligationsPolicy_loc" order="103.0"/>
    <link:loc xlink:type="locator" xlink:href="https://www.nltaxonomie.nl/rj/2024-03-31/rj-cor.xsd#rj_DeferredTaxLiabilitiesPolicy" xlink:label="rj_DeferredTaxLiabilitiesPolicy_loc"/>
    <link:definitionArc xlink:type="arc" xlink:arcrole="http://xbrl.org/int/dim/arcrole/domain-member" xlink:from="kvk_ItemsInSeparateFinancialStatementsPlaceholder_loc" xlink:to="rj_DeferredTaxLiabilitiesPolicy_loc" order="104.0"/>
    <link:loc xlink:type="locator" xlink:href="https://www.nltaxonomie.nl/jenv/2024-03-31/bw2-titel9-cor.xsd#bw2-titel9_ProvisionsOtherPolicy" xlink:label="bw2-titel9_ProvisionsOtherPolicy_loc"/>
    <link:definitionArc xlink:type="arc" xlink:arcrole="http://xbrl.org/int/dim/arcrole/domain-member" xlink:from="kvk_ItemsInSeparateFinancialStatementsPlaceholder_loc" xlink:to="bw2-titel9_ProvisionsOtherPolicy_loc" order="107.0"/>
    <link:loc xlink:type="locator" xlink:href="https://www.nltaxonomie.nl/jenv/2024-03-31/bw2-titel9-cor.xsd#bw2-titel9_LiabilitiesNoncurrentPolicy" xlink:label="bw2-titel9_LiabilitiesNoncurrentPolicy_loc"/>
    <link:definitionArc xlink:type="arc" xlink:arcrole="http://xbrl.org/int/dim/arcrole/domain-member" xlink:from="kvk_ItemsInSeparateFinancialStatementsPlaceholder_loc" xlink:to="bw2-titel9_LiabilitiesNoncurrentPolicy_loc" order="108.0"/>
    <link:loc xlink:type="locator" xlink:href="https://www.nltaxonomie.nl/jenv/2024-03-31/bw2-titel9-cor.xsd#bw2-titel9_LiabilitiesCurrentPolicy" xlink:label="bw2-titel9_LiabilitiesCurrentPolicy_loc"/>
    <link:definitionArc xlink:type="arc" xlink:arcrole="http://xbrl.org/int/dim/arcrole/domain-member" xlink:from="kvk_ItemsInSeparateFinancialStatementsPlaceholder_loc" xlink:to="bw2-titel9_LiabilitiesCurrentPolicy_loc" order="109.0"/>
    <link:loc xlink:type="locator" xlink:href="https://www.nltaxonomie.nl/jenv/2024-03-31/bw2-titel9-cor.xsd#bw2-titel9_AccountingPrinciplesForDeterminingTheResult" xlink:label="bw2-titel9_AccountingPrinciplesForDeterminingTheResult_loc"/>
    <link:definitionArc xlink:type="arc" xlink:arcrole="http://xbrl.org/int/dim/arcrole/domain-member" xlink:from="kvk_ItemsInSeparateFinancialStatementsPlaceholder_loc" xlink:to="bw2-titel9_AccountingPrinciplesForDeterminingTheResult_loc" order="110.0"/>
    <link:loc xlink:type="locator" xlink:href="https://www.nltaxonomie.nl/rj/2024-03-31/rj-cor.xsd#rj_RevenueRecognitionPolicy" xlink:label="rj_RevenueRecognitionPolicy_loc"/>
    <link:definitionArc xlink:type="arc" xlink:arcrole="http://xbrl.org/int/dim/arcrole/domain-member" xlink:from="kvk_ItemsInSeparateFinancialStatementsPlaceholder_loc" xlink:to="rj_RevenueRecognitionPolicy_loc" order="111.0"/>
    <link:loc xlink:type="locator" xlink:href="https://www.nltaxonomie.nl/jenv/2024-03-31/bw2-titel9-cor.xsd#bw2-titel9_RevenuesFromSaleOfGoodsPolicy" xlink:label="bw2-titel9_RevenuesFromSaleOfGoodsPolicy_loc"/>
    <link:definitionArc xlink:type="arc" xlink:arcrole="http://xbrl.org/int/dim/arcrole/domain-member" xlink:from="kvk_ItemsInSeparateFinancialStatementsPlaceholder_loc" xlink:to="bw2-titel9_RevenuesFromSaleOfGoodsPolicy_loc" order="112.0"/>
    <link:loc xlink:type="locator" xlink:href="https://www.nltaxonomie.nl/jenv/2024-03-31/bw2-titel9-cor.xsd#bw2-titel9_RevenuesFromProvidingServicesPolicy" xlink:label="bw2-titel9_RevenuesFromProvidingServicesPolicy_loc"/>
    <link:definitionArc xlink:type="arc" xlink:arcrole="http://xbrl.org/int/dim/arcrole/domain-member" xlink:from="kvk_ItemsInSeparateFinancialStatementsPlaceholder_loc" xlink:to="bw2-titel9_RevenuesFromProvidingServicesPolicy_loc" order="113.0"/>
    <link:loc xlink:type="locator" xlink:href="dekleinebv-2023-12-31.xsd#klein_ProjectIncomeProjectCostPolicy" xlink:label="klein_ProjectIncomeProjectCostPolicy_loc"/>
    <link:definitionArc xlink:type="arc" xlink:arcrole="http://xbrl.org/int/dim/arcrole/domain-member" xlink:from="kvk_ItemsInSeparateFinancialStatementsPlaceholder_loc" xlink:to="klein_ProjectIncomeProjectCostPolicy_loc" order="114.0"/>
    <link:loc xlink:type="locator" xlink:href="https://www.nltaxonomie.nl/jenv/2024-03-31/bw2-titel9-cor.xsd#bw2-titel9_OperatingIncomeOtherPolicy" xlink:label="bw2-titel9_OperatingIncomeOtherPolicy_loc"/>
    <link:definitionArc xlink:type="arc" xlink:arcrole="http://xbrl.org/int/dim/arcrole/domain-member" xlink:from="kvk_ItemsInSeparateFinancialStatementsPlaceholder_loc" xlink:to="bw2-titel9_OperatingIncomeOtherPolicy_loc" order="115.0"/>
    <link:loc xlink:type="locator" xlink:href="https://www.nltaxonomie.nl/jenv/2024-03-31/bw2-titel9-cor.xsd#bw2-titel9_ExpensesPolicy" xlink:label="bw2-titel9_ExpensesPolicy_loc"/>
    <link:definitionArc xlink:type="arc" xlink:arcrole="http://xbrl.org/int/dim/arcrole/domain-member" xlink:from="kvk_ItemsInSeparateFinancialStatementsPlaceholder_loc" xlink:to="bw2-titel9_ExpensesPolicy_loc" order="116.0"/>
    <link:loc xlink:type="locator" xlink:href="https://www.nltaxonomie.nl/jenv/2024-03-31/bw2-titel9-cor.xsd#bw2-titel9_EmployeeBenefitsExpensesPolicy" xlink:label="bw2-titel9_EmployeeBenefitsExpensesPolicy_loc"/>
    <link:definitionArc xlink:type="arc" xlink:arcrole="http://xbrl.org/int/dim/arcrole/domain-member" xlink:from="kvk_ItemsInSeparateFinancialStatementsPlaceholder_loc" xlink:to="bw2-titel9_EmployeeBenefitsExpensesPolicy_loc" order="117.0"/>
    <link:loc xlink:type="locator" xlink:href="https://www.nltaxonomie.nl/jenv/2024-03-31/bw2-titel9-cor.xsd#bw2-titel9_WagesSalariesPolicy" xlink:label="bw2-titel9_WagesSalariesPolicy_loc"/>
    <link:definitionArc xlink:type="arc" xlink:arcrole="http://xbrl.org/int/dim/arcrole/domain-member" xlink:from="kvk_ItemsInSeparateFinancialStatementsPlaceholder_loc" xlink:to="bw2-titel9_WagesSalariesPolicy_loc" order="118.0"/>
    <link:loc xlink:type="locator" xlink:href="https://www.nltaxonomie.nl/jenv/2024-03-31/bw2-titel9-cor.xsd#bw2-titel9_PensionCostsPolicy" xlink:label="bw2-titel9_PensionCostsPolicy_loc"/>
    <link:definitionArc xlink:type="arc" xlink:arcrole="http://xbrl.org/int/dim/arcrole/domain-member" xlink:from="kvk_ItemsInSeparateFinancialStatementsPlaceholder_loc" xlink:to="bw2-titel9_PensionCostsPolicy_loc" order="119.0"/>
    <link:loc xlink:type="locator" xlink:href="https://www.nltaxonomie.nl/jenv/2024-03-31/bw2-titel9-cor.xsd#bw2-titel9_DepreciationPropertyPlantEquipmentAmortisationIntangibleAssetsPolicy" xlink:label="bw2-titel9_DepreciationPropertyPlantEquipmentAmortisationIntangibleAssetsPolicy_loc"/>
    <link:definitionArc xlink:type="arc" xlink:arcrole="http://xbrl.org/int/dim/arcrole/domain-member" xlink:from="kvk_ItemsInSeparateFinancialStatementsPlaceholder_loc" xlink:to="bw2-titel9_DepreciationPropertyPlantEquipmentAmortisationIntangibleAssetsPolicy_loc" order="120.0"/>
    <link:loc xlink:type="locator" xlink:href="https://www.nltaxonomie.nl/rj/2024-03-31/rj-cor.xsd#rj_ExceptionalItemsPolicy" xlink:label="rj_ExceptionalItemsPolicy_loc"/>
    <link:definitionArc xlink:type="arc" xlink:arcrole="http://xbrl.org/int/dim/arcrole/domain-member" xlink:from="kvk_ItemsInSeparateFinancialStatementsPlaceholder_loc" xlink:to="rj_ExceptionalItemsPolicy_loc" order="121.0"/>
    <link:loc xlink:type="locator" xlink:href="https://www.nltaxonomie.nl/jenv/2024-03-31/bw2-titel9-cor.xsd#bw2-titel9_GovernmentSubsidiesPolicy" xlink:label="bw2-titel9_GovernmentSubsidiesPolicy_loc"/>
    <link:definitionArc xlink:type="arc" xlink:arcrole="http://xbrl.org/int/dim/arcrole/domain-member" xlink:from="kvk_ItemsInSeparateFinancialStatementsPlaceholder_loc" xlink:to="bw2-titel9_GovernmentSubsidiesPolicy_loc" order="122.0"/>
    <link:loc xlink:type="locator" xlink:href="https://www.nltaxonomie.nl/rj/2024-03-31/rj-cor.xsd#rj_FinancialIncomeExpensesPolicy" xlink:label="rj_FinancialIncomeExpensesPolicy_loc"/>
    <link:definitionArc xlink:type="arc" xlink:arcrole="http://xbrl.org/int/dim/arcrole/domain-member" xlink:from="kvk_ItemsInSeparateFinancialStatementsPlaceholder_loc" xlink:to="rj_FinancialIncomeExpensesPolicy_loc" order="123.0"/>
    <link:loc xlink:type="locator" xlink:href="dekleinebv-2023-12-31.xsd#klein_InterestIncomeInterestExpensesPolicy" xlink:label="klein_InterestIncomeInterestExpensesPolicy_loc"/>
    <link:definitionArc xlink:type="arc" xlink:arcrole="http://xbrl.org/int/dim/arcrole/domain-member" xlink:from="kvk_ItemsInSeparateFinancialStatementsPlaceholder_loc" xlink:to="klein_InterestIncomeInterestExpensesPolicy_loc" order="124.0"/>
    <link:loc xlink:type="locator" xlink:href="https://www.nltaxonomie.nl/jenv/2024-03-31/bw2-titel9-cor.xsd#bw2-titel9_ChangesInReservesDueToForeignCurrencyTranslationPolicy" xlink:label="bw2-titel9_ChangesInReservesDueToForeignCurrencyTranslationPolicy_loc"/>
    <link:definitionArc xlink:type="arc" xlink:arcrole="http://xbrl.org/int/dim/arcrole/domain-member" xlink:from="kvk_ItemsInSeparateFinancialStatementsPlaceholder_loc" xlink:to="bw2-titel9_ChangesInReservesDueToForeignCurrencyTranslationPolicy_loc" order="125.0"/>
    <link:loc xlink:type="locator" xlink:href="dekleinebv-2023-12-31.xsd#klein_DividendsPolicy" xlink:label="klein_DividendsPolicy_loc"/>
    <link:definitionArc xlink:type="arc" xlink:arcrole="http://xbrl.org/int/dim/arcrole/domain-member" xlink:from="kvk_ItemsInSeparateFinancialStatementsPlaceholder_loc" xlink:to="klein_DividendsPolicy_loc" order="126.0"/>
    <link:loc xlink:type="locator" xlink:href="dekleinebv-2023-12-31.xsd#klein_ChangesValueFinancialInstrumentsValuedFairValuePolicy" xlink:label="klein_ChangesValueFinancialInstrumentsValuedFairValuePolicy_loc"/>
    <link:definitionArc xlink:type="arc" xlink:arcrole="http://xbrl.org/int/dim/arcrole/domain-member" xlink:from="kvk_ItemsInSeparateFinancialStatementsPlaceholder_loc" xlink:to="klein_ChangesValueFinancialInstrumentsValuedFairValuePolicy_loc" order="127.0"/>
    <link:loc xlink:type="locator" xlink:href="dekleinebv-2023-12-31.xsd#klein_InterestExpensesInterestCapitalisedDuringPeriodPolicy" xlink:label="klein_InterestExpensesInterestCapitalisedDuringPeriodPolicy_loc"/>
    <link:definitionArc xlink:type="arc" xlink:arcrole="http://xbrl.org/int/dim/arcrole/domain-member" xlink:from="kvk_ItemsInSeparateFinancialStatementsPlaceholder_loc" xlink:to="klein_InterestExpensesInterestCapitalisedDuringPeriodPolicy_loc" order="128.0"/>
    <link:loc xlink:type="locator" xlink:href="https://www.nltaxonomie.nl/jenv/2024-03-31/bw2-titel9-cor.xsd#bw2-titel9_IncomeTaxExpensePolicy" xlink:label="bw2-titel9_IncomeTaxExpensePolicy_loc"/>
    <link:definitionArc xlink:type="arc" xlink:arcrole="http://xbrl.org/int/dim/arcrole/domain-member" xlink:from="kvk_ItemsInSeparateFinancialStatementsPlaceholder_loc" xlink:to="bw2-titel9_IncomeTaxExpensePolicy_loc" order="129.0"/>
    <link:loc xlink:type="locator" xlink:href="https://www.nltaxonomie.nl/jenv/2024-03-31/bw2-titel9-cor.xsd#bw2-titel9_ShareInResultsParticipatingInterestsPolicy" xlink:label="bw2-titel9_ShareInResultsParticipatingInterestsPolicy_loc"/>
    <link:definitionArc xlink:type="arc" xlink:arcrole="http://xbrl.org/int/dim/arcrole/domain-member" xlink:from="kvk_ItemsInSeparateFinancialStatementsPlaceholder_loc" xlink:to="bw2-titel9_ShareInResultsParticipatingInterestsPolicy_loc" order="130.0"/>
    <link:loc xlink:type="locator" xlink:href="https://www.nltaxonomie.nl/jenv/2024-03-31/bw2-titel9-cor.xsd#bw2-titel9_IntangibleAssetsDisclosure" xlink:label="bw2-titel9_IntangibleAssetsDisclosure_loc"/>
    <link:definitionArc xlink:type="arc" xlink:arcrole="http://xbrl.org/int/dim/arcrole/domain-member" xlink:from="kvk_ItemsInSeparateFinancialStatementsPlaceholder_loc" xlink:to="bw2-titel9_IntangibleAssetsDisclosure_loc" order="131.0"/>
    <link:loc xlink:type="locator" xlink:href="https://www.nltaxonomie.nl/jenv/2024-03-31/bw2-titel9-cor.xsd#bw2-titel9_PropertyPlantEquipmentDisclosure" xlink:label="bw2-titel9_PropertyPlantEquipmentDisclosure_loc"/>
    <link:definitionArc xlink:type="arc" xlink:arcrole="http://xbrl.org/int/dim/arcrole/domain-member" xlink:from="kvk_ItemsInSeparateFinancialStatementsPlaceholder_loc" xlink:to="bw2-titel9_PropertyPlantEquipmentDisclosure_loc" order="132.0"/>
    <link:loc xlink:type="locator" xlink:href="https://www.nltaxonomie.nl/rj/2024-03-31/rj-cor.xsd#rj_InvestmentPropertiesDisclosure" xlink:label="rj_InvestmentPropertiesDisclosure_loc"/>
    <link:definitionArc xlink:type="arc" xlink:arcrole="http://xbrl.org/int/dim/arcrole/domain-member" xlink:from="kvk_ItemsInSeparateFinancialStatementsPlaceholder_loc" xlink:to="rj_InvestmentPropertiesDisclosure_loc" order="133.0"/>
    <link:loc xlink:type="locator" xlink:href="https://www.nltaxonomie.nl/jenv/2024-03-31/bw2-titel9-cor.xsd#bw2-titel9_FinancialAssetsDisclosure" xlink:label="bw2-titel9_FinancialAssetsDisclosure_loc"/>
    <link:definitionArc xlink:type="arc" xlink:arcrole="http://xbrl.org/int/dim/arcrole/domain-member" xlink:from="kvk_ItemsInSeparateFinancialStatementsPlaceholder_loc" xlink:to="bw2-titel9_FinancialAssetsDisclosure_loc" order="134.0"/>
    <link:loc xlink:type="locator" xlink:href="https://www.nltaxonomie.nl/jenv/2024-03-31/bw2-titel9-cor.xsd#bw2-titel9_ReceivablesGroupCompaniesNoncurrentDisclosure" xlink:label="bw2-titel9_ReceivablesGroupCompaniesNoncurrentDisclosure_loc"/>
    <link:definitionArc xlink:type="arc" xlink:arcrole="http://xbrl.org/int/dim/arcrole/domain-member" xlink:from="kvk_ItemsInSeparateFinancialStatementsPlaceholder_loc" xlink:to="bw2-titel9_ReceivablesGroupCompaniesNoncurrentDisclosure_loc" order="135.0"/>
    <link:loc xlink:type="locator" xlink:href="https://www.nltaxonomie.nl/jenv/2024-03-31/bw2-titel9-cor.xsd#bw2-titel9_InventoriesDisclosure" xlink:label="bw2-titel9_InventoriesDisclosure_loc"/>
    <link:definitionArc xlink:type="arc" xlink:arcrole="http://xbrl.org/int/dim/arcrole/domain-member" xlink:from="kvk_ItemsInSeparateFinancialStatementsPlaceholder_loc" xlink:to="bw2-titel9_InventoriesDisclosure_loc" order="136.0"/>
    <link:loc xlink:type="locator" xlink:href="https://www.nltaxonomie.nl/rj/2024-03-31/rj-cor.xsd#rj_ConstructionContractsDisclosure" xlink:label="rj_ConstructionContractsDisclosure_loc"/>
    <link:definitionArc xlink:type="arc" xlink:arcrole="http://xbrl.org/int/dim/arcrole/domain-member" xlink:from="kvk_ItemsInSeparateFinancialStatementsPlaceholder_loc" xlink:to="rj_ConstructionContractsDisclosure_loc" order="137.0"/>
    <link:loc xlink:type="locator" xlink:href="https://www.nltaxonomie.nl/jenv/2024-03-31/bw2-titel9-cor.xsd#bw2-titel9_ReceivablesDisclosure" xlink:label="bw2-titel9_ReceivablesDisclosure_loc"/>
    <link:definitionArc xlink:type="arc" xlink:arcrole="http://xbrl.org/int/dim/arcrole/domain-member" xlink:from="kvk_ItemsInSeparateFinancialStatementsPlaceholder_loc" xlink:to="bw2-titel9_ReceivablesDisclosure_loc" order="138.0"/>
    <link:loc xlink:type="locator" xlink:href="https://www.nltaxonomie.nl/jenv/2024-03-31/bw2-titel9-cor.xsd#bw2-titel9_TradeReceivablesDisclosure" xlink:label="bw2-titel9_TradeReceivablesDisclosure_loc"/>
    <link:definitionArc xlink:type="arc" xlink:arcrole="http://xbrl.org/int/dim/arcrole/domain-member" xlink:from="kvk_ItemsInSeparateFinancialStatementsPlaceholder_loc" xlink:to="bw2-titel9_TradeReceivablesDisclosure_loc" order="139.0"/>
    <link:loc xlink:type="locator" xlink:href="dekleinebv-2023-12-31.xsd#klein_ReceivablesOtherAccruedIncomeDisclosure" xlink:label="klein_ReceivablesOtherAccruedIncomeDisclosure_loc"/>
    <link:definitionArc xlink:type="arc" xlink:arcrole="http://xbrl.org/int/dim/arcrole/domain-member" xlink:from="kvk_ItemsInSeparateFinancialStatementsPlaceholder_loc" xlink:to="klein_ReceivablesOtherAccruedIncomeDisclosure_loc" order="140.0"/>
    <link:loc xlink:type="locator" xlink:href="https://www.nltaxonomie.nl/jenv/2024-03-31/bw2-titel9-cor.xsd#bw2-titel9_SecuritiesCurrentDisclosure" xlink:label="bw2-titel9_SecuritiesCurrentDisclosure_loc"/>
    <link:definitionArc xlink:type="arc" xlink:arcrole="http://xbrl.org/int/dim/arcrole/domain-member" xlink:from="kvk_ItemsInSeparateFinancialStatementsPlaceholder_loc" xlink:to="bw2-titel9_SecuritiesCurrentDisclosure_loc" order="141.0"/>
    <link:loc xlink:type="locator" xlink:href="https://www.nltaxonomie.nl/jenv/2024-03-31/bw2-titel9-cor.xsd#bw2-titel9_CalledUpShareCapitalDisclosure" xlink:label="bw2-titel9_CalledUpShareCapitalDisclosure_loc"/>
    <link:definitionArc xlink:type="arc" xlink:arcrole="http://xbrl.org/int/dim/arcrole/domain-member" xlink:from="kvk_ItemsInSeparateFinancialStatementsPlaceholder_loc" xlink:to="bw2-titel9_CalledUpShareCapitalDisclosure_loc" order="142.0"/>
    <link:loc xlink:type="locator" xlink:href="https://www.nltaxonomie.nl/jenv/2024-03-31/bw2-titel9-cor.xsd#bw2-titel9_SharePremiumDisclosure" xlink:label="bw2-titel9_SharePremiumDisclosure_loc"/>
    <link:definitionArc xlink:type="arc" xlink:arcrole="http://xbrl.org/int/dim/arcrole/domain-member" xlink:from="kvk_ItemsInSeparateFinancialStatementsPlaceholder_loc" xlink:to="bw2-titel9_SharePremiumDisclosure_loc" order="143.0"/>
    <link:loc xlink:type="locator" xlink:href="https://www.nltaxonomie.nl/jenv/2024-03-31/bw2-titel9-cor.xsd#bw2-titel9_RevaluationReserveDisclosure" xlink:label="bw2-titel9_RevaluationReserveDisclosure_loc"/>
    <link:definitionArc xlink:type="arc" xlink:arcrole="http://xbrl.org/int/dim/arcrole/domain-member" xlink:from="kvk_ItemsInSeparateFinancialStatementsPlaceholder_loc" xlink:to="bw2-titel9_RevaluationReserveDisclosure_loc" order="144.0"/>
    <link:loc xlink:type="locator" xlink:href="https://www.nltaxonomie.nl/jenv/2024-03-31/bw2-titel9-cor.xsd#bw2-titel9_LegalReservesDisclosure" xlink:label="bw2-titel9_LegalReservesDisclosure_loc"/>
    <link:definitionArc xlink:type="arc" xlink:arcrole="http://xbrl.org/int/dim/arcrole/domain-member" xlink:from="kvk_ItemsInSeparateFinancialStatementsPlaceholder_loc" xlink:to="bw2-titel9_LegalReservesDisclosure_loc" order="145.0"/>
    <link:loc xlink:type="locator" xlink:href="https://www.nltaxonomie.nl/jenv/2024-03-31/bw2-titel9-cor.xsd#bw2-titel9_StatutoryReservesDisclosure" xlink:label="bw2-titel9_StatutoryReservesDisclosure_loc"/>
    <link:definitionArc xlink:type="arc" xlink:arcrole="http://xbrl.org/int/dim/arcrole/domain-member" xlink:from="kvk_ItemsInSeparateFinancialStatementsPlaceholder_loc" xlink:to="bw2-titel9_StatutoryReservesDisclosure_loc" order="146.0"/>
    <link:loc xlink:type="locator" xlink:href="https://www.nltaxonomie.nl/jenv/2024-03-31/bw2-titel9-cor.xsd#bw2-titel9_ReservesOtherDisclosure" xlink:label="bw2-titel9_ReservesOtherDisclosure_loc"/>
    <link:definitionArc xlink:type="arc" xlink:arcrole="http://xbrl.org/int/dim/arcrole/domain-member" xlink:from="kvk_ItemsInSeparateFinancialStatementsPlaceholder_loc" xlink:to="bw2-titel9_ReservesOtherDisclosure_loc" order="147.0"/>
    <link:loc xlink:type="locator" xlink:href="https://www.nltaxonomie.nl/jenv/2024-03-31/bw2-titel9-cor.xsd#bw2-titel9_ProvisionsDisclosure" xlink:label="bw2-titel9_ProvisionsDisclosure_loc"/>
    <link:definitionArc xlink:type="arc" xlink:arcrole="http://xbrl.org/int/dim/arcrole/domain-member" xlink:from="kvk_ItemsInSeparateFinancialStatementsPlaceholder_loc" xlink:to="bw2-titel9_ProvisionsDisclosure_loc" order="148.0"/>
    <link:loc xlink:type="locator" xlink:href="https://www.nltaxonomie.nl/rj/2024-03-31/rj-cor.xsd#rj_DeferredTaxLiabilitiesDisclosure" xlink:label="rj_DeferredTaxLiabilitiesDisclosure_loc"/>
    <link:definitionArc xlink:type="arc" xlink:arcrole="http://xbrl.org/int/dim/arcrole/domain-member" xlink:from="kvk_ItemsInSeparateFinancialStatementsPlaceholder_loc" xlink:to="rj_DeferredTaxLiabilitiesDisclosure_loc" order="149.0"/>
    <link:loc xlink:type="locator" xlink:href="https://www.nltaxonomie.nl/jenv/2024-03-31/bw2-titel9-cor.xsd#bw2-titel9_ProvisionsOtherDisclosure" xlink:label="bw2-titel9_ProvisionsOtherDisclosure_loc"/>
    <link:definitionArc xlink:type="arc" xlink:arcrole="http://xbrl.org/int/dim/arcrole/domain-member" xlink:from="kvk_ItemsInSeparateFinancialStatementsPlaceholder_loc" xlink:to="bw2-titel9_ProvisionsOtherDisclosure_loc" order="150.0"/>
    <link:loc xlink:type="locator" xlink:href="https://www.nltaxonomie.nl/jenv/2024-03-31/bw2-titel9-cor.xsd#bw2-titel9_LiabilitiesNoncurrentDisclosure" xlink:label="bw2-titel9_LiabilitiesNoncurrentDisclosure_loc"/>
    <link:definitionArc xlink:type="arc" xlink:arcrole="http://xbrl.org/int/dim/arcrole/domain-member" xlink:from="kvk_ItemsInSeparateFinancialStatementsPlaceholder_loc" xlink:to="bw2-titel9_LiabilitiesNoncurrentDisclosure_loc" order="151.0"/>
    <link:loc xlink:type="locator" xlink:href="https://www.nltaxonomie.nl/rj/2024-03-31/rj-cor.xsd#rj_SubordinatedLoansDisclosure" xlink:label="rj_SubordinatedLoansDisclosure_loc"/>
    <link:definitionArc xlink:type="arc" xlink:arcrole="http://xbrl.org/int/dim/arcrole/domain-member" xlink:from="kvk_ItemsInSeparateFinancialStatementsPlaceholder_loc" xlink:to="rj_SubordinatedLoansDisclosure_loc" order="152.0"/>
    <link:loc xlink:type="locator" xlink:href="https://www.nltaxonomie.nl/rj/2024-03-31/rj-cor.xsd#rj_FinanceLeaseLiabilitiesNoncurrentDisclosure" xlink:label="rj_FinanceLeaseLiabilitiesNoncurrentDisclosure_loc"/>
    <link:definitionArc xlink:type="arc" xlink:arcrole="http://xbrl.org/int/dim/arcrole/domain-member" xlink:from="kvk_ItemsInSeparateFinancialStatementsPlaceholder_loc" xlink:to="rj_FinanceLeaseLiabilitiesNoncurrentDisclosure_loc" order="154.0"/>
    <link:loc xlink:type="locator" xlink:href="https://www.nltaxonomie.nl/jenv/2024-03-31/bw2-titel9-cor.xsd#bw2-titel9_PayablesBanksNoncurrentDisclosure" xlink:label="bw2-titel9_PayablesBanksNoncurrentDisclosure_loc"/>
    <link:definitionArc xlink:type="arc" xlink:arcrole="http://xbrl.org/int/dim/arcrole/domain-member" xlink:from="kvk_ItemsInSeparateFinancialStatementsPlaceholder_loc" xlink:to="bw2-titel9_PayablesBanksNoncurrentDisclosure_loc" order="153.0"/>
    <link:loc xlink:type="locator" xlink:href="https://www.nltaxonomie.nl/jenv/2024-03-31/bw2-titel9-cor.xsd#bw2-titel9_LiabilitiesCurrentDisclosure" xlink:label="bw2-titel9_LiabilitiesCurrentDisclosure_loc"/>
    <link:definitionArc xlink:type="arc" xlink:arcrole="http://xbrl.org/int/dim/arcrole/domain-member" xlink:from="kvk_ItemsInSeparateFinancialStatementsPlaceholder_loc" xlink:to="bw2-titel9_LiabilitiesCurrentDisclosure_loc" order="155.0"/>
    <link:loc xlink:type="locator" xlink:href="https://www.nltaxonomie.nl/jenv/2024-03-31/bw2-titel9-cor.xsd#bw2-titel9_PayablesBanksCurrentDisclosure" xlink:label="bw2-titel9_PayablesBanksCurrentDisclosure_loc"/>
    <link:definitionArc xlink:type="arc" xlink:arcrole="http://xbrl.org/int/dim/arcrole/domain-member" xlink:from="kvk_ItemsInSeparateFinancialStatementsPlaceholder_loc" xlink:to="bw2-titel9_PayablesBanksCurrentDisclosure_loc" order="156.0"/>
    <link:loc xlink:type="locator" xlink:href="https://www.nltaxonomie.nl/jenv/2024-03-31/bw2-titel9-cor.xsd#bw2-titel9_TaxesSocialSecurityContributionsPayableCurrentDisclosure" xlink:label="bw2-titel9_TaxesSocialSecurityContributionsPayableCurrentDisclosure_loc"/>
    <link:definitionArc xlink:type="arc" xlink:arcrole="http://xbrl.org/int/dim/arcrole/domain-member" xlink:from="kvk_ItemsInSeparateFinancialStatementsPlaceholder_loc" xlink:to="bw2-titel9_TaxesSocialSecurityContributionsPayableCurrentDisclosure_loc" order="157.0"/>
    <link:loc xlink:type="locator" xlink:href="https://www.nltaxonomie.nl/jenv/2024-03-31/bw2-titel9-cor.xsd#bw2-titel9_AssetsAndLiabilitiesNotRecognisedInBalanceSheetDisclosure" xlink:label="bw2-titel9_AssetsAndLiabilitiesNotRecognisedInBalanceSheetDisclosure_loc"/>
    <link:definitionArc xlink:type="arc" xlink:arcrole="http://xbrl.org/int/dim/arcrole/domain-member" xlink:from="kvk_ItemsInSeparateFinancialStatementsPlaceholder_loc" xlink:to="bw2-titel9_AssetsAndLiabilitiesNotRecognisedInBalanceSheetDisclosure_loc" order="158.0"/>
    <link:loc xlink:type="locator" xlink:href="https://www.nltaxonomie.nl/jenv/2024-03-31/bw2-titel9-cor.xsd#bw2-titel9_ContingentLiabilitiesDisclosure" xlink:label="bw2-titel9_ContingentLiabilitiesDisclosure_loc"/>
    <link:definitionArc xlink:type="arc" xlink:arcrole="http://xbrl.org/int/dim/arcrole/domain-member" xlink:from="kvk_ItemsInSeparateFinancialStatementsPlaceholder_loc" xlink:to="bw2-titel9_ContingentLiabilitiesDisclosure_loc" order="159.0"/>
    <link:loc xlink:type="locator" xlink:href="https://www.nltaxonomie.nl/jenv/2024-03-31/bw2-titel9-cor.xsd#bw2-titel9_OffBalanceSheetCommitmentsDisclosure" xlink:label="bw2-titel9_OffBalanceSheetCommitmentsDisclosure_loc"/>
    <link:definitionArc xlink:type="arc" xlink:arcrole="http://xbrl.org/int/dim/arcrole/domain-member" xlink:from="kvk_ItemsInSeparateFinancialStatementsPlaceholder_loc" xlink:to="bw2-titel9_OffBalanceSheetCommitmentsDisclosure_loc" order="160.0"/>
    <link:loc xlink:type="locator" xlink:href="https://www.nltaxonomie.nl/rj/2024-03-31/rj-cor.xsd#rj_OffBalanceSheetCommitmentsFiscalUnityDescription" xlink:label="rj_OffBalanceSheetCommitmentsFiscalUnityDescription_loc"/>
    <link:definitionArc xlink:type="arc" xlink:arcrole="http://xbrl.org/int/dim/arcrole/domain-member" xlink:from="kvk_ItemsInSeparateFinancialStatementsPlaceholder_loc" xlink:to="rj_OffBalanceSheetCommitmentsFiscalUnityDescription_loc" order="161.0"/>
    <link:loc xlink:type="locator" xlink:href="dekleinebv-2023-12-31.xsd#klein_NotRecordedLiabilitiesCommittedToDisclosure" xlink:label="klein_NotRecordedLiabilitiesCommittedToDisclosure_loc"/>
    <link:definitionArc xlink:type="arc" xlink:arcrole="http://xbrl.org/int/dim/arcrole/domain-member" xlink:from="kvk_ItemsInSeparateFinancialStatementsPlaceholder_loc" xlink:to="klein_NotRecordedLiabilitiesCommittedToDisclosure_loc" order="162.0"/>
    <link:loc xlink:type="locator" xlink:href="https://www.nltaxonomie.nl/rj/2024-03-31/rj-cor.xsd#rj_PayablesEmployeeBenefitsExpensesDisclosure" xlink:label="rj_PayablesEmployeeBenefitsExpensesDisclosure_loc"/>
    <link:definitionArc xlink:type="arc" xlink:arcrole="http://xbrl.org/int/dim/arcrole/domain-member" xlink:from="kvk_ItemsInSeparateFinancialStatementsPlaceholder_loc" xlink:to="rj_PayablesEmployeeBenefitsExpensesDisclosure_loc" order="163.0"/>
    <link:loc xlink:type="locator" xlink:href="https://www.nltaxonomie.nl/jenv/2024-03-31/bw2-titel9-cor.xsd#bw2-titel9_InterestExpensesRelatedExpensesDisclosure" xlink:label="bw2-titel9_InterestExpensesRelatedExpensesDisclosure_loc"/>
    <link:definitionArc xlink:type="arc" xlink:arcrole="http://xbrl.org/int/dim/arcrole/domain-member" xlink:from="kvk_ItemsInSeparateFinancialStatementsPlaceholder_loc" xlink:to="bw2-titel9_InterestExpensesRelatedExpensesDisclosure_loc" order="164.0"/>
    <link:loc xlink:type="locator" xlink:href="https://www.nltaxonomie.nl/jenv/2024-03-31/bw2-titel9-cor.xsd#bw2-titel9_AverageNumberEmployeesDisclosure" xlink:label="bw2-titel9_AverageNumberEmployeesDisclosure_loc"/>
    <link:definitionArc xlink:type="arc" xlink:arcrole="http://xbrl.org/int/dim/arcrole/domain-member" xlink:from="kvk_ItemsInSeparateFinancialStatementsPlaceholder_loc" xlink:to="bw2-titel9_AverageNumberEmployeesDisclosure_loc" order="165.0"/>
    <link:loc xlink:type="locator" xlink:href="https://www.nltaxonomie.nl/jenv/2024-03-31/bw2-titel9-cor.xsd#bw2-titel9_SubsequentEventsDisclosure" xlink:label="bw2-titel9_SubsequentEventsDisclosure_loc"/>
    <link:definitionArc xlink:type="arc" xlink:arcrole="http://xbrl.org/int/dim/arcrole/domain-member" xlink:from="kvk_ItemsInSeparateFinancialStatementsPlaceholder_loc" xlink:to="bw2-titel9_SubsequentEventsDisclosure_loc" order="166.0"/>
    <link:loc xlink:type="locator" xlink:href="https://www.nltaxonomie.nl/jenv/2024-03-31/bw2-titel9-cor.xsd#bw2-titel9_RetainedEarningsDisclosure" xlink:label="bw2-titel9_RetainedEarningsDisclosure_loc"/>
    <link:definitionArc xlink:type="arc" xlink:arcrole="http://xbrl.org/int/dim/arcrole/domain-member" xlink:from="kvk_ItemsInSeparateFinancialStatementsPlaceholder_loc" xlink:to="bw2-titel9_RetainedEarningsDisclosure_loc" order="167.0"/>
    <link:loc xlink:type="locator" xlink:href="https://www.nltaxonomie.nl/rj/2024-03-31/rj-cor.xsd#rj_ExceptionalItemsDisclosure" xlink:label="rj_ExceptionalItemsDisclosure_loc"/>
    <link:definitionArc xlink:type="arc" xlink:arcrole="http://xbrl.org/int/dim/arcrole/domain-member" xlink:from="kvk_ItemsInSeparateFinancialStatementsPlaceholder_loc" xlink:to="rj_ExceptionalItemsDisclosure_loc" order="168.0"/>
    <link:loc xlink:type="locator" xlink:href="https://www.nltaxonomie.nl/jenv/2024-03-31/bw2-titel9-cor.xsd#bw2-titel9_LandAndBuildingsPolicy" xlink:label="bw2-titel9_LandAndBuildingsPolicy_loc"/>
    <link:definitionArc xlink:type="arc" xlink:arcrole="http://xbrl.org/int/dim/arcrole/domain-member" xlink:from="kvk_ItemsInSeparateFinancialStatementsPlaceholder_loc" xlink:to="bw2-titel9_LandAndBuildingsPolicy_loc" order="87.0"/>
    <link:loc xlink:type="locator" xlink:href="https://www.nltaxonomie.nl/jenv/2024-03-31/bw2-titel9-cor.xsd#bw2-titel9_TangibleAssetsOtherPolicy" xlink:label="bw2-titel9_TangibleAssetsOtherPolicy_loc"/>
    <link:definitionArc xlink:type="arc" xlink:arcrole="http://xbrl.org/int/dim/arcrole/domain-member" xlink:from="kvk_ItemsInSeparateFinancialStatementsPlaceholder_loc" xlink:to="bw2-titel9_TangibleAssetsOtherPolicy_loc" order="88.0"/>
  </link:definitionLink>
  <link:definitionLink xlink:type="extended" xlink:role="https://www.dekleinebv.nl/role/Anchoring">
    <link:loc xlink:type="locator" xlink:href="dekleinebv-2023-12-31.xsd#klein_ReceivablesOtherAccruedIncome" xlink:label="klein_ReceivablesOtherAccruedIncome_loc"/>
    <link:loc xlink:type="locator" xlink:href="https://www.nltaxonomie.nl/jenv/2024-03-31/bw2-titel9-cor.xsd#bw2-titel9_ReceivablesOther" xlink:label="bw2-titel9_ReceivablesOther_loc"/>
    <link:definitionArc xlink:type="arc" xlink:arcrole="http://www.esma.europa.eu/xbrl/esef/arcrole/wider-narrower" xlink:from="klein_ReceivablesOtherAccruedIncome_loc" xlink:to="bw2-titel9_ReceivablesOther_loc" order="1.0"/>
    <link:loc xlink:type="locator" xlink:href="https://www.nltaxonomie.nl/jenv/2024-03-31/bw2-titel9-cor.xsd#bw2-titel9_AccruedIncome" xlink:label="bw2-titel9_AccruedIncome_loc"/>
    <link:definitionArc xlink:type="arc" xlink:arcrole="http://www.esma.europa.eu/xbrl/esef/arcrole/wider-narrower" xlink:from="klein_ReceivablesOtherAccruedIncome_loc" xlink:to="bw2-titel9_AccruedIncome_loc" order="2.0"/>
    <link:loc xlink:type="locator" xlink:href="dekleinebv-2023-12-31.xsd#klein_PayablesOtherAccrualsAndDeferredIncomeCurrent" xlink:label="klein_PayablesOtheAccrualsAndDeferredIncomeCurrent_loc"/>
    <link:loc xlink:type="locator" xlink:href="https://www.nltaxonomie.nl/jenv/2024-03-31/bw2-titel9-cor.xsd#bw2-titel9_PayablesOtherCurrent" xlink:label="bw2-titel9_PayablesOtherCurrent_loc"/>
    <link:definitionArc xlink:type="arc" xlink:arcrole="http://www.esma.europa.eu/xbrl/esef/arcrole/wider-narrower" xlink:from="klein_PayablesOtheAccrualsAndDeferredIncomeCurrent_loc" xlink:to="bw2-titel9_PayablesOtherCurrent_loc" order="1.0"/>
    <link:loc xlink:type="locator" xlink:href="https://www.nltaxonomie.nl/jenv/2024-03-31/bw2-titel9-cor.xsd#bw2-titel9_AccrualsAndDeferredIncomeCurrent" xlink:label="bw2-titel9_AccrualsAndDeferredIncomeCurrent_loc"/>
    <link:definitionArc xlink:type="arc" xlink:arcrole="http://www.esma.europa.eu/xbrl/esef/arcrole/wider-narrower" xlink:from="klein_PayablesOtheAccrualsAndDeferredIncomeCurrent_loc" xlink:to="bw2-titel9_AccrualsAndDeferredIncomeCurrent_loc" order="2.0"/>
    <link:loc xlink:type="locator" xlink:href="dekleinebv-2023-12-31.xsd#klein_InvestmentsInParticipatingInterestsPolicy" xlink:label="klein_InvestmentsInParticipatingInterestsPolicy_loc"/>
    <link:loc xlink:type="locator" xlink:href="https://www.nltaxonomie.nl/jenv/2024-03-31/bw2-titel9-cor.xsd#bw2-titel9_InvestmentsInParticipatingInterestsInGroupCompaniesPolicy" xlink:label="bw2-titel9_InvestmentsInParticipatingInterestsInGroupCompaniesPolicy_loc"/>
    <link:definitionArc xlink:type="arc" xlink:arcrole="http://www.esma.europa.eu/xbrl/esef/arcrole/wider-narrower" xlink:from="klein_InvestmentsInParticipatingInterestsPolicy_loc" xlink:to="bw2-titel9_InvestmentsInParticipatingInterestsInGroupCompaniesPolicy_loc" order="1.0"/>
    <link:loc xlink:type="locator" xlink:href="dekleinebv-2023-12-31.xsd#klein_ProjectIncomeProjectCostPolicy" xlink:label="klein_ProjectIncomeProjectCostPolicy_loc"/>
    <link:loc xlink:type="locator" xlink:href="https://www.nltaxonomie.nl/jenv/2024-03-31/bw2-titel9-cor.xsd#bw2-titel9_ProjectIncomePolicy" xlink:label="bw2-titel9_ProjectIncomePolicy_loc"/>
    <link:definitionArc xlink:type="arc" xlink:arcrole="http://www.esma.europa.eu/xbrl/esef/arcrole/wider-narrower" xlink:from="klein_ProjectIncomeProjectCostPolicy_loc" xlink:to="bw2-titel9_ProjectIncomePolicy_loc" order="1.0"/>
    <link:loc xlink:type="locator" xlink:href="https://www.nltaxonomie.nl/rj/2024-03-31/rj-cor.xsd#rj_FinancialIncomeExpensesPolicy" xlink:label="rj_FinancialIncomeExpensesPolicy_loc"/>
    <link:loc xlink:type="locator" xlink:href="dekleinebv-2023-12-31.xsd#klein_InterestIncomeInterestExpensesPolicy" xlink:label="klein_InterestIncomeInterestExpensesPolicy_loc"/>
    <link:definitionArc xlink:type="arc" xlink:arcrole="http://www.esma.europa.eu/xbrl/esef/arcrole/wider-narrower" xlink:from="rj_FinancialIncomeExpensesPolicy_loc" xlink:to="klein_InterestIncomeInterestExpensesPolicy_loc" order="4.0"/>
    <link:loc xlink:type="locator" xlink:href="dekleinebv-2023-12-31.xsd#klein_DividendsPolicy" xlink:label="klein_DividendsPolicy_loc"/>
    <link:definitionArc xlink:type="arc" xlink:arcrole="http://www.esma.europa.eu/xbrl/esef/arcrole/wider-narrower" xlink:from="rj_FinancialIncomeExpensesPolicy_loc" xlink:to="klein_DividendsPolicy_loc" order="1.0"/>
    <link:loc xlink:type="locator" xlink:href="dekleinebv-2023-12-31.xsd#klein_ChangesValueFinancialInstrumentsValuedFairValuePolicy" xlink:label="klein_ChangesValueFinancialInstrumentsValuedFairValuePolicy_loc"/>
    <link:definitionArc xlink:type="arc" xlink:arcrole="http://www.esma.europa.eu/xbrl/esef/arcrole/wider-narrower" xlink:from="rj_FinancialIncomeExpensesPolicy_loc" xlink:to="klein_ChangesValueFinancialInstrumentsValuedFairValuePolicy_loc" order="2.0"/>
    <link:loc xlink:type="locator" xlink:href="dekleinebv-2023-12-31.xsd#klein_InterestExpensesInterestCapitalisedDuringPeriodPolicy" xlink:label="klein_InterestExpensesInterestCapitalisedDuringPeriodPolicy_loc"/>
    <link:definitionArc xlink:type="arc" xlink:arcrole="http://www.esma.europa.eu/xbrl/esef/arcrole/wider-narrower" xlink:from="rj_FinancialIncomeExpensesPolicy_loc" xlink:to="klein_InterestExpensesInterestCapitalisedDuringPeriodPolicy_loc" order="3.0"/>
    <link:loc xlink:type="locator" xlink:href="dekleinebv-2023-12-31.xsd#klein_ReceivablesOtherAccruedIncomeDisclosure" xlink:label="klein_ReceivablesOtherAccruedIncomeDisclosure_loc"/>
    <link:loc xlink:type="locator" xlink:href="https://www.nltaxonomie.nl/jenv/2024-03-31/bw2-titel9-cor.xsd#bw2-titel9_AccruedIncomeDisclosure" xlink:label="bw2-titel9_AccruedIncomeDisclosure_loc"/>
    <link:definitionArc xlink:type="arc" xlink:arcrole="http://www.esma.europa.eu/xbrl/esef/arcrole/wider-narrower" xlink:from="klein_ReceivablesOtherAccruedIncomeDisclosure_loc" xlink:to="bw2-titel9_AccruedIncomeDisclosure_loc" order="1.0"/>
    <link:loc xlink:type="locator" xlink:href="https://www.nltaxonomie.nl/jenv/2024-03-31/bw2-titel9-cor.xsd#bw2-titel9_ReceivablesOtherDisclosure" xlink:label="bw2-titel9_ReceivablesOtherDisclosure_loc"/>
    <link:definitionArc xlink:type="arc" xlink:arcrole="http://www.esma.europa.eu/xbrl/esef/arcrole/wider-narrower" xlink:from="klein_ReceivablesOtherAccruedIncomeDisclosure_loc" xlink:to="bw2-titel9_ReceivablesOtherDisclosure_loc" order="2.0"/>
    <link:loc xlink:type="locator" xlink:href="https://www.nltaxonomie.nl/jenv/2024-03-31/bw2-titel9-cor.xsd#bw2-titel9_RevaluationReserveMovement" xlink:label="bw2-titel9_RevaluationReserveMovement_loc"/>
    <link:loc xlink:type="locator" xlink:href="dekleinebv-2023-12-31.xsd#klein_RevaluationReserveRevaluationsChangesValueFinancialInstruments" xlink:label="klein_RevaluationReserveRevaluationsChangesValueFinancialInstruments_loc"/>
    <link:definitionArc xlink:type="arc" xlink:arcrole="http://www.esma.europa.eu/xbrl/esef/arcrole/wider-narrower" xlink:from="bw2-titel9_RevaluationReserveMovement_loc" xlink:to="klein_RevaluationReserveRevaluationsChangesValueFinancialInstruments_loc" order="1.0"/>
    <link:loc xlink:type="locator" xlink:href="dekleinebv-2023-12-31.xsd#klein_RevaluationReserveRevaluationsChangesValueHedgeInstrument" xlink:label="klein_RevaluationReserveRevaluationsChangesValueHedgeInstrument_loc"/>
    <link:definitionArc xlink:type="arc" xlink:arcrole="http://www.esma.europa.eu/xbrl/esef/arcrole/wider-narrower" xlink:from="bw2-titel9_RevaluationReserveMovement_loc" xlink:to="klein_RevaluationReserveRevaluationsChangesValueHedgeInstrument_loc" order="2.0"/>
  </link:definitionLink>
  <link:definitionLink xlink:type="extended" xlink:role="https://www.dekleinebv.nl/role/RevaluationReserveStatementOfChanges">
    <link:loc xlink:type="locator" xlink:href="https://www.nltaxonomie.nl/jenv/2024-03-31/bw2-titel9-cor.xsd#bw2-titel9_RevaluationReserveStatementOfChangesLineItems" xlink:label="bw2-titel9_RevaluationReserveStatementOfChangesLineItems_loc"/>
    <link:loc xlink:type="locator" xlink:href="https://www.nltaxonomie.nl/jenv/2024-03-31/bw2-titel9-cor.xsd#bw2-titel9_RevaluationReserve" xlink:label="bw2-titel9_RevaluationReserve_loc"/>
    <link:definitionArc xlink:type="arc" xlink:arcrole="http://xbrl.org/int/dim/arcrole/domain-member" xlink:from="bw2-titel9_RevaluationReserveStatementOfChangesLineItems_loc" xlink:to="bw2-titel9_RevaluationReserve_loc" order="1.0"/>
    <link:loc xlink:type="locator" xlink:href="https://www.nltaxonomie.nl/rj/2024-03-31/rj-cor.xsd#rj_RevaluationReserveRealisedRevaluationsThroughIncomeStatement" xlink:label="rj_RevaluationReserveRealisedRevaluationsThroughIncomeStatement_loc"/>
    <link:definitionArc xlink:type="arc" xlink:arcrole="http://xbrl.org/int/dim/arcrole/domain-member" xlink:from="bw2-titel9_RevaluationReserveStatementOfChangesLineItems_loc" xlink:to="rj_RevaluationReserveRealisedRevaluationsThroughIncomeStatement_loc" order="2.0"/>
    <link:loc xlink:type="locator" xlink:href="https://www.nltaxonomie.nl/rj/2024-03-31/rj-cor.xsd#rj_RevaluationReserveRealisedRevaluationsThroughOtherReserves" xlink:label="rj_RevaluationReserveRealisedRevaluationsThroughOtherReserves_loc"/>
    <link:definitionArc xlink:type="arc" xlink:arcrole="http://xbrl.org/int/dim/arcrole/domain-member" xlink:from="bw2-titel9_RevaluationReserveStatementOfChangesLineItems_loc" xlink:to="rj_RevaluationReserveRealisedRevaluationsThroughOtherReserves_loc" order="3.0"/>
    <link:loc xlink:type="locator" xlink:href="https://www.nltaxonomie.nl/rj/2024-03-31/rj-cor.xsd#rj_RevaluationReserveRevaluationsThroughHedgedAssetsLiabilities" xlink:label="rj_RevaluationReserveRevaluationsThroughHedgedAssetsLiabilities_loc"/>
    <link:definitionArc xlink:type="arc" xlink:arcrole="http://xbrl.org/int/dim/arcrole/domain-member" xlink:from="bw2-titel9_RevaluationReserveStatementOfChangesLineItems_loc" xlink:to="rj_RevaluationReserveRevaluationsThroughHedgedAssetsLiabilities_loc" order="4.0"/>
    <link:loc xlink:type="locator" xlink:href="https://www.nltaxonomie.nl/jenv/2024-03-31/bw2-titel9-cor.xsd#bw2-titel9_RevaluationReserveRevaluationsTaxImpact" xlink:label="bw2-titel9_RevaluationReserveRevaluationsTaxImpact_loc"/>
    <link:definitionArc xlink:type="arc" xlink:arcrole="http://xbrl.org/int/dim/arcrole/domain-member" xlink:from="bw2-titel9_RevaluationReserveStatementOfChangesLineItems_loc" xlink:to="bw2-titel9_RevaluationReserveRevaluationsTaxImpact_loc" order="5.0"/>
    <link:loc xlink:type="locator" xlink:href="https://www.nltaxonomie.nl/rj/2024-03-31/rj-cor.xsd#rj_RevaluationReserveRevaluationsThroughOtherReserves" xlink:label="rj_RevaluationReserveRevaluationsThroughOtherReserves_loc"/>
    <link:definitionArc xlink:type="arc" xlink:arcrole="http://xbrl.org/int/dim/arcrole/domain-member" xlink:from="bw2-titel9_RevaluationReserveStatementOfChangesLineItems_loc" xlink:to="rj_RevaluationReserveRevaluationsThroughOtherReserves_loc" order="6.0"/>
    <link:loc xlink:type="locator" xlink:href="dekleinebv-2023-12-31.xsd#klein_RevaluationReserveRevaluationsChangesValueFinancialInstruments" xlink:label="klein_RevaluationReserveRevaluationsChangesValueFinancialInstruments_loc"/>
    <link:definitionArc xlink:type="arc" xlink:arcrole="http://xbrl.org/int/dim/arcrole/domain-member" xlink:from="bw2-titel9_RevaluationReserveStatementOfChangesLineItems_loc" xlink:to="klein_RevaluationReserveRevaluationsChangesValueFinancialInstruments_loc" order="7.0"/>
    <link:loc xlink:type="locator" xlink:href="dekleinebv-2023-12-31.xsd#klein_RevaluationReserveRevaluationsChangesValueHedgeInstrument" xlink:label="klein_RevaluationReserveRevaluationsChangesValueHedgeInstrument_loc"/>
    <link:definitionArc xlink:type="arc" xlink:arcrole="http://xbrl.org/int/dim/arcrole/domain-member" xlink:from="bw2-titel9_RevaluationReserveStatementOfChangesLineItems_loc" xlink:to="klein_RevaluationReserveRevaluationsChangesValueHedgeInstrument_loc" order="8.0"/>
    <link:loc xlink:type="locator" xlink:href="https://www.nltaxonomie.nl/jenv/2024-03-31/bw2-titel9-cor.xsd#bw2-titel9_RevaluationReserveStatementOfChangesTable" xlink:label="bw2-titel9_RevaluationReserveStatementOfChangesTable_loc"/>
    <link:definitionArc xlink:type="arc" xlink:arcrole="http://xbrl.org/int/dim/arcrole/all" xlink:from="bw2-titel9_RevaluationReserveStatementOfChangesLineItems_loc" xlink:to="bw2-titel9_RevaluationReserveStatementOfChangesTable_loc" order="10.0" xbrldt:contextElement="scenario"/>
    <link:loc xlink:type="locator" xlink:href="https://www.nltaxonomie.nl/jenv/2024-03-31/bw2-titel9-cor.xsd#bw2-titel9_ClassesOfEquityAxis" xlink:label="bw2-titel9_ClassesOfEquityAxis_loc"/>
    <link:definitionArc xlink:type="arc" xlink:arcrole="http://xbrl.org/int/dim/arcrole/hypercube-dimension" xlink:from="bw2-titel9_RevaluationReserveStatementOfChangesTable_loc" xlink:to="bw2-titel9_ClassesOfEquityAxis_loc" order="1.0"/>
    <link:loc xlink:type="locator" xlink:href="https://www.nltaxonomie.nl/jenv/2024-03-31/bw2-titel9-cor.xsd#bw2-titel9_RevaluationReserveMember" xlink:label="bw2-titel9_RevaluationReserveMember_loc"/>
    <link:definitionArc xlink:type="arc" xlink:arcrole="http://xbrl.org/int/dim/arcrole/dimension-domain" xlink:from="bw2-titel9_ClassesOfEquityAxis_loc" xlink:to="bw2-titel9_RevaluationReserveMember_loc" order="1.0"/>
  </link:definitionLink>
  <link:definitionLink xlink:type="extended" xlink:role="https://www.nltaxonomie.nl/kvk/role/items-dimensional">
    <link:loc xlink:type="locator" xlink:href="https://www.nltaxonomie.nl/kvk/2024-03-31/kvk-cor.xsd#kvk_NullItems" xlink:label="kvk_NullItems_loc"/>
    <link:loc xlink:type="locator" xlink:href="https://www.nltaxonomie.nl/rj/2024-03-31/rj-cor.xsd#rj_ProvisionRestructuringPolicy" xlink:label="rj_ProvisionRestructuringPolicy_loc"/>
    <link:definitionArc xlink:type="arc" xlink:arcrole="http://xbrl.org/int/dim/arcrole/domain-member" xlink:from="kvk_NullItems_loc" xlink:to="rj_ProvisionRestructuringPolicy_loc" use="prohibited" priority="1" order="3873.0"/>
    <link:loc xlink:type="locator" xlink:href="https://www.nltaxonomie.nl/rj/2024-03-31/rj-cor.xsd#rj_ProvisionWarrantyPolicy" xlink:label="rj_ProvisionWarrantyPolicy_loc"/>
    <link:definitionArc xlink:type="arc" xlink:arcrole="http://xbrl.org/int/dim/arcrole/domain-member" xlink:from="kvk_NullItems_loc" xlink:to="rj_ProvisionWarrantyPolicy_loc" use="prohibited" priority="1" order="3880.0"/>
  </link:definitionLink>
</link:linkbase>
