<?xml version="1.0" encoding="UTF-8"?>
<!-- Generated by Fujitsu Interstage XWand B0255 -->
<link:linkbase xmlns:xsi="http://www.w3.org/2001/XMLSchema-instance" xsi:schemaLocation="http://www.xbrl.org/2003/linkbase http://www.xbrl.org/2003/xbrl-linkbase-2003-12-31.xsd" xmlns:link="http://www.xbrl.org/2003/linkbase" xmlns:xlink="http://www.w3.org/1999/xlink" xmlns:xbrli="http://www.xbrl.org/2003/instance">
  <link:labelLink xlink:type="extended" xlink:role="http://www.xbrl.org/2003/role/link">
    <link:loc xlink:type="locator" xlink:href="dekleinebv-2023-12-31.xsd#klein_ReceivablesOtherAccruedIncome" xlink:label="klein_OtherReceivablesAccruedIncome_loc"/>
    <link:label xlink:type="resource" xlink:label="klein_OtherReceivablesAccruedIncome_label_nl" xlink:role="http://www.xbrl.org/2003/role/label" xml:lang="nl">Overige vorderingen en overlopende activa</link:label>
    <link:labelArc xlink:type="arc" xlink:arcrole="http://www.xbrl.org/2003/arcrole/concept-label" xlink:from="klein_OtherReceivablesAccruedIncome_loc" xlink:to="klein_OtherReceivablesAccruedIncome_label_nl"/>
    <link:label xlink:type="resource" xlink:label="klein_ReceivablesOtherAccruedIncome_label_en" xlink:role="http://www.xbrl.org/2003/role/label" xml:lang="en">Other receivables and accrued income</link:label>
    <link:labelArc xlink:type="arc" xlink:arcrole="http://www.xbrl.org/2003/arcrole/concept-label" xlink:from="klein_OtherReceivablesAccruedIncome_loc" xlink:to="klein_ReceivablesOtherAccruedIncome_label_en"/>
    <link:loc xlink:type="locator" xlink:href="dekleinebv-2023-12-31.xsd#klein_PayablesOtherAccrualsAndDeferredIncomeCurrent" xlink:label="klein_PayablesOtheAccrualsAndDeferredIncomeCurrent_loc"/>
    <link:label xlink:type="resource" xlink:label="klein_PayablesOtheAccrualsAndDeferredIncomeCurrent_label_nl" xlink:role="http://www.xbrl.org/2003/role/label" xml:lang="nl">Overige schulden en overlopende passiva</link:label>
    <link:labelArc xlink:type="arc" xlink:arcrole="http://www.xbrl.org/2003/arcrole/concept-label" xlink:from="klein_PayablesOtheAccrualsAndDeferredIncomeCurrent_loc" xlink:to="klein_PayablesOtheAccrualsAndDeferredIncomeCurrent_label_nl"/>
    <link:label xlink:type="resource" xlink:label="klein_PayablesOtherAccrualsAndDeferredIncomeCurrent_label_en" xlink:role="http://www.xbrl.org/2003/role/label" xml:lang="en">Other payables, accruals and deferred income</link:label>
    <link:labelArc xlink:type="arc" xlink:arcrole="http://www.xbrl.org/2003/arcrole/concept-label" xlink:from="klein_PayablesOtheAccrualsAndDeferredIncomeCurrent_loc" xlink:to="klein_PayablesOtherAccrualsAndDeferredIncomeCurrent_label_en"/>
    <link:loc xlink:type="locator" xlink:href="dekleinebv-2023-12-31.xsd#klein_RevaluationReserveRevaluationsChangesValueFinancialInstruments" xlink:label="klein_RevaluationReserveRevaluationsChangesValueFinancialInstruments_loc"/>
    <link:label xlink:type="resource" xlink:label="klein_RevaluationReserveRevaluationsChangesValueFinancialInstruments_label_en" xlink:role="http://www.xbrl.org/2003/role/label" xml:lang="en">Movement of revaluation reserve as a result of changes in value financial instruments</link:label>
    <link:labelArc xlink:type="arc" xlink:arcrole="http://www.xbrl.org/2003/arcrole/concept-label" xlink:from="klein_RevaluationReserveRevaluationsChangesValueFinancialInstruments_loc" xlink:to="klein_RevaluationReserveRevaluationsChangesValueFinancialInstruments_label_en"/>
    <link:label xlink:type="resource" xlink:label="klein_RevaluationReserveRevaluationsChangesValueFinancialInstruments_label_nl" xlink:role="http://www.xbrl.org/2003/role/label" xml:lang="nl">Mutatie in herwaarderingsreserve als gevolg van gevormde herwaarderingen wijzigingen waardering financiële instrumenten</link:label>
    <link:labelArc xlink:type="arc" xlink:arcrole="http://www.xbrl.org/2003/arcrole/concept-label" xlink:from="klein_RevaluationReserveRevaluationsChangesValueFinancialInstruments_loc" xlink:to="klein_RevaluationReserveRevaluationsChangesValueFinancialInstruments_label_nl"/>
    <link:loc xlink:type="locator" xlink:href="dekleinebv-2023-12-31.xsd#klein_RevaluationReserveRevaluationsChangesValueHedgeInstrument" xlink:label="klein_RevaluationReserveRevaluationsChangesValueHedgeInstrument_loc"/>
    <link:label xlink:type="resource" xlink:label="klein_RevaluationReserveRevaluationsChangesValueHedgeInstrument_label_en" xlink:role="http://www.xbrl.org/2003/role/label" xml:lang="en">Movement of revaluation reserve as a result of changes in value hedge instrument</link:label>
    <link:labelArc xlink:type="arc" xlink:arcrole="http://www.xbrl.org/2003/arcrole/concept-label" xlink:from="klein_RevaluationReserveRevaluationsChangesValueHedgeInstrument_loc" xlink:to="klein_RevaluationReserveRevaluationsChangesValueHedgeInstrument_label_en"/>
    <link:label xlink:type="resource" xlink:label="klein_RevaluationReserveRevaluationsChangesValueHedgeInstrument_label_nl" xlink:role="http://www.xbrl.org/2003/role/label" xml:lang="nl">Mutatie in herwaarderingsreserve als gevolg van gevormde herwaarderingen wijzigingen waardering afdekkingsinstrument</link:label>
    <link:labelArc xlink:type="arc" xlink:arcrole="http://www.xbrl.org/2003/arcrole/concept-label" xlink:from="klein_RevaluationReserveRevaluationsChangesValueHedgeInstrument_loc" xlink:to="klein_RevaluationReserveRevaluationsChangesValueHedgeInstrument_label_nl"/>
    <link:loc xlink:type="locator" xlink:href="dekleinebv-2023-12-31.xsd#klein_ProjectIncomeProjectCostPolicy" xlink:label="klein_ProjectIncomeProjectCostPolicy_loc"/>
    <link:label xlink:type="resource" xlink:label="klein_ProjectIncomeProjectCostPolicy_label_nl" xlink:role="http://www.xbrl.org/2003/role/label" xml:lang="nl">Grondslag van projectopbrengsten en projectkosten</link:label>
    <link:labelArc xlink:type="arc" xlink:arcrole="http://www.xbrl.org/2003/arcrole/concept-label" xlink:from="klein_ProjectIncomeProjectCostPolicy_loc" xlink:to="klein_ProjectIncomeProjectCostPolicy_label_nl"/>
    <link:label xlink:type="resource" xlink:label="klein_ProjectIncomeProjectCostPolicy_label_en" xlink:role="http://www.xbrl.org/2003/role/label" xml:lang="en">Policy of project income and project cost</link:label>
    <link:labelArc xlink:type="arc" xlink:arcrole="http://www.xbrl.org/2003/arcrole/concept-label" xlink:from="klein_ProjectIncomeProjectCostPolicy_loc" xlink:to="klein_ProjectIncomeProjectCostPolicy_label_en"/>
    <link:loc xlink:type="locator" xlink:href="dekleinebv-2023-12-31.xsd#klein_InterestIncomeInterestExpensesPolicy" xlink:label="klein_InterestIncomeRelatedIncomePolicy_loc"/>
    <link:label xlink:type="resource" xlink:label="klein_InterestIncomeRelatedIncomePolicy_label_en" xlink:role="http://www.xbrl.org/2003/role/label" xml:lang="en">Policy of interest income and interest expenses</link:label>
    <link:labelArc xlink:type="arc" xlink:arcrole="http://www.xbrl.org/2003/arcrole/concept-label" xlink:from="klein_InterestIncomeRelatedIncomePolicy_loc" xlink:to="klein_InterestIncomeRelatedIncomePolicy_label_en"/>
    <link:label xlink:type="resource" xlink:label="klein_InterestIncomeRelatedIncomePolicy_label_nl" xlink:role="http://www.xbrl.org/2003/role/label" xml:lang="nl">Grondslag van rentebaten en rentelasten</link:label>
    <link:labelArc xlink:type="arc" xlink:arcrole="http://www.xbrl.org/2003/arcrole/concept-label" xlink:from="klein_InterestIncomeRelatedIncomePolicy_loc" xlink:to="klein_InterestIncomeRelatedIncomePolicy_label_nl"/>
    <link:loc xlink:type="locator" xlink:href="dekleinebv-2023-12-31.xsd#klein_DividendsPolicy" xlink:label="klein_DividendsPolicy_loc"/>
    <link:label xlink:type="resource" xlink:label="klein_DividendsPolicy_label_nl" xlink:role="http://www.xbrl.org/2003/role/label" xml:lang="nl">Grondslag van dividenden</link:label>
    <link:labelArc xlink:type="arc" xlink:arcrole="http://www.xbrl.org/2003/arcrole/concept-label" xlink:from="klein_DividendsPolicy_loc" xlink:to="klein_DividendsPolicy_label_nl"/>
    <link:label xlink:type="resource" xlink:label="klein_DividendsPolicy_label_en" xlink:role="http://www.xbrl.org/2003/role/label" xml:lang="en">Policy of dividends</link:label>
    <link:labelArc xlink:type="arc" xlink:arcrole="http://www.xbrl.org/2003/arcrole/concept-label" xlink:from="klein_DividendsPolicy_loc" xlink:to="klein_DividendsPolicy_label_en"/>
    <link:loc xlink:type="locator" xlink:href="dekleinebv-2023-12-31.xsd#klein_ChangesValueFinancialInstrumentsValuedFairValuePolicy" xlink:label="klein_ChangesValueFinancialInstrumentsValuedFairValuePolicy_loc"/>
    <link:label xlink:type="resource" xlink:label="klein_ChangesValueFinancialInstrumentsValuedFairValuePolicy_label_en" xlink:role="http://www.xbrl.org/2003/role/label" xml:lang="en">Policy of changes in value of financial instruments valued at fair value</link:label>
    <link:labelArc xlink:type="arc" xlink:arcrole="http://www.xbrl.org/2003/arcrole/concept-label" xlink:from="klein_ChangesValueFinancialInstrumentsValuedFairValuePolicy_loc" xlink:to="klein_ChangesValueFinancialInstrumentsValuedFairValuePolicy_label_en"/>
    <link:label xlink:type="resource" xlink:label="klein_ChangesValueFinancialInstrumentsValuedFairValuePolicy_label_nl" xlink:role="http://www.xbrl.org/2003/role/label" xml:lang="nl">Grondslag van waardeveranderingen financiële instrumenten gewaardeerd tegen reële waarde</link:label>
    <link:labelArc xlink:type="arc" xlink:arcrole="http://www.xbrl.org/2003/arcrole/concept-label" xlink:from="klein_ChangesValueFinancialInstrumentsValuedFairValuePolicy_loc" xlink:to="klein_ChangesValueFinancialInstrumentsValuedFairValuePolicy_label_nl"/>
    <link:loc xlink:type="locator" xlink:href="dekleinebv-2023-12-31.xsd#klein_InterestExpensesInterestCapitalisedDuringPeriodPolicy" xlink:label="klein_InterestExpensesInterestCapitalisedDuringPeriodPolicy_loc"/>
    <link:label xlink:type="resource" xlink:label="klein_InterestExpensesInterestCapitalisedDuringPeriodPolicy_label_nl" xlink:role="http://www.xbrl.org/2003/role/label" xml:lang="nl">Grondslag van geactiveerde rentelasten gedurende de periode</link:label>
    <link:labelArc xlink:type="arc" xlink:arcrole="http://www.xbrl.org/2003/arcrole/concept-label" xlink:from="klein_InterestExpensesInterestCapitalisedDuringPeriodPolicy_loc" xlink:to="klein_InterestExpensesInterestCapitalisedDuringPeriodPolicy_label_nl"/>
    <link:label xlink:type="resource" xlink:label="klein_InterestExpensesInterestCapitalisedDuringPeriodPolicy_label_en" xlink:role="http://www.xbrl.org/2003/role/label" xml:lang="en">Policy of interest expenses capitalised during the period</link:label>
    <link:labelArc xlink:type="arc" xlink:arcrole="http://www.xbrl.org/2003/arcrole/concept-label" xlink:from="klein_InterestExpensesInterestCapitalisedDuringPeriodPolicy_loc" xlink:to="klein_InterestExpensesInterestCapitalisedDuringPeriodPolicy_label_en"/>
    <link:loc xlink:type="locator" xlink:href="dekleinebv-2023-12-31.xsd#klein_ReceivablesOtherAccruedIncomeDisclosure" xlink:label="klein_ReceivablesOtherAccruedIncomeDisclosure_loc"/>
    <link:label xlink:type="resource" xlink:label="klein_ReceivablesOtherAccruedIncomeDisclosure_label_nl" xlink:role="http://www.xbrl.org/2003/role/label" xml:lang="nl">Informatieverschaffing over overige vorderingen en overlopende activa</link:label>
    <link:labelArc xlink:type="arc" xlink:arcrole="http://www.xbrl.org/2003/arcrole/concept-label" xlink:from="klein_ReceivablesOtherAccruedIncomeDisclosure_loc" xlink:to="klein_ReceivablesOtherAccruedIncomeDisclosure_label_nl"/>
    <link:label xlink:type="resource" xlink:label="klein_ReceivablesOtherAccruedIncomeDisclosure_label_en" xlink:role="http://www.xbrl.org/2003/role/label" xml:lang="en">Disclosure of other receivables and accrued income</link:label>
    <link:labelArc xlink:type="arc" xlink:arcrole="http://www.xbrl.org/2003/arcrole/concept-label" xlink:from="klein_ReceivablesOtherAccruedIncomeDisclosure_loc" xlink:to="klein_ReceivablesOtherAccruedIncomeDisclosure_label_en"/>
    <link:loc xlink:type="locator" xlink:href="dekleinebv-2023-12-31.xsd#klein_InvestmentsInParticipatingInterestsPolicy" xlink:label="klein_InvestmentsInParticipatingInterestsPolicy_loc"/>
    <link:label xlink:type="resource" xlink:label="klein_InvestmentsInParticipatingInterestsPolicy_label_nl" xlink:role="http://www.xbrl.org/2003/role/label" xml:lang="nl">Grondslag van deelnemingen</link:label>
    <link:labelArc xlink:type="arc" xlink:arcrole="http://www.xbrl.org/2003/arcrole/concept-label" xlink:from="klein_InvestmentsInParticipatingInterestsPolicy_loc" xlink:to="klein_InvestmentsInParticipatingInterestsPolicy_label_nl"/>
    <link:label xlink:type="resource" xlink:label="klein_InvestmentsInParticipatingInterestsPolicy_label_en" xlink:role="http://www.xbrl.org/2003/role/label" xml:lang="en">Policy of investments in participating interests</link:label>
    <link:labelArc xlink:type="arc" xlink:arcrole="http://www.xbrl.org/2003/arcrole/concept-label" xlink:from="klein_InvestmentsInParticipatingInterestsPolicy_loc" xlink:to="klein_InvestmentsInParticipatingInterestsPolicy_label_en"/>
    <link:loc xlink:type="locator" xlink:href="dekleinebv-2023-12-31.xsd#klein_NotRecordedLiabilitiesCommittedToDisclosure" xlink:label="klein_NotRecordedLiabilitiesCommittedToDisclosure_loc"/>
    <link:label xlink:type="resource" xlink:label="klein_NotRecordedLiabilitiesCommittedToDisclosure_label_nl" xlink:role="http://www.xbrl.org/2003/role/label" xml:lang="nl">Informatieverschaffing over niet verwerkte verplichtingen waartoe de rechtspersoon zich heeft verbonden</link:label>
    <link:labelArc xlink:type="arc" xlink:arcrole="http://www.xbrl.org/2003/arcrole/concept-label" xlink:from="klein_NotRecordedLiabilitiesCommittedToDisclosure_loc" xlink:to="klein_NotRecordedLiabilitiesCommittedToDisclosure_label_nl"/>
    <link:label xlink:type="resource" xlink:label="klein_NotRecordedLiabilitiesCommittedToDisclosure_label_en" xlink:role="http://www.xbrl.org/2003/role/label" xml:lang="en">Disclosure of not recorded liabilities to which the legal entity committed</link:label>
    <link:labelArc xlink:type="arc" xlink:arcrole="http://www.xbrl.org/2003/arcrole/concept-label" xlink:from="klein_NotRecordedLiabilitiesCommittedToDisclosure_loc" xlink:to="klein_NotRecordedLiabilitiesCommittedToDisclosure_label_en"/>
  </link:labelLink>
</link:linkbase>
