<?xml version="1.0" encoding="UTF-8"?>

<link:linkbase xmlns:xsi="http://www.w3.org/2001/XMLSchema-instance" xsi:schemaLocation="http://www.xbrl.org/2003/linkbase http://www.xbrl.org/2003/xbrl-linkbase-2003-12-31.xsd" xmlns:link="http://www.xbrl.org/2003/linkbase" xmlns:xbrli="http://www.xbrl.org/2003/instance" xmlns:xlink="http://www.w3.org/1999/xlink">
  <link:roleRef roleURI="https://www.degrotebv.nl/role/ConsolidatedStatementOfFinancialPosition" xlink:type="simple" xlink:href="degrotebv-2023-12-31.xsd#ConsolidatedStatementOfFinancialPosition"/>
  <link:roleRef roleURI="https://www.degrotebv.nl/role/ConsolidatedStatementOfProfitAndLoss" xlink:type="simple" xlink:href="degrotebv-2023-12-31.xsd#ConsolidatedStatementOfProfitAndLoss"/>
  <link:roleRef roleURI="https://www.degrotebv.nl/role/ConsolidatedStatementOfCashFlows" xlink:type="simple" xlink:href="degrotebv-2023-12-31.xsd#ConsolidatedStatementOfCashFlows"/>
  <link:arcroleRef arcroleURI="https://xbrl.org/2023/arcrole/summation-item" xlink:type="simple" xlink:href="https://www.xbrl.org/2023/calculation-1.1.xsd#summation-item"/>
  <link:calculationLink xlink:type="extended" xlink:role="https://www.degrotebv.nl/role/ConsolidatedStatementOfFinancialPosition">
    <link:loc xlink:type="locator" xlink:href="https://xbrl.ifrs.org/taxonomy/2022-03-24/full_ifrs/full_ifrs-cor_2022-03-24.xsd#ifrs-full_Assets" xlink:label="ifrs-full_Assets_loc"/>
    <link:loc xlink:type="locator" xlink:href="https://xbrl.ifrs.org/taxonomy/2022-03-24/full_ifrs/full_ifrs-cor_2022-03-24.xsd#ifrs-full_NoncurrentAssets" xlink:label="ifrs-full_NoncurrentAssets_loc"/>
    <link:calculationArc xlink:type="arc" xlink:arcrole="https://xbrl.org/2023/arcrole/summation-item" xlink:from="ifrs-full_Assets_loc" xlink:to="ifrs-full_NoncurrentAssets_loc" order="2.0" weight="1.0"/>
    <link:loc xlink:type="locator" xlink:href="https://xbrl.ifrs.org/taxonomy/2022-03-24/full_ifrs/full_ifrs-cor_2022-03-24.xsd#ifrs-full_PropertyPlantAndEquipment" xlink:label="ifrs-full_PropertyPlantAndEquipment_loc"/>
    <link:calculationArc xlink:type="arc" xlink:arcrole="https://xbrl.org/2023/arcrole/summation-item" xlink:from="ifrs-full_NoncurrentAssets_loc" xlink:to="ifrs-full_PropertyPlantAndEquipment_loc" order="3.0" weight="1.0"/>
    <link:loc xlink:type="locator" xlink:href="https://xbrl.ifrs.org/taxonomy/2022-03-24/full_ifrs/full_ifrs-cor_2022-03-24.xsd#ifrs-full_Goodwill" xlink:label="ifrs-full_Goodwill_loc"/>
    <link:calculationArc xlink:type="arc" xlink:arcrole="https://xbrl.org/2023/arcrole/summation-item" xlink:from="ifrs-full_NoncurrentAssets_loc" xlink:to="ifrs-full_Goodwill_loc" order="1.0" weight="1.0"/>
    <link:loc xlink:type="locator" xlink:href="https://xbrl.ifrs.org/taxonomy/2022-03-24/full_ifrs/full_ifrs-cor_2022-03-24.xsd#ifrs-full_OtherIntangibleAssets" xlink:label="ifrs-full_OtherIntangibleAssets_loc"/>
    <link:calculationArc xlink:type="arc" xlink:arcrole="https://xbrl.org/2023/arcrole/summation-item" xlink:from="ifrs-full_NoncurrentAssets_loc" xlink:to="ifrs-full_OtherIntangibleAssets_loc" order="2.0" weight="1.0"/>
    <link:loc xlink:type="locator" xlink:href="https://xbrl.ifrs.org/taxonomy/2022-03-24/full_ifrs/full_ifrs-cor_2022-03-24.xsd#ifrs-full_OtherNoncurrentFinancialAssets" xlink:label="ifrs-full_OtherNoncurrentFinancialAssets_loc"/>
    <link:calculationArc xlink:type="arc" xlink:arcrole="https://xbrl.org/2023/arcrole/summation-item" xlink:from="ifrs-full_NoncurrentAssets_loc" xlink:to="ifrs-full_OtherNoncurrentFinancialAssets_loc" order="9.0" weight="1.0"/>
    <link:loc xlink:type="locator" xlink:href="https://xbrl.ifrs.org/taxonomy/2022-03-24/full_ifrs/full_ifrs-cor_2022-03-24.xsd#ifrs-full_RightofuseAssets" xlink:label="ifrs-full_RightofuseAssets_loc"/>
    <link:calculationArc xlink:type="arc" xlink:arcrole="https://xbrl.org/2023/arcrole/summation-item" xlink:from="ifrs-full_NoncurrentAssets_loc" xlink:to="ifrs-full_RightofuseAssets_loc" order="6.0" weight="1.0"/>
    <link:loc xlink:type="locator" xlink:href="https://xbrl.ifrs.org/taxonomy/2022-03-24/full_ifrs/full_ifrs-cor_2022-03-24.xsd#ifrs-full_InvestmentsInAssociatesAccountedForUsingEquityMethod" xlink:label="ifrs-full_InvestmentsInAssociatesAccountedForUsingEquityMethod_loc"/>
    <link:calculationArc xlink:type="arc" xlink:arcrole="https://xbrl.org/2023/arcrole/summation-item" xlink:from="ifrs-full_NoncurrentAssets_loc" xlink:to="ifrs-full_InvestmentsInAssociatesAccountedForUsingEquityMethod_loc" order="7.0" weight="1.0"/>
    <link:loc xlink:type="locator" xlink:href="https://xbrl.ifrs.org/taxonomy/2022-03-24/full_ifrs/full_ifrs-cor_2022-03-24.xsd#ifrs-full_InvestmentProperty" xlink:label="ifrs-full_InvestmentProperty_loc"/>
    <link:calculationArc xlink:type="arc" xlink:arcrole="https://xbrl.org/2023/arcrole/summation-item" xlink:from="ifrs-full_NoncurrentAssets_loc" xlink:to="ifrs-full_InvestmentProperty_loc" order="8.0" weight="1.0"/>
    <link:loc xlink:type="locator" xlink:href="https://xbrl.ifrs.org/taxonomy/2022-03-24/full_ifrs/full_ifrs-cor_2022-03-24.xsd#ifrs-full_OtherNoncurrentAssets" xlink:label="ifrs-full_OtherNoncurrentAssets_loc"/>
    <link:calculationArc xlink:type="arc" xlink:arcrole="https://xbrl.org/2023/arcrole/summation-item" xlink:from="ifrs-full_NoncurrentAssets_loc" xlink:to="ifrs-full_OtherNoncurrentAssets_loc" order="9.0" weight="1.0"/>
    <link:loc xlink:type="locator" xlink:href="https://xbrl.ifrs.org/taxonomy/2022-03-24/full_ifrs/full_ifrs-cor_2022-03-24.xsd#ifrs-full_DeferredTaxAssets" xlink:label="ifrs-full_DeferredTaxAssets_loc"/>
    <link:calculationArc xlink:type="arc" xlink:arcrole="https://xbrl.org/2023/arcrole/summation-item" xlink:from="ifrs-full_NoncurrentAssets_loc" xlink:to="ifrs-full_DeferredTaxAssets_loc" order="10.0" weight="1.0"/>
    <link:loc xlink:type="locator" xlink:href="https://xbrl.ifrs.org/taxonomy/2022-03-24/full_ifrs/full_ifrs-cor_2022-03-24.xsd#ifrs-full_CurrentAssets" xlink:label="ifrs-full_CurrentAssets_loc"/>
    <link:calculationArc xlink:type="arc" xlink:arcrole="https://xbrl.org/2023/arcrole/summation-item" xlink:from="ifrs-full_Assets_loc" xlink:to="ifrs-full_CurrentAssets_loc" order="3.0" weight="1.0"/>
    <link:loc xlink:type="locator" xlink:href="https://xbrl.ifrs.org/taxonomy/2022-03-24/full_ifrs/full_ifrs-cor_2022-03-24.xsd#ifrs-full_Inventories" xlink:label="ifrs-full_Inventories_loc"/>
    <link:calculationArc xlink:type="arc" xlink:arcrole="https://xbrl.org/2023/arcrole/summation-item" xlink:from="ifrs-full_CurrentAssets_loc" xlink:to="ifrs-full_Inventories_loc" order="2.0" weight="1.0"/>
    <link:loc xlink:type="locator" xlink:href="https://xbrl.ifrs.org/taxonomy/2022-03-24/full_ifrs/full_ifrs-cor_2022-03-24.xsd#ifrs-full_CashAndCashEquivalents" xlink:label="ifrs-full_CashAndCashEquivalents_loc"/>
    <link:calculationArc xlink:type="arc" xlink:arcrole="https://xbrl.org/2023/arcrole/summation-item" xlink:from="ifrs-full_CurrentAssets_loc" xlink:to="ifrs-full_CashAndCashEquivalents_loc" order="7.0" weight="1.0"/>
    <link:loc xlink:type="locator" xlink:href="degrotebv-2023-12-31.xsd#groot_CurrentAssetsIncludedInDisposalGroupClassifiedAsHeldForSale" xlink:label="groot_CurrentAssetsIncludedInDisposalGroupClassifiedAsHeldForSale_loc"/>
    <link:calculationArc xlink:type="arc" xlink:arcrole="https://xbrl.org/2023/arcrole/summation-item" xlink:from="ifrs-full_CurrentAssets_loc" xlink:to="groot_CurrentAssetsIncludedInDisposalGroupClassifiedAsHeldForSale_loc" order="1.0" weight="1.0"/>
    <link:loc xlink:type="locator" xlink:href="https://xbrl.ifrs.org/taxonomy/2022-03-24/full_ifrs/full_ifrs-cor_2022-03-24.xsd#ifrs-full_PrepaymentsAndAccruedIncomeIncludingContractAssets" xlink:label="ifrs-full_PrepaymentsAndAccruedIncomeIncludingContractAssets_loc"/>
    <link:calculationArc xlink:type="arc" xlink:arcrole="https://xbrl.org/2023/arcrole/summation-item" xlink:from="ifrs-full_CurrentAssets_loc" xlink:to="ifrs-full_PrepaymentsAndAccruedIncomeIncludingContractAssets_loc" order="3.0" weight="1.0"/>
    <link:loc xlink:type="locator" xlink:href="https://xbrl.ifrs.org/taxonomy/2022-03-24/full_ifrs/full_ifrs-cor_2022-03-24.xsd#ifrs-full_TradeAndOtherReceivables" xlink:label="ifrs-full_TradeAndOtherReceivables_loc"/>
    <link:calculationArc xlink:type="arc" xlink:arcrole="https://xbrl.org/2023/arcrole/summation-item" xlink:from="ifrs-full_CurrentAssets_loc" xlink:to="ifrs-full_TradeAndOtherReceivables_loc" order="4.0" weight="1.0"/>
    <link:loc xlink:type="locator" xlink:href="https://xbrl.ifrs.org/taxonomy/2022-03-24/full_ifrs/full_ifrs-cor_2022-03-24.xsd#ifrs-full_DerivativeFinancialAssets" xlink:label="ifrs-full_DerivativeFinancialAssets_loc"/>
    <link:calculationArc xlink:type="arc" xlink:arcrole="https://xbrl.org/2023/arcrole/summation-item" xlink:from="ifrs-full_CurrentAssets_loc" xlink:to="ifrs-full_DerivativeFinancialAssets_loc" order="5.0" weight="1.0"/>
    <link:loc xlink:type="locator" xlink:href="https://xbrl.ifrs.org/taxonomy/2022-03-24/full_ifrs/full_ifrs-cor_2022-03-24.xsd#ifrs-full_OtherCurrentFinancialAssets" xlink:label="ifrs-full_OtherCurrentFinancialAssets_loc"/>
    <link:calculationArc xlink:type="arc" xlink:arcrole="https://xbrl.org/2023/arcrole/summation-item" xlink:from="ifrs-full_CurrentAssets_loc" xlink:to="ifrs-full_OtherCurrentFinancialAssets_loc" order="6.0" weight="1.0"/>
    <link:loc xlink:type="locator" xlink:href="https://xbrl.ifrs.org/taxonomy/2022-03-24/full_ifrs/full_ifrs-cor_2022-03-24.xsd#ifrs-full_EquityAndLiabilities" xlink:label="ifrs-full_EquityAndLiabilities_loc"/>
    <link:loc xlink:type="locator" xlink:href="https://xbrl.ifrs.org/taxonomy/2022-03-24/full_ifrs/full_ifrs-cor_2022-03-24.xsd#ifrs-full_Equity" xlink:label="ifrs-full_Equity_loc"/>
    <link:calculationArc xlink:type="arc" xlink:arcrole="https://xbrl.org/2023/arcrole/summation-item" xlink:from="ifrs-full_EquityAndLiabilities_loc" xlink:to="ifrs-full_Equity_loc" order="1.0" weight="1.0"/>
    <link:loc xlink:type="locator" xlink:href="https://xbrl.ifrs.org/taxonomy/2022-03-24/full_ifrs/full_ifrs-cor_2022-03-24.xsd#ifrs-full_EquityAttributableToOwnersOfParent" xlink:label="ifrs-full_EquityAttributableToOwnersOfParent_loc"/>
    <link:calculationArc xlink:type="arc" xlink:arcrole="https://xbrl.org/2023/arcrole/summation-item" xlink:from="ifrs-full_Equity_loc" xlink:to="ifrs-full_EquityAttributableToOwnersOfParent_loc" order="4.0" weight="1.0"/>
    <link:loc xlink:type="locator" xlink:href="https://xbrl.ifrs.org/taxonomy/2022-03-24/full_ifrs/full_ifrs-cor_2022-03-24.xsd#ifrs-full_IssuedCapital" xlink:label="ifrs-full_IssuedCapital_loc"/>
    <link:calculationArc xlink:type="arc" xlink:arcrole="https://xbrl.org/2023/arcrole/summation-item" xlink:from="ifrs-full_EquityAttributableToOwnersOfParent_loc" xlink:to="ifrs-full_IssuedCapital_loc" order="1.0" weight="1.0"/>
    <link:loc xlink:type="locator" xlink:href="https://xbrl.ifrs.org/taxonomy/2022-03-24/full_ifrs/full_ifrs-cor_2022-03-24.xsd#ifrs-full_RetainedEarnings" xlink:label="ifrs-full_RetainedEarnings_loc"/>
    <link:calculationArc xlink:type="arc" xlink:arcrole="https://xbrl.org/2023/arcrole/summation-item" xlink:from="ifrs-full_EquityAttributableToOwnersOfParent_loc" xlink:to="ifrs-full_RetainedEarnings_loc" order="4.0" weight="1.0"/>
    <link:loc xlink:type="locator" xlink:href="https://xbrl.ifrs.org/taxonomy/2022-03-24/full_ifrs/full_ifrs-cor_2022-03-24.xsd#ifrs-full_SharePremium" xlink:label="ifrs-full_SharePremium_loc"/>
    <link:calculationArc xlink:type="arc" xlink:arcrole="https://xbrl.org/2023/arcrole/summation-item" xlink:from="ifrs-full_EquityAttributableToOwnersOfParent_loc" xlink:to="ifrs-full_SharePremium_loc" order="2.0" weight="1.0"/>
    <link:loc xlink:type="locator" xlink:href="degrotebv-2023-12-31.xsd#groot_OtherComponentsOfEquity" xlink:label="groot_OtherComponentsOfEquity_loc"/>
    <link:calculationArc xlink:type="arc" xlink:arcrole="https://xbrl.org/2023/arcrole/summation-item" xlink:from="ifrs-full_EquityAttributableToOwnersOfParent_loc" xlink:to="groot_OtherComponentsOfEquity_loc" order="3.0" weight="1.0"/>
    <link:loc xlink:type="locator" xlink:href="https://xbrl.ifrs.org/taxonomy/2022-03-24/full_ifrs/full_ifrs-cor_2022-03-24.xsd#ifrs-full_NoncontrollingInterests" xlink:label="ifrs-full_NoncontrollingInterests_loc"/>
    <link:calculationArc xlink:type="arc" xlink:arcrole="https://xbrl.org/2023/arcrole/summation-item" xlink:from="ifrs-full_Equity_loc" xlink:to="ifrs-full_NoncontrollingInterests_loc" order="5.0" weight="1.0"/>
    <link:loc xlink:type="locator" xlink:href="https://xbrl.ifrs.org/taxonomy/2022-03-24/full_ifrs/full_ifrs-cor_2022-03-24.xsd#ifrs-full_Liabilities" xlink:label="ifrs-full_Liabilities_loc"/>
    <link:calculationArc xlink:type="arc" xlink:arcrole="https://xbrl.org/2023/arcrole/summation-item" xlink:from="ifrs-full_EquityAndLiabilities_loc" xlink:to="ifrs-full_Liabilities_loc" order="2.0" weight="1.0"/>
    <link:loc xlink:type="locator" xlink:href="https://xbrl.ifrs.org/taxonomy/2022-03-24/full_ifrs/full_ifrs-cor_2022-03-24.xsd#ifrs-full_NoncurrentLiabilities" xlink:label="ifrs-full_NoncurrentLiabilities_loc"/>
    <link:calculationArc xlink:type="arc" xlink:arcrole="https://xbrl.org/2023/arcrole/summation-item" xlink:from="ifrs-full_Liabilities_loc" xlink:to="ifrs-full_NoncurrentLiabilities_loc" order="1.0" weight="1.0"/>
    <link:loc xlink:type="locator" xlink:href="https://xbrl.ifrs.org/taxonomy/2022-03-24/full_ifrs/full_ifrs-cor_2022-03-24.xsd#ifrs-full_LongtermBorrowings" xlink:label="ifrs-full_LongtermBorrowings_loc"/>
    <link:calculationArc xlink:type="arc" xlink:arcrole="https://xbrl.org/2023/arcrole/summation-item" xlink:from="ifrs-full_NoncurrentLiabilities_loc" xlink:to="ifrs-full_LongtermBorrowings_loc" order="2.0" weight="1.0"/>
    <link:loc xlink:type="locator" xlink:href="https://xbrl.ifrs.org/taxonomy/2022-03-24/full_ifrs/full_ifrs-cor_2022-03-24.xsd#ifrs-full_DeferredTaxLiabilities" xlink:label="ifrs-full_DeferredTaxLiabilities_loc"/>
    <link:calculationArc xlink:type="arc" xlink:arcrole="https://xbrl.org/2023/arcrole/summation-item" xlink:from="ifrs-full_NoncurrentLiabilities_loc" xlink:to="ifrs-full_DeferredTaxLiabilities_loc" order="4.0" weight="1.0"/>
    <link:loc xlink:type="locator" xlink:href="https://xbrl.ifrs.org/taxonomy/2022-03-24/full_ifrs/full_ifrs-cor_2022-03-24.xsd#ifrs-full_NoncurrentProvisionsForEmployeeBenefits" xlink:label="ifrs-full_NoncurrentProvisionsForEmployeeBenefits_loc"/>
    <link:calculationArc xlink:type="arc" xlink:arcrole="https://xbrl.org/2023/arcrole/summation-item" xlink:from="ifrs-full_NoncurrentLiabilities_loc" xlink:to="ifrs-full_NoncurrentProvisionsForEmployeeBenefits_loc" order="1.0" weight="1.0"/>
    <link:loc xlink:type="locator" xlink:href="https://xbrl.ifrs.org/taxonomy/2022-03-24/full_ifrs/full_ifrs-cor_2022-03-24.xsd#ifrs-full_NoncurrentLeaseLiabilities" xlink:label="ifrs-full_NoncurrentLeaseLiabilities_loc"/>
    <link:calculationArc xlink:type="arc" xlink:arcrole="https://xbrl.org/2023/arcrole/summation-item" xlink:from="ifrs-full_NoncurrentLiabilities_loc" xlink:to="ifrs-full_NoncurrentLeaseLiabilities_loc" order="3.0" weight="1.0"/>
    <link:loc xlink:type="locator" xlink:href="https://xbrl.ifrs.org/taxonomy/2022-03-24/full_ifrs/full_ifrs-cor_2022-03-24.xsd#ifrs-full_OtherNoncurrentLiabilities" xlink:label="ifrs-full_OtherNoncurrentLiabilities_loc"/>
    <link:calculationArc xlink:type="arc" xlink:arcrole="https://xbrl.org/2023/arcrole/summation-item" xlink:from="ifrs-full_NoncurrentLiabilities_loc" xlink:to="ifrs-full_OtherNoncurrentLiabilities_loc" order="5.0" weight="1.0"/>
    <link:loc xlink:type="locator" xlink:href="https://xbrl.ifrs.org/taxonomy/2022-03-24/full_ifrs/full_ifrs-cor_2022-03-24.xsd#ifrs-full_CurrentLiabilities" xlink:label="ifrs-full_CurrentLiabilities_loc"/>
    <link:calculationArc xlink:type="arc" xlink:arcrole="https://xbrl.org/2023/arcrole/summation-item" xlink:from="ifrs-full_Liabilities_loc" xlink:to="ifrs-full_CurrentLiabilities_loc" order="2.0" weight="1.0"/>
    <link:loc xlink:type="locator" xlink:href="https://xbrl.ifrs.org/taxonomy/2022-03-24/full_ifrs/full_ifrs-cor_2022-03-24.xsd#ifrs-full_TradeAndOtherPayables" xlink:label="ifrs-full_TradeAndOtherPayables_loc"/>
    <link:calculationArc xlink:type="arc" xlink:arcrole="https://xbrl.org/2023/arcrole/summation-item" xlink:from="ifrs-full_CurrentLiabilities_loc" xlink:to="ifrs-full_TradeAndOtherPayables_loc" order="6.0" weight="1.0"/>
    <link:loc xlink:type="locator" xlink:href="https://xbrl.ifrs.org/taxonomy/2022-03-24/full_ifrs/full_ifrs-cor_2022-03-24.xsd#ifrs-full_ShorttermBorrowings" xlink:label="ifrs-full_ShorttermBorrowings_loc"/>
    <link:calculationArc xlink:type="arc" xlink:arcrole="https://xbrl.org/2023/arcrole/summation-item" xlink:from="ifrs-full_CurrentLiabilities_loc" xlink:to="ifrs-full_ShorttermBorrowings_loc" order="4.0" weight="1.0"/>
    <link:loc xlink:type="locator" xlink:href="https://xbrl.ifrs.org/taxonomy/2022-03-24/full_ifrs/full_ifrs-cor_2022-03-24.xsd#ifrs-full_CurrentTaxLiabilities" xlink:label="ifrs-full_CurrentTaxLiabilities_loc"/>
    <link:calculationArc xlink:type="arc" xlink:arcrole="https://xbrl.org/2023/arcrole/summation-item" xlink:from="ifrs-full_CurrentLiabilities_loc" xlink:to="ifrs-full_CurrentTaxLiabilities_loc" order="7.0" weight="1.0"/>
    <link:loc xlink:type="locator" xlink:href="https://xbrl.ifrs.org/taxonomy/2022-03-24/full_ifrs/full_ifrs-cor_2022-03-24.xsd#ifrs-full_CurrentProvisions" xlink:label="ifrs-full_CurrentProvisions_loc"/>
    <link:calculationArc xlink:type="arc" xlink:arcrole="https://xbrl.org/2023/arcrole/summation-item" xlink:from="ifrs-full_CurrentLiabilities_loc" xlink:to="ifrs-full_CurrentProvisions_loc" order="2.0" weight="1.0"/>
    <link:loc xlink:type="locator" xlink:href="https://xbrl.ifrs.org/taxonomy/2022-03-24/full_ifrs/full_ifrs-cor_2022-03-24.xsd#ifrs-full_LiabilitiesIncludedInDisposalGroupsClassifiedAsHeldForSale" xlink:label="ifrs-full_LiabilitiesIncludedInDisposalGroupsClassifiedAsHeldForSale_loc"/>
    <link:calculationArc xlink:type="arc" xlink:arcrole="https://xbrl.org/2023/arcrole/summation-item" xlink:from="ifrs-full_CurrentLiabilities_loc" xlink:to="ifrs-full_LiabilitiesIncludedInDisposalGroupsClassifiedAsHeldForSale_loc" order="1.0" weight="1.0"/>
    <link:loc xlink:type="locator" xlink:href="https://xbrl.ifrs.org/taxonomy/2022-03-24/full_ifrs/full_ifrs-cor_2022-03-24.xsd#ifrs-full_CurrentProvisionsForEmployeeBenefits" xlink:label="ifrs-full_CurrentProvisionsForEmployeeBenefits_loc"/>
    <link:calculationArc xlink:type="arc" xlink:arcrole="https://xbrl.org/2023/arcrole/summation-item" xlink:from="ifrs-full_CurrentLiabilities_loc" xlink:to="ifrs-full_CurrentProvisionsForEmployeeBenefits_loc" order="3.0" weight="1.0"/>
    <link:loc xlink:type="locator" xlink:href="https://xbrl.ifrs.org/taxonomy/2022-03-24/full_ifrs/full_ifrs-cor_2022-03-24.xsd#ifrs-full_CurrentLeaseLiabilities" xlink:label="ifrs-full_CurrentLeaseLiabilities_loc"/>
    <link:calculationArc xlink:type="arc" xlink:arcrole="https://xbrl.org/2023/arcrole/summation-item" xlink:from="ifrs-full_CurrentLiabilities_loc" xlink:to="ifrs-full_CurrentLeaseLiabilities_loc" order="5.0" weight="1.0"/>
    <link:loc xlink:type="locator" xlink:href="https://xbrl.ifrs.org/taxonomy/2022-03-24/full_ifrs/full_ifrs-cor_2022-03-24.xsd#ifrs-full_DerivativeFinancialLiabilities" xlink:label="ifrs-full_DerivativeFinancialLiabilities_loc"/>
    <link:calculationArc xlink:type="arc" xlink:arcrole="https://xbrl.org/2023/arcrole/summation-item" xlink:from="ifrs-full_CurrentLiabilities_loc" xlink:to="ifrs-full_DerivativeFinancialLiabilities_loc" order="8.0" weight="1.0"/>
    <link:loc xlink:type="locator" xlink:href="https://xbrl.ifrs.org/taxonomy/2022-03-24/full_ifrs/full_ifrs-cor_2022-03-24.xsd#ifrs-full_OtherCurrentLiabilities" xlink:label="ifrs-full_OtherCurrentLiabilities_loc"/>
    <link:calculationArc xlink:type="arc" xlink:arcrole="https://xbrl.org/2023/arcrole/summation-item" xlink:from="ifrs-full_CurrentLiabilities_loc" xlink:to="ifrs-full_OtherCurrentLiabilities_loc" order="9.0" weight="1.0"/>
  </link:calculationLink>
  <link:calculationLink xlink:type="extended" xlink:role="https://www.degrotebv.nl/role/ConsolidatedStatementOfProfitAndLoss">
    <link:loc xlink:type="locator" xlink:href="https://xbrl.ifrs.org/taxonomy/2022-03-24/full_ifrs/full_ifrs-cor_2022-03-24.xsd#ifrs-full_ProfitLoss" xlink:label="ifrs-full_ProfitLoss_loc"/>
    <link:loc xlink:type="locator" xlink:href="https://xbrl.ifrs.org/taxonomy/2022-03-24/full_ifrs/full_ifrs-cor_2022-03-24.xsd#ifrs-full_ProfitLossFromDiscontinuedOperations" xlink:label="ifrs-full_ProfitLossFromDiscontinuedOperations_loc"/>
    <link:calculationArc xlink:type="arc" xlink:arcrole="https://xbrl.org/2023/arcrole/summation-item" xlink:from="ifrs-full_ProfitLoss_loc" xlink:to="ifrs-full_ProfitLossFromDiscontinuedOperations_loc" order="2.0" weight="1.0"/>
    <link:loc xlink:type="locator" xlink:href="https://xbrl.ifrs.org/taxonomy/2022-03-24/full_ifrs/full_ifrs-cor_2022-03-24.xsd#ifrs-full_ProfitLossFromContinuingOperations" xlink:label="ifrs-full_ProfitLossFromContinuingOperations_loc"/>
    <link:calculationArc xlink:type="arc" xlink:arcrole="https://xbrl.org/2023/arcrole/summation-item" xlink:from="ifrs-full_ProfitLoss_loc" xlink:to="ifrs-full_ProfitLossFromContinuingOperations_loc" order="1.0" weight="1.0"/>
    <link:loc xlink:type="locator" xlink:href="https://xbrl.ifrs.org/taxonomy/2022-03-24/full_ifrs/full_ifrs-cor_2022-03-24.xsd#ifrs-full_ProfitLossBeforeTax" xlink:label="ifrs-full_ProfitLossBeforeTax_loc"/>
    <link:calculationArc xlink:type="arc" xlink:arcrole="https://xbrl.org/2023/arcrole/summation-item" xlink:from="ifrs-full_ProfitLossFromContinuingOperations_loc" xlink:to="ifrs-full_ProfitLossBeforeTax_loc" order="1.0" weight="1.0"/>
    <link:loc xlink:type="locator" xlink:href="https://xbrl.ifrs.org/taxonomy/2022-03-24/full_ifrs/full_ifrs-cor_2022-03-24.xsd#ifrs-full_ProfitLossFromOperatingActivities" xlink:label="ifrs-full_ProfitLossFromOperatingActivities_loc"/>
    <link:calculationArc xlink:type="arc" xlink:arcrole="https://xbrl.org/2023/arcrole/summation-item" xlink:from="ifrs-full_ProfitLossBeforeTax_loc" xlink:to="ifrs-full_ProfitLossFromOperatingActivities_loc" order="1.0" weight="1.0"/>
    <link:loc xlink:type="locator" xlink:href="https://xbrl.ifrs.org/taxonomy/2022-03-24/full_ifrs/full_ifrs-cor_2022-03-24.xsd#ifrs-full_Revenue" xlink:label="ifrs-full_Revenue_loc"/>
    <link:calculationArc xlink:type="arc" xlink:arcrole="https://xbrl.org/2023/arcrole/summation-item" xlink:from="ifrs-full_ProfitLossFromOperatingActivities_loc" xlink:to="ifrs-full_Revenue_loc" order="1.0" weight="1.0"/>
    <link:loc xlink:type="locator" xlink:href="https://xbrl.ifrs.org/taxonomy/2022-03-24/full_ifrs/full_ifrs-cor_2022-03-24.xsd#ifrs-full_OtherIncome" xlink:label="ifrs-full_OtherIncome_loc"/>
    <link:calculationArc xlink:type="arc" xlink:arcrole="https://xbrl.org/2023/arcrole/summation-item" xlink:from="ifrs-full_ProfitLossFromOperatingActivities_loc" xlink:to="ifrs-full_OtherIncome_loc" order="2.0" weight="1.0"/>
    <link:loc xlink:type="locator" xlink:href="https://xbrl.ifrs.org/taxonomy/2022-03-24/full_ifrs/full_ifrs-cor_2022-03-24.xsd#ifrs-full_ChangesInInventoriesOfFinishedGoodsAndWorkInProgress" xlink:label="ifrs-full_ChangesInInventoriesOfFinishedGoodsAndWorkInProgress_loc"/>
    <link:calculationArc xlink:type="arc" xlink:arcrole="https://xbrl.org/2023/arcrole/summation-item" xlink:from="ifrs-full_ProfitLossFromOperatingActivities_loc" xlink:to="ifrs-full_ChangesInInventoriesOfFinishedGoodsAndWorkInProgress_loc" order="3.0" weight="-1.0"/>
    <link:loc xlink:type="locator" xlink:href="https://xbrl.ifrs.org/taxonomy/2022-03-24/full_ifrs/full_ifrs-cor_2022-03-24.xsd#ifrs-full_RawMaterialsAndConsumablesUsed" xlink:label="ifrs-full_RawMaterialsAndConsumablesUsed_loc"/>
    <link:calculationArc xlink:type="arc" xlink:arcrole="https://xbrl.org/2023/arcrole/summation-item" xlink:from="ifrs-full_ProfitLossFromOperatingActivities_loc" xlink:to="ifrs-full_RawMaterialsAndConsumablesUsed_loc" order="4.0" weight="-1.0"/>
    <link:loc xlink:type="locator" xlink:href="https://xbrl.ifrs.org/taxonomy/2022-03-24/full_ifrs/full_ifrs-cor_2022-03-24.xsd#ifrs-full_EmployeeBenefitsExpense" xlink:label="ifrs-full_EmployeeBenefitsExpense_loc"/>
    <link:calculationArc xlink:type="arc" xlink:arcrole="https://xbrl.org/2023/arcrole/summation-item" xlink:from="ifrs-full_ProfitLossFromOperatingActivities_loc" xlink:to="ifrs-full_EmployeeBenefitsExpense_loc" order="5.0" weight="-1.0"/>
    <link:loc xlink:type="locator" xlink:href="https://xbrl.ifrs.org/taxonomy/2022-03-24/full_ifrs/full_ifrs-cor_2022-03-24.xsd#ifrs-full_ChangesInInvestmentProperty" xlink:label="ifrs-full_ChangesInInvestmentProperty_loc"/>
    <link:calculationArc xlink:type="arc" xlink:arcrole="https://xbrl.org/2023/arcrole/summation-item" xlink:from="ifrs-full_ProfitLossFromOperatingActivities_loc" xlink:to="ifrs-full_ChangesInInvestmentProperty_loc" order="6.0" weight="-1.0"/>
    <link:loc xlink:type="locator" xlink:href="https://xbrl.ifrs.org/taxonomy/2022-03-24/full_ifrs/full_ifrs-cor_2022-03-24.xsd#ifrs-full_DepreciationAndAmortisationExpense" xlink:label="ifrs-full_DepreciationAndAmortisationExpense_loc"/>
    <link:calculationArc xlink:type="arc" xlink:arcrole="https://xbrl.org/2023/arcrole/summation-item" xlink:from="ifrs-full_ProfitLossFromOperatingActivities_loc" xlink:to="ifrs-full_DepreciationAndAmortisationExpense_loc" order="7.0" weight="-1.0"/>
    <link:loc xlink:type="locator" xlink:href="https://xbrl.ifrs.org/taxonomy/2022-03-24/full_ifrs/full_ifrs-cor_2022-03-24.xsd#ifrs-full_ImpairmentLossOnFinancialAssets" xlink:label="ifrs-full_ImpairmentLossOnFinancialAssets_loc"/>
    <link:calculationArc xlink:type="arc" xlink:arcrole="https://xbrl.org/2023/arcrole/summation-item" xlink:from="ifrs-full_ProfitLossFromOperatingActivities_loc" xlink:to="ifrs-full_ImpairmentLossOnFinancialAssets_loc" order="8.0" weight="-1.0"/>
    <link:loc xlink:type="locator" xlink:href="https://xbrl.ifrs.org/taxonomy/2022-03-24/full_ifrs/full_ifrs-cor_2022-03-24.xsd#ifrs-full_OtherExpenseByNature" xlink:label="ifrs-full_OtherExpenseByNature_loc"/>
    <link:calculationArc xlink:type="arc" xlink:arcrole="https://xbrl.org/2023/arcrole/summation-item" xlink:from="ifrs-full_ProfitLossFromOperatingActivities_loc" xlink:to="ifrs-full_OtherExpenseByNature_loc" order="9.0" weight="-1.0"/>
    <link:loc xlink:type="locator" xlink:href="https://xbrl.ifrs.org/taxonomy/2022-03-24/full_ifrs/full_ifrs-cor_2022-03-24.xsd#ifrs-full_ShareOfProfitLossOfAssociatesAndJointVenturesAccountedForUsingEquityMethod" xlink:label="ifrs-full_ShareOfProfitLossOfAssociatesAndJointVenturesAccountedForUsingEquityMethod_loc"/>
    <link:calculationArc xlink:type="arc" xlink:arcrole="https://xbrl.org/2023/arcrole/summation-item" xlink:from="ifrs-full_ProfitLossBeforeTax_loc" xlink:to="ifrs-full_ShareOfProfitLossOfAssociatesAndJointVenturesAccountedForUsingEquityMethod_loc" order="2.0" weight="1.0"/>
    <link:loc xlink:type="locator" xlink:href="https://xbrl.ifrs.org/taxonomy/2022-03-24/full_ifrs/full_ifrs-cor_2022-03-24.xsd#ifrs-full_FinanceCosts" xlink:label="ifrs-full_FinanceCosts_loc"/>
    <link:calculationArc xlink:type="arc" xlink:arcrole="https://xbrl.org/2023/arcrole/summation-item" xlink:from="ifrs-full_ProfitLossBeforeTax_loc" xlink:to="ifrs-full_FinanceCosts_loc" order="3.0" weight="-1.0"/>
    <link:loc xlink:type="locator" xlink:href="https://xbrl.ifrs.org/taxonomy/2022-03-24/full_ifrs/full_ifrs-cor_2022-03-24.xsd#ifrs-full_FinanceIncome" xlink:label="ifrs-full_FinanceIncome_loc"/>
    <link:calculationArc xlink:type="arc" xlink:arcrole="https://xbrl.org/2023/arcrole/summation-item" xlink:from="ifrs-full_ProfitLossBeforeTax_loc" xlink:to="ifrs-full_FinanceIncome_loc" order="4.0" weight="1.0"/>
    <link:loc xlink:type="locator" xlink:href="https://xbrl.ifrs.org/taxonomy/2022-03-24/full_ifrs/full_ifrs-cor_2022-03-24.xsd#ifrs-full_OtherFinanceIncomeCost" xlink:label="ifrs-full_OtherFinanceIncomeCost_loc"/>
    <link:calculationArc xlink:type="arc" xlink:arcrole="https://xbrl.org/2023/arcrole/summation-item" xlink:from="ifrs-full_ProfitLossBeforeTax_loc" xlink:to="ifrs-full_OtherFinanceIncomeCost_loc" order="5.0" weight="1.0"/>
    <link:loc xlink:type="locator" xlink:href="https://xbrl.ifrs.org/taxonomy/2022-03-24/full_ifrs/full_ifrs-cor_2022-03-24.xsd#ifrs-full_IncomeTaxExpenseContinuingOperations" xlink:label="ifrs-full_IncomeTaxExpenseContinuingOperations_loc"/>
    <link:calculationArc xlink:type="arc" xlink:arcrole="https://xbrl.org/2023/arcrole/summation-item" xlink:from="ifrs-full_ProfitLossFromContinuingOperations_loc" xlink:to="ifrs-full_IncomeTaxExpenseContinuingOperations_loc" order="2.0" weight="-1.0"/>
    <link:loc xlink:type="locator" xlink:href="https://xbrl.ifrs.org/taxonomy/2022-03-24/full_ifrs/full_ifrs-cor_2022-03-24.xsd#ifrs-full_BasicEarningsLossPerShare" xlink:label="ifrs-full_BasicEarningsLossPerShare_loc"/>
    <link:loc xlink:type="locator" xlink:href="https://xbrl.ifrs.org/taxonomy/2022-03-24/full_ifrs/full_ifrs-cor_2022-03-24.xsd#ifrs-full_BasicEarningsLossPerShareFromContinuingOperations" xlink:label="ifrs-full_BasicEarningsLossPerShareFromContinuingOperations_loc"/>
    <link:calculationArc xlink:type="arc" xlink:arcrole="https://xbrl.org/2023/arcrole/summation-item" xlink:from="ifrs-full_BasicEarningsLossPerShare_loc" xlink:to="ifrs-full_BasicEarningsLossPerShareFromContinuingOperations_loc" order="1.0" weight="1.0"/>
    <link:loc xlink:type="locator" xlink:href="https://xbrl.ifrs.org/taxonomy/2022-03-24/full_ifrs/full_ifrs-cor_2022-03-24.xsd#ifrs-full_BasicEarningsLossPerShareFromDiscontinuedOperations" xlink:label="ifrs-full_BasicEarningsLossPerShareFromDiscontinuedOperations_loc"/>
    <link:calculationArc xlink:type="arc" xlink:arcrole="https://xbrl.org/2023/arcrole/summation-item" xlink:from="ifrs-full_BasicEarningsLossPerShare_loc" xlink:to="ifrs-full_BasicEarningsLossPerShareFromDiscontinuedOperations_loc" order="2.0" weight="1.0"/>
    <link:loc xlink:type="locator" xlink:href="https://xbrl.ifrs.org/taxonomy/2022-03-24/full_ifrs/full_ifrs-cor_2022-03-24.xsd#ifrs-full_DilutedEarningsLossPerShare" xlink:label="ifrs-full_DilutedEarningsLossPerShare_loc"/>
    <link:loc xlink:type="locator" xlink:href="https://xbrl.ifrs.org/taxonomy/2022-03-24/full_ifrs/full_ifrs-cor_2022-03-24.xsd#ifrs-full_DilutedEarningsLossPerShareFromContinuingOperations" xlink:label="ifrs-full_DilutedEarningsLossPerShareFromContinuingOperations_loc"/>
    <link:calculationArc xlink:type="arc" xlink:arcrole="https://xbrl.org/2023/arcrole/summation-item" xlink:from="ifrs-full_DilutedEarningsLossPerShare_loc" xlink:to="ifrs-full_DilutedEarningsLossPerShareFromContinuingOperations_loc" order="1.0" weight="1.0"/>
    <link:loc xlink:type="locator" xlink:href="https://xbrl.ifrs.org/taxonomy/2022-03-24/full_ifrs/full_ifrs-cor_2022-03-24.xsd#ifrs-full_DilutedEarningsLossPerShareFromDiscontinuedOperations" xlink:label="ifrs-full_DilutedEarningsLossPerShareFromDiscontinuedOperations_loc"/>
    <link:calculationArc xlink:type="arc" xlink:arcrole="https://xbrl.org/2023/arcrole/summation-item" xlink:from="ifrs-full_DilutedEarningsLossPerShare_loc" xlink:to="ifrs-full_DilutedEarningsLossPerShareFromDiscontinuedOperations_loc" order="2.0" weight="1.0"/>
  </link:calculationLink>
  <link:calculationLink xlink:type="extended" xlink:role="https://www.degrotebv.nl/role/ConsolidatedStatementOfCashFlows">
    <link:loc xlink:type="locator" xlink:href="https://xbrl.ifrs.org/taxonomy/2022-03-24/full_ifrs/full_ifrs-cor_2022-03-24.xsd#ifrs-full_CashAndCashEquivalents" xlink:label="ifrs-full_CashAndCashEquivalents_loc"/>
    <link:loc xlink:type="locator" xlink:href="degrotebv-2023-12-31.xsd#groot_CashAndCashEquivalentsForContinuingOperations" xlink:label="groot_CashAndCashEquivalentsForContinuingOperations_loc"/>
    <link:calculationArc xlink:type="arc" xlink:arcrole="https://xbrl.org/2023/arcrole/summation-item" xlink:from="ifrs-full_CashAndCashEquivalents_loc" xlink:to="groot_CashAndCashEquivalentsForContinuingOperations_loc" order="2.0" weight="1.0"/>
    <link:loc xlink:type="locator" xlink:href="https://xbrl.ifrs.org/taxonomy/2022-03-24/full_ifrs/full_ifrs-cor_2022-03-24.xsd#ifrs-full_CashAndCashEquivalentsClassifiedAsPartOfDisposalGroupHeldForSale" xlink:label="ifrs-full_CashAndCashEquivalentsClassifiedAsPartOfDisposalGroupHeldForSale_loc"/>
    <link:calculationArc xlink:type="arc" xlink:arcrole="https://xbrl.org/2023/arcrole/summation-item" xlink:from="ifrs-full_CashAndCashEquivalents_loc" xlink:to="ifrs-full_CashAndCashEquivalentsClassifiedAsPartOfDisposalGroupHeldForSale_loc" order="1.0" weight="1.0"/>
    <link:loc xlink:type="locator" xlink:href="https://xbrl.ifrs.org/taxonomy/2022-03-24/full_ifrs/full_ifrs-cor_2022-03-24.xsd#ifrs-full_IncreaseDecreaseInCashAndCashEquivalents" xlink:label="ifrs-full_IncreaseDecreaseInCashAndCashEquivalents_loc"/>
    <link:loc xlink:type="locator" xlink:href="https://xbrl.ifrs.org/taxonomy/2022-03-24/full_ifrs/full_ifrs-cor_2022-03-24.xsd#ifrs-full_CashFlowsFromUsedInOperatingActivities" xlink:label="ifrs-full_CashFlowsFromUsedInOperatingActivities_loc"/>
    <link:calculationArc xlink:type="arc" xlink:arcrole="https://xbrl.org/2023/arcrole/summation-item" xlink:from="ifrs-full_IncreaseDecreaseInCashAndCashEquivalents_loc" xlink:to="ifrs-full_CashFlowsFromUsedInOperatingActivities_loc" order="1.0" weight="1.0"/>
    <link:loc xlink:type="locator" xlink:href="https://xbrl.ifrs.org/taxonomy/2022-03-24/full_ifrs/full_ifrs-cor_2022-03-24.xsd#ifrs-full_ProfitLossBeforeTax" xlink:label="ifrs-full_ProfitLossBeforeTax_loc"/>
    <link:calculationArc xlink:type="arc" xlink:arcrole="https://xbrl.org/2023/arcrole/summation-item" xlink:from="ifrs-full_CashFlowsFromUsedInOperatingActivities_loc" xlink:to="ifrs-full_ProfitLossBeforeTax_loc" order="1.0" weight="1.0"/>
    <link:loc xlink:type="locator" xlink:href="degrotebv-2023-12-31.xsd#groot_NonCashAdjustments" xlink:label="groot_NonCashAdjustments_loc"/>
    <link:calculationArc xlink:type="arc" xlink:arcrole="https://xbrl.org/2023/arcrole/summation-item" xlink:from="ifrs-full_CashFlowsFromUsedInOperatingActivities_loc" xlink:to="groot_NonCashAdjustments_loc" order="2.0" weight="1.0"/>
    <link:loc xlink:type="locator" xlink:href="https://xbrl.ifrs.org/taxonomy/2022-03-24/full_ifrs/full_ifrs-cor_2022-03-24.xsd#ifrs-full_ContributionsToPlanByEmployerNetDefinedBenefitLiabilityAsset" xlink:label="ifrs-full_ContributionsToPlanByEmployerNetDefinedBenefitLiabilityAsset_loc"/>
    <link:calculationArc xlink:type="arc" xlink:arcrole="https://xbrl.org/2023/arcrole/summation-item" xlink:from="ifrs-full_CashFlowsFromUsedInOperatingActivities_loc" xlink:to="ifrs-full_ContributionsToPlanByEmployerNetDefinedBenefitLiabilityAsset_loc" order="3.0" weight="1.0"/>
    <link:loc xlink:type="locator" xlink:href="https://xbrl.ifrs.org/taxonomy/2022-03-24/full_ifrs/full_ifrs-cor_2022-03-24.xsd#ifrs-full_IncreaseDecreaseInWorkingCapital" xlink:label="ifrs-full_IncreaseDecreaseInWorkingCapital_loc"/>
    <link:calculationArc xlink:type="arc" xlink:arcrole="https://xbrl.org/2023/arcrole/summation-item" xlink:from="ifrs-full_CashFlowsFromUsedInOperatingActivities_loc" xlink:to="ifrs-full_IncreaseDecreaseInWorkingCapital_loc" order="4.0" weight="1.0"/>
    <link:loc xlink:type="locator" xlink:href="https://xbrl.ifrs.org/taxonomy/2022-03-24/full_ifrs/full_ifrs-cor_2022-03-24.xsd#ifrs-full_TradingIncomeExpenseOnDerivativeFinancialInstruments" xlink:label="ifrs-full_TradingIncomeExpenseOnDerivativeFinancialInstruments_loc"/>
    <link:calculationArc xlink:type="arc" xlink:arcrole="https://xbrl.org/2023/arcrole/summation-item" xlink:from="ifrs-full_CashFlowsFromUsedInOperatingActivities_loc" xlink:to="ifrs-full_TradingIncomeExpenseOnDerivativeFinancialInstruments_loc" order="5.0" weight="1.0"/>
    <link:loc xlink:type="locator" xlink:href="https://xbrl.ifrs.org/taxonomy/2022-03-24/full_ifrs/full_ifrs-cor_2022-03-24.xsd#ifrs-full_IncomeTaxesPaidRefundClassifiedAsOperatingActivities" xlink:label="ifrs-full_IncomeTaxesPaidRefundClassifiedAsOperatingActivities_loc"/>
    <link:calculationArc xlink:type="arc" xlink:arcrole="https://xbrl.org/2023/arcrole/summation-item" xlink:from="ifrs-full_CashFlowsFromUsedInOperatingActivities_loc" xlink:to="ifrs-full_IncomeTaxesPaidRefundClassifiedAsOperatingActivities_loc" order="6.0" weight="1.0"/>
    <link:loc xlink:type="locator" xlink:href="https://xbrl.ifrs.org/taxonomy/2022-03-24/full_ifrs/full_ifrs-cor_2022-03-24.xsd#ifrs-full_CashFlowsFromUsedInInvestingActivities" xlink:label="ifrs-full_CashFlowsFromUsedInInvestingActivities_loc"/>
    <link:calculationArc xlink:type="arc" xlink:arcrole="https://xbrl.org/2023/arcrole/summation-item" xlink:from="ifrs-full_IncreaseDecreaseInCashAndCashEquivalents_loc" xlink:to="ifrs-full_CashFlowsFromUsedInInvestingActivities_loc" order="2.0" weight="1.0"/>
    <link:loc xlink:type="locator" xlink:href="https://xbrl.ifrs.org/taxonomy/2022-03-24/full_ifrs/full_ifrs-cor_2022-03-24.xsd#ifrs-full_PurchaseOfPropertyPlantAndEquipmentClassifiedAsInvestingActivities" xlink:label="ifrs-full_PurchaseOfPropertyPlantAndEquipmentClassifiedAsInvestingActivities_loc"/>
    <link:calculationArc xlink:type="arc" xlink:arcrole="https://xbrl.org/2023/arcrole/summation-item" xlink:from="ifrs-full_CashFlowsFromUsedInInvestingActivities_loc" xlink:to="ifrs-full_PurchaseOfPropertyPlantAndEquipmentClassifiedAsInvestingActivities_loc" order="1.0" weight="-1.0"/>
    <link:loc xlink:type="locator" xlink:href="https://xbrl.ifrs.org/taxonomy/2022-03-24/full_ifrs/full_ifrs-cor_2022-03-24.xsd#ifrs-full_ProceedsFromSalesOfPropertyPlantAndEquipmentClassifiedAsInvestingActivities" xlink:label="ifrs-full_ProceedsFromSalesOfPropertyPlantAndEquipmentClassifiedAsInvestingActivities_loc"/>
    <link:calculationArc xlink:type="arc" xlink:arcrole="https://xbrl.org/2023/arcrole/summation-item" xlink:from="ifrs-full_CashFlowsFromUsedInInvestingActivities_loc" xlink:to="ifrs-full_ProceedsFromSalesOfPropertyPlantAndEquipmentClassifiedAsInvestingActivities_loc" order="2.0" weight="1.0"/>
    <link:loc xlink:type="locator" xlink:href="https://xbrl.ifrs.org/taxonomy/2022-03-24/full_ifrs/full_ifrs-cor_2022-03-24.xsd#ifrs-full_PurchaseOfIntangibleAssetsClassifiedAsInvestingActivities" xlink:label="ifrs-full_PurchaseOfIntangibleAssetsClassifiedAsInvestingActivities_loc"/>
    <link:calculationArc xlink:type="arc" xlink:arcrole="https://xbrl.org/2023/arcrole/summation-item" xlink:from="ifrs-full_CashFlowsFromUsedInInvestingActivities_loc" xlink:to="ifrs-full_PurchaseOfIntangibleAssetsClassifiedAsInvestingActivities_loc" order="3.0" weight="-1.0"/>
    <link:loc xlink:type="locator" xlink:href="https://xbrl.ifrs.org/taxonomy/2022-03-24/full_ifrs/full_ifrs-cor_2022-03-24.xsd#ifrs-full_ProceedsFromSalesOfIntangibleAssetsClassifiedAsInvestingActivities" xlink:label="ifrs-full_ProceedsFromSalesOfIntangibleAssetsClassifiedAsInvestingActivities_loc"/>
    <link:calculationArc xlink:type="arc" xlink:arcrole="https://xbrl.org/2023/arcrole/summation-item" xlink:from="ifrs-full_CashFlowsFromUsedInInvestingActivities_loc" xlink:to="ifrs-full_ProceedsFromSalesOfIntangibleAssetsClassifiedAsInvestingActivities_loc" order="4.0" weight="1.0"/>
    <link:loc xlink:type="locator" xlink:href="https://xbrl.ifrs.org/taxonomy/2022-03-24/full_ifrs/full_ifrs-cor_2022-03-24.xsd#ifrs-full_CashFlowsUsedInObtainingControlOfSubsidiariesOrOtherBusinessesClassifiedAsInvestingActivities" xlink:label="ifrs-full_CashFlowsUsedInObtainingControlOfSubsidiariesOrOtherBusinessesClassifiedAsInvestingActivities_loc"/>
    <link:calculationArc xlink:type="arc" xlink:arcrole="https://xbrl.org/2023/arcrole/summation-item" xlink:from="ifrs-full_CashFlowsFromUsedInInvestingActivities_loc" xlink:to="ifrs-full_CashFlowsUsedInObtainingControlOfSubsidiariesOrOtherBusinessesClassifiedAsInvestingActivities_loc" order="5.0" weight="-1.0"/>
    <link:loc xlink:type="locator" xlink:href="https://xbrl.ifrs.org/taxonomy/2022-03-24/full_ifrs/full_ifrs-cor_2022-03-24.xsd#ifrs-full_ProceedsFromSalesOfInterestsInAssociates" xlink:label="ifrs-full_ProceedsFromSalesOfInterestsInAssociates_loc"/>
    <link:calculationArc xlink:type="arc" xlink:arcrole="https://xbrl.org/2023/arcrole/summation-item" xlink:from="ifrs-full_CashFlowsFromUsedInInvestingActivities_loc" xlink:to="ifrs-full_ProceedsFromSalesOfInterestsInAssociates_loc" order="6.0" weight="1.0"/>
    <link:loc xlink:type="locator" xlink:href="https://xbrl.ifrs.org/taxonomy/2022-03-24/full_ifrs/full_ifrs-cor_2022-03-24.xsd#ifrs-full_ProceedsFromDisposalOrMaturityOfAvailableforsaleFinancialAssets" xlink:label="ifrs-full_ProceedsFromDisposalOrMaturityOfAvailableforsaleFinancialAssets_loc"/>
    <link:calculationArc xlink:type="arc" xlink:arcrole="https://xbrl.org/2023/arcrole/summation-item" xlink:from="ifrs-full_CashFlowsFromUsedInInvestingActivities_loc" xlink:to="ifrs-full_ProceedsFromDisposalOrMaturityOfAvailableforsaleFinancialAssets_loc" order="7.0" weight="1.0"/>
    <link:loc xlink:type="locator" xlink:href="https://xbrl.ifrs.org/taxonomy/2022-03-24/full_ifrs/full_ifrs-cor_2022-03-24.xsd#ifrs-full_InterestReceivedClassifiedAsInvestingActivities" xlink:label="ifrs-full_InterestReceivedClassifiedAsInvestingActivities_loc"/>
    <link:calculationArc xlink:type="arc" xlink:arcrole="https://xbrl.org/2023/arcrole/summation-item" xlink:from="ifrs-full_CashFlowsFromUsedInInvestingActivities_loc" xlink:to="ifrs-full_InterestReceivedClassifiedAsInvestingActivities_loc" order="8.0" weight="1.0"/>
    <link:loc xlink:type="locator" xlink:href="https://xbrl.ifrs.org/taxonomy/2022-03-24/full_ifrs/full_ifrs-cor_2022-03-24.xsd#ifrs-full_DividendsReceivedClassifiedAsInvestingActivities" xlink:label="ifrs-full_DividendsReceivedClassifiedAsInvestingActivities_loc"/>
    <link:calculationArc xlink:type="arc" xlink:arcrole="https://xbrl.org/2023/arcrole/summation-item" xlink:from="ifrs-full_CashFlowsFromUsedInInvestingActivities_loc" xlink:to="ifrs-full_DividendsReceivedClassifiedAsInvestingActivities_loc" order="9.0" weight="1.0"/>
    <link:loc xlink:type="locator" xlink:href="https://xbrl.ifrs.org/taxonomy/2022-03-24/full_ifrs/full_ifrs-cor_2022-03-24.xsd#ifrs-full_IncomeTaxesPaidRefundClassifiedAsInvestingActivities" xlink:label="ifrs-full_IncomeTaxesPaidRefundClassifiedAsInvestingActivities_loc"/>
    <link:calculationArc xlink:type="arc" xlink:arcrole="https://xbrl.org/2023/arcrole/summation-item" xlink:from="ifrs-full_CashFlowsFromUsedInInvestingActivities_loc" xlink:to="ifrs-full_IncomeTaxesPaidRefundClassifiedAsInvestingActivities_loc" order="10.0" weight="-1.0"/>
    <link:loc xlink:type="locator" xlink:href="https://xbrl.ifrs.org/taxonomy/2022-03-24/full_ifrs/full_ifrs-cor_2022-03-24.xsd#ifrs-full_CashFlowsFromUsedInFinancingActivities" xlink:label="ifrs-full_CashFlowsFromUsedInFinancingActivities_loc"/>
    <link:calculationArc xlink:type="arc" xlink:arcrole="https://xbrl.org/2023/arcrole/summation-item" xlink:from="ifrs-full_IncreaseDecreaseInCashAndCashEquivalents_loc" xlink:to="ifrs-full_CashFlowsFromUsedInFinancingActivities_loc" order="3.0" weight="1.0"/>
    <link:loc xlink:type="locator" xlink:href="https://xbrl.ifrs.org/taxonomy/2022-03-24/full_ifrs/full_ifrs-cor_2022-03-24.xsd#ifrs-full_ProceedsFromBorrowingsClassifiedAsFinancingActivities" xlink:label="ifrs-full_ProceedsFromBorrowingsClassifiedAsFinancingActivities_loc"/>
    <link:calculationArc xlink:type="arc" xlink:arcrole="https://xbrl.org/2023/arcrole/summation-item" xlink:from="ifrs-full_CashFlowsFromUsedInFinancingActivities_loc" xlink:to="ifrs-full_ProceedsFromBorrowingsClassifiedAsFinancingActivities_loc" order="1.0" weight="1.0"/>
    <link:loc xlink:type="locator" xlink:href="https://xbrl.ifrs.org/taxonomy/2022-03-24/full_ifrs/full_ifrs-cor_2022-03-24.xsd#ifrs-full_RepaymentsOfBorrowingsClassifiedAsFinancingActivities" xlink:label="ifrs-full_RepaymentsOfBorrowingsClassifiedAsFinancingActivities_loc"/>
    <link:calculationArc xlink:type="arc" xlink:arcrole="https://xbrl.org/2023/arcrole/summation-item" xlink:from="ifrs-full_CashFlowsFromUsedInFinancingActivities_loc" xlink:to="ifrs-full_RepaymentsOfBorrowingsClassifiedAsFinancingActivities_loc" order="2.0" weight="-1.0"/>
    <link:loc xlink:type="locator" xlink:href="https://xbrl.ifrs.org/taxonomy/2022-03-24/full_ifrs/full_ifrs-cor_2022-03-24.xsd#ifrs-full_ProceedsFromIssuingShares" xlink:label="ifrs-full_ProceedsFromIssuingShares_loc"/>
    <link:calculationArc xlink:type="arc" xlink:arcrole="https://xbrl.org/2023/arcrole/summation-item" xlink:from="ifrs-full_CashFlowsFromUsedInFinancingActivities_loc" xlink:to="ifrs-full_ProceedsFromIssuingShares_loc" order="3.0" weight="1.0"/>
    <link:loc xlink:type="locator" xlink:href="https://xbrl.ifrs.org/taxonomy/2022-03-24/full_ifrs/full_ifrs-cor_2022-03-24.xsd#ifrs-full_InterestPaidClassifiedAsFinancingActivities" xlink:label="ifrs-full_InterestPaidClassifiedAsFinancingActivities_loc"/>
    <link:calculationArc xlink:type="arc" xlink:arcrole="https://xbrl.org/2023/arcrole/summation-item" xlink:from="ifrs-full_CashFlowsFromUsedInFinancingActivities_loc" xlink:to="ifrs-full_InterestPaidClassifiedAsFinancingActivities_loc" order="4.0" weight="-1.0"/>
    <link:loc xlink:type="locator" xlink:href="https://xbrl.ifrs.org/taxonomy/2022-03-24/full_ifrs/full_ifrs-cor_2022-03-24.xsd#ifrs-full_DividendsPaidClassifiedAsFinancingActivities" xlink:label="ifrs-full_DividendsPaidClassifiedAsFinancingActivities_loc"/>
    <link:calculationArc xlink:type="arc" xlink:arcrole="https://xbrl.org/2023/arcrole/summation-item" xlink:from="ifrs-full_CashFlowsFromUsedInFinancingActivities_loc" xlink:to="ifrs-full_DividendsPaidClassifiedAsFinancingActivities_loc" order="5.0" weight="-1.0"/>
  </link:calculationLink>
</link:linkbase>
