<?xml version="1.0" encoding="UTF-8"?>

<link:linkbase xmlns:xsi="http://www.w3.org/2001/XMLSchema-instance" xsi:schemaLocation="http://www.xbrl.org/2003/linkbase http://www.xbrl.org/2003/xbrl-linkbase-2003-12-31.xsd" xmlns:link="http://www.xbrl.org/2003/linkbase" xmlns:xlink="http://www.w3.org/1999/xlink" xmlns:xbrli="http://www.xbrl.org/2003/instance">
  <link:labelLink xlink:type="extended" xlink:role="http://www.xbrl.org/2003/role/link">
    <link:loc xlink:type="locator" xlink:href="degrotebv-2023-12-31.xsd#groot_CurrentAssetsIncludedInDisposalGroupClassifiedAsHeldForSale" xlink:label="groot_CurrentAssetsIncludedInDisposalGroupClassifiedAsHeldForSale_loc"/>
    <link:label xlink:type="resource" xlink:label="groot_CurrentAssetsIncludedInDisposalGroupClassifiedAsHeldForSale_label_en" xlink:role="http://www.xbrl.org/2003/role/label" xml:lang="en">Assets included in disposal group classified as held for sale</link:label>
    <link:labelArc xlink:type="arc" xlink:arcrole="http://www.xbrl.org/2003/arcrole/concept-label" xlink:from="groot_CurrentAssetsIncludedInDisposalGroupClassifiedAsHeldForSale_loc" xlink:to="groot_CurrentAssetsIncludedInDisposalGroupClassifiedAsHeldForSale_label_en"/>
    <link:label xlink:type="resource" xlink:label="groot_CurrentAssetsIncludedInDisposalGroupClassifiedAsHeldForSale_documentation_en" xlink:role="http://www.xbrl.org/2003/role/documentation" xml:lang="en">The assets classified as held for sale.</link:label>
    <link:labelArc xlink:type="arc" xlink:arcrole="http://www.xbrl.org/2003/arcrole/concept-label" xlink:from="groot_CurrentAssetsIncludedInDisposalGroupClassifiedAsHeldForSale_loc" xlink:to="groot_CurrentAssetsIncludedInDisposalGroupClassifiedAsHeldForSale_documentation_en"/>
    <link:loc xlink:type="locator" xlink:href="degrotebv-2023-12-31.xsd#groot_OtherComponentsOfEquity" xlink:label="groot_OtherComponentsOfEquity_loc"/>
    <link:label xlink:type="resource" xlink:label="groot_OtherComponentsOfEquity_label_en" xlink:role="http://www.xbrl.org/2003/role/label" xml:lang="en">Other components of equity</link:label>
    <link:labelArc xlink:type="arc" xlink:arcrole="http://www.xbrl.org/2003/arcrole/concept-label" xlink:from="groot_OtherComponentsOfEquity_loc" xlink:to="groot_OtherComponentsOfEquity_label_en"/>
    <link:label xlink:type="resource" xlink:label="groot_OtherComponentsOfEquity_documentation_en" xlink:role="http://www.xbrl.org/2003/role/documentation" xml:lang="en">The other components of equity.</link:label>
    <link:labelArc xlink:type="arc" xlink:arcrole="http://www.xbrl.org/2003/arcrole/concept-label" xlink:from="groot_OtherComponentsOfEquity_loc" xlink:to="groot_OtherComponentsOfEquity_documentation_en"/>
    <link:loc xlink:type="locator" xlink:href="degrotebv-2023-12-31.xsd#groot_NonCashAdjustments" xlink:label="groot_NonCashAdjustments_loc"/>
    <link:label xlink:type="resource" xlink:label="groot_NonCashAdjustments_label_en" xlink:role="http://www.xbrl.org/2003/role/label" xml:lang="en">Non-cash adjustments</link:label>
    <link:labelArc xlink:type="arc" xlink:arcrole="http://www.xbrl.org/2003/arcrole/concept-label" xlink:from="groot_NonCashAdjustments_loc" xlink:to="groot_NonCashAdjustments_label_en"/>
    <link:label xlink:type="resource" xlink:label="groot_NonCashAdjustments_documentation_en" xlink:role="http://www.xbrl.org/2003/role/documentation" xml:lang="en">The amount of non-cash adjustments.</link:label>
    <link:labelArc xlink:type="arc" xlink:arcrole="http://www.xbrl.org/2003/arcrole/concept-label" xlink:from="groot_NonCashAdjustments_loc" xlink:to="groot_NonCashAdjustments_documentation_en"/>
    <link:loc xlink:type="locator" xlink:href="degrotebv-2023-12-31.xsd#groot_CashAndCashEquivalentsForContinuingOperations" xlink:label="groot_CashAndCashEquivalentsForContinuingOperations_loc"/>
    <link:label xlink:type="resource" xlink:label="groot_CashAndCashEquivalentsForContinuingOperations_documentation_en" xlink:role="http://www.xbrl.org/2003/role/documentation" xml:lang="en">The amount of cash and cash equivalents for continuing operations.</link:label>
    <link:labelArc xlink:type="arc" xlink:arcrole="http://www.xbrl.org/2003/arcrole/concept-label" xlink:from="groot_CashAndCashEquivalentsForContinuingOperations_loc" xlink:to="groot_CashAndCashEquivalentsForContinuingOperations_documentation_en"/>
    <link:label xlink:type="resource" xlink:label="groot_CashAndCashEquivalentsForContinuingOperations_label_en" xlink:role="http://www.xbrl.org/2003/role/label" xml:lang="en">Cash and cash equivalents for continuing operations</link:label>
    <link:labelArc xlink:type="arc" xlink:arcrole="http://www.xbrl.org/2003/arcrole/concept-label" xlink:from="groot_CashAndCashEquivalentsForContinuingOperations_loc" xlink:to="groot_CashAndCashEquivalentsForContinuingOperations_label_en"/>
    <link:loc xlink:type="locator" xlink:href="degrotebv-2023-12-31.xsd#groot_OtherComponentsOfEquityMember" xlink:label="groot_OtherComponentsOfEquityMember_loc"/>
    <link:label xlink:type="resource" xlink:label="groot_OtherComponentsOfEquityMember_label_en" xlink:role="http://www.xbrl.org/2003/role/label" xml:lang="en">Other components of equity [member]</link:label>
    <link:labelArc xlink:type="arc" xlink:arcrole="http://www.xbrl.org/2003/arcrole/concept-label" xlink:from="groot_OtherComponentsOfEquityMember_loc" xlink:to="groot_OtherComponentsOfEquityMember_label_en"/>
  </link:labelLink>
</link:linkbase>
