<?xml version="1.0" encoding="UTF-8"?>

<link:linkbase xmlns:link="http://www.xbrl.org/2003/linkbase" xmlns:xlink="http://www.w3.org/1999/xlink">
  <link:roleRef roleURI="https://www.degrotebv.nl/role/ConsolidatedStatementOfFinancialPosition" xlink:type="simple" xlink:href="degrotebv-2023-12-31.xsd#ConsolidatedStatementOfFinancialPosition"/>
  <link:roleRef roleURI="https://www.degrotebv.nl/role/DocumentAndEntityInformation" xlink:type="simple" xlink:href="degrotebv-2023-12-31.xsd#DocumentAndEntityInformation"/>
  <link:roleRef roleURI="https://www.degrotebv.nl/role/ConsolidatedStatementOfProfitAndLoss" xlink:type="simple" xlink:href="degrotebv-2023-12-31.xsd#ConsolidatedStatementOfProfitAndLoss"/>
  <link:roleRef roleURI="https://www.degrotebv.nl/role/ConsolidatedStatementOfComprehensiveIncome" xlink:type="simple" xlink:href="degrotebv-2023-12-31.xsd#ConsolidatedStatementOfComprehensiveIncome"/>
  <link:roleRef roleURI="https://www.degrotebv.nl/role/ConsolidatedStatementOfCashFlows" xlink:type="simple" xlink:href="degrotebv-2023-12-31.xsd#ConsolidatedStatementOfCashFlows"/>
  <link:roleRef roleURI="https://www.degrotebv.nl/role/ConsolidatedStatementOfChangesInEquity" xlink:type="simple" xlink:href="degrotebv-2023-12-31.xsd#ConsolidatedStatementOfChangesInEquity"/>
  <link:presentationLink xlink:type="extended" xlink:role="https://www.degrotebv.nl/role/DocumentAndEntityInformation">
    <link:loc xlink:type="locator" xlink:href="https://www.nltaxonomie.nl/kvk/2024-03-31/kvk-cor.xsd#kvk_DocumentEntityInformationTitle" xlink:label="kvk_DocumentEntityInformationTitle_loc"/>
    <link:loc xlink:type="locator" xlink:href="https://www.nltaxonomie.nl/jenv/2024-03-31/bw2-titel9-cor.xsd#bw2-titel9_LegalEntityRegisteredOffice" xlink:label="bw2-titel9_LegalEntityRegisteredOffice_loc"/>
    <link:presentationArc xlink:type="arc" xlink:arcrole="http://www.xbrl.org/2003/arcrole/parent-child" xlink:from="kvk_DocumentEntityInformationTitle_loc" xlink:to="bw2-titel9_LegalEntityRegisteredOffice_loc" order="3.0"/>
    <link:loc xlink:type="locator" xlink:href="https://www.nltaxonomie.nl/jenv/2024-03-31/bw2-titel9-cor.xsd#bw2-titel9_LegalEntityLegalForm" xlink:label="bw2-titel9_LegalEntityLegalForm_loc"/>
    <link:presentationArc xlink:type="arc" xlink:arcrole="http://www.xbrl.org/2003/arcrole/parent-child" xlink:from="kvk_DocumentEntityInformationTitle_loc" xlink:to="bw2-titel9_LegalEntityLegalForm_loc" order="2.0"/>
    <link:loc xlink:type="locator" xlink:href="https://www.nltaxonomie.nl/jenv/2024-03-31/bw2-titel9-cor.xsd#bw2-titel9_LegalEntityName" xlink:label="bw2-titel9_LegalEntityName_loc"/>
    <link:presentationArc xlink:type="arc" xlink:arcrole="http://www.xbrl.org/2003/arcrole/parent-child" xlink:from="kvk_DocumentEntityInformationTitle_loc" xlink:to="bw2-titel9_LegalEntityName_loc" order="1.0"/>
    <link:loc xlink:type="locator" xlink:href="https://www.nltaxonomie.nl/jenv/2024-03-31/bw2-titel9-cor.xsd#bw2-titel9_ChamberOfCommerceRegistrationNumber" xlink:label="bw2-titel9_ChamberOfCommerceRegistrationNumber_loc"/>
    <link:presentationArc xlink:type="arc" xlink:arcrole="http://www.xbrl.org/2003/arcrole/parent-child" xlink:from="kvk_DocumentEntityInformationTitle_loc" xlink:to="bw2-titel9_ChamberOfCommerceRegistrationNumber_loc" order="4.0"/>
    <link:loc xlink:type="locator" xlink:href="https://www.nltaxonomie.nl/jenv/2024-03-31/bw2-titel9-cor.xsd#bw2-titel9_DocumentAdoptionStatus" xlink:label="bw2-titel9_DocumentAdoptionStatus_loc"/>
    <link:presentationArc xlink:type="arc" xlink:arcrole="http://www.xbrl.org/2003/arcrole/parent-child" xlink:from="kvk_DocumentEntityInformationTitle_loc" xlink:to="bw2-titel9_DocumentAdoptionStatus_loc" order="9.0"/>
    <link:loc xlink:type="locator" xlink:href="https://www.nltaxonomie.nl/jenv/2024-03-31/bw2-titel9-cor.xsd#bw2-titel9_FinancialReportingPeriodEndDate" xlink:label="bw2-titel9_FinancialReportingPeriodEndDate_loc"/>
    <link:presentationArc xlink:type="arc" xlink:arcrole="http://www.xbrl.org/2003/arcrole/parent-child" xlink:from="kvk_DocumentEntityInformationTitle_loc" xlink:to="bw2-titel9_FinancialReportingPeriodEndDate_loc" order="6.0"/>
    <link:loc xlink:type="locator" xlink:href="https://www.nltaxonomie.nl/jenv/2024-03-31/bw2-titel9-cor.xsd#bw2-titel9_FinancialReportingPeriod" xlink:label="bw2-titel9_FinancialReportingPeriod_loc"/>
    <link:presentationArc xlink:type="arc" xlink:arcrole="http://www.xbrl.org/2003/arcrole/parent-child" xlink:from="kvk_DocumentEntityInformationTitle_loc" xlink:to="bw2-titel9_FinancialReportingPeriod_loc" order="7.0"/>
    <link:loc xlink:type="locator" xlink:href="https://www.nltaxonomie.nl/rj/2024-03-31/rj-cor.xsd#rj_FinancialStatementsConsolidated" xlink:label="rj_FinancialStatementsConsolidated_loc"/>
    <link:presentationArc xlink:type="arc" xlink:arcrole="http://www.xbrl.org/2003/arcrole/parent-child" xlink:from="kvk_DocumentEntityInformationTitle_loc" xlink:to="rj_FinancialStatementsConsolidated_loc" order="8.0"/>
    <link:loc xlink:type="locator" xlink:href="https://www.nltaxonomie.nl/jenv/2024-03-31/bw2-titel9-cor.xsd#bw2-titel9_DocumentAdoptionDate" xlink:label="bw2-titel9_DocumentAdoptionDate_loc"/>
    <link:presentationArc xlink:type="arc" xlink:arcrole="http://www.xbrl.org/2003/arcrole/parent-child" xlink:from="kvk_DocumentEntityInformationTitle_loc" xlink:to="bw2-titel9_DocumentAdoptionDate_loc" order="10.0"/>
    <link:loc xlink:type="locator" xlink:href="https://www.nltaxonomie.nl/kvk/2024-03-31/kvk-cor.xsd#kvk_LegalEntitySizeLarge" xlink:label="kvk_LegalEntitySizeLarge_loc"/>
    <link:presentationArc xlink:type="arc" xlink:arcrole="http://www.xbrl.org/2003/arcrole/parent-child" xlink:from="kvk_DocumentEntityInformationTitle_loc" xlink:to="kvk_LegalEntitySizeLarge_loc" order="5.0"/>
  </link:presentationLink>
  <link:presentationLink xlink:type="extended" xlink:role="https://www.degrotebv.nl/role/ConsolidatedStatementOfChangesInEquity">
    <link:loc xlink:type="locator" xlink:href="https://xbrl.ifrs.org/taxonomy/2022-03-24/full_ifrs/full_ifrs-cor_2022-03-24.xsd#ifrs-full_StatementOfChangesInEquityAbstract" xlink:label="ifrs-full_StatementOfChangesInEquityAbstract_loc"/>
    <link:loc xlink:type="locator" xlink:href="https://xbrl.ifrs.org/taxonomy/2022-03-24/full_ifrs/full_ifrs-cor_2022-03-24.xsd#ifrs-full_StatementOfChangesInEquityLineItems" xlink:label="ifrs-full_StatementOfChangesInEquityLineItems_loc"/>
    <link:presentationArc xlink:type="arc" xlink:arcrole="http://www.xbrl.org/2003/arcrole/parent-child" xlink:from="ifrs-full_StatementOfChangesInEquityAbstract_loc" xlink:to="ifrs-full_StatementOfChangesInEquityLineItems_loc" order="2.0"/>
    <link:loc xlink:type="locator" xlink:href="https://xbrl.ifrs.org/taxonomy/2022-03-24/full_ifrs/full_ifrs-cor_2022-03-24.xsd#ifrs-full_StatementOfChangesInEquityTable" xlink:label="ifrs-full_StatementOfChangesInEquityTable_loc"/>
    <link:presentationArc xlink:type="arc" xlink:arcrole="http://www.xbrl.org/2003/arcrole/parent-child" xlink:from="ifrs-full_StatementOfChangesInEquityLineItems_loc" xlink:to="ifrs-full_StatementOfChangesInEquityTable_loc" order="1.0"/>
    <link:loc xlink:type="locator" xlink:href="https://xbrl.ifrs.org/taxonomy/2022-03-24/full_ifrs/full_ifrs-cor_2022-03-24.xsd#ifrs-full_ComponentsOfEquityAxis" xlink:label="ifrs-full_ComponentsOfEquityAxis_loc"/>
    <link:presentationArc xlink:type="arc" xlink:arcrole="http://www.xbrl.org/2003/arcrole/parent-child" xlink:from="ifrs-full_StatementOfChangesInEquityTable_loc" xlink:to="ifrs-full_ComponentsOfEquityAxis_loc" order="1.0"/>
    <link:loc xlink:type="locator" xlink:href="https://xbrl.ifrs.org/taxonomy/2022-03-24/full_ifrs/full_ifrs-cor_2022-03-24.xsd#ifrs-full_EquityAttributableToOwnersOfParentMember" xlink:label="ifrs-full_EquityAttributableToOwnersOfParentMember_loc"/>
    <link:presentationArc xlink:type="arc" xlink:arcrole="http://www.xbrl.org/2003/arcrole/parent-child" xlink:from="ifrs-full_ComponentsOfEquityAxis_loc" xlink:to="ifrs-full_EquityAttributableToOwnersOfParentMember_loc" order="5.0"/>
    <link:loc xlink:type="locator" xlink:href="https://xbrl.ifrs.org/taxonomy/2022-03-24/full_ifrs/full_ifrs-cor_2022-03-24.xsd#ifrs-full_IssuedCapitalMember" xlink:label="ifrs-full_IssuedCapitalMember_loc"/>
    <link:presentationArc xlink:type="arc" xlink:arcrole="http://www.xbrl.org/2003/arcrole/parent-child" xlink:from="ifrs-full_EquityAttributableToOwnersOfParentMember_loc" xlink:to="ifrs-full_IssuedCapitalMember_loc" order="1.0"/>
    <link:loc xlink:type="locator" xlink:href="https://xbrl.ifrs.org/taxonomy/2022-03-24/full_ifrs/full_ifrs-cor_2022-03-24.xsd#ifrs-full_SharePremiumMember" xlink:label="ifrs-full_SharePremiumMember_loc"/>
    <link:presentationArc xlink:type="arc" xlink:arcrole="http://www.xbrl.org/2003/arcrole/parent-child" xlink:from="ifrs-full_EquityAttributableToOwnersOfParentMember_loc" xlink:to="ifrs-full_SharePremiumMember_loc" order="2.0"/>
    <link:loc xlink:type="locator" xlink:href="degrotebv-2023-12-31.xsd#groot_OtherComponentsOfEquityMember" xlink:label="groot_OtherComponentsOfEquityMember_loc"/>
    <link:presentationArc xlink:type="arc" xlink:arcrole="http://www.xbrl.org/2003/arcrole/parent-child" xlink:from="ifrs-full_EquityAttributableToOwnersOfParentMember_loc" xlink:to="groot_OtherComponentsOfEquityMember_loc" order="3.0"/>
    <link:loc xlink:type="locator" xlink:href="https://xbrl.ifrs.org/taxonomy/2022-03-24/full_ifrs/full_ifrs-cor_2022-03-24.xsd#ifrs-full_RetainedEarningsMember" xlink:label="ifrs-full_RetainedEarningsMember_loc"/>
    <link:presentationArc xlink:type="arc" xlink:arcrole="http://www.xbrl.org/2003/arcrole/parent-child" xlink:from="ifrs-full_EquityAttributableToOwnersOfParentMember_loc" xlink:to="ifrs-full_RetainedEarningsMember_loc" order="4.0"/>
    <link:loc xlink:type="locator" xlink:href="https://xbrl.ifrs.org/taxonomy/2022-03-24/full_ifrs/full_ifrs-cor_2022-03-24.xsd#ifrs-full_NoncontrollingInterestsMember" xlink:label="ifrs-full_NoncontrollingInterestsMember_loc"/>
    <link:presentationArc xlink:type="arc" xlink:arcrole="http://www.xbrl.org/2003/arcrole/parent-child" xlink:from="ifrs-full_ComponentsOfEquityAxis_loc" xlink:to="ifrs-full_NoncontrollingInterestsMember_loc" order="6.0"/>
    <link:loc xlink:type="locator" xlink:href="https://xbrl.ifrs.org/taxonomy/2022-03-24/full_ifrs/full_ifrs-cor_2022-03-24.xsd#ifrs-full_EquityMember" xlink:label="ifrs-full_EquityMember_loc"/>
    <link:presentationArc xlink:type="arc" xlink:arcrole="http://www.xbrl.org/2003/arcrole/parent-child" xlink:from="ifrs-full_ComponentsOfEquityAxis_loc" xlink:to="ifrs-full_EquityMember_loc" order="7.0"/>
    <link:loc xlink:type="locator" xlink:href="https://xbrl.ifrs.org/taxonomy/2022-03-24/full_ifrs/full_ifrs-cor_2022-03-24.xsd#ifrs-full_Equity" xlink:label="ifrs-full_Equity_loc"/>
    <link:presentationArc xlink:type="arc" xlink:arcrole="http://www.xbrl.org/2003/arcrole/parent-child" xlink:from="ifrs-full_StatementOfChangesInEquityLineItems_loc" xlink:to="ifrs-full_Equity_loc" order="2.0"/>
    <link:loc xlink:type="locator" xlink:href="https://xbrl.ifrs.org/taxonomy/2022-03-24/full_ifrs/full_ifrs-cor_2022-03-24.xsd#ifrs-full_DividendsPaid" xlink:label="ifrs-full_DividendsPaid_loc"/>
    <link:presentationArc xlink:type="arc" xlink:arcrole="http://www.xbrl.org/2003/arcrole/parent-child" xlink:from="ifrs-full_StatementOfChangesInEquityLineItems_loc" xlink:to="ifrs-full_DividendsPaid_loc" order="3.0"/>
    <link:loc xlink:type="locator" xlink:href="https://xbrl.ifrs.org/taxonomy/2022-03-24/full_ifrs/full_ifrs-cor_2022-03-24.xsd#ifrs-full_ExpenseFromSharebasedPaymentTransactionsWithEmployees" xlink:label="ifrs-full_ExpenseFromSharebasedPaymentTransactionsWithEmployees_loc"/>
    <link:presentationArc xlink:type="arc" xlink:arcrole="http://www.xbrl.org/2003/arcrole/parent-child" xlink:from="ifrs-full_StatementOfChangesInEquityLineItems_loc" xlink:to="ifrs-full_ExpenseFromSharebasedPaymentTransactionsWithEmployees_loc" order="5.0"/>
    <link:loc xlink:type="locator" xlink:href="degrotebv-2023-12-31.xsd#groot_IssueOfShareCapitalOnExerciseOfEmployeeSharebasedCompensation" xlink:label="groot_IssueOfShareCapitalOnExerciseOfEmployeeSharebasedCompensation_loc"/>
    <link:presentationArc xlink:type="arc" xlink:arcrole="http://www.xbrl.org/2003/arcrole/parent-child" xlink:from="ifrs-full_StatementOfChangesInEquityLineItems_loc" xlink:to="groot_IssueOfShareCapitalOnExerciseOfEmployeeSharebasedCompensation_loc" order="4.0"/>
    <link:loc xlink:type="locator" xlink:href="degrotebv-2023-12-31.xsd#groot_IssueOfShareCapitalOnPrivatePlacement" xlink:label="groot_IssueOfShareCapitalOnPrivatePlacement_loc"/>
    <link:presentationArc xlink:type="arc" xlink:arcrole="http://www.xbrl.org/2003/arcrole/parent-child" xlink:from="ifrs-full_StatementOfChangesInEquityLineItems_loc" xlink:to="groot_IssueOfShareCapitalOnPrivatePlacement_loc" order="7.0"/>
    <link:loc xlink:type="locator" xlink:href="https://xbrl.ifrs.org/taxonomy/2022-03-24/full_ifrs/full_ifrs-cor_2022-03-24.xsd#ifrs-full_IncreaseDecreaseThroughTransactionsWithOwners" xlink:label="ifrs-full_IncreaseDecreaseThroughTransactionsWithOwners_loc"/>
    <link:presentationArc xlink:type="arc" xlink:arcrole="http://www.xbrl.org/2003/arcrole/parent-child" xlink:from="ifrs-full_StatementOfChangesInEquityLineItems_loc" xlink:to="ifrs-full_IncreaseDecreaseThroughTransactionsWithOwners_loc" order="8.0"/>
    <link:loc xlink:type="locator" xlink:href="https://xbrl.ifrs.org/taxonomy/2022-03-24/full_ifrs/full_ifrs-cor_2022-03-24.xsd#ifrs-full_ComprehensiveIncome" xlink:label="ifrs-full_ComprehensiveIncome_loc"/>
    <link:presentationArc xlink:type="arc" xlink:arcrole="http://www.xbrl.org/2003/arcrole/parent-child" xlink:from="ifrs-full_StatementOfChangesInEquityLineItems_loc" xlink:to="ifrs-full_ComprehensiveIncome_loc" order="10.0"/>
  </link:presentationLink>
  <link:presentationLink xlink:type="extended" xlink:role="https://www.degrotebv.nl/role/ConsolidatedStatementOfComprehensiveIncome">
    <link:loc xlink:type="locator" xlink:href="https://xbrl.ifrs.org/taxonomy/2022-03-24/full_ifrs/full_ifrs-cor_2022-03-24.xsd#ifrs-full_ComprehensiveIncome" xlink:label="ifrs-full_ComprehensiveIncome_loc"/>
    <link:loc xlink:type="locator" xlink:href="https://xbrl.ifrs.org/taxonomy/2022-03-24/full_ifrs/full_ifrs-cor_2022-03-24.xsd#ifrs-full_ComprehensiveIncomeAttributableToAbstract" xlink:label="ifrs-full_ComprehensiveIncomeAttributableToAbstract_loc"/>
    <link:presentationArc xlink:type="arc" xlink:arcrole="http://www.xbrl.org/2003/arcrole/parent-child" xlink:from="ifrs-full_ComprehensiveIncome_loc" xlink:to="ifrs-full_ComprehensiveIncomeAttributableToAbstract_loc" order="1.0"/>
    <link:loc xlink:type="locator" xlink:href="https://xbrl.ifrs.org/taxonomy/2022-03-24/full_ifrs/full_ifrs-cor_2022-03-24.xsd#ifrs-full_ComprehensiveIncomeAttributableToNoncontrollingInterests" xlink:label="ifrs-full_ComprehensiveIncomeAttributableToNoncontrollingInterests_loc"/>
    <link:presentationArc xlink:type="arc" xlink:arcrole="http://www.xbrl.org/2003/arcrole/parent-child" xlink:from="ifrs-full_ComprehensiveIncomeAttributableToAbstract_loc" xlink:to="ifrs-full_ComprehensiveIncomeAttributableToNoncontrollingInterests_loc" order="1.0"/>
    <link:loc xlink:type="locator" xlink:href="https://xbrl.ifrs.org/taxonomy/2022-03-24/full_ifrs/full_ifrs-cor_2022-03-24.xsd#ifrs-full_ComprehensiveIncomeAttributableToOwnersOfParent" xlink:label="ifrs-full_ComprehensiveIncomeAttributableToOwnersOfParent_loc"/>
    <link:presentationArc xlink:type="arc" xlink:arcrole="http://www.xbrl.org/2003/arcrole/parent-child" xlink:from="ifrs-full_ComprehensiveIncomeAttributableToAbstract_loc" xlink:to="ifrs-full_ComprehensiveIncomeAttributableToOwnersOfParent_loc" order="2.0"/>
    <link:loc xlink:type="locator" xlink:href="https://xbrl.ifrs.org/taxonomy/2022-03-24/full_ifrs/full_ifrs-cor_2022-03-24.xsd#ifrs-full_StatementOfComprehensiveIncomeAbstract" xlink:label="ifrs-full_StatementOfComprehensiveIncomeAbstract_loc"/>
    <link:loc xlink:type="locator" xlink:href="https://xbrl.ifrs.org/taxonomy/2022-03-24/full_ifrs/full_ifrs-cor_2022-03-24.xsd#ifrs-full_ProfitLoss" xlink:label="ifrs-full_ProfitLoss_loc"/>
    <link:presentationArc xlink:type="arc" xlink:arcrole="http://www.xbrl.org/2003/arcrole/parent-child" xlink:from="ifrs-full_StatementOfComprehensiveIncomeAbstract_loc" xlink:to="ifrs-full_ProfitLoss_loc" order="1.0"/>
    <link:loc xlink:type="locator" xlink:href="https://xbrl.ifrs.org/taxonomy/2022-03-24/full_ifrs/full_ifrs-cor_2022-03-24.xsd#ifrs-full_OtherComprehensiveIncomeAbstract" xlink:label="ifrs-full_OtherComprehensiveIncomeAbstract_loc"/>
    <link:presentationArc xlink:type="arc" xlink:arcrole="http://www.xbrl.org/2003/arcrole/parent-child" xlink:from="ifrs-full_StatementOfComprehensiveIncomeAbstract_loc" xlink:to="ifrs-full_OtherComprehensiveIncomeAbstract_loc" order="2.0"/>
    <link:loc xlink:type="locator" xlink:href="https://xbrl.ifrs.org/taxonomy/2022-03-24/full_ifrs/full_ifrs-cor_2022-03-24.xsd#ifrs-full_ComponentsOfOtherComprehensiveIncomeThatWillNotBeReclassifiedToProfitOrLossBeforeTaxAbstract" xlink:label="ifrs-full_ComponentsOfOtherComprehensiveIncomeThatWillNotBeReclassifiedToProfitOrLossBeforeTaxAbstract_loc"/>
    <link:presentationArc xlink:type="arc" xlink:arcrole="http://www.xbrl.org/2003/arcrole/parent-child" xlink:from="ifrs-full_OtherComprehensiveIncomeAbstract_loc" xlink:to="ifrs-full_ComponentsOfOtherComprehensiveIncomeThatWillNotBeReclassifiedToProfitOrLossBeforeTaxAbstract_loc" order="4.0"/>
    <link:loc xlink:type="locator" xlink:href="https://xbrl.ifrs.org/taxonomy/2022-03-24/full_ifrs/full_ifrs-cor_2022-03-24.xsd#ifrs-full_OtherComprehensiveIncomeBeforeTaxGainsLossesOnRevaluation" xlink:label="ifrs-full_OtherComprehensiveIncomeBeforeTaxGainsLossesOnRevaluation_loc"/>
    <link:presentationArc xlink:type="arc" xlink:arcrole="http://www.xbrl.org/2003/arcrole/parent-child" xlink:from="ifrs-full_ComponentsOfOtherComprehensiveIncomeThatWillNotBeReclassifiedToProfitOrLossBeforeTaxAbstract_loc" xlink:to="ifrs-full_OtherComprehensiveIncomeBeforeTaxGainsLossesOnRevaluation_loc" order="1.0"/>
    <link:loc xlink:type="locator" xlink:href="https://xbrl.ifrs.org/taxonomy/2022-03-24/full_ifrs/full_ifrs-cor_2022-03-24.xsd#ifrs-full_OtherComprehensiveIncomeBeforeTaxGainsLossesOnRemeasurementsOfDefinedBenefitPlans" xlink:label="ifrs-full_OtherComprehensiveIncomeBeforeTaxGainsLossesOnRemeasurementsOfDefinedBenefitPlans_loc"/>
    <link:presentationArc xlink:type="arc" xlink:arcrole="http://www.xbrl.org/2003/arcrole/parent-child" xlink:from="ifrs-full_ComponentsOfOtherComprehensiveIncomeThatWillNotBeReclassifiedToProfitOrLossBeforeTaxAbstract_loc" xlink:to="ifrs-full_OtherComprehensiveIncomeBeforeTaxGainsLossesOnRemeasurementsOfDefinedBenefitPlans_loc" order="2.0"/>
    <link:loc xlink:type="locator" xlink:href="https://xbrl.ifrs.org/taxonomy/2022-03-24/full_ifrs/full_ifrs-cor_2022-03-24.xsd#ifrs-full_IncomeTaxRelatingToComponentsOfOtherComprehensiveIncomeThatWillNotBeReclassifiedToProfitOrLoss" xlink:label="ifrs-full_IncomeTaxRelatingToComponentsOfOtherComprehensiveIncomeThatWillNotBeReclassifiedToProfitOrLoss_loc"/>
    <link:presentationArc xlink:type="arc" xlink:arcrole="http://www.xbrl.org/2003/arcrole/parent-child" xlink:from="ifrs-full_ComponentsOfOtherComprehensiveIncomeThatWillNotBeReclassifiedToProfitOrLossBeforeTaxAbstract_loc" xlink:to="ifrs-full_IncomeTaxRelatingToComponentsOfOtherComprehensiveIncomeThatWillNotBeReclassifiedToProfitOrLoss_loc" order="3.0"/>
    <link:loc xlink:type="locator" xlink:href="https://xbrl.ifrs.org/taxonomy/2022-03-24/full_ifrs/full_ifrs-cor_2022-03-24.xsd#ifrs-full_ComponentsOfOtherComprehensiveIncomeThatWillBeReclassifiedToProfitOrLossBeforeTaxAbstract" xlink:label="ifrs-full_ComponentsOfOtherComprehensiveIncomeThatWillBeReclassifiedToProfitOrLossBeforeTaxAbstract_loc"/>
    <link:presentationArc xlink:type="arc" xlink:arcrole="http://www.xbrl.org/2003/arcrole/parent-child" xlink:from="ifrs-full_OtherComprehensiveIncomeAbstract_loc" xlink:to="ifrs-full_ComponentsOfOtherComprehensiveIncomeThatWillBeReclassifiedToProfitOrLossBeforeTaxAbstract_loc" order="5.0"/>
    <link:loc xlink:type="locator" xlink:href="https://xbrl.ifrs.org/taxonomy/2022-03-24/full_ifrs/full_ifrs-cor_2022-03-24.xsd#ifrs-full_OtherComprehensiveIncomeBeforeTaxCashFlowHedges" xlink:label="ifrs-full_OtherComprehensiveIncomeBeforeTaxCashFlowHedges_loc"/>
    <link:presentationArc xlink:type="arc" xlink:arcrole="http://www.xbrl.org/2003/arcrole/parent-child" xlink:from="ifrs-full_ComponentsOfOtherComprehensiveIncomeThatWillBeReclassifiedToProfitOrLossBeforeTaxAbstract_loc" xlink:to="ifrs-full_OtherComprehensiveIncomeBeforeTaxCashFlowHedges_loc" order="1.0"/>
    <link:loc xlink:type="locator" xlink:href="https://xbrl.ifrs.org/taxonomy/2022-03-24/full_ifrs/full_ifrs-cor_2022-03-24.xsd#ifrs-full_OtherComprehensiveIncomeBeforeTaxExchangeDifferencesOnTranslation" xlink:label="ifrs-full_OtherComprehensiveIncomeBeforeTaxExchangeDifferencesOnTranslation_loc"/>
    <link:presentationArc xlink:type="arc" xlink:arcrole="http://www.xbrl.org/2003/arcrole/parent-child" xlink:from="ifrs-full_ComponentsOfOtherComprehensiveIncomeThatWillBeReclassifiedToProfitOrLossBeforeTaxAbstract_loc" xlink:to="ifrs-full_OtherComprehensiveIncomeBeforeTaxExchangeDifferencesOnTranslation_loc" order="2.0"/>
    <link:loc xlink:type="locator" xlink:href="https://xbrl.ifrs.org/taxonomy/2022-03-24/full_ifrs/full_ifrs-cor_2022-03-24.xsd#ifrs-full_OtherComprehensiveIncomeBeforeTaxGainsLossesFromInvestmentsInEquityInstruments" xlink:label="ifrs-full_OtherComprehensiveIncomeBeforeTaxGainsLossesFromInvestmentsInEquityInstruments_loc"/>
    <link:presentationArc xlink:type="arc" xlink:arcrole="http://www.xbrl.org/2003/arcrole/parent-child" xlink:from="ifrs-full_ComponentsOfOtherComprehensiveIncomeThatWillBeReclassifiedToProfitOrLossBeforeTaxAbstract_loc" xlink:to="ifrs-full_OtherComprehensiveIncomeBeforeTaxGainsLossesFromInvestmentsInEquityInstruments_loc" order="3.0"/>
    <link:loc xlink:type="locator" xlink:href="https://xbrl.ifrs.org/taxonomy/2022-03-24/full_ifrs/full_ifrs-cor_2022-03-24.xsd#ifrs-full_IncomeTaxRelatingToComponentsOfOtherComprehensiveIncomeThatWillBeReclassifiedToProfitOrLoss" xlink:label="ifrs-full_IncomeTaxRelatingToComponentsOfOtherComprehensiveIncomeThatWillBeReclassifiedToProfitOrLoss_loc"/>
    <link:presentationArc xlink:type="arc" xlink:arcrole="http://www.xbrl.org/2003/arcrole/parent-child" xlink:from="ifrs-full_ComponentsOfOtherComprehensiveIncomeThatWillBeReclassifiedToProfitOrLossBeforeTaxAbstract_loc" xlink:to="ifrs-full_IncomeTaxRelatingToComponentsOfOtherComprehensiveIncomeThatWillBeReclassifiedToProfitOrLoss_loc" order="4.0"/>
    <link:loc xlink:type="locator" xlink:href="https://xbrl.ifrs.org/taxonomy/2022-03-24/full_ifrs/full_ifrs-cor_2022-03-24.xsd#ifrs-full_OtherComprehensiveIncome" xlink:label="ifrs-full_OtherComprehensiveIncome_loc"/>
    <link:presentationArc xlink:type="arc" xlink:arcrole="http://www.xbrl.org/2003/arcrole/parent-child" xlink:from="ifrs-full_OtherComprehensiveIncomeAbstract_loc" xlink:to="ifrs-full_OtherComprehensiveIncome_loc" order="6.0"/>
    <link:presentationArc xlink:type="arc" xlink:arcrole="http://www.xbrl.org/2003/arcrole/parent-child" xlink:from="ifrs-full_StatementOfComprehensiveIncomeAbstract_loc" xlink:to="ifrs-full_ComprehensiveIncome_loc" order="3.0"/>
  </link:presentationLink>
  <link:presentationLink xlink:type="extended" xlink:role="https://www.degrotebv.nl/role/ConsolidatedStatementOfFinancialPosition">
    <link:loc xlink:type="locator" xlink:href="https://xbrl.ifrs.org/taxonomy/2022-03-24/full_ifrs/full_ifrs-cor_2022-03-24.xsd#ifrs-full_StatementOfFinancialPositionAbstract" xlink:label="ifrs-full_StatementOfFinancialPositionAbstract_loc"/>
    <link:loc xlink:type="locator" xlink:href="https://xbrl.ifrs.org/taxonomy/2022-03-24/full_ifrs/full_ifrs-cor_2022-03-24.xsd#ifrs-full_AssetsAbstract" xlink:label="ifrs-full_AssetsAbstract_loc"/>
    <link:presentationArc xlink:type="arc" xlink:arcrole="http://www.xbrl.org/2003/arcrole/parent-child" xlink:from="ifrs-full_StatementOfFinancialPositionAbstract_loc" xlink:to="ifrs-full_AssetsAbstract_loc" order="1.0"/>
    <link:loc xlink:type="locator" xlink:href="https://xbrl.ifrs.org/taxonomy/2022-03-24/full_ifrs/full_ifrs-cor_2022-03-24.xsd#ifrs-full_NoncurrentAssetsAbstract" xlink:label="ifrs-full_NoncurrentAssetsAbstract_loc"/>
    <link:presentationArc xlink:type="arc" xlink:arcrole="http://www.xbrl.org/2003/arcrole/parent-child" xlink:from="ifrs-full_AssetsAbstract_loc" xlink:to="ifrs-full_NoncurrentAssetsAbstract_loc" order="1.0"/>
    <link:loc xlink:type="locator" xlink:href="https://xbrl.ifrs.org/taxonomy/2022-03-24/full_ifrs/full_ifrs-cor_2022-03-24.xsd#ifrs-full_Goodwill" xlink:label="ifrs-full_Goodwill_loc"/>
    <link:presentationArc xlink:type="arc" xlink:arcrole="http://www.xbrl.org/2003/arcrole/parent-child" xlink:from="ifrs-full_NoncurrentAssetsAbstract_loc" xlink:to="ifrs-full_Goodwill_loc" order="1.0"/>
    <link:loc xlink:type="locator" xlink:href="https://xbrl.ifrs.org/taxonomy/2022-03-24/full_ifrs/full_ifrs-cor_2022-03-24.xsd#ifrs-full_PropertyPlantAndEquipment" xlink:label="ifrs-full_PropertyPlantAndEquipment_loc"/>
    <link:presentationArc xlink:type="arc" xlink:arcrole="http://www.xbrl.org/2003/arcrole/parent-child" xlink:from="ifrs-full_NoncurrentAssetsAbstract_loc" xlink:to="ifrs-full_PropertyPlantAndEquipment_loc" order="3.0"/>
    <link:loc xlink:type="locator" xlink:href="https://xbrl.ifrs.org/taxonomy/2022-03-24/full_ifrs/full_ifrs-cor_2022-03-24.xsd#ifrs-full_OtherIntangibleAssets" xlink:label="ifrs-full_OtherIntangibleAssets_loc"/>
    <link:presentationArc xlink:type="arc" xlink:arcrole="http://www.xbrl.org/2003/arcrole/parent-child" xlink:from="ifrs-full_NoncurrentAssetsAbstract_loc" xlink:to="ifrs-full_OtherIntangibleAssets_loc" order="2.0"/>
    <link:loc xlink:type="locator" xlink:href="https://xbrl.ifrs.org/taxonomy/2022-03-24/full_ifrs/full_ifrs-cor_2022-03-24.xsd#ifrs-full_OtherNoncurrentFinancialAssets" xlink:label="ifrs-full_OtherNoncurrentFinancialAssets_loc"/>
    <link:presentationArc xlink:type="arc" xlink:arcrole="http://www.xbrl.org/2003/arcrole/parent-child" xlink:from="ifrs-full_NoncurrentAssetsAbstract_loc" xlink:to="ifrs-full_OtherNoncurrentFinancialAssets_loc" order="8.0"/>
    <link:loc xlink:type="locator" xlink:href="https://xbrl.ifrs.org/taxonomy/2022-03-24/full_ifrs/full_ifrs-cor_2022-03-24.xsd#ifrs-full_NoncurrentAssets" xlink:label="ifrs-full_NoncurrentAssets_loc"/>
    <link:presentationArc xlink:type="arc" xlink:arcrole="http://www.xbrl.org/2003/arcrole/parent-child" xlink:from="ifrs-full_NoncurrentAssetsAbstract_loc" xlink:to="ifrs-full_NoncurrentAssets_loc" order="10.0"/>
    <link:loc xlink:type="locator" xlink:href="https://xbrl.ifrs.org/taxonomy/2022-03-24/full_ifrs/full_ifrs-cor_2022-03-24.xsd#ifrs-full_RightofuseAssets" xlink:label="ifrs-full_RightofuseAssets_loc"/>
    <link:presentationArc xlink:type="arc" xlink:arcrole="http://www.xbrl.org/2003/arcrole/parent-child" xlink:from="ifrs-full_NoncurrentAssetsAbstract_loc" xlink:to="ifrs-full_RightofuseAssets_loc" order="4.0"/>
    <link:loc xlink:type="locator" xlink:href="https://xbrl.ifrs.org/taxonomy/2022-03-24/full_ifrs/full_ifrs-cor_2022-03-24.xsd#ifrs-full_InvestmentsInAssociatesAccountedForUsingEquityMethod" xlink:label="ifrs-full_InvestmentsInAssociatesAccountedForUsingEquityMethod_loc"/>
    <link:presentationArc xlink:type="arc" xlink:arcrole="http://www.xbrl.org/2003/arcrole/parent-child" xlink:from="ifrs-full_NoncurrentAssetsAbstract_loc" xlink:to="ifrs-full_InvestmentsInAssociatesAccountedForUsingEquityMethod_loc" order="5.0"/>
    <link:loc xlink:type="locator" xlink:href="https://xbrl.ifrs.org/taxonomy/2022-03-24/full_ifrs/full_ifrs-cor_2022-03-24.xsd#ifrs-full_InvestmentProperty" xlink:label="ifrs-full_InvestmentProperty_loc"/>
    <link:presentationArc xlink:type="arc" xlink:arcrole="http://www.xbrl.org/2003/arcrole/parent-child" xlink:from="ifrs-full_NoncurrentAssetsAbstract_loc" xlink:to="ifrs-full_InvestmentProperty_loc" order="6.0"/>
    <link:loc xlink:type="locator" xlink:href="https://xbrl.ifrs.org/taxonomy/2022-03-24/full_ifrs/full_ifrs-cor_2022-03-24.xsd#ifrs-full_OtherNoncurrentAssets" xlink:label="ifrs-full_OtherNoncurrentAssets_loc"/>
    <link:presentationArc xlink:type="arc" xlink:arcrole="http://www.xbrl.org/2003/arcrole/parent-child" xlink:from="ifrs-full_NoncurrentAssetsAbstract_loc" xlink:to="ifrs-full_OtherNoncurrentAssets_loc" order="7.0"/>
    <link:loc xlink:type="locator" xlink:href="https://xbrl.ifrs.org/taxonomy/2022-03-24/full_ifrs/full_ifrs-cor_2022-03-24.xsd#ifrs-full_DeferredTaxAssets" xlink:label="ifrs-full_DeferredTaxAssets_loc"/>
    <link:presentationArc xlink:type="arc" xlink:arcrole="http://www.xbrl.org/2003/arcrole/parent-child" xlink:from="ifrs-full_NoncurrentAssetsAbstract_loc" xlink:to="ifrs-full_DeferredTaxAssets_loc" order="9.0"/>
    <link:loc xlink:type="locator" xlink:href="https://xbrl.ifrs.org/taxonomy/2022-03-24/full_ifrs/full_ifrs-cor_2022-03-24.xsd#ifrs-full_CurrentAssetsAbstract" xlink:label="ifrs-full_CurrentAssetsAbstract_loc"/>
    <link:presentationArc xlink:type="arc" xlink:arcrole="http://www.xbrl.org/2003/arcrole/parent-child" xlink:from="ifrs-full_AssetsAbstract_loc" xlink:to="ifrs-full_CurrentAssetsAbstract_loc" order="2.0"/>
    <link:loc xlink:type="locator" xlink:href="https://xbrl.ifrs.org/taxonomy/2022-03-24/full_ifrs/full_ifrs-cor_2022-03-24.xsd#ifrs-full_Inventories" xlink:label="ifrs-full_Inventories_loc"/>
    <link:presentationArc xlink:type="arc" xlink:arcrole="http://www.xbrl.org/2003/arcrole/parent-child" xlink:from="ifrs-full_CurrentAssetsAbstract_loc" xlink:to="ifrs-full_Inventories_loc" order="2.0"/>
    <link:loc xlink:type="locator" xlink:href="https://xbrl.ifrs.org/taxonomy/2022-03-24/full_ifrs/full_ifrs-cor_2022-03-24.xsd#ifrs-full_CashAndCashEquivalents" xlink:label="ifrs-full_CashAndCashEquivalents_loc"/>
    <link:presentationArc xlink:type="arc" xlink:arcrole="http://www.xbrl.org/2003/arcrole/parent-child" xlink:from="ifrs-full_CurrentAssetsAbstract_loc" xlink:to="ifrs-full_CashAndCashEquivalents_loc" order="7.0"/>
    <link:loc xlink:type="locator" xlink:href="https://xbrl.ifrs.org/taxonomy/2022-03-24/full_ifrs/full_ifrs-cor_2022-03-24.xsd#ifrs-full_CurrentAssets" xlink:label="ifrs-full_CurrentAssets_loc"/>
    <link:presentationArc xlink:type="arc" xlink:arcrole="http://www.xbrl.org/2003/arcrole/parent-child" xlink:from="ifrs-full_CurrentAssetsAbstract_loc" xlink:to="ifrs-full_CurrentAssets_loc" order="8.0"/>
    <link:loc xlink:type="locator" xlink:href="degrotebv-2023-12-31.xsd#groot_CurrentAssetsIncludedInDisposalGroupClassifiedAsHeldForSale" xlink:label="groot_CurrentAssetsIncludedInDisposalGroupClassifiedAsHeldForSale_loc"/>
    <link:presentationArc xlink:type="arc" xlink:arcrole="http://www.xbrl.org/2003/arcrole/parent-child" xlink:from="ifrs-full_CurrentAssetsAbstract_loc" xlink:to="groot_CurrentAssetsIncludedInDisposalGroupClassifiedAsHeldForSale_loc" order="1.0"/>
    <link:loc xlink:type="locator" xlink:href="https://xbrl.ifrs.org/taxonomy/2022-03-24/full_ifrs/full_ifrs-cor_2022-03-24.xsd#ifrs-full_PrepaymentsAndAccruedIncomeIncludingContractAssets" xlink:label="ifrs-full_PrepaymentsAndAccruedIncomeIncludingContractAssets_loc"/>
    <link:presentationArc xlink:type="arc" xlink:arcrole="http://www.xbrl.org/2003/arcrole/parent-child" xlink:from="ifrs-full_CurrentAssetsAbstract_loc" xlink:to="ifrs-full_PrepaymentsAndAccruedIncomeIncludingContractAssets_loc" order="3.0"/>
    <link:loc xlink:type="locator" xlink:href="https://xbrl.ifrs.org/taxonomy/2022-03-24/full_ifrs/full_ifrs-cor_2022-03-24.xsd#ifrs-full_TradeAndOtherReceivables" xlink:label="ifrs-full_TradeAndOtherReceivables_loc"/>
    <link:presentationArc xlink:type="arc" xlink:arcrole="http://www.xbrl.org/2003/arcrole/parent-child" xlink:from="ifrs-full_CurrentAssetsAbstract_loc" xlink:to="ifrs-full_TradeAndOtherReceivables_loc" order="4.0"/>
    <link:loc xlink:type="locator" xlink:href="https://xbrl.ifrs.org/taxonomy/2022-03-24/full_ifrs/full_ifrs-cor_2022-03-24.xsd#ifrs-full_DerivativeFinancialAssets" xlink:label="ifrs-full_DerivativeFinancialAssets_loc"/>
    <link:presentationArc xlink:type="arc" xlink:arcrole="http://www.xbrl.org/2003/arcrole/parent-child" xlink:from="ifrs-full_CurrentAssetsAbstract_loc" xlink:to="ifrs-full_DerivativeFinancialAssets_loc" order="5.0"/>
    <link:loc xlink:type="locator" xlink:href="https://xbrl.ifrs.org/taxonomy/2022-03-24/full_ifrs/full_ifrs-cor_2022-03-24.xsd#ifrs-full_OtherCurrentFinancialAssets" xlink:label="ifrs-full_OtherCurrentFinancialAssets_loc"/>
    <link:presentationArc xlink:type="arc" xlink:arcrole="http://www.xbrl.org/2003/arcrole/parent-child" xlink:from="ifrs-full_CurrentAssetsAbstract_loc" xlink:to="ifrs-full_OtherCurrentFinancialAssets_loc" order="6.0"/>
    <link:loc xlink:type="locator" xlink:href="https://xbrl.ifrs.org/taxonomy/2022-03-24/full_ifrs/full_ifrs-cor_2022-03-24.xsd#ifrs-full_Assets" xlink:label="ifrs-full_Assets_loc"/>
    <link:presentationArc xlink:type="arc" xlink:arcrole="http://www.xbrl.org/2003/arcrole/parent-child" xlink:from="ifrs-full_AssetsAbstract_loc" xlink:to="ifrs-full_Assets_loc" order="3.0"/>
    <link:loc xlink:type="locator" xlink:href="https://xbrl.ifrs.org/taxonomy/2022-03-24/full_ifrs/full_ifrs-cor_2022-03-24.xsd#ifrs-full_EquityAndLiabilitiesAbstract" xlink:label="ifrs-full_EquityAndLiabilitiesAbstract_loc"/>
    <link:presentationArc xlink:type="arc" xlink:arcrole="http://www.xbrl.org/2003/arcrole/parent-child" xlink:from="ifrs-full_StatementOfFinancialPositionAbstract_loc" xlink:to="ifrs-full_EquityAndLiabilitiesAbstract_loc" order="2.0"/>
    <link:loc xlink:type="locator" xlink:href="https://xbrl.ifrs.org/taxonomy/2022-03-24/full_ifrs/full_ifrs-cor_2022-03-24.xsd#ifrs-full_EquityAbstract" xlink:label="ifrs-full_EquityAbstract_loc"/>
    <link:presentationArc xlink:type="arc" xlink:arcrole="http://www.xbrl.org/2003/arcrole/parent-child" xlink:from="ifrs-full_EquityAndLiabilitiesAbstract_loc" xlink:to="ifrs-full_EquityAbstract_loc" order="1.0"/>
    <link:loc xlink:type="locator" xlink:href="https://xbrl.ifrs.org/taxonomy/2022-03-24/full_ifrs/full_ifrs-cor_2022-03-24.xsd#ifrs-full_IssuedCapital" xlink:label="ifrs-full_IssuedCapital_loc"/>
    <link:presentationArc xlink:type="arc" xlink:arcrole="http://www.xbrl.org/2003/arcrole/parent-child" xlink:from="ifrs-full_EquityAbstract_loc" xlink:to="ifrs-full_IssuedCapital_loc" order="1.0"/>
    <link:loc xlink:type="locator" xlink:href="https://xbrl.ifrs.org/taxonomy/2022-03-24/full_ifrs/full_ifrs-cor_2022-03-24.xsd#ifrs-full_RetainedEarnings" xlink:label="ifrs-full_RetainedEarnings_loc"/>
    <link:presentationArc xlink:type="arc" xlink:arcrole="http://www.xbrl.org/2003/arcrole/parent-child" xlink:from="ifrs-full_EquityAbstract_loc" xlink:to="ifrs-full_RetainedEarnings_loc" order="4.0"/>
    <link:loc xlink:type="locator" xlink:href="https://xbrl.ifrs.org/taxonomy/2022-03-24/full_ifrs/full_ifrs-cor_2022-03-24.xsd#ifrs-full_EquityAttributableToOwnersOfParent" xlink:label="ifrs-full_EquityAttributableToOwnersOfParent_loc"/>
    <link:presentationArc xlink:type="arc" xlink:arcrole="http://www.xbrl.org/2003/arcrole/parent-child" xlink:from="ifrs-full_EquityAbstract_loc" xlink:to="ifrs-full_EquityAttributableToOwnersOfParent_loc" order="5.0"/>
    <link:loc xlink:type="locator" xlink:href="https://xbrl.ifrs.org/taxonomy/2022-03-24/full_ifrs/full_ifrs-cor_2022-03-24.xsd#ifrs-full_NoncontrollingInterests" xlink:label="ifrs-full_NoncontrollingInterests_loc"/>
    <link:presentationArc xlink:type="arc" xlink:arcrole="http://www.xbrl.org/2003/arcrole/parent-child" xlink:from="ifrs-full_EquityAbstract_loc" xlink:to="ifrs-full_NoncontrollingInterests_loc" order="6.0"/>
    <link:loc xlink:type="locator" xlink:href="https://xbrl.ifrs.org/taxonomy/2022-03-24/full_ifrs/full_ifrs-cor_2022-03-24.xsd#ifrs-full_Equity" xlink:label="ifrs-full_Equity_loc"/>
    <link:presentationArc xlink:type="arc" xlink:arcrole="http://www.xbrl.org/2003/arcrole/parent-child" xlink:from="ifrs-full_EquityAbstract_loc" xlink:to="ifrs-full_Equity_loc" order="7.0"/>
    <link:loc xlink:type="locator" xlink:href="https://xbrl.ifrs.org/taxonomy/2022-03-24/full_ifrs/full_ifrs-cor_2022-03-24.xsd#ifrs-full_SharePremium" xlink:label="ifrs-full_SharePremium_loc"/>
    <link:presentationArc xlink:type="arc" xlink:arcrole="http://www.xbrl.org/2003/arcrole/parent-child" xlink:from="ifrs-full_EquityAbstract_loc" xlink:to="ifrs-full_SharePremium_loc" order="2.0"/>
    <link:loc xlink:type="locator" xlink:href="degrotebv-2023-12-31.xsd#groot_OtherComponentsOfEquity" xlink:label="groot_OtherComponentsOfEquity_loc"/>
    <link:presentationArc xlink:type="arc" xlink:arcrole="http://www.xbrl.org/2003/arcrole/parent-child" xlink:from="ifrs-full_EquityAbstract_loc" xlink:to="groot_OtherComponentsOfEquity_loc" order="3.0"/>
    <link:loc xlink:type="locator" xlink:href="https://xbrl.ifrs.org/taxonomy/2022-03-24/full_ifrs/full_ifrs-cor_2022-03-24.xsd#ifrs-full_LiabilitiesAbstract" xlink:label="ifrs-full_LiabilitiesAbstract_loc"/>
    <link:presentationArc xlink:type="arc" xlink:arcrole="http://www.xbrl.org/2003/arcrole/parent-child" xlink:from="ifrs-full_EquityAndLiabilitiesAbstract_loc" xlink:to="ifrs-full_LiabilitiesAbstract_loc" order="2.0"/>
    <link:loc xlink:type="locator" xlink:href="https://xbrl.ifrs.org/taxonomy/2022-03-24/full_ifrs/full_ifrs-cor_2022-03-24.xsd#ifrs-full_NoncurrentLiabilitiesAbstract" xlink:label="ifrs-full_NoncurrentLiabilitiesAbstract_loc"/>
    <link:presentationArc xlink:type="arc" xlink:arcrole="http://www.xbrl.org/2003/arcrole/parent-child" xlink:from="ifrs-full_LiabilitiesAbstract_loc" xlink:to="ifrs-full_NoncurrentLiabilitiesAbstract_loc" order="1.0"/>
    <link:loc xlink:type="locator" xlink:href="https://xbrl.ifrs.org/taxonomy/2022-03-24/full_ifrs/full_ifrs-cor_2022-03-24.xsd#ifrs-full_LongtermBorrowings" xlink:label="ifrs-full_LongtermBorrowings_loc"/>
    <link:presentationArc xlink:type="arc" xlink:arcrole="http://www.xbrl.org/2003/arcrole/parent-child" xlink:from="ifrs-full_NoncurrentLiabilitiesAbstract_loc" xlink:to="ifrs-full_LongtermBorrowings_loc" order="2.0"/>
    <link:loc xlink:type="locator" xlink:href="https://xbrl.ifrs.org/taxonomy/2022-03-24/full_ifrs/full_ifrs-cor_2022-03-24.xsd#ifrs-full_DeferredTaxLiabilities" xlink:label="ifrs-full_DeferredTaxLiabilities_loc"/>
    <link:presentationArc xlink:type="arc" xlink:arcrole="http://www.xbrl.org/2003/arcrole/parent-child" xlink:from="ifrs-full_NoncurrentLiabilitiesAbstract_loc" xlink:to="ifrs-full_DeferredTaxLiabilities_loc" order="4.0"/>
    <link:loc xlink:type="locator" xlink:href="https://xbrl.ifrs.org/taxonomy/2022-03-24/full_ifrs/full_ifrs-cor_2022-03-24.xsd#ifrs-full_NoncurrentLiabilities" xlink:label="ifrs-full_NoncurrentLiabilities_loc"/>
    <link:presentationArc xlink:type="arc" xlink:arcrole="http://www.xbrl.org/2003/arcrole/parent-child" xlink:from="ifrs-full_NoncurrentLiabilitiesAbstract_loc" xlink:to="ifrs-full_NoncurrentLiabilities_loc" order="6.0"/>
    <link:loc xlink:type="locator" xlink:href="https://xbrl.ifrs.org/taxonomy/2022-03-24/full_ifrs/full_ifrs-cor_2022-03-24.xsd#ifrs-full_NoncurrentProvisionsForEmployeeBenefits" xlink:label="ifrs-full_NoncurrentProvisionsForEmployeeBenefits_loc"/>
    <link:presentationArc xlink:type="arc" xlink:arcrole="http://www.xbrl.org/2003/arcrole/parent-child" xlink:from="ifrs-full_NoncurrentLiabilitiesAbstract_loc" xlink:to="ifrs-full_NoncurrentProvisionsForEmployeeBenefits_loc" order="1.0"/>
    <link:loc xlink:type="locator" xlink:href="https://xbrl.ifrs.org/taxonomy/2022-03-24/full_ifrs/full_ifrs-cor_2022-03-24.xsd#ifrs-full_NoncurrentLeaseLiabilities" xlink:label="ifrs-full_NoncurrentLeaseLiabilities_loc"/>
    <link:presentationArc xlink:type="arc" xlink:arcrole="http://www.xbrl.org/2003/arcrole/parent-child" xlink:from="ifrs-full_NoncurrentLiabilitiesAbstract_loc" xlink:to="ifrs-full_NoncurrentLeaseLiabilities_loc" order="3.0"/>
    <link:loc xlink:type="locator" xlink:href="https://xbrl.ifrs.org/taxonomy/2022-03-24/full_ifrs/full_ifrs-cor_2022-03-24.xsd#ifrs-full_OtherNoncurrentLiabilities" xlink:label="ifrs-full_OtherNoncurrentLiabilities_loc"/>
    <link:presentationArc xlink:type="arc" xlink:arcrole="http://www.xbrl.org/2003/arcrole/parent-child" xlink:from="ifrs-full_NoncurrentLiabilitiesAbstract_loc" xlink:to="ifrs-full_OtherNoncurrentLiabilities_loc" order="5.0"/>
    <link:loc xlink:type="locator" xlink:href="https://xbrl.ifrs.org/taxonomy/2022-03-24/full_ifrs/full_ifrs-cor_2022-03-24.xsd#ifrs-full_CurrentLiabilitiesAbstract" xlink:label="ifrs-full_CurrentLiabilitiesAbstract_loc"/>
    <link:presentationArc xlink:type="arc" xlink:arcrole="http://www.xbrl.org/2003/arcrole/parent-child" xlink:from="ifrs-full_LiabilitiesAbstract_loc" xlink:to="ifrs-full_CurrentLiabilitiesAbstract_loc" order="2.0"/>
    <link:loc xlink:type="locator" xlink:href="https://xbrl.ifrs.org/taxonomy/2022-03-24/full_ifrs/full_ifrs-cor_2022-03-24.xsd#ifrs-full_CurrentLiabilities" xlink:label="ifrs-full_CurrentLiabilities_loc"/>
    <link:presentationArc xlink:type="arc" xlink:arcrole="http://www.xbrl.org/2003/arcrole/parent-child" xlink:from="ifrs-full_CurrentLiabilitiesAbstract_loc" xlink:to="ifrs-full_CurrentLiabilities_loc" order="10.0"/>
    <link:loc xlink:type="locator" xlink:href="https://xbrl.ifrs.org/taxonomy/2022-03-24/full_ifrs/full_ifrs-cor_2022-03-24.xsd#ifrs-full_TradeAndOtherPayables" xlink:label="ifrs-full_TradeAndOtherPayables_loc"/>
    <link:presentationArc xlink:type="arc" xlink:arcrole="http://www.xbrl.org/2003/arcrole/parent-child" xlink:from="ifrs-full_CurrentLiabilitiesAbstract_loc" xlink:to="ifrs-full_TradeAndOtherPayables_loc" order="6.0"/>
    <link:loc xlink:type="locator" xlink:href="https://xbrl.ifrs.org/taxonomy/2022-03-24/full_ifrs/full_ifrs-cor_2022-03-24.xsd#ifrs-full_ShorttermBorrowings" xlink:label="ifrs-full_ShorttermBorrowings_loc"/>
    <link:presentationArc xlink:type="arc" xlink:arcrole="http://www.xbrl.org/2003/arcrole/parent-child" xlink:from="ifrs-full_CurrentLiabilitiesAbstract_loc" xlink:to="ifrs-full_ShorttermBorrowings_loc" order="4.0"/>
    <link:loc xlink:type="locator" xlink:href="https://xbrl.ifrs.org/taxonomy/2022-03-24/full_ifrs/full_ifrs-cor_2022-03-24.xsd#ifrs-full_CurrentProvisions" xlink:label="ifrs-full_CurrentProvisions_loc"/>
    <link:presentationArc xlink:type="arc" xlink:arcrole="http://www.xbrl.org/2003/arcrole/parent-child" xlink:from="ifrs-full_CurrentLiabilitiesAbstract_loc" xlink:to="ifrs-full_CurrentProvisions_loc" order="2.0"/>
    <link:loc xlink:type="locator" xlink:href="https://xbrl.ifrs.org/taxonomy/2022-03-24/full_ifrs/full_ifrs-cor_2022-03-24.xsd#ifrs-full_CurrentTaxLiabilities" xlink:label="ifrs-full_CurrentTaxLiabilities_loc"/>
    <link:presentationArc xlink:type="arc" xlink:arcrole="http://www.xbrl.org/2003/arcrole/parent-child" xlink:from="ifrs-full_CurrentLiabilitiesAbstract_loc" xlink:to="ifrs-full_CurrentTaxLiabilities_loc" order="7.0"/>
    <link:loc xlink:type="locator" xlink:href="https://xbrl.ifrs.org/taxonomy/2022-03-24/full_ifrs/full_ifrs-cor_2022-03-24.xsd#ifrs-full_CurrentLeaseLiabilities" xlink:label="ifrs-full_CurrentLeaseLiabilities_loc"/>
    <link:presentationArc xlink:type="arc" xlink:arcrole="http://www.xbrl.org/2003/arcrole/parent-child" xlink:from="ifrs-full_CurrentLiabilitiesAbstract_loc" xlink:to="ifrs-full_CurrentLeaseLiabilities_loc" order="5.0"/>
    <link:loc xlink:type="locator" xlink:href="https://xbrl.ifrs.org/taxonomy/2022-03-24/full_ifrs/full_ifrs-cor_2022-03-24.xsd#ifrs-full_LiabilitiesIncludedInDisposalGroupsClassifiedAsHeldForSale" xlink:label="ifrs-full_LiabilitiesIncludedInDisposalGroupsClassifiedAsHeldForSale_loc"/>
    <link:presentationArc xlink:type="arc" xlink:arcrole="http://www.xbrl.org/2003/arcrole/parent-child" xlink:from="ifrs-full_CurrentLiabilitiesAbstract_loc" xlink:to="ifrs-full_LiabilitiesIncludedInDisposalGroupsClassifiedAsHeldForSale_loc" order="1.0"/>
    <link:loc xlink:type="locator" xlink:href="https://xbrl.ifrs.org/taxonomy/2022-03-24/full_ifrs/full_ifrs-cor_2022-03-24.xsd#ifrs-full_CurrentProvisionsForEmployeeBenefits" xlink:label="ifrs-full_CurrentProvisionsForEmployeeBenefits_loc"/>
    <link:presentationArc xlink:type="arc" xlink:arcrole="http://www.xbrl.org/2003/arcrole/parent-child" xlink:from="ifrs-full_CurrentLiabilitiesAbstract_loc" xlink:to="ifrs-full_CurrentProvisionsForEmployeeBenefits_loc" order="3.0"/>
    <link:loc xlink:type="locator" xlink:href="https://xbrl.ifrs.org/taxonomy/2022-03-24/full_ifrs/full_ifrs-cor_2022-03-24.xsd#ifrs-full_DerivativeFinancialLiabilities" xlink:label="ifrs-full_DerivativeFinancialLiabilities_loc"/>
    <link:presentationArc xlink:type="arc" xlink:arcrole="http://www.xbrl.org/2003/arcrole/parent-child" xlink:from="ifrs-full_CurrentLiabilitiesAbstract_loc" xlink:to="ifrs-full_DerivativeFinancialLiabilities_loc" order="8.0"/>
    <link:loc xlink:type="locator" xlink:href="https://xbrl.ifrs.org/taxonomy/2022-03-24/full_ifrs/full_ifrs-cor_2022-03-24.xsd#ifrs-full_OtherCurrentLiabilities" xlink:label="ifrs-full_OtherCurrentLiabilities_loc"/>
    <link:presentationArc xlink:type="arc" xlink:arcrole="http://www.xbrl.org/2003/arcrole/parent-child" xlink:from="ifrs-full_CurrentLiabilitiesAbstract_loc" xlink:to="ifrs-full_OtherCurrentLiabilities_loc" order="9.0"/>
    <link:loc xlink:type="locator" xlink:href="https://xbrl.ifrs.org/taxonomy/2022-03-24/full_ifrs/full_ifrs-cor_2022-03-24.xsd#ifrs-full_Liabilities" xlink:label="ifrs-full_Liabilities_loc"/>
    <link:presentationArc xlink:type="arc" xlink:arcrole="http://www.xbrl.org/2003/arcrole/parent-child" xlink:from="ifrs-full_LiabilitiesAbstract_loc" xlink:to="ifrs-full_Liabilities_loc" order="3.0"/>
    <link:loc xlink:type="locator" xlink:href="https://xbrl.ifrs.org/taxonomy/2022-03-24/full_ifrs/full_ifrs-cor_2022-03-24.xsd#ifrs-full_EquityAndLiabilities" xlink:label="ifrs-full_EquityAndLiabilities_loc"/>
    <link:presentationArc xlink:type="arc" xlink:arcrole="http://www.xbrl.org/2003/arcrole/parent-child" xlink:from="ifrs-full_EquityAndLiabilitiesAbstract_loc" xlink:to="ifrs-full_EquityAndLiabilities_loc" order="3.0"/>
  </link:presentationLink>
  <link:presentationLink xlink:type="extended" xlink:role="https://www.degrotebv.nl/role/ConsolidatedStatementOfProfitAndLoss">
    <link:loc xlink:type="locator" xlink:href="https://xbrl.ifrs.org/taxonomy/2022-03-24/full_ifrs/full_ifrs-cor_2022-03-24.xsd#ifrs-full_IncomeStatementAbstract" xlink:label="ifrs-full_IncomeStatementAbstract_loc"/>
    <link:loc xlink:type="locator" xlink:href="https://xbrl.ifrs.org/taxonomy/2022-03-24/full_ifrs/full_ifrs-cor_2022-03-24.xsd#ifrs-full_Revenue" xlink:label="ifrs-full_Revenue_loc"/>
    <link:presentationArc xlink:type="arc" xlink:arcrole="http://www.xbrl.org/2003/arcrole/parent-child" xlink:from="ifrs-full_IncomeStatementAbstract_loc" xlink:to="ifrs-full_Revenue_loc" order="1.0"/>
    <link:loc xlink:type="locator" xlink:href="https://xbrl.ifrs.org/taxonomy/2022-03-24/full_ifrs/full_ifrs-cor_2022-03-24.xsd#ifrs-full_OtherIncome" xlink:label="ifrs-full_OtherIncome_loc"/>
    <link:presentationArc xlink:type="arc" xlink:arcrole="http://www.xbrl.org/2003/arcrole/parent-child" xlink:from="ifrs-full_IncomeStatementAbstract_loc" xlink:to="ifrs-full_OtherIncome_loc" order="2.0"/>
    <link:loc xlink:type="locator" xlink:href="https://xbrl.ifrs.org/taxonomy/2022-03-24/full_ifrs/full_ifrs-cor_2022-03-24.xsd#ifrs-full_ChangesInInventoriesOfFinishedGoodsAndWorkInProgress" xlink:label="ifrs-full_ChangesInInventoriesOfFinishedGoodsAndWorkInProgress_loc"/>
    <link:presentationArc xlink:type="arc" xlink:arcrole="http://www.xbrl.org/2003/arcrole/parent-child" xlink:from="ifrs-full_IncomeStatementAbstract_loc" xlink:to="ifrs-full_ChangesInInventoriesOfFinishedGoodsAndWorkInProgress_loc" order="3.0"/>
    <link:loc xlink:type="locator" xlink:href="https://xbrl.ifrs.org/taxonomy/2022-03-24/full_ifrs/full_ifrs-cor_2022-03-24.xsd#ifrs-full_RawMaterialsAndConsumablesUsed" xlink:label="ifrs-full_RawMaterialsAndConsumablesUsed_loc"/>
    <link:presentationArc xlink:type="arc" xlink:arcrole="http://www.xbrl.org/2003/arcrole/parent-child" xlink:from="ifrs-full_IncomeStatementAbstract_loc" xlink:to="ifrs-full_RawMaterialsAndConsumablesUsed_loc" order="4.0"/>
    <link:loc xlink:type="locator" xlink:href="https://xbrl.ifrs.org/taxonomy/2022-03-24/full_ifrs/full_ifrs-cor_2022-03-24.xsd#ifrs-full_EmployeeBenefitsExpense" xlink:label="ifrs-full_EmployeeBenefitsExpense_loc"/>
    <link:presentationArc xlink:type="arc" xlink:arcrole="http://www.xbrl.org/2003/arcrole/parent-child" xlink:from="ifrs-full_IncomeStatementAbstract_loc" xlink:to="ifrs-full_EmployeeBenefitsExpense_loc" order="5.0"/>
    <link:loc xlink:type="locator" xlink:href="https://xbrl.ifrs.org/taxonomy/2022-03-24/full_ifrs/full_ifrs-cor_2022-03-24.xsd#ifrs-full_ChangesInInvestmentProperty" xlink:label="ifrs-full_ChangesInInvestmentProperty_loc"/>
    <link:presentationArc xlink:type="arc" xlink:arcrole="http://www.xbrl.org/2003/arcrole/parent-child" xlink:from="ifrs-full_IncomeStatementAbstract_loc" xlink:to="ifrs-full_ChangesInInvestmentProperty_loc" order="6.0"/>
    <link:loc xlink:type="locator" xlink:href="https://xbrl.ifrs.org/taxonomy/2022-03-24/full_ifrs/full_ifrs-cor_2022-03-24.xsd#ifrs-full_DepreciationAndAmortisationExpense" xlink:label="ifrs-full_DepreciationAndAmortisationExpense_loc"/>
    <link:presentationArc xlink:type="arc" xlink:arcrole="http://www.xbrl.org/2003/arcrole/parent-child" xlink:from="ifrs-full_IncomeStatementAbstract_loc" xlink:to="ifrs-full_DepreciationAndAmortisationExpense_loc" order="7.0"/>
    <link:loc xlink:type="locator" xlink:href="https://xbrl.ifrs.org/taxonomy/2022-03-24/full_ifrs/full_ifrs-cor_2022-03-24.xsd#ifrs-full_ImpairmentLossOnFinancialAssets" xlink:label="ifrs-full_ImpairmentLossOnFinancialAssets_loc"/>
    <link:presentationArc xlink:type="arc" xlink:arcrole="http://www.xbrl.org/2003/arcrole/parent-child" xlink:from="ifrs-full_IncomeStatementAbstract_loc" xlink:to="ifrs-full_ImpairmentLossOnFinancialAssets_loc" order="8.0"/>
    <link:loc xlink:type="locator" xlink:href="https://xbrl.ifrs.org/taxonomy/2022-03-24/full_ifrs/full_ifrs-cor_2022-03-24.xsd#ifrs-full_OtherExpenseByNature" xlink:label="ifrs-full_OtherExpenseByNature_loc"/>
    <link:presentationArc xlink:type="arc" xlink:arcrole="http://www.xbrl.org/2003/arcrole/parent-child" xlink:from="ifrs-full_IncomeStatementAbstract_loc" xlink:to="ifrs-full_OtherExpenseByNature_loc" order="9.0"/>
    <link:loc xlink:type="locator" xlink:href="https://xbrl.ifrs.org/taxonomy/2022-03-24/full_ifrs/full_ifrs-cor_2022-03-24.xsd#ifrs-full_ProfitLossFromOperatingActivities" xlink:label="ifrs-full_ProfitLossFromOperatingActivities_loc"/>
    <link:presentationArc xlink:type="arc" xlink:arcrole="http://www.xbrl.org/2003/arcrole/parent-child" xlink:from="ifrs-full_IncomeStatementAbstract_loc" xlink:to="ifrs-full_ProfitLossFromOperatingActivities_loc" order="10.0"/>
    <link:loc xlink:type="locator" xlink:href="https://xbrl.ifrs.org/taxonomy/2022-03-24/full_ifrs/full_ifrs-cor_2022-03-24.xsd#ifrs-full_ShareOfProfitLossOfAssociatesAndJointVenturesAccountedForUsingEquityMethod" xlink:label="ifrs-full_ShareOfProfitLossOfAssociatesAndJointVenturesAccountedForUsingEquityMethod_loc"/>
    <link:presentationArc xlink:type="arc" xlink:arcrole="http://www.xbrl.org/2003/arcrole/parent-child" xlink:from="ifrs-full_IncomeStatementAbstract_loc" xlink:to="ifrs-full_ShareOfProfitLossOfAssociatesAndJointVenturesAccountedForUsingEquityMethod_loc" order="12.0"/>
    <link:loc xlink:type="locator" xlink:href="https://xbrl.ifrs.org/taxonomy/2022-03-24/full_ifrs/full_ifrs-cor_2022-03-24.xsd#ifrs-full_FinanceCosts" xlink:label="ifrs-full_FinanceCosts_loc"/>
    <link:presentationArc xlink:type="arc" xlink:arcrole="http://www.xbrl.org/2003/arcrole/parent-child" xlink:from="ifrs-full_IncomeStatementAbstract_loc" xlink:to="ifrs-full_FinanceCosts_loc" order="13.0"/>
    <link:loc xlink:type="locator" xlink:href="https://xbrl.ifrs.org/taxonomy/2022-03-24/full_ifrs/full_ifrs-cor_2022-03-24.xsd#ifrs-full_FinanceIncome" xlink:label="ifrs-full_FinanceIncome_loc"/>
    <link:presentationArc xlink:type="arc" xlink:arcrole="http://www.xbrl.org/2003/arcrole/parent-child" xlink:from="ifrs-full_IncomeStatementAbstract_loc" xlink:to="ifrs-full_FinanceIncome_loc" order="14.0"/>
    <link:loc xlink:type="locator" xlink:href="https://xbrl.ifrs.org/taxonomy/2022-03-24/full_ifrs/full_ifrs-cor_2022-03-24.xsd#ifrs-full_OtherFinanceIncomeCost" xlink:label="ifrs-full_OtherFinanceIncomeCost_loc"/>
    <link:presentationArc xlink:type="arc" xlink:arcrole="http://www.xbrl.org/2003/arcrole/parent-child" xlink:from="ifrs-full_IncomeStatementAbstract_loc" xlink:to="ifrs-full_OtherFinanceIncomeCost_loc" order="15.0"/>
    <link:loc xlink:type="locator" xlink:href="https://xbrl.ifrs.org/taxonomy/2022-03-24/full_ifrs/full_ifrs-cor_2022-03-24.xsd#ifrs-full_ProfitLossBeforeTax" xlink:label="ifrs-full_ProfitLossBeforeTax_loc"/>
    <link:presentationArc xlink:type="arc" xlink:arcrole="http://www.xbrl.org/2003/arcrole/parent-child" xlink:from="ifrs-full_IncomeStatementAbstract_loc" xlink:to="ifrs-full_ProfitLossBeforeTax_loc" order="16.0"/>
    <link:loc xlink:type="locator" xlink:href="https://xbrl.ifrs.org/taxonomy/2022-03-24/full_ifrs/full_ifrs-cor_2022-03-24.xsd#ifrs-full_IncomeTaxExpenseContinuingOperations" xlink:label="ifrs-full_IncomeTaxExpenseContinuingOperations_loc"/>
    <link:presentationArc xlink:type="arc" xlink:arcrole="http://www.xbrl.org/2003/arcrole/parent-child" xlink:from="ifrs-full_IncomeStatementAbstract_loc" xlink:to="ifrs-full_IncomeTaxExpenseContinuingOperations_loc" order="17.0"/>
    <link:loc xlink:type="locator" xlink:href="https://xbrl.ifrs.org/taxonomy/2022-03-24/full_ifrs/full_ifrs-cor_2022-03-24.xsd#ifrs-full_ProfitLossFromContinuingOperations" xlink:label="ifrs-full_ProfitLossFromContinuingOperations_loc"/>
    <link:presentationArc xlink:type="arc" xlink:arcrole="http://www.xbrl.org/2003/arcrole/parent-child" xlink:from="ifrs-full_IncomeStatementAbstract_loc" xlink:to="ifrs-full_ProfitLossFromContinuingOperations_loc" order="18.0"/>
    <link:loc xlink:type="locator" xlink:href="https://xbrl.ifrs.org/taxonomy/2022-03-24/full_ifrs/full_ifrs-cor_2022-03-24.xsd#ifrs-full_ProfitLossFromDiscontinuedOperations" xlink:label="ifrs-full_ProfitLossFromDiscontinuedOperations_loc"/>
    <link:presentationArc xlink:type="arc" xlink:arcrole="http://www.xbrl.org/2003/arcrole/parent-child" xlink:from="ifrs-full_IncomeStatementAbstract_loc" xlink:to="ifrs-full_ProfitLossFromDiscontinuedOperations_loc" order="19.0"/>
    <link:loc xlink:type="locator" xlink:href="https://xbrl.ifrs.org/taxonomy/2022-03-24/full_ifrs/full_ifrs-cor_2022-03-24.xsd#ifrs-full_ProfitLoss" xlink:label="ifrs-full_ProfitLoss_loc"/>
    <link:presentationArc xlink:type="arc" xlink:arcrole="http://www.xbrl.org/2003/arcrole/parent-child" xlink:from="ifrs-full_IncomeStatementAbstract_loc" xlink:to="ifrs-full_ProfitLoss_loc" order="20.0"/>
    <link:loc xlink:type="locator" xlink:href="https://xbrl.ifrs.org/taxonomy/2022-03-24/full_ifrs/full_ifrs-cor_2022-03-24.xsd#ifrs-full_ProfitLossAttributableToAbstract" xlink:label="ifrs-full_ProfitLossAttributableToAbstract_loc"/>
    <link:presentationArc xlink:type="arc" xlink:arcrole="http://www.xbrl.org/2003/arcrole/parent-child" xlink:from="ifrs-full_IncomeStatementAbstract_loc" xlink:to="ifrs-full_ProfitLossAttributableToAbstract_loc" order="21.0"/>
    <link:loc xlink:type="locator" xlink:href="https://xbrl.ifrs.org/taxonomy/2022-03-24/full_ifrs/full_ifrs-cor_2022-03-24.xsd#ifrs-full_ProfitLossAttributableToNoncontrollingInterests" xlink:label="ifrs-full_ProfitLossAttributableToNoncontrollingInterests_loc"/>
    <link:presentationArc xlink:type="arc" xlink:arcrole="http://www.xbrl.org/2003/arcrole/parent-child" xlink:from="ifrs-full_ProfitLossAttributableToAbstract_loc" xlink:to="ifrs-full_ProfitLossAttributableToNoncontrollingInterests_loc" order="1.0"/>
    <link:loc xlink:type="locator" xlink:href="https://xbrl.ifrs.org/taxonomy/2022-03-24/full_ifrs/full_ifrs-cor_2022-03-24.xsd#ifrs-full_ProfitLossAttributableToOwnersOfParent" xlink:label="ifrs-full_ProfitLossAttributableToOwnersOfParent_loc"/>
    <link:presentationArc xlink:type="arc" xlink:arcrole="http://www.xbrl.org/2003/arcrole/parent-child" xlink:from="ifrs-full_ProfitLossAttributableToAbstract_loc" xlink:to="ifrs-full_ProfitLossAttributableToOwnersOfParent_loc" order="2.0"/>
    <link:loc xlink:type="locator" xlink:href="https://xbrl.ifrs.org/taxonomy/2022-03-24/full_ifrs/full_ifrs-cor_2022-03-24.xsd#ifrs-full_EarningsPerShareAbstract" xlink:label="ifrs-full_EarningsPerShareAbstract_loc"/>
    <link:presentationArc xlink:type="arc" xlink:arcrole="http://www.xbrl.org/2003/arcrole/parent-child" xlink:from="ifrs-full_IncomeStatementAbstract_loc" xlink:to="ifrs-full_EarningsPerShareAbstract_loc" order="22.0"/>
    <link:loc xlink:type="locator" xlink:href="https://xbrl.ifrs.org/taxonomy/2022-03-24/full_ifrs/full_ifrs-cor_2022-03-24.xsd#ifrs-full_DilutedEarningsPerShareAbstract" xlink:label="ifrs-full_DilutedEarningsPerShareAbstract_loc"/>
    <link:presentationArc xlink:type="arc" xlink:arcrole="http://www.xbrl.org/2003/arcrole/parent-child" xlink:from="ifrs-full_EarningsPerShareAbstract_loc" xlink:to="ifrs-full_DilutedEarningsPerShareAbstract_loc" order="3.0"/>
    <link:loc xlink:type="locator" xlink:href="https://xbrl.ifrs.org/taxonomy/2022-03-24/full_ifrs/full_ifrs-cor_2022-03-24.xsd#ifrs-full_DilutedEarningsLossPerShareFromContinuingOperations" xlink:label="ifrs-full_DilutedEarningsLossPerShareFromContinuingOperations_loc"/>
    <link:presentationArc xlink:type="arc" xlink:arcrole="http://www.xbrl.org/2003/arcrole/parent-child" xlink:from="ifrs-full_DilutedEarningsPerShareAbstract_loc" xlink:to="ifrs-full_DilutedEarningsLossPerShareFromContinuingOperations_loc" order="1.0"/>
    <link:loc xlink:type="locator" xlink:href="https://xbrl.ifrs.org/taxonomy/2022-03-24/full_ifrs/full_ifrs-cor_2022-03-24.xsd#ifrs-full_DilutedEarningsLossPerShareFromDiscontinuedOperations" xlink:label="ifrs-full_DilutedEarningsLossPerShareFromDiscontinuedOperations_loc"/>
    <link:presentationArc xlink:type="arc" xlink:arcrole="http://www.xbrl.org/2003/arcrole/parent-child" xlink:from="ifrs-full_DilutedEarningsPerShareAbstract_loc" xlink:to="ifrs-full_DilutedEarningsLossPerShareFromDiscontinuedOperations_loc" order="2.0"/>
    <link:loc xlink:type="locator" xlink:href="https://xbrl.ifrs.org/taxonomy/2022-03-24/full_ifrs/full_ifrs-cor_2022-03-24.xsd#ifrs-full_DilutedEarningsLossPerShare" xlink:label="ifrs-full_DilutedEarningsLossPerShare_loc"/>
    <link:presentationArc xlink:type="arc" xlink:arcrole="http://www.xbrl.org/2003/arcrole/parent-child" xlink:from="ifrs-full_DilutedEarningsPerShareAbstract_loc" xlink:to="ifrs-full_DilutedEarningsLossPerShare_loc" order="3.0"/>
    <link:loc xlink:type="locator" xlink:href="https://xbrl.ifrs.org/taxonomy/2022-03-24/full_ifrs/full_ifrs-cor_2022-03-24.xsd#ifrs-full_BasicEarningsPerShareAbstract" xlink:label="ifrs-full_BasicEarningsPerShareAbstract_loc"/>
    <link:presentationArc xlink:type="arc" xlink:arcrole="http://www.xbrl.org/2003/arcrole/parent-child" xlink:from="ifrs-full_EarningsPerShareAbstract_loc" xlink:to="ifrs-full_BasicEarningsPerShareAbstract_loc" order="1.0"/>
    <link:loc xlink:type="locator" xlink:href="https://xbrl.ifrs.org/taxonomy/2022-03-24/full_ifrs/full_ifrs-cor_2022-03-24.xsd#ifrs-full_BasicEarningsLossPerShareFromContinuingOperations" xlink:label="ifrs-full_BasicEarningsLossPerShareFromContinuingOperations_loc"/>
    <link:presentationArc xlink:type="arc" xlink:arcrole="http://www.xbrl.org/2003/arcrole/parent-child" xlink:from="ifrs-full_BasicEarningsPerShareAbstract_loc" xlink:to="ifrs-full_BasicEarningsLossPerShareFromContinuingOperations_loc" order="1.0"/>
    <link:loc xlink:type="locator" xlink:href="https://xbrl.ifrs.org/taxonomy/2022-03-24/full_ifrs/full_ifrs-cor_2022-03-24.xsd#ifrs-full_BasicEarningsLossPerShareFromDiscontinuedOperations" xlink:label="ifrs-full_BasicEarningsLossPerShareFromDiscontinuedOperations_loc"/>
    <link:presentationArc xlink:type="arc" xlink:arcrole="http://www.xbrl.org/2003/arcrole/parent-child" xlink:from="ifrs-full_BasicEarningsPerShareAbstract_loc" xlink:to="ifrs-full_BasicEarningsLossPerShareFromDiscontinuedOperations_loc" order="2.0"/>
    <link:loc xlink:type="locator" xlink:href="https://xbrl.ifrs.org/taxonomy/2022-03-24/full_ifrs/full_ifrs-cor_2022-03-24.xsd#ifrs-full_BasicEarningsLossPerShare" xlink:label="ifrs-full_BasicEarningsLossPerShare_loc"/>
    <link:presentationArc xlink:type="arc" xlink:arcrole="http://www.xbrl.org/2003/arcrole/parent-child" xlink:from="ifrs-full_BasicEarningsPerShareAbstract_loc" xlink:to="ifrs-full_BasicEarningsLossPerShare_loc" order="3.0"/>
  </link:presentationLink>
  <link:presentationLink xlink:type="extended" xlink:role="https://www.degrotebv.nl/role/ConsolidatedStatementOfCashFlows">
    <link:loc xlink:type="locator" xlink:href="https://xbrl.ifrs.org/taxonomy/2022-03-24/full_ifrs/full_ifrs-cor_2022-03-24.xsd#ifrs-full_StatementOfCashFlowsAbstract" xlink:label="ifrs-full_StatementOfCashFlowsAbstract_loc"/>
    <link:loc xlink:type="locator" xlink:href="https://xbrl.ifrs.org/taxonomy/2022-03-24/full_ifrs/full_ifrs-cor_2022-03-24.xsd#ifrs-full_ProfitLossBeforeTax" xlink:label="ifrs-full_ProfitLossBeforeTax_loc"/>
    <link:presentationArc xlink:type="arc" xlink:arcrole="http://www.xbrl.org/2003/arcrole/parent-child" xlink:from="ifrs-full_StatementOfCashFlowsAbstract_loc" xlink:to="ifrs-full_ProfitLossBeforeTax_loc" order="1.0"/>
    <link:loc xlink:type="locator" xlink:href="degrotebv-2023-12-31.xsd#groot_NonCashAdjustments" xlink:label="groot_NonCashAdjustments_loc"/>
    <link:presentationArc xlink:type="arc" xlink:arcrole="http://www.xbrl.org/2003/arcrole/parent-child" xlink:from="ifrs-full_StatementOfCashFlowsAbstract_loc" xlink:to="groot_NonCashAdjustments_loc" order="2.0"/>
    <link:loc xlink:type="locator" xlink:href="https://xbrl.ifrs.org/taxonomy/2022-03-24/full_ifrs/full_ifrs-cor_2022-03-24.xsd#ifrs-full_ContributionsToPlanByEmployerNetDefinedBenefitLiabilityAsset" xlink:label="ifrs-full_ContributionsToPlanByEmployerNetDefinedBenefitLiabilityAsset_loc"/>
    <link:presentationArc xlink:type="arc" xlink:arcrole="http://www.xbrl.org/2003/arcrole/parent-child" xlink:from="ifrs-full_StatementOfCashFlowsAbstract_loc" xlink:to="ifrs-full_ContributionsToPlanByEmployerNetDefinedBenefitLiabilityAsset_loc" order="3.0"/>
    <link:loc xlink:type="locator" xlink:href="https://xbrl.ifrs.org/taxonomy/2022-03-24/full_ifrs/full_ifrs-cor_2022-03-24.xsd#ifrs-full_IncreaseDecreaseInWorkingCapital" xlink:label="ifrs-full_IncreaseDecreaseInWorkingCapital_loc"/>
    <link:presentationArc xlink:type="arc" xlink:arcrole="http://www.xbrl.org/2003/arcrole/parent-child" xlink:from="ifrs-full_StatementOfCashFlowsAbstract_loc" xlink:to="ifrs-full_IncreaseDecreaseInWorkingCapital_loc" order="4.0"/>
    <link:loc xlink:type="locator" xlink:href="https://xbrl.ifrs.org/taxonomy/2022-03-24/full_ifrs/full_ifrs-cor_2022-03-24.xsd#ifrs-full_TradingIncomeExpenseOnDerivativeFinancialInstruments" xlink:label="ifrs-full_TradingIncomeExpenseOnDerivativeFinancialInstruments_loc"/>
    <link:presentationArc xlink:type="arc" xlink:arcrole="http://www.xbrl.org/2003/arcrole/parent-child" xlink:from="ifrs-full_StatementOfCashFlowsAbstract_loc" xlink:to="ifrs-full_TradingIncomeExpenseOnDerivativeFinancialInstruments_loc" order="5.0"/>
    <link:loc xlink:type="locator" xlink:href="https://xbrl.ifrs.org/taxonomy/2022-03-24/full_ifrs/full_ifrs-cor_2022-03-24.xsd#ifrs-full_IncomeTaxesPaidRefundClassifiedAsOperatingActivities" xlink:label="ifrs-full_IncomeTaxesPaidRefundClassifiedAsOperatingActivities_loc"/>
    <link:presentationArc xlink:type="arc" xlink:arcrole="http://www.xbrl.org/2003/arcrole/parent-child" xlink:from="ifrs-full_StatementOfCashFlowsAbstract_loc" xlink:to="ifrs-full_IncomeTaxesPaidRefundClassifiedAsOperatingActivities_loc" order="6.0"/>
    <link:loc xlink:type="locator" xlink:href="https://xbrl.ifrs.org/taxonomy/2022-03-24/full_ifrs/full_ifrs-cor_2022-03-24.xsd#ifrs-full_CashFlowsFromUsedInOperatingActivities" xlink:label="ifrs-full_CashFlowsFromUsedInOperatingActivities_loc"/>
    <link:presentationArc xlink:type="arc" xlink:arcrole="http://www.xbrl.org/2003/arcrole/parent-child" xlink:from="ifrs-full_StatementOfCashFlowsAbstract_loc" xlink:to="ifrs-full_CashFlowsFromUsedInOperatingActivities_loc" order="7.0"/>
    <link:loc xlink:type="locator" xlink:href="https://xbrl.ifrs.org/taxonomy/2022-03-24/full_ifrs/full_ifrs-cor_2022-03-24.xsd#ifrs-full_PurchaseOfPropertyPlantAndEquipmentClassifiedAsInvestingActivities" xlink:label="ifrs-full_PurchaseOfPropertyPlantAndEquipmentClassifiedAsInvestingActivities_loc"/>
    <link:presentationArc xlink:type="arc" xlink:arcrole="http://www.xbrl.org/2003/arcrole/parent-child" xlink:from="ifrs-full_StatementOfCashFlowsAbstract_loc" xlink:to="ifrs-full_PurchaseOfPropertyPlantAndEquipmentClassifiedAsInvestingActivities_loc" order="8.0"/>
    <link:loc xlink:type="locator" xlink:href="https://xbrl.ifrs.org/taxonomy/2022-03-24/full_ifrs/full_ifrs-cor_2022-03-24.xsd#ifrs-full_ProceedsFromSalesOfPropertyPlantAndEquipmentClassifiedAsInvestingActivities" xlink:label="ifrs-full_ProceedsFromSalesOfPropertyPlantAndEquipmentClassifiedAsInvestingActivities_loc"/>
    <link:presentationArc xlink:type="arc" xlink:arcrole="http://www.xbrl.org/2003/arcrole/parent-child" xlink:from="ifrs-full_StatementOfCashFlowsAbstract_loc" xlink:to="ifrs-full_ProceedsFromSalesOfPropertyPlantAndEquipmentClassifiedAsInvestingActivities_loc" order="9.0"/>
    <link:loc xlink:type="locator" xlink:href="https://xbrl.ifrs.org/taxonomy/2022-03-24/full_ifrs/full_ifrs-cor_2022-03-24.xsd#ifrs-full_PurchaseOfIntangibleAssetsClassifiedAsInvestingActivities" xlink:label="ifrs-full_PurchaseOfIntangibleAssetsClassifiedAsInvestingActivities_loc"/>
    <link:presentationArc xlink:type="arc" xlink:arcrole="http://www.xbrl.org/2003/arcrole/parent-child" xlink:from="ifrs-full_StatementOfCashFlowsAbstract_loc" xlink:to="ifrs-full_PurchaseOfIntangibleAssetsClassifiedAsInvestingActivities_loc" order="10.0"/>
    <link:loc xlink:type="locator" xlink:href="https://xbrl.ifrs.org/taxonomy/2022-03-24/full_ifrs/full_ifrs-cor_2022-03-24.xsd#ifrs-full_ProceedsFromSalesOfIntangibleAssetsClassifiedAsInvestingActivities" xlink:label="ifrs-full_ProceedsFromSalesOfIntangibleAssetsClassifiedAsInvestingActivities_loc"/>
    <link:presentationArc xlink:type="arc" xlink:arcrole="http://www.xbrl.org/2003/arcrole/parent-child" xlink:from="ifrs-full_StatementOfCashFlowsAbstract_loc" xlink:to="ifrs-full_ProceedsFromSalesOfIntangibleAssetsClassifiedAsInvestingActivities_loc" order="11.0"/>
    <link:loc xlink:type="locator" xlink:href="https://xbrl.ifrs.org/taxonomy/2022-03-24/full_ifrs/full_ifrs-cor_2022-03-24.xsd#ifrs-full_CashFlowsUsedInObtainingControlOfSubsidiariesOrOtherBusinessesClassifiedAsInvestingActivities" xlink:label="ifrs-full_CashFlowsUsedInObtainingControlOfSubsidiariesOrOtherBusinessesClassifiedAsInvestingActivities_loc"/>
    <link:presentationArc xlink:type="arc" xlink:arcrole="http://www.xbrl.org/2003/arcrole/parent-child" xlink:from="ifrs-full_StatementOfCashFlowsAbstract_loc" xlink:to="ifrs-full_CashFlowsUsedInObtainingControlOfSubsidiariesOrOtherBusinessesClassifiedAsInvestingActivities_loc" order="12.0"/>
    <link:loc xlink:type="locator" xlink:href="https://xbrl.ifrs.org/taxonomy/2022-03-24/full_ifrs/full_ifrs-cor_2022-03-24.xsd#ifrs-full_ProceedsFromSalesOfInterestsInAssociates" xlink:label="ifrs-full_ProceedsFromSalesOfInterestsInAssociates_loc"/>
    <link:presentationArc xlink:type="arc" xlink:arcrole="http://www.xbrl.org/2003/arcrole/parent-child" xlink:from="ifrs-full_StatementOfCashFlowsAbstract_loc" xlink:to="ifrs-full_ProceedsFromSalesOfInterestsInAssociates_loc" order="13.0"/>
    <link:loc xlink:type="locator" xlink:href="https://xbrl.ifrs.org/taxonomy/2022-03-24/full_ifrs/full_ifrs-cor_2022-03-24.xsd#ifrs-full_ProceedsFromDisposalOrMaturityOfAvailableforsaleFinancialAssets" xlink:label="ifrs-full_ProceedsFromDisposalOrMaturityOfAvailableforsaleFinancialAssets_loc"/>
    <link:presentationArc xlink:type="arc" xlink:arcrole="http://www.xbrl.org/2003/arcrole/parent-child" xlink:from="ifrs-full_StatementOfCashFlowsAbstract_loc" xlink:to="ifrs-full_ProceedsFromDisposalOrMaturityOfAvailableforsaleFinancialAssets_loc" order="14.0"/>
    <link:loc xlink:type="locator" xlink:href="https://xbrl.ifrs.org/taxonomy/2022-03-24/full_ifrs/full_ifrs-cor_2022-03-24.xsd#ifrs-full_InterestReceivedClassifiedAsInvestingActivities" xlink:label="ifrs-full_InterestReceivedClassifiedAsInvestingActivities_loc"/>
    <link:presentationArc xlink:type="arc" xlink:arcrole="http://www.xbrl.org/2003/arcrole/parent-child" xlink:from="ifrs-full_StatementOfCashFlowsAbstract_loc" xlink:to="ifrs-full_InterestReceivedClassifiedAsInvestingActivities_loc" order="15.0"/>
    <link:loc xlink:type="locator" xlink:href="https://xbrl.ifrs.org/taxonomy/2022-03-24/full_ifrs/full_ifrs-cor_2022-03-24.xsd#ifrs-full_DividendsReceivedClassifiedAsInvestingActivities" xlink:label="ifrs-full_DividendsReceivedClassifiedAsInvestingActivities_loc"/>
    <link:presentationArc xlink:type="arc" xlink:arcrole="http://www.xbrl.org/2003/arcrole/parent-child" xlink:from="ifrs-full_StatementOfCashFlowsAbstract_loc" xlink:to="ifrs-full_DividendsReceivedClassifiedAsInvestingActivities_loc" order="16.0"/>
    <link:loc xlink:type="locator" xlink:href="https://xbrl.ifrs.org/taxonomy/2022-03-24/full_ifrs/full_ifrs-cor_2022-03-24.xsd#ifrs-full_IncomeTaxesPaidRefundClassifiedAsInvestingActivities" xlink:label="ifrs-full_IncomeTaxesPaidRefundClassifiedAsInvestingActivities_loc"/>
    <link:presentationArc xlink:type="arc" xlink:arcrole="http://www.xbrl.org/2003/arcrole/parent-child" xlink:from="ifrs-full_StatementOfCashFlowsAbstract_loc" xlink:to="ifrs-full_IncomeTaxesPaidRefundClassifiedAsInvestingActivities_loc" order="17.0"/>
    <link:loc xlink:type="locator" xlink:href="https://xbrl.ifrs.org/taxonomy/2022-03-24/full_ifrs/full_ifrs-cor_2022-03-24.xsd#ifrs-full_CashFlowsFromUsedInInvestingActivities" xlink:label="ifrs-full_CashFlowsFromUsedInInvestingActivities_loc"/>
    <link:presentationArc xlink:type="arc" xlink:arcrole="http://www.xbrl.org/2003/arcrole/parent-child" xlink:from="ifrs-full_StatementOfCashFlowsAbstract_loc" xlink:to="ifrs-full_CashFlowsFromUsedInInvestingActivities_loc" order="18.0"/>
    <link:loc xlink:type="locator" xlink:href="https://xbrl.ifrs.org/taxonomy/2022-03-24/full_ifrs/full_ifrs-cor_2022-03-24.xsd#ifrs-full_ProceedsFromBorrowingsClassifiedAsFinancingActivities" xlink:label="ifrs-full_ProceedsFromBorrowingsClassifiedAsFinancingActivities_loc"/>
    <link:presentationArc xlink:type="arc" xlink:arcrole="http://www.xbrl.org/2003/arcrole/parent-child" xlink:from="ifrs-full_StatementOfCashFlowsAbstract_loc" xlink:to="ifrs-full_ProceedsFromBorrowingsClassifiedAsFinancingActivities_loc" order="19.0"/>
    <link:loc xlink:type="locator" xlink:href="https://xbrl.ifrs.org/taxonomy/2022-03-24/full_ifrs/full_ifrs-cor_2022-03-24.xsd#ifrs-full_RepaymentsOfBorrowingsClassifiedAsFinancingActivities" xlink:label="ifrs-full_RepaymentsOfBorrowingsClassifiedAsFinancingActivities_loc"/>
    <link:presentationArc xlink:type="arc" xlink:arcrole="http://www.xbrl.org/2003/arcrole/parent-child" xlink:from="ifrs-full_StatementOfCashFlowsAbstract_loc" xlink:to="ifrs-full_RepaymentsOfBorrowingsClassifiedAsFinancingActivities_loc" order="20.0"/>
    <link:loc xlink:type="locator" xlink:href="https://xbrl.ifrs.org/taxonomy/2022-03-24/full_ifrs/full_ifrs-cor_2022-03-24.xsd#ifrs-full_ProceedsFromIssuingShares" xlink:label="ifrs-full_ProceedsFromIssuingShares_loc"/>
    <link:presentationArc xlink:type="arc" xlink:arcrole="http://www.xbrl.org/2003/arcrole/parent-child" xlink:from="ifrs-full_StatementOfCashFlowsAbstract_loc" xlink:to="ifrs-full_ProceedsFromIssuingShares_loc" order="21.0"/>
    <link:loc xlink:type="locator" xlink:href="https://xbrl.ifrs.org/taxonomy/2022-03-24/full_ifrs/full_ifrs-cor_2022-03-24.xsd#ifrs-full_InterestPaidClassifiedAsFinancingActivities" xlink:label="ifrs-full_InterestPaidClassifiedAsFinancingActivities_loc"/>
    <link:presentationArc xlink:type="arc" xlink:arcrole="http://www.xbrl.org/2003/arcrole/parent-child" xlink:from="ifrs-full_StatementOfCashFlowsAbstract_loc" xlink:to="ifrs-full_InterestPaidClassifiedAsFinancingActivities_loc" order="22.0"/>
    <link:loc xlink:type="locator" xlink:href="https://xbrl.ifrs.org/taxonomy/2022-03-24/full_ifrs/full_ifrs-cor_2022-03-24.xsd#ifrs-full_DividendsPaidClassifiedAsFinancingActivities" xlink:label="ifrs-full_DividendsPaidClassifiedAsFinancingActivities_loc"/>
    <link:presentationArc xlink:type="arc" xlink:arcrole="http://www.xbrl.org/2003/arcrole/parent-child" xlink:from="ifrs-full_StatementOfCashFlowsAbstract_loc" xlink:to="ifrs-full_DividendsPaidClassifiedAsFinancingActivities_loc" order="23.0"/>
    <link:loc xlink:type="locator" xlink:href="https://xbrl.ifrs.org/taxonomy/2022-03-24/full_ifrs/full_ifrs-cor_2022-03-24.xsd#ifrs-full_CashFlowsFromUsedInFinancingActivities" xlink:label="ifrs-full_CashFlowsFromUsedInFinancingActivities_loc"/>
    <link:presentationArc xlink:type="arc" xlink:arcrole="http://www.xbrl.org/2003/arcrole/parent-child" xlink:from="ifrs-full_StatementOfCashFlowsAbstract_loc" xlink:to="ifrs-full_CashFlowsFromUsedInFinancingActivities_loc" order="24.0"/>
    <link:loc xlink:type="locator" xlink:href="https://xbrl.ifrs.org/taxonomy/2022-03-24/full_ifrs/full_ifrs-cor_2022-03-24.xsd#ifrs-full_IncreaseDecreaseInCashAndCashEquivalents" xlink:label="ifrs-full_IncreaseDecreaseInCashAndCashEquivalents_loc"/>
    <link:presentationArc xlink:type="arc" xlink:arcrole="http://www.xbrl.org/2003/arcrole/parent-child" xlink:from="ifrs-full_StatementOfCashFlowsAbstract_loc" xlink:to="ifrs-full_IncreaseDecreaseInCashAndCashEquivalents_loc" order="27.0"/>
    <link:loc xlink:type="locator" xlink:href="https://xbrl.ifrs.org/taxonomy/2022-03-24/full_ifrs/full_ifrs-cor_2022-03-24.xsd#ifrs-full_IncreaseDecreaseInCashAndCashEquivalentsBeforeEffectOfExchangeRateChanges" xlink:label="ifrs-full_IncreaseDecreaseInCashAndCashEquivalentsBeforeEffectOfExchangeRateChanges_loc"/>
    <link:presentationArc xlink:type="arc" xlink:arcrole="http://www.xbrl.org/2003/arcrole/parent-child" xlink:from="ifrs-full_StatementOfCashFlowsAbstract_loc" xlink:to="ifrs-full_IncreaseDecreaseInCashAndCashEquivalentsBeforeEffectOfExchangeRateChanges_loc" order="25.0"/>
    <link:loc xlink:type="locator" xlink:href="https://xbrl.ifrs.org/taxonomy/2022-03-24/full_ifrs/full_ifrs-cor_2022-03-24.xsd#ifrs-full_EffectOfExchangeRateChangesOnCashAndCashEquivalents" xlink:label="ifrs-full_EffectOfExchangeRateChangesOnCashAndCashEquivalents_loc"/>
    <link:presentationArc xlink:type="arc" xlink:arcrole="http://www.xbrl.org/2003/arcrole/parent-child" xlink:from="ifrs-full_StatementOfCashFlowsAbstract_loc" xlink:to="ifrs-full_EffectOfExchangeRateChangesOnCashAndCashEquivalents_loc" order="26.0"/>
    <link:loc xlink:type="locator" xlink:href="https://xbrl.ifrs.org/taxonomy/2022-03-24/full_ifrs/full_ifrs-cor_2022-03-24.xsd#ifrs-full_CashAndCashEquivalents" xlink:label="ifrs-full_CashAndCashEquivalents_loc"/>
    <link:presentationArc xlink:type="arc" xlink:arcrole="http://www.xbrl.org/2003/arcrole/parent-child" xlink:from="ifrs-full_StatementOfCashFlowsAbstract_loc" xlink:to="ifrs-full_CashAndCashEquivalents_loc" order="28.0"/>
    <link:loc xlink:type="locator" xlink:href="https://xbrl.ifrs.org/taxonomy/2022-03-24/full_ifrs/full_ifrs-cor_2022-03-24.xsd#ifrs-full_CashAndCashEquivalentsClassifiedAsPartOfDisposalGroupHeldForSale" xlink:label="ifrs-full_CashAndCashEquivalentsClassifiedAsPartOfDisposalGroupHeldForSale_loc"/>
    <link:presentationArc xlink:type="arc" xlink:arcrole="http://www.xbrl.org/2003/arcrole/parent-child" xlink:from="ifrs-full_StatementOfCashFlowsAbstract_loc" xlink:to="ifrs-full_CashAndCashEquivalentsClassifiedAsPartOfDisposalGroupHeldForSale_loc" order="29.0"/>
    <link:loc xlink:type="locator" xlink:href="degrotebv-2023-12-31.xsd#groot_CashAndCashEquivalentsForContinuingOperations" xlink:label="groot_CashAndCashEquivalentsForContinuingOperations_loc"/>
    <link:presentationArc xlink:type="arc" xlink:arcrole="http://www.xbrl.org/2003/arcrole/parent-child" xlink:from="ifrs-full_StatementOfCashFlowsAbstract_loc" xlink:to="groot_CashAndCashEquivalentsForContinuingOperations_loc" order="30.0"/>
  </link:presentationLink>
</link:linkbase>
