<?xml version="1.0" encoding="UTF-8"?>

<link:linkbase xmlns:link="http://www.xbrl.org/2003/linkbase" xmlns:xlink="http://www.w3.org/1999/xlink" xmlns:xbrldt="http://xbrl.org/2005/xbrldt">
  <link:roleRef roleURI="https://www.degrotebv.nl/role/Anchoring" xlink:type="simple" xlink:href="degrotebv-2023-12-31.xsd#Anchoring"/>
  <link:roleRef roleURI="https://www.nltaxonomie.nl/kvk/role/items-consolidated-ifrs-fs" xlink:type="simple" xlink:href="https://www.nltaxonomie.nl/kvk/2024-03-31/kvk-annual-report-ifrs-ext.xsd#kvk-role-items-consolidated-ifrs-fs"/>
  <link:roleRef roleURI="https://www.degrotebv.nl/role/ConsolidatedStatementOfChangesInEquity" xlink:type="simple" xlink:href="degrotebv-2023-12-31.xsd#ConsolidatedStatementOfChangesInEquity"/>
  <link:arcroleRef arcroleURI="http://xbrl.org/int/dim/arcrole/dimension-domain" xlink:type="simple" xlink:href="http://www.xbrl.org/2005/xbrldt-2005.xsd#dimension-domain"/>
  <link:arcroleRef arcroleURI="http://xbrl.org/int/dim/arcrole/domain-member" xlink:type="simple" xlink:href="http://www.xbrl.org/2005/xbrldt-2005.xsd#domain-member"/>
  <link:arcroleRef arcroleURI="http://xbrl.org/int/dim/arcrole/hypercube-dimension" xlink:type="simple" xlink:href="http://www.xbrl.org/2005/xbrldt-2005.xsd#hypercube-dimension"/>
  <link:arcroleRef arcroleURI="http://xbrl.org/int/dim/arcrole/all" xlink:type="simple" xlink:href="http://www.xbrl.org/2005/xbrldt-2005.xsd#all"/>
  <link:arcroleRef arcroleURI="http://www.esma.europa.eu/xbrl/esef/arcrole/wider-narrower" xlink:type="simple" xlink:href="http://www.xbrl.org/lrr/arcrole/esma-arcrole-2018-11-21.xsd#wider-narrower"/>
  <link:definitionLink xlink:type="extended" xlink:role="https://www.degrotebv.nl/role/Anchoring">
    <link:loc xlink:type="locator" xlink:href="https://xbrl.ifrs.org/taxonomy/2022-03-24/full_ifrs/full_ifrs-cor_2022-03-24.xsd#ifrs-full_CashAndCashEquivalents" xlink:label="ifrs-full_CashAndCashEquivalents_loc"/>
    <link:loc xlink:type="locator" xlink:href="degrotebv-2023-12-31.xsd#groot_CashAndCashEquivalentsForContinuingOperations" xlink:label="groot_CashAndCashEquivalentsForContinuingOperations_loc"/>
    <link:definitionArc xlink:type="arc" xlink:arcrole="http://www.esma.europa.eu/xbrl/esef/arcrole/wider-narrower" xlink:from="ifrs-full_CashAndCashEquivalents_loc" xlink:to="groot_CashAndCashEquivalentsForContinuingOperations_loc" order="1.0"/>
    <link:loc xlink:type="locator" xlink:href="https://xbrl.ifrs.org/taxonomy/2022-03-24/full_ifrs/full_ifrs-cor_2022-03-24.xsd#ifrs-full_CurrentAssets" xlink:label="ifrs-full_CurrentAssets_loc"/>
    <link:loc xlink:type="locator" xlink:href="degrotebv-2023-12-31.xsd#groot_CurrentAssetsIncludedInDisposalGroupClassifiedAsHeldForSale" xlink:label="groot_CurrentAssetsIncludedInDisposalGroupClassifiedAsHeldForSale_loc"/>
    <link:definitionArc xlink:type="arc" xlink:arcrole="http://www.esma.europa.eu/xbrl/esef/arcrole/wider-narrower" xlink:from="ifrs-full_CurrentAssets_loc" xlink:to="groot_CurrentAssetsIncludedInDisposalGroupClassifiedAsHeldForSale_loc" order="1.0"/>
    <link:loc xlink:type="locator" xlink:href="https://xbrl.ifrs.org/taxonomy/2022-03-24/full_ifrs/full_ifrs-cor_2022-03-24.xsd#ifrs-full_Equity" xlink:label="ifrs-full_Equity_loc"/>
    <link:loc xlink:type="locator" xlink:href="degrotebv-2023-12-31.xsd#groot_OtherComponentsOfEquity" xlink:label="groot_OtherComponentsOfEquity_loc"/>
    <link:definitionArc xlink:type="arc" xlink:arcrole="http://www.esma.europa.eu/xbrl/esef/arcrole/wider-narrower" xlink:from="ifrs-full_Equity_loc" xlink:to="groot_OtherComponentsOfEquity_loc" order="1.0"/>
    <link:loc xlink:type="locator" xlink:href="https://xbrl.ifrs.org/taxonomy/2022-03-24/full_ifrs/full_ifrs-cor_2022-03-24.xsd#ifrs-full_AdjustmentsToReconcileProfitLossOtherThanChangesInWorkingCapital" xlink:label="ifrs-full_AdjustmentsToReconcileProfitLossOtherThanChangesInWorkingCapital_loc"/>
    <link:loc xlink:type="locator" xlink:href="degrotebv-2023-12-31.xsd#groot_NonCashAdjustments" xlink:label="groot_NonCashAdjustments_loc"/>
    <link:definitionArc xlink:type="arc" xlink:arcrole="http://www.esma.europa.eu/xbrl/esef/arcrole/wider-narrower" xlink:from="ifrs-full_AdjustmentsToReconcileProfitLossOtherThanChangesInWorkingCapital_loc" xlink:to="groot_NonCashAdjustments_loc" order="1.0"/>
    <link:loc xlink:type="locator" xlink:href="https://xbrl.ifrs.org/taxonomy/2022-03-24/full_ifrs/full_ifrs-cor_2022-03-24.xsd#ifrs-full_IssueOfEquity" xlink:label="ifrs-full_IssueOfEquity_loc"/>
    <link:loc xlink:type="locator" xlink:href="degrotebv-2023-12-31.xsd#groot_IssueOfShareCapitalOnExerciseOfEmployeeSharebasedCompensation" xlink:label="groot_IssueOfShareCapitalOnExerciseOfEmployeeSharebasedCompensation_loc"/>
    <link:definitionArc xlink:type="arc" xlink:arcrole="http://www.esma.europa.eu/xbrl/esef/arcrole/wider-narrower" xlink:from="ifrs-full_IssueOfEquity_loc" xlink:to="groot_IssueOfShareCapitalOnExerciseOfEmployeeSharebasedCompensation_loc" order="1.0"/>
    <link:loc xlink:type="locator" xlink:href="degrotebv-2023-12-31.xsd#groot_IssueOfShareCapitalOnPrivatePlacement" xlink:label="groot_IssueOfShareCapitalOnPrivatePlacement_loc"/>
    <link:definitionArc xlink:type="arc" xlink:arcrole="http://www.esma.europa.eu/xbrl/esef/arcrole/wider-narrower" xlink:from="ifrs-full_IssueOfEquity_loc" xlink:to="groot_IssueOfShareCapitalOnPrivatePlacement_loc" order="2.0"/>
    <link:loc xlink:type="locator" xlink:href="https://xbrl.ifrs.org/taxonomy/2022-03-24/full_ifrs/full_ifrs-cor_2022-03-24.xsd#ifrs-full_EquityMember" xlink:label="ifrs-full_EquityMember_loc"/>
    <link:definitionArc xlink:type="arc" xlink:arcrole="http://www.esma.europa.eu/xbrl/esef/arcrole/wider-narrower" xlink:from="ifrs-full_EquityMember_loc" xlink:to="groot_OtherComponentsOfEquity_loc" order="1.0"/>
  </link:definitionLink>
  <link:definitionLink xlink:type="extended" xlink:role="https://www.nltaxonomie.nl/kvk/role/items-consolidated-ifrs-fs">
    <link:loc xlink:type="locator" xlink:href="https://www.nltaxonomie.nl/kvk/2024-03-31/kvk-cor.xsd#kvk_ItemsInConsolidatedFinancialStatementsPlaceholder" xlink:label="kvk_ItemsInConsolidatedFinancialStatementsPlaceholder_loc"/>
    <link:loc xlink:type="locator" xlink:href="https://xbrl.ifrs.org/taxonomy/2022-03-24/full_ifrs/full_ifrs-cor_2022-03-24.xsd#ifrs-full_PropertyPlantAndEquipment" xlink:label="ifrs-full_PropertyPlantAndEquipment_loc"/>
    <link:definitionArc xlink:type="arc" xlink:arcrole="http://xbrl.org/int/dim/arcrole/domain-member" xlink:from="kvk_ItemsInConsolidatedFinancialStatementsPlaceholder_loc" xlink:to="ifrs-full_PropertyPlantAndEquipment_loc" order="4.0"/>
    <link:loc xlink:type="locator" xlink:href="https://xbrl.ifrs.org/taxonomy/2022-03-24/full_ifrs/full_ifrs-cor_2022-03-24.xsd#ifrs-full_Goodwill" xlink:label="ifrs-full_Goodwill_loc"/>
    <link:definitionArc xlink:type="arc" xlink:arcrole="http://xbrl.org/int/dim/arcrole/domain-member" xlink:from="kvk_ItemsInConsolidatedFinancialStatementsPlaceholder_loc" xlink:to="ifrs-full_Goodwill_loc" order="2.0"/>
    <link:loc xlink:type="locator" xlink:href="https://xbrl.ifrs.org/taxonomy/2022-03-24/full_ifrs/full_ifrs-cor_2022-03-24.xsd#ifrs-full_OtherIntangibleAssets" xlink:label="ifrs-full_OtherIntangibleAssets_loc"/>
    <link:definitionArc xlink:type="arc" xlink:arcrole="http://xbrl.org/int/dim/arcrole/domain-member" xlink:from="kvk_ItemsInConsolidatedFinancialStatementsPlaceholder_loc" xlink:to="ifrs-full_OtherIntangibleAssets_loc" order="3.0"/>
    <link:loc xlink:type="locator" xlink:href="https://xbrl.ifrs.org/taxonomy/2022-03-24/full_ifrs/full_ifrs-cor_2022-03-24.xsd#ifrs-full_OtherNoncurrentFinancialAssets" xlink:label="ifrs-full_OtherNoncurrentFinancialAssets_loc"/>
    <link:definitionArc xlink:type="arc" xlink:arcrole="http://xbrl.org/int/dim/arcrole/domain-member" xlink:from="kvk_ItemsInConsolidatedFinancialStatementsPlaceholder_loc" xlink:to="ifrs-full_OtherNoncurrentFinancialAssets_loc" order="9.0"/>
    <link:loc xlink:type="locator" xlink:href="https://xbrl.ifrs.org/taxonomy/2022-03-24/full_ifrs/full_ifrs-cor_2022-03-24.xsd#ifrs-full_NoncurrentAssets" xlink:label="ifrs-full_NoncurrentAssets_loc"/>
    <link:definitionArc xlink:type="arc" xlink:arcrole="http://xbrl.org/int/dim/arcrole/domain-member" xlink:from="kvk_ItemsInConsolidatedFinancialStatementsPlaceholder_loc" xlink:to="ifrs-full_NoncurrentAssets_loc" order="11.0"/>
    <link:loc xlink:type="locator" xlink:href="https://xbrl.ifrs.org/taxonomy/2022-03-24/full_ifrs/full_ifrs-cor_2022-03-24.xsd#ifrs-full_Inventories" xlink:label="ifrs-full_Inventories_loc"/>
    <link:definitionArc xlink:type="arc" xlink:arcrole="http://xbrl.org/int/dim/arcrole/domain-member" xlink:from="kvk_ItemsInConsolidatedFinancialStatementsPlaceholder_loc" xlink:to="ifrs-full_Inventories_loc" order="13.0"/>
    <link:loc xlink:type="locator" xlink:href="https://xbrl.ifrs.org/taxonomy/2022-03-24/full_ifrs/full_ifrs-cor_2022-03-24.xsd#ifrs-full_CashAndCashEquivalents" xlink:label="ifrs-full_CashAndCashEquivalents_loc"/>
    <link:definitionArc xlink:type="arc" xlink:arcrole="http://xbrl.org/int/dim/arcrole/domain-member" xlink:from="kvk_ItemsInConsolidatedFinancialStatementsPlaceholder_loc" xlink:to="ifrs-full_CashAndCashEquivalents_loc" order="18.0"/>
    <link:loc xlink:type="locator" xlink:href="https://xbrl.ifrs.org/taxonomy/2022-03-24/full_ifrs/full_ifrs-cor_2022-03-24.xsd#ifrs-full_CurrentAssets" xlink:label="ifrs-full_CurrentAssets_loc"/>
    <link:definitionArc xlink:type="arc" xlink:arcrole="http://xbrl.org/int/dim/arcrole/domain-member" xlink:from="kvk_ItemsInConsolidatedFinancialStatementsPlaceholder_loc" xlink:to="ifrs-full_CurrentAssets_loc" order="19.0"/>
    <link:loc xlink:type="locator" xlink:href="https://xbrl.ifrs.org/taxonomy/2022-03-24/full_ifrs/full_ifrs-cor_2022-03-24.xsd#ifrs-full_Assets" xlink:label="ifrs-full_Assets_loc"/>
    <link:definitionArc xlink:type="arc" xlink:arcrole="http://xbrl.org/int/dim/arcrole/domain-member" xlink:from="kvk_ItemsInConsolidatedFinancialStatementsPlaceholder_loc" xlink:to="ifrs-full_Assets_loc" order="20.0"/>
    <link:loc xlink:type="locator" xlink:href="https://xbrl.ifrs.org/taxonomy/2022-03-24/full_ifrs/full_ifrs-cor_2022-03-24.xsd#ifrs-full_IssuedCapital" xlink:label="ifrs-full_IssuedCapital_loc"/>
    <link:definitionArc xlink:type="arc" xlink:arcrole="http://xbrl.org/int/dim/arcrole/domain-member" xlink:from="kvk_ItemsInConsolidatedFinancialStatementsPlaceholder_loc" xlink:to="ifrs-full_IssuedCapital_loc" order="21.0"/>
    <link:loc xlink:type="locator" xlink:href="https://xbrl.ifrs.org/taxonomy/2022-03-24/full_ifrs/full_ifrs-cor_2022-03-24.xsd#ifrs-full_RetainedEarnings" xlink:label="ifrs-full_RetainedEarnings_loc"/>
    <link:definitionArc xlink:type="arc" xlink:arcrole="http://xbrl.org/int/dim/arcrole/domain-member" xlink:from="kvk_ItemsInConsolidatedFinancialStatementsPlaceholder_loc" xlink:to="ifrs-full_RetainedEarnings_loc" order="24.0"/>
    <link:loc xlink:type="locator" xlink:href="https://xbrl.ifrs.org/taxonomy/2022-03-24/full_ifrs/full_ifrs-cor_2022-03-24.xsd#ifrs-full_EquityAttributableToOwnersOfParent" xlink:label="ifrs-full_EquityAttributableToOwnersOfParent_loc"/>
    <link:definitionArc xlink:type="arc" xlink:arcrole="http://xbrl.org/int/dim/arcrole/domain-member" xlink:from="kvk_ItemsInConsolidatedFinancialStatementsPlaceholder_loc" xlink:to="ifrs-full_EquityAttributableToOwnersOfParent_loc" order="25.0"/>
    <link:loc xlink:type="locator" xlink:href="https://xbrl.ifrs.org/taxonomy/2022-03-24/full_ifrs/full_ifrs-cor_2022-03-24.xsd#ifrs-full_NoncontrollingInterests" xlink:label="ifrs-full_NoncontrollingInterests_loc"/>
    <link:definitionArc xlink:type="arc" xlink:arcrole="http://xbrl.org/int/dim/arcrole/domain-member" xlink:from="kvk_ItemsInConsolidatedFinancialStatementsPlaceholder_loc" xlink:to="ifrs-full_NoncontrollingInterests_loc" order="26.0"/>
    <link:loc xlink:type="locator" xlink:href="https://xbrl.ifrs.org/taxonomy/2022-03-24/full_ifrs/full_ifrs-cor_2022-03-24.xsd#ifrs-full_Equity" xlink:label="ifrs-full_Equity_loc"/>
    <link:definitionArc xlink:type="arc" xlink:arcrole="http://xbrl.org/int/dim/arcrole/domain-member" xlink:from="kvk_ItemsInConsolidatedFinancialStatementsPlaceholder_loc" xlink:to="ifrs-full_Equity_loc" order="27.0"/>
    <link:loc xlink:type="locator" xlink:href="https://xbrl.ifrs.org/taxonomy/2022-03-24/full_ifrs/full_ifrs-cor_2022-03-24.xsd#ifrs-full_LongtermBorrowings" xlink:label="ifrs-full_LongtermBorrowings_loc"/>
    <link:definitionArc xlink:type="arc" xlink:arcrole="http://xbrl.org/int/dim/arcrole/domain-member" xlink:from="kvk_ItemsInConsolidatedFinancialStatementsPlaceholder_loc" xlink:to="ifrs-full_LongtermBorrowings_loc" order="29.0"/>
    <link:loc xlink:type="locator" xlink:href="https://xbrl.ifrs.org/taxonomy/2022-03-24/full_ifrs/full_ifrs-cor_2022-03-24.xsd#ifrs-full_DeferredTaxLiabilities" xlink:label="ifrs-full_DeferredTaxLiabilities_loc"/>
    <link:definitionArc xlink:type="arc" xlink:arcrole="http://xbrl.org/int/dim/arcrole/domain-member" xlink:from="kvk_ItemsInConsolidatedFinancialStatementsPlaceholder_loc" xlink:to="ifrs-full_DeferredTaxLiabilities_loc" order="31.0"/>
    <link:loc xlink:type="locator" xlink:href="https://xbrl.ifrs.org/taxonomy/2022-03-24/full_ifrs/full_ifrs-cor_2022-03-24.xsd#ifrs-full_NoncurrentLiabilities" xlink:label="ifrs-full_NoncurrentLiabilities_loc"/>
    <link:definitionArc xlink:type="arc" xlink:arcrole="http://xbrl.org/int/dim/arcrole/domain-member" xlink:from="kvk_ItemsInConsolidatedFinancialStatementsPlaceholder_loc" xlink:to="ifrs-full_NoncurrentLiabilities_loc" order="33.0"/>
    <link:loc xlink:type="locator" xlink:href="https://xbrl.ifrs.org/taxonomy/2022-03-24/full_ifrs/full_ifrs-cor_2022-03-24.xsd#ifrs-full_TradeAndOtherPayables" xlink:label="ifrs-full_TradeAndOtherPayables_loc"/>
    <link:definitionArc xlink:type="arc" xlink:arcrole="http://xbrl.org/int/dim/arcrole/domain-member" xlink:from="kvk_ItemsInConsolidatedFinancialStatementsPlaceholder_loc" xlink:to="ifrs-full_TradeAndOtherPayables_loc" order="39.0"/>
    <link:loc xlink:type="locator" xlink:href="https://xbrl.ifrs.org/taxonomy/2022-03-24/full_ifrs/full_ifrs-cor_2022-03-24.xsd#ifrs-full_ShorttermBorrowings" xlink:label="ifrs-full_ShorttermBorrowings_loc"/>
    <link:definitionArc xlink:type="arc" xlink:arcrole="http://xbrl.org/int/dim/arcrole/domain-member" xlink:from="kvk_ItemsInConsolidatedFinancialStatementsPlaceholder_loc" xlink:to="ifrs-full_ShorttermBorrowings_loc" order="37.0"/>
    <link:loc xlink:type="locator" xlink:href="https://xbrl.ifrs.org/taxonomy/2022-03-24/full_ifrs/full_ifrs-cor_2022-03-24.xsd#ifrs-full_CurrentTaxLiabilities" xlink:label="ifrs-full_CurrentTaxLiabilities_loc"/>
    <link:definitionArc xlink:type="arc" xlink:arcrole="http://xbrl.org/int/dim/arcrole/domain-member" xlink:from="kvk_ItemsInConsolidatedFinancialStatementsPlaceholder_loc" xlink:to="ifrs-full_CurrentTaxLiabilities_loc" order="40.0"/>
    <link:loc xlink:type="locator" xlink:href="https://xbrl.ifrs.org/taxonomy/2022-03-24/full_ifrs/full_ifrs-cor_2022-03-24.xsd#ifrs-full_CurrentProvisions" xlink:label="ifrs-full_CurrentProvisions_loc"/>
    <link:definitionArc xlink:type="arc" xlink:arcrole="http://xbrl.org/int/dim/arcrole/domain-member" xlink:from="kvk_ItemsInConsolidatedFinancialStatementsPlaceholder_loc" xlink:to="ifrs-full_CurrentProvisions_loc" order="35.0"/>
    <link:loc xlink:type="locator" xlink:href="https://xbrl.ifrs.org/taxonomy/2022-03-24/full_ifrs/full_ifrs-cor_2022-03-24.xsd#ifrs-full_CurrentLiabilities" xlink:label="ifrs-full_CurrentLiabilities_loc"/>
    <link:definitionArc xlink:type="arc" xlink:arcrole="http://xbrl.org/int/dim/arcrole/domain-member" xlink:from="kvk_ItemsInConsolidatedFinancialStatementsPlaceholder_loc" xlink:to="ifrs-full_CurrentLiabilities_loc" order="43.0"/>
    <link:loc xlink:type="locator" xlink:href="https://xbrl.ifrs.org/taxonomy/2022-03-24/full_ifrs/full_ifrs-cor_2022-03-24.xsd#ifrs-full_EquityAndLiabilities" xlink:label="ifrs-full_EquityAndLiabilities_loc"/>
    <link:definitionArc xlink:type="arc" xlink:arcrole="http://xbrl.org/int/dim/arcrole/domain-member" xlink:from="kvk_ItemsInConsolidatedFinancialStatementsPlaceholder_loc" xlink:to="ifrs-full_EquityAndLiabilities_loc" order="45.0"/>
    <link:loc xlink:type="locator" xlink:href="https://xbrl.ifrs.org/taxonomy/2022-03-24/full_ifrs/full_ifrs-cor_2022-03-24.xsd#ifrs-full_Liabilities" xlink:label="ifrs-full_Liabilities_loc"/>
    <link:definitionArc xlink:type="arc" xlink:arcrole="http://xbrl.org/int/dim/arcrole/domain-member" xlink:from="kvk_ItemsInConsolidatedFinancialStatementsPlaceholder_loc" xlink:to="ifrs-full_Liabilities_loc" order="44.0"/>
    <link:loc xlink:type="locator" xlink:href="https://xbrl.ifrs.org/taxonomy/2022-03-24/full_ifrs/full_ifrs-cor_2022-03-24.xsd#ifrs-full_RightofuseAssets" xlink:label="ifrs-full_RightofuseAssets_loc"/>
    <link:definitionArc xlink:type="arc" xlink:arcrole="http://xbrl.org/int/dim/arcrole/domain-member" xlink:from="kvk_ItemsInConsolidatedFinancialStatementsPlaceholder_loc" xlink:to="ifrs-full_RightofuseAssets_loc" order="5.0"/>
    <link:loc xlink:type="locator" xlink:href="https://xbrl.ifrs.org/taxonomy/2022-03-24/full_ifrs/full_ifrs-cor_2022-03-24.xsd#ifrs-full_InvestmentsInAssociatesAccountedForUsingEquityMethod" xlink:label="ifrs-full_InvestmentsInAssociatesAccountedForUsingEquityMethod_loc"/>
    <link:definitionArc xlink:type="arc" xlink:arcrole="http://xbrl.org/int/dim/arcrole/domain-member" xlink:from="kvk_ItemsInConsolidatedFinancialStatementsPlaceholder_loc" xlink:to="ifrs-full_InvestmentsInAssociatesAccountedForUsingEquityMethod_loc" order="6.0"/>
    <link:loc xlink:type="locator" xlink:href="https://xbrl.ifrs.org/taxonomy/2022-03-24/full_ifrs/full_ifrs-cor_2022-03-24.xsd#ifrs-full_InvestmentProperty" xlink:label="ifrs-full_InvestmentProperty_loc"/>
    <link:definitionArc xlink:type="arc" xlink:arcrole="http://xbrl.org/int/dim/arcrole/domain-member" xlink:from="kvk_ItemsInConsolidatedFinancialStatementsPlaceholder_loc" xlink:to="ifrs-full_InvestmentProperty_loc" order="7.0"/>
    <link:loc xlink:type="locator" xlink:href="https://xbrl.ifrs.org/taxonomy/2022-03-24/full_ifrs/full_ifrs-cor_2022-03-24.xsd#ifrs-full_OtherNoncurrentAssets" xlink:label="ifrs-full_OtherNoncurrentAssets_loc"/>
    <link:definitionArc xlink:type="arc" xlink:arcrole="http://xbrl.org/int/dim/arcrole/domain-member" xlink:from="kvk_ItemsInConsolidatedFinancialStatementsPlaceholder_loc" xlink:to="ifrs-full_OtherNoncurrentAssets_loc" order="8.0"/>
    <link:loc xlink:type="locator" xlink:href="https://xbrl.ifrs.org/taxonomy/2022-03-24/full_ifrs/full_ifrs-cor_2022-03-24.xsd#ifrs-full_DeferredTaxAssets" xlink:label="ifrs-full_DeferredTaxAssets_loc"/>
    <link:definitionArc xlink:type="arc" xlink:arcrole="http://xbrl.org/int/dim/arcrole/domain-member" xlink:from="kvk_ItemsInConsolidatedFinancialStatementsPlaceholder_loc" xlink:to="ifrs-full_DeferredTaxAssets_loc" order="10.0"/>
    <link:loc xlink:type="locator" xlink:href="degrotebv-2023-12-31.xsd#groot_CurrentAssetsIncludedInDisposalGroupClassifiedAsHeldForSale" xlink:label="groot_CurrentAssetsIncludedInDisposalGroupClassifiedAsHeldForSale_loc"/>
    <link:definitionArc xlink:type="arc" xlink:arcrole="http://xbrl.org/int/dim/arcrole/domain-member" xlink:from="kvk_ItemsInConsolidatedFinancialStatementsPlaceholder_loc" xlink:to="groot_CurrentAssetsIncludedInDisposalGroupClassifiedAsHeldForSale_loc" order="12.0"/>
    <link:loc xlink:type="locator" xlink:href="https://xbrl.ifrs.org/taxonomy/2022-03-24/full_ifrs/full_ifrs-cor_2022-03-24.xsd#ifrs-full_PrepaymentsAndAccruedIncomeIncludingContractAssets" xlink:label="ifrs-full_PrepaymentsAndAccruedIncomeIncludingContractAssets_loc"/>
    <link:definitionArc xlink:type="arc" xlink:arcrole="http://xbrl.org/int/dim/arcrole/domain-member" xlink:from="kvk_ItemsInConsolidatedFinancialStatementsPlaceholder_loc" xlink:to="ifrs-full_PrepaymentsAndAccruedIncomeIncludingContractAssets_loc" order="14.0"/>
    <link:loc xlink:type="locator" xlink:href="https://xbrl.ifrs.org/taxonomy/2022-03-24/full_ifrs/full_ifrs-cor_2022-03-24.xsd#ifrs-full_TradeAndOtherReceivables" xlink:label="ifrs-full_TradeAndOtherReceivables_loc"/>
    <link:definitionArc xlink:type="arc" xlink:arcrole="http://xbrl.org/int/dim/arcrole/domain-member" xlink:from="kvk_ItemsInConsolidatedFinancialStatementsPlaceholder_loc" xlink:to="ifrs-full_TradeAndOtherReceivables_loc" order="15.0"/>
    <link:loc xlink:type="locator" xlink:href="https://xbrl.ifrs.org/taxonomy/2022-03-24/full_ifrs/full_ifrs-cor_2022-03-24.xsd#ifrs-full_DerivativeFinancialAssets" xlink:label="ifrs-full_DerivativeFinancialAssets_loc"/>
    <link:definitionArc xlink:type="arc" xlink:arcrole="http://xbrl.org/int/dim/arcrole/domain-member" xlink:from="kvk_ItemsInConsolidatedFinancialStatementsPlaceholder_loc" xlink:to="ifrs-full_DerivativeFinancialAssets_loc" order="16.0"/>
    <link:loc xlink:type="locator" xlink:href="https://xbrl.ifrs.org/taxonomy/2022-03-24/full_ifrs/full_ifrs-cor_2022-03-24.xsd#ifrs-full_OtherCurrentFinancialAssets" xlink:label="ifrs-full_OtherCurrentFinancialAssets_loc"/>
    <link:definitionArc xlink:type="arc" xlink:arcrole="http://xbrl.org/int/dim/arcrole/domain-member" xlink:from="kvk_ItemsInConsolidatedFinancialStatementsPlaceholder_loc" xlink:to="ifrs-full_OtherCurrentFinancialAssets_loc" order="17.0"/>
    <link:loc xlink:type="locator" xlink:href="https://xbrl.ifrs.org/taxonomy/2022-03-24/full_ifrs/full_ifrs-cor_2022-03-24.xsd#ifrs-full_SharePremium" xlink:label="ifrs-full_SharePremium_loc"/>
    <link:definitionArc xlink:type="arc" xlink:arcrole="http://xbrl.org/int/dim/arcrole/domain-member" xlink:from="kvk_ItemsInConsolidatedFinancialStatementsPlaceholder_loc" xlink:to="ifrs-full_SharePremium_loc" order="22.0"/>
    <link:loc xlink:type="locator" xlink:href="degrotebv-2023-12-31.xsd#groot_OtherComponentsOfEquity" xlink:label="groot_OtherComponentsOfEquity_loc"/>
    <link:definitionArc xlink:type="arc" xlink:arcrole="http://xbrl.org/int/dim/arcrole/domain-member" xlink:from="kvk_ItemsInConsolidatedFinancialStatementsPlaceholder_loc" xlink:to="groot_OtherComponentsOfEquity_loc" order="23.0"/>
    <link:loc xlink:type="locator" xlink:href="https://xbrl.ifrs.org/taxonomy/2022-03-24/full_ifrs/full_ifrs-cor_2022-03-24.xsd#ifrs-full_NoncurrentProvisionsForEmployeeBenefits" xlink:label="ifrs-full_NoncurrentProvisionsForEmployeeBenefits_loc"/>
    <link:definitionArc xlink:type="arc" xlink:arcrole="http://xbrl.org/int/dim/arcrole/domain-member" xlink:from="kvk_ItemsInConsolidatedFinancialStatementsPlaceholder_loc" xlink:to="ifrs-full_NoncurrentProvisionsForEmployeeBenefits_loc" order="28.0"/>
    <link:loc xlink:type="locator" xlink:href="https://xbrl.ifrs.org/taxonomy/2022-03-24/full_ifrs/full_ifrs-cor_2022-03-24.xsd#ifrs-full_NoncurrentLeaseLiabilities" xlink:label="ifrs-full_NoncurrentLeaseLiabilities_loc"/>
    <link:definitionArc xlink:type="arc" xlink:arcrole="http://xbrl.org/int/dim/arcrole/domain-member" xlink:from="kvk_ItemsInConsolidatedFinancialStatementsPlaceholder_loc" xlink:to="ifrs-full_NoncurrentLeaseLiabilities_loc" order="30.0"/>
    <link:loc xlink:type="locator" xlink:href="https://xbrl.ifrs.org/taxonomy/2022-03-24/full_ifrs/full_ifrs-cor_2022-03-24.xsd#ifrs-full_OtherNoncurrentLiabilities" xlink:label="ifrs-full_OtherNoncurrentLiabilities_loc"/>
    <link:definitionArc xlink:type="arc" xlink:arcrole="http://xbrl.org/int/dim/arcrole/domain-member" xlink:from="kvk_ItemsInConsolidatedFinancialStatementsPlaceholder_loc" xlink:to="ifrs-full_OtherNoncurrentLiabilities_loc" order="32.0"/>
    <link:loc xlink:type="locator" xlink:href="https://xbrl.ifrs.org/taxonomy/2022-03-24/full_ifrs/full_ifrs-cor_2022-03-24.xsd#ifrs-full_LiabilitiesIncludedInDisposalGroupsClassifiedAsHeldForSale" xlink:label="ifrs-full_LiabilitiesIncludedInDisposalGroupsClassifiedAsHeldForSale_loc"/>
    <link:definitionArc xlink:type="arc" xlink:arcrole="http://xbrl.org/int/dim/arcrole/domain-member" xlink:from="kvk_ItemsInConsolidatedFinancialStatementsPlaceholder_loc" xlink:to="ifrs-full_LiabilitiesIncludedInDisposalGroupsClassifiedAsHeldForSale_loc" order="34.0"/>
    <link:loc xlink:type="locator" xlink:href="https://xbrl.ifrs.org/taxonomy/2022-03-24/full_ifrs/full_ifrs-cor_2022-03-24.xsd#ifrs-full_CurrentProvisionsForEmployeeBenefits" xlink:label="ifrs-full_CurrentProvisionsForEmployeeBenefits_loc"/>
    <link:definitionArc xlink:type="arc" xlink:arcrole="http://xbrl.org/int/dim/arcrole/domain-member" xlink:from="kvk_ItemsInConsolidatedFinancialStatementsPlaceholder_loc" xlink:to="ifrs-full_CurrentProvisionsForEmployeeBenefits_loc" order="36.0"/>
    <link:loc xlink:type="locator" xlink:href="https://xbrl.ifrs.org/taxonomy/2022-03-24/full_ifrs/full_ifrs-cor_2022-03-24.xsd#ifrs-full_CurrentLeaseLiabilities" xlink:label="ifrs-full_CurrentLeaseLiabilities_loc"/>
    <link:definitionArc xlink:type="arc" xlink:arcrole="http://xbrl.org/int/dim/arcrole/domain-member" xlink:from="kvk_ItemsInConsolidatedFinancialStatementsPlaceholder_loc" xlink:to="ifrs-full_CurrentLeaseLiabilities_loc" order="38.0"/>
    <link:loc xlink:type="locator" xlink:href="https://xbrl.ifrs.org/taxonomy/2022-03-24/full_ifrs/full_ifrs-cor_2022-03-24.xsd#ifrs-full_DerivativeFinancialLiabilities" xlink:label="ifrs-full_DerivativeFinancialLiabilities_loc"/>
    <link:definitionArc xlink:type="arc" xlink:arcrole="http://xbrl.org/int/dim/arcrole/domain-member" xlink:from="kvk_ItemsInConsolidatedFinancialStatementsPlaceholder_loc" xlink:to="ifrs-full_DerivativeFinancialLiabilities_loc" order="41.0"/>
    <link:loc xlink:type="locator" xlink:href="https://xbrl.ifrs.org/taxonomy/2022-03-24/full_ifrs/full_ifrs-cor_2022-03-24.xsd#ifrs-full_OtherCurrentLiabilities" xlink:label="ifrs-full_OtherCurrentLiabilities_loc"/>
    <link:definitionArc xlink:type="arc" xlink:arcrole="http://xbrl.org/int/dim/arcrole/domain-member" xlink:from="kvk_ItemsInConsolidatedFinancialStatementsPlaceholder_loc" xlink:to="ifrs-full_OtherCurrentLiabilities_loc" order="42.0"/>
    <link:loc xlink:type="locator" xlink:href="https://xbrl.ifrs.org/taxonomy/2022-03-24/full_ifrs/full_ifrs-cor_2022-03-24.xsd#ifrs-full_Revenue" xlink:label="ifrs-full_Revenue_loc"/>
    <link:definitionArc xlink:type="arc" xlink:arcrole="http://xbrl.org/int/dim/arcrole/domain-member" xlink:from="kvk_ItemsInConsolidatedFinancialStatementsPlaceholder_loc" xlink:to="ifrs-full_Revenue_loc" order="46.0"/>
    <link:loc xlink:type="locator" xlink:href="https://xbrl.ifrs.org/taxonomy/2022-03-24/full_ifrs/full_ifrs-cor_2022-03-24.xsd#ifrs-full_OtherIncome" xlink:label="ifrs-full_OtherIncome_loc"/>
    <link:definitionArc xlink:type="arc" xlink:arcrole="http://xbrl.org/int/dim/arcrole/domain-member" xlink:from="kvk_ItemsInConsolidatedFinancialStatementsPlaceholder_loc" xlink:to="ifrs-full_OtherIncome_loc" order="47.0"/>
    <link:loc xlink:type="locator" xlink:href="https://xbrl.ifrs.org/taxonomy/2022-03-24/full_ifrs/full_ifrs-cor_2022-03-24.xsd#ifrs-full_ChangesInInventoriesOfFinishedGoodsAndWorkInProgress" xlink:label="ifrs-full_ChangesInInventoriesOfFinishedGoodsAndWorkInProgress_loc"/>
    <link:definitionArc xlink:type="arc" xlink:arcrole="http://xbrl.org/int/dim/arcrole/domain-member" xlink:from="kvk_ItemsInConsolidatedFinancialStatementsPlaceholder_loc" xlink:to="ifrs-full_ChangesInInventoriesOfFinishedGoodsAndWorkInProgress_loc" order="48.0"/>
    <link:loc xlink:type="locator" xlink:href="https://xbrl.ifrs.org/taxonomy/2022-03-24/full_ifrs/full_ifrs-cor_2022-03-24.xsd#ifrs-full_RawMaterialsAndConsumablesUsed" xlink:label="ifrs-full_RawMaterialsAndConsumablesUsed_loc"/>
    <link:definitionArc xlink:type="arc" xlink:arcrole="http://xbrl.org/int/dim/arcrole/domain-member" xlink:from="kvk_ItemsInConsolidatedFinancialStatementsPlaceholder_loc" xlink:to="ifrs-full_RawMaterialsAndConsumablesUsed_loc" order="49.0"/>
    <link:loc xlink:type="locator" xlink:href="https://xbrl.ifrs.org/taxonomy/2022-03-24/full_ifrs/full_ifrs-cor_2022-03-24.xsd#ifrs-full_EmployeeBenefitsExpense" xlink:label="ifrs-full_EmployeeBenefitsExpense_loc"/>
    <link:definitionArc xlink:type="arc" xlink:arcrole="http://xbrl.org/int/dim/arcrole/domain-member" xlink:from="kvk_ItemsInConsolidatedFinancialStatementsPlaceholder_loc" xlink:to="ifrs-full_EmployeeBenefitsExpense_loc" order="50.0"/>
    <link:loc xlink:type="locator" xlink:href="https://xbrl.ifrs.org/taxonomy/2022-03-24/full_ifrs/full_ifrs-cor_2022-03-24.xsd#ifrs-full_ChangesInInvestmentProperty" xlink:label="ifrs-full_ChangesInInvestmentProperty_loc"/>
    <link:definitionArc xlink:type="arc" xlink:arcrole="http://xbrl.org/int/dim/arcrole/domain-member" xlink:from="kvk_ItemsInConsolidatedFinancialStatementsPlaceholder_loc" xlink:to="ifrs-full_ChangesInInvestmentProperty_loc" order="51.0"/>
    <link:loc xlink:type="locator" xlink:href="https://xbrl.ifrs.org/taxonomy/2022-03-24/full_ifrs/full_ifrs-cor_2022-03-24.xsd#ifrs-full_DepreciationAndAmortisationExpense" xlink:label="ifrs-full_DepreciationAndAmortisationExpense_loc"/>
    <link:definitionArc xlink:type="arc" xlink:arcrole="http://xbrl.org/int/dim/arcrole/domain-member" xlink:from="kvk_ItemsInConsolidatedFinancialStatementsPlaceholder_loc" xlink:to="ifrs-full_DepreciationAndAmortisationExpense_loc" order="52.0"/>
    <link:loc xlink:type="locator" xlink:href="https://xbrl.ifrs.org/taxonomy/2022-03-24/full_ifrs/full_ifrs-cor_2022-03-24.xsd#ifrs-full_ImpairmentLossOnFinancialAssets" xlink:label="ifrs-full_ImpairmentLossOnFinancialAssets_loc"/>
    <link:definitionArc xlink:type="arc" xlink:arcrole="http://xbrl.org/int/dim/arcrole/domain-member" xlink:from="kvk_ItemsInConsolidatedFinancialStatementsPlaceholder_loc" xlink:to="ifrs-full_ImpairmentLossOnFinancialAssets_loc" order="53.0"/>
    <link:loc xlink:type="locator" xlink:href="https://xbrl.ifrs.org/taxonomy/2022-03-24/full_ifrs/full_ifrs-cor_2022-03-24.xsd#ifrs-full_OtherExpenseByNature" xlink:label="ifrs-full_OtherExpenseByNature_loc"/>
    <link:definitionArc xlink:type="arc" xlink:arcrole="http://xbrl.org/int/dim/arcrole/domain-member" xlink:from="kvk_ItemsInConsolidatedFinancialStatementsPlaceholder_loc" xlink:to="ifrs-full_OtherExpenseByNature_loc" order="54.0"/>
    <link:loc xlink:type="locator" xlink:href="https://xbrl.ifrs.org/taxonomy/2022-03-24/full_ifrs/full_ifrs-cor_2022-03-24.xsd#ifrs-full_ProfitLossFromOperatingActivities" xlink:label="ifrs-full_ProfitLossFromOperatingActivities_loc"/>
    <link:definitionArc xlink:type="arc" xlink:arcrole="http://xbrl.org/int/dim/arcrole/domain-member" xlink:from="kvk_ItemsInConsolidatedFinancialStatementsPlaceholder_loc" xlink:to="ifrs-full_ProfitLossFromOperatingActivities_loc" order="55.0"/>
    <link:loc xlink:type="locator" xlink:href="https://xbrl.ifrs.org/taxonomy/2022-03-24/full_ifrs/full_ifrs-cor_2022-03-24.xsd#ifrs-full_ShareOfProfitLossOfAssociatesAndJointVenturesAccountedForUsingEquityMethod" xlink:label="ifrs-full_ShareOfProfitLossOfAssociatesAndJointVenturesAccountedForUsingEquityMethod_loc"/>
    <link:definitionArc xlink:type="arc" xlink:arcrole="http://xbrl.org/int/dim/arcrole/domain-member" xlink:from="kvk_ItemsInConsolidatedFinancialStatementsPlaceholder_loc" xlink:to="ifrs-full_ShareOfProfitLossOfAssociatesAndJointVenturesAccountedForUsingEquityMethod_loc" order="56.0"/>
    <link:loc xlink:type="locator" xlink:href="https://xbrl.ifrs.org/taxonomy/2022-03-24/full_ifrs/full_ifrs-cor_2022-03-24.xsd#ifrs-full_FinanceCosts" xlink:label="ifrs-full_FinanceCosts_loc"/>
    <link:definitionArc xlink:type="arc" xlink:arcrole="http://xbrl.org/int/dim/arcrole/domain-member" xlink:from="kvk_ItemsInConsolidatedFinancialStatementsPlaceholder_loc" xlink:to="ifrs-full_FinanceCosts_loc" order="57.0"/>
    <link:loc xlink:type="locator" xlink:href="https://xbrl.ifrs.org/taxonomy/2022-03-24/full_ifrs/full_ifrs-cor_2022-03-24.xsd#ifrs-full_FinanceIncome" xlink:label="ifrs-full_FinanceIncome_loc"/>
    <link:definitionArc xlink:type="arc" xlink:arcrole="http://xbrl.org/int/dim/arcrole/domain-member" xlink:from="kvk_ItemsInConsolidatedFinancialStatementsPlaceholder_loc" xlink:to="ifrs-full_FinanceIncome_loc" order="58.0"/>
    <link:loc xlink:type="locator" xlink:href="https://xbrl.ifrs.org/taxonomy/2022-03-24/full_ifrs/full_ifrs-cor_2022-03-24.xsd#ifrs-full_OtherFinanceIncomeCost" xlink:label="ifrs-full_OtherFinanceIncomeCost_loc"/>
    <link:definitionArc xlink:type="arc" xlink:arcrole="http://xbrl.org/int/dim/arcrole/domain-member" xlink:from="kvk_ItemsInConsolidatedFinancialStatementsPlaceholder_loc" xlink:to="ifrs-full_OtherFinanceIncomeCost_loc" order="59.0"/>
    <link:loc xlink:type="locator" xlink:href="https://xbrl.ifrs.org/taxonomy/2022-03-24/full_ifrs/full_ifrs-cor_2022-03-24.xsd#ifrs-full_ProfitLossBeforeTax" xlink:label="ifrs-full_ProfitLossBeforeTax_loc"/>
    <link:definitionArc xlink:type="arc" xlink:arcrole="http://xbrl.org/int/dim/arcrole/domain-member" xlink:from="kvk_ItemsInConsolidatedFinancialStatementsPlaceholder_loc" xlink:to="ifrs-full_ProfitLossBeforeTax_loc" order="60.0"/>
    <link:loc xlink:type="locator" xlink:href="https://xbrl.ifrs.org/taxonomy/2022-03-24/full_ifrs/full_ifrs-cor_2022-03-24.xsd#ifrs-full_IncomeTaxExpenseContinuingOperations" xlink:label="ifrs-full_IncomeTaxExpenseContinuingOperations_loc"/>
    <link:definitionArc xlink:type="arc" xlink:arcrole="http://xbrl.org/int/dim/arcrole/domain-member" xlink:from="kvk_ItemsInConsolidatedFinancialStatementsPlaceholder_loc" xlink:to="ifrs-full_IncomeTaxExpenseContinuingOperations_loc" order="61.0"/>
    <link:loc xlink:type="locator" xlink:href="https://xbrl.ifrs.org/taxonomy/2022-03-24/full_ifrs/full_ifrs-cor_2022-03-24.xsd#ifrs-full_ProfitLossFromContinuingOperations" xlink:label="ifrs-full_ProfitLossFromContinuingOperations_loc"/>
    <link:definitionArc xlink:type="arc" xlink:arcrole="http://xbrl.org/int/dim/arcrole/domain-member" xlink:from="kvk_ItemsInConsolidatedFinancialStatementsPlaceholder_loc" xlink:to="ifrs-full_ProfitLossFromContinuingOperations_loc" order="62.0"/>
    <link:loc xlink:type="locator" xlink:href="https://xbrl.ifrs.org/taxonomy/2022-03-24/full_ifrs/full_ifrs-cor_2022-03-24.xsd#ifrs-full_ProfitLossFromDiscontinuedOperations" xlink:label="ifrs-full_ProfitLossFromDiscontinuedOperations_loc"/>
    <link:definitionArc xlink:type="arc" xlink:arcrole="http://xbrl.org/int/dim/arcrole/domain-member" xlink:from="kvk_ItemsInConsolidatedFinancialStatementsPlaceholder_loc" xlink:to="ifrs-full_ProfitLossFromDiscontinuedOperations_loc" order="63.0"/>
    <link:loc xlink:type="locator" xlink:href="https://xbrl.ifrs.org/taxonomy/2022-03-24/full_ifrs/full_ifrs-cor_2022-03-24.xsd#ifrs-full_ProfitLoss" xlink:label="ifrs-full_ProfitLoss_loc"/>
    <link:definitionArc xlink:type="arc" xlink:arcrole="http://xbrl.org/int/dim/arcrole/domain-member" xlink:from="kvk_ItemsInConsolidatedFinancialStatementsPlaceholder_loc" xlink:to="ifrs-full_ProfitLoss_loc" order="64.0"/>
    <link:loc xlink:type="locator" xlink:href="https://xbrl.ifrs.org/taxonomy/2022-03-24/full_ifrs/full_ifrs-cor_2022-03-24.xsd#ifrs-full_ProfitLossAttributableToNoncontrollingInterests" xlink:label="ifrs-full_ProfitLossAttributableToNoncontrollingInterests_loc"/>
    <link:definitionArc xlink:type="arc" xlink:arcrole="http://xbrl.org/int/dim/arcrole/domain-member" xlink:from="kvk_ItemsInConsolidatedFinancialStatementsPlaceholder_loc" xlink:to="ifrs-full_ProfitLossAttributableToNoncontrollingInterests_loc" order="65.0"/>
    <link:loc xlink:type="locator" xlink:href="https://xbrl.ifrs.org/taxonomy/2022-03-24/full_ifrs/full_ifrs-cor_2022-03-24.xsd#ifrs-full_ProfitLossAttributableToOwnersOfParent" xlink:label="ifrs-full_ProfitLossAttributableToOwnersOfParent_loc"/>
    <link:definitionArc xlink:type="arc" xlink:arcrole="http://xbrl.org/int/dim/arcrole/domain-member" xlink:from="kvk_ItemsInConsolidatedFinancialStatementsPlaceholder_loc" xlink:to="ifrs-full_ProfitLossAttributableToOwnersOfParent_loc" order="66.0"/>
    <link:loc xlink:type="locator" xlink:href="https://xbrl.ifrs.org/taxonomy/2022-03-24/full_ifrs/full_ifrs-cor_2022-03-24.xsd#ifrs-full_BasicEarningsLossPerShareFromContinuingOperations" xlink:label="ifrs-full_BasicEarningsLossPerShareFromContinuingOperations_loc"/>
    <link:definitionArc xlink:type="arc" xlink:arcrole="http://xbrl.org/int/dim/arcrole/domain-member" xlink:from="kvk_ItemsInConsolidatedFinancialStatementsPlaceholder_loc" xlink:to="ifrs-full_BasicEarningsLossPerShareFromContinuingOperations_loc" order="67.0"/>
    <link:loc xlink:type="locator" xlink:href="https://xbrl.ifrs.org/taxonomy/2022-03-24/full_ifrs/full_ifrs-cor_2022-03-24.xsd#ifrs-full_BasicEarningsLossPerShareFromDiscontinuedOperations" xlink:label="ifrs-full_BasicEarningsLossPerShareFromDiscontinuedOperations_loc"/>
    <link:definitionArc xlink:type="arc" xlink:arcrole="http://xbrl.org/int/dim/arcrole/domain-member" xlink:from="kvk_ItemsInConsolidatedFinancialStatementsPlaceholder_loc" xlink:to="ifrs-full_BasicEarningsLossPerShareFromDiscontinuedOperations_loc" order="68.0"/>
    <link:loc xlink:type="locator" xlink:href="https://xbrl.ifrs.org/taxonomy/2022-03-24/full_ifrs/full_ifrs-cor_2022-03-24.xsd#ifrs-full_BasicEarningsLossPerShare" xlink:label="ifrs-full_BasicEarningsLossPerShare_loc"/>
    <link:definitionArc xlink:type="arc" xlink:arcrole="http://xbrl.org/int/dim/arcrole/domain-member" xlink:from="kvk_ItemsInConsolidatedFinancialStatementsPlaceholder_loc" xlink:to="ifrs-full_BasicEarningsLossPerShare_loc" order="69.0"/>
    <link:loc xlink:type="locator" xlink:href="https://xbrl.ifrs.org/taxonomy/2022-03-24/full_ifrs/full_ifrs-cor_2022-03-24.xsd#ifrs-full_DilutedEarningsLossPerShareFromContinuingOperations" xlink:label="ifrs-full_DilutedEarningsLossPerShareFromContinuingOperations_loc"/>
    <link:definitionArc xlink:type="arc" xlink:arcrole="http://xbrl.org/int/dim/arcrole/domain-member" xlink:from="kvk_ItemsInConsolidatedFinancialStatementsPlaceholder_loc" xlink:to="ifrs-full_DilutedEarningsLossPerShareFromContinuingOperations_loc" order="70.0"/>
    <link:loc xlink:type="locator" xlink:href="https://xbrl.ifrs.org/taxonomy/2022-03-24/full_ifrs/full_ifrs-cor_2022-03-24.xsd#ifrs-full_DilutedEarningsLossPerShareFromDiscontinuedOperations" xlink:label="ifrs-full_DilutedEarningsLossPerShareFromDiscontinuedOperations_loc"/>
    <link:definitionArc xlink:type="arc" xlink:arcrole="http://xbrl.org/int/dim/arcrole/domain-member" xlink:from="kvk_ItemsInConsolidatedFinancialStatementsPlaceholder_loc" xlink:to="ifrs-full_DilutedEarningsLossPerShareFromDiscontinuedOperations_loc" order="71.0"/>
    <link:loc xlink:type="locator" xlink:href="https://xbrl.ifrs.org/taxonomy/2022-03-24/full_ifrs/full_ifrs-cor_2022-03-24.xsd#ifrs-full_DilutedEarningsLossPerShare" xlink:label="ifrs-full_DilutedEarningsLossPerShare_loc"/>
    <link:definitionArc xlink:type="arc" xlink:arcrole="http://xbrl.org/int/dim/arcrole/domain-member" xlink:from="kvk_ItemsInConsolidatedFinancialStatementsPlaceholder_loc" xlink:to="ifrs-full_DilutedEarningsLossPerShare_loc" order="72.0"/>
    <link:loc xlink:type="locator" xlink:href="degrotebv-2023-12-31.xsd#groot_NonCashAdjustments" xlink:label="groot_NonCashAdjustments_loc"/>
    <link:definitionArc xlink:type="arc" xlink:arcrole="http://xbrl.org/int/dim/arcrole/domain-member" xlink:from="kvk_ItemsInConsolidatedFinancialStatementsPlaceholder_loc" xlink:to="groot_NonCashAdjustments_loc" order="73.0"/>
    <link:loc xlink:type="locator" xlink:href="https://xbrl.ifrs.org/taxonomy/2022-03-24/full_ifrs/full_ifrs-cor_2022-03-24.xsd#ifrs-full_ContributionsToPlanByEmployerNetDefinedBenefitLiabilityAsset" xlink:label="ifrs-full_ContributionsToPlanByEmployerNetDefinedBenefitLiabilityAsset_loc"/>
    <link:definitionArc xlink:type="arc" xlink:arcrole="http://xbrl.org/int/dim/arcrole/domain-member" xlink:from="kvk_ItemsInConsolidatedFinancialStatementsPlaceholder_loc" xlink:to="ifrs-full_ContributionsToPlanByEmployerNetDefinedBenefitLiabilityAsset_loc" order="74.0"/>
    <link:loc xlink:type="locator" xlink:href="https://xbrl.ifrs.org/taxonomy/2022-03-24/full_ifrs/full_ifrs-cor_2022-03-24.xsd#ifrs-full_IncreaseDecreaseInWorkingCapital" xlink:label="ifrs-full_IncreaseDecreaseInWorkingCapital_loc"/>
    <link:definitionArc xlink:type="arc" xlink:arcrole="http://xbrl.org/int/dim/arcrole/domain-member" xlink:from="kvk_ItemsInConsolidatedFinancialStatementsPlaceholder_loc" xlink:to="ifrs-full_IncreaseDecreaseInWorkingCapital_loc" order="75.0"/>
    <link:loc xlink:type="locator" xlink:href="https://xbrl.ifrs.org/taxonomy/2022-03-24/full_ifrs/full_ifrs-cor_2022-03-24.xsd#ifrs-full_TradingIncomeExpenseOnDerivativeFinancialInstruments" xlink:label="ifrs-full_TradingIncomeExpenseOnDerivativeFinancialInstruments_loc"/>
    <link:definitionArc xlink:type="arc" xlink:arcrole="http://xbrl.org/int/dim/arcrole/domain-member" xlink:from="kvk_ItemsInConsolidatedFinancialStatementsPlaceholder_loc" xlink:to="ifrs-full_TradingIncomeExpenseOnDerivativeFinancialInstruments_loc" order="76.0"/>
    <link:loc xlink:type="locator" xlink:href="https://xbrl.ifrs.org/taxonomy/2022-03-24/full_ifrs/full_ifrs-cor_2022-03-24.xsd#ifrs-full_IncomeTaxesPaidRefundClassifiedAsOperatingActivities" xlink:label="ifrs-full_IncomeTaxesPaidRefundClassifiedAsOperatingActivities_loc"/>
    <link:definitionArc xlink:type="arc" xlink:arcrole="http://xbrl.org/int/dim/arcrole/domain-member" xlink:from="kvk_ItemsInConsolidatedFinancialStatementsPlaceholder_loc" xlink:to="ifrs-full_IncomeTaxesPaidRefundClassifiedAsOperatingActivities_loc" order="77.0"/>
    <link:loc xlink:type="locator" xlink:href="https://xbrl.ifrs.org/taxonomy/2022-03-24/full_ifrs/full_ifrs-cor_2022-03-24.xsd#ifrs-full_CashFlowsFromUsedInOperatingActivities" xlink:label="ifrs-full_CashFlowsFromUsedInOperatingActivities_loc"/>
    <link:definitionArc xlink:type="arc" xlink:arcrole="http://xbrl.org/int/dim/arcrole/domain-member" xlink:from="kvk_ItemsInConsolidatedFinancialStatementsPlaceholder_loc" xlink:to="ifrs-full_CashFlowsFromUsedInOperatingActivities_loc" order="78.0"/>
    <link:loc xlink:type="locator" xlink:href="https://xbrl.ifrs.org/taxonomy/2022-03-24/full_ifrs/full_ifrs-cor_2022-03-24.xsd#ifrs-full_PurchaseOfPropertyPlantAndEquipmentClassifiedAsInvestingActivities" xlink:label="ifrs-full_PurchaseOfPropertyPlantAndEquipmentClassifiedAsInvestingActivities_loc"/>
    <link:definitionArc xlink:type="arc" xlink:arcrole="http://xbrl.org/int/dim/arcrole/domain-member" xlink:from="kvk_ItemsInConsolidatedFinancialStatementsPlaceholder_loc" xlink:to="ifrs-full_PurchaseOfPropertyPlantAndEquipmentClassifiedAsInvestingActivities_loc" order="79.0"/>
    <link:loc xlink:type="locator" xlink:href="https://xbrl.ifrs.org/taxonomy/2022-03-24/full_ifrs/full_ifrs-cor_2022-03-24.xsd#ifrs-full_ProceedsFromSalesOfPropertyPlantAndEquipmentClassifiedAsInvestingActivities" xlink:label="ifrs-full_ProceedsFromSalesOfPropertyPlantAndEquipmentClassifiedAsInvestingActivities_loc"/>
    <link:definitionArc xlink:type="arc" xlink:arcrole="http://xbrl.org/int/dim/arcrole/domain-member" xlink:from="kvk_ItemsInConsolidatedFinancialStatementsPlaceholder_loc" xlink:to="ifrs-full_ProceedsFromSalesOfPropertyPlantAndEquipmentClassifiedAsInvestingActivities_loc" order="80.0"/>
    <link:loc xlink:type="locator" xlink:href="https://xbrl.ifrs.org/taxonomy/2022-03-24/full_ifrs/full_ifrs-cor_2022-03-24.xsd#ifrs-full_PurchaseOfIntangibleAssetsClassifiedAsInvestingActivities" xlink:label="ifrs-full_PurchaseOfIntangibleAssetsClassifiedAsInvestingActivities_loc"/>
    <link:definitionArc xlink:type="arc" xlink:arcrole="http://xbrl.org/int/dim/arcrole/domain-member" xlink:from="kvk_ItemsInConsolidatedFinancialStatementsPlaceholder_loc" xlink:to="ifrs-full_PurchaseOfIntangibleAssetsClassifiedAsInvestingActivities_loc" order="81.0"/>
    <link:loc xlink:type="locator" xlink:href="https://xbrl.ifrs.org/taxonomy/2022-03-24/full_ifrs/full_ifrs-cor_2022-03-24.xsd#ifrs-full_ProceedsFromSalesOfIntangibleAssetsClassifiedAsInvestingActivities" xlink:label="ifrs-full_ProceedsFromSalesOfIntangibleAssetsClassifiedAsInvestingActivities_loc"/>
    <link:definitionArc xlink:type="arc" xlink:arcrole="http://xbrl.org/int/dim/arcrole/domain-member" xlink:from="kvk_ItemsInConsolidatedFinancialStatementsPlaceholder_loc" xlink:to="ifrs-full_ProceedsFromSalesOfIntangibleAssetsClassifiedAsInvestingActivities_loc" order="82.0"/>
    <link:loc xlink:type="locator" xlink:href="https://xbrl.ifrs.org/taxonomy/2022-03-24/full_ifrs/full_ifrs-cor_2022-03-24.xsd#ifrs-full_CashFlowsUsedInObtainingControlOfSubsidiariesOrOtherBusinessesClassifiedAsInvestingActivities" xlink:label="ifrs-full_CashFlowsUsedInObtainingControlOfSubsidiariesOrOtherBusinessesClassifiedAsInvestingActivities_loc"/>
    <link:definitionArc xlink:type="arc" xlink:arcrole="http://xbrl.org/int/dim/arcrole/domain-member" xlink:from="kvk_ItemsInConsolidatedFinancialStatementsPlaceholder_loc" xlink:to="ifrs-full_CashFlowsUsedInObtainingControlOfSubsidiariesOrOtherBusinessesClassifiedAsInvestingActivities_loc" order="83.0"/>
    <link:loc xlink:type="locator" xlink:href="https://xbrl.ifrs.org/taxonomy/2022-03-24/full_ifrs/full_ifrs-cor_2022-03-24.xsd#ifrs-full_ProceedsFromSalesOfInterestsInAssociates" xlink:label="ifrs-full_ProceedsFromSalesOfInterestsInAssociates_loc"/>
    <link:definitionArc xlink:type="arc" xlink:arcrole="http://xbrl.org/int/dim/arcrole/domain-member" xlink:from="kvk_ItemsInConsolidatedFinancialStatementsPlaceholder_loc" xlink:to="ifrs-full_ProceedsFromSalesOfInterestsInAssociates_loc" order="84.0"/>
    <link:loc xlink:type="locator" xlink:href="https://xbrl.ifrs.org/taxonomy/2022-03-24/full_ifrs/full_ifrs-cor_2022-03-24.xsd#ifrs-full_ProceedsFromDisposalOrMaturityOfAvailableforsaleFinancialAssets" xlink:label="ifrs-full_ProceedsFromDisposalOrMaturityOfAvailableforsaleFinancialAssets_loc"/>
    <link:definitionArc xlink:type="arc" xlink:arcrole="http://xbrl.org/int/dim/arcrole/domain-member" xlink:from="kvk_ItemsInConsolidatedFinancialStatementsPlaceholder_loc" xlink:to="ifrs-full_ProceedsFromDisposalOrMaturityOfAvailableforsaleFinancialAssets_loc" order="85.0"/>
    <link:loc xlink:type="locator" xlink:href="https://xbrl.ifrs.org/taxonomy/2022-03-24/full_ifrs/full_ifrs-cor_2022-03-24.xsd#ifrs-full_InterestReceivedClassifiedAsInvestingActivities" xlink:label="ifrs-full_InterestReceivedClassifiedAsInvestingActivities_loc"/>
    <link:definitionArc xlink:type="arc" xlink:arcrole="http://xbrl.org/int/dim/arcrole/domain-member" xlink:from="kvk_ItemsInConsolidatedFinancialStatementsPlaceholder_loc" xlink:to="ifrs-full_InterestReceivedClassifiedAsInvestingActivities_loc" order="86.0"/>
    <link:loc xlink:type="locator" xlink:href="https://xbrl.ifrs.org/taxonomy/2022-03-24/full_ifrs/full_ifrs-cor_2022-03-24.xsd#ifrs-full_DividendsReceivedClassifiedAsInvestingActivities" xlink:label="ifrs-full_DividendsReceivedClassifiedAsInvestingActivities_loc"/>
    <link:definitionArc xlink:type="arc" xlink:arcrole="http://xbrl.org/int/dim/arcrole/domain-member" xlink:from="kvk_ItemsInConsolidatedFinancialStatementsPlaceholder_loc" xlink:to="ifrs-full_DividendsReceivedClassifiedAsInvestingActivities_loc" order="87.0"/>
    <link:loc xlink:type="locator" xlink:href="https://xbrl.ifrs.org/taxonomy/2022-03-24/full_ifrs/full_ifrs-cor_2022-03-24.xsd#ifrs-full_IncomeTaxesPaidRefundClassifiedAsInvestingActivities" xlink:label="ifrs-full_IncomeTaxesPaidRefundClassifiedAsInvestingActivities_loc"/>
    <link:definitionArc xlink:type="arc" xlink:arcrole="http://xbrl.org/int/dim/arcrole/domain-member" xlink:from="kvk_ItemsInConsolidatedFinancialStatementsPlaceholder_loc" xlink:to="ifrs-full_IncomeTaxesPaidRefundClassifiedAsInvestingActivities_loc" order="88.0"/>
    <link:loc xlink:type="locator" xlink:href="https://xbrl.ifrs.org/taxonomy/2022-03-24/full_ifrs/full_ifrs-cor_2022-03-24.xsd#ifrs-full_CashFlowsFromUsedInInvestingActivities" xlink:label="ifrs-full_CashFlowsFromUsedInInvestingActivities_loc"/>
    <link:definitionArc xlink:type="arc" xlink:arcrole="http://xbrl.org/int/dim/arcrole/domain-member" xlink:from="kvk_ItemsInConsolidatedFinancialStatementsPlaceholder_loc" xlink:to="ifrs-full_CashFlowsFromUsedInInvestingActivities_loc" order="89.0"/>
    <link:loc xlink:type="locator" xlink:href="https://xbrl.ifrs.org/taxonomy/2022-03-24/full_ifrs/full_ifrs-cor_2022-03-24.xsd#ifrs-full_ProceedsFromBorrowingsClassifiedAsFinancingActivities" xlink:label="ifrs-full_ProceedsFromBorrowingsClassifiedAsFinancingActivities_loc"/>
    <link:definitionArc xlink:type="arc" xlink:arcrole="http://xbrl.org/int/dim/arcrole/domain-member" xlink:from="kvk_ItemsInConsolidatedFinancialStatementsPlaceholder_loc" xlink:to="ifrs-full_ProceedsFromBorrowingsClassifiedAsFinancingActivities_loc" order="90.0"/>
    <link:loc xlink:type="locator" xlink:href="https://xbrl.ifrs.org/taxonomy/2022-03-24/full_ifrs/full_ifrs-cor_2022-03-24.xsd#ifrs-full_RepaymentsOfBorrowingsClassifiedAsFinancingActivities" xlink:label="ifrs-full_RepaymentsOfBorrowingsClassifiedAsFinancingActivities_loc"/>
    <link:definitionArc xlink:type="arc" xlink:arcrole="http://xbrl.org/int/dim/arcrole/domain-member" xlink:from="kvk_ItemsInConsolidatedFinancialStatementsPlaceholder_loc" xlink:to="ifrs-full_RepaymentsOfBorrowingsClassifiedAsFinancingActivities_loc" order="91.0"/>
    <link:loc xlink:type="locator" xlink:href="https://xbrl.ifrs.org/taxonomy/2022-03-24/full_ifrs/full_ifrs-cor_2022-03-24.xsd#ifrs-full_ProceedsFromIssuingShares" xlink:label="ifrs-full_ProceedsFromIssuingShares_loc"/>
    <link:definitionArc xlink:type="arc" xlink:arcrole="http://xbrl.org/int/dim/arcrole/domain-member" xlink:from="kvk_ItemsInConsolidatedFinancialStatementsPlaceholder_loc" xlink:to="ifrs-full_ProceedsFromIssuingShares_loc" order="92.0"/>
    <link:loc xlink:type="locator" xlink:href="https://xbrl.ifrs.org/taxonomy/2022-03-24/full_ifrs/full_ifrs-cor_2022-03-24.xsd#ifrs-full_InterestPaidClassifiedAsFinancingActivities" xlink:label="ifrs-full_InterestPaidClassifiedAsFinancingActivities_loc"/>
    <link:definitionArc xlink:type="arc" xlink:arcrole="http://xbrl.org/int/dim/arcrole/domain-member" xlink:from="kvk_ItemsInConsolidatedFinancialStatementsPlaceholder_loc" xlink:to="ifrs-full_InterestPaidClassifiedAsFinancingActivities_loc" order="93.0"/>
    <link:loc xlink:type="locator" xlink:href="https://xbrl.ifrs.org/taxonomy/2022-03-24/full_ifrs/full_ifrs-cor_2022-03-24.xsd#ifrs-full_DividendsPaidClassifiedAsFinancingActivities" xlink:label="ifrs-full_DividendsPaidClassifiedAsFinancingActivities_loc"/>
    <link:definitionArc xlink:type="arc" xlink:arcrole="http://xbrl.org/int/dim/arcrole/domain-member" xlink:from="kvk_ItemsInConsolidatedFinancialStatementsPlaceholder_loc" xlink:to="ifrs-full_DividendsPaidClassifiedAsFinancingActivities_loc" order="94.0"/>
    <link:loc xlink:type="locator" xlink:href="https://xbrl.ifrs.org/taxonomy/2022-03-24/full_ifrs/full_ifrs-cor_2022-03-24.xsd#ifrs-full_CashFlowsFromUsedInFinancingActivities" xlink:label="ifrs-full_CashFlowsFromUsedInFinancingActivities_loc"/>
    <link:definitionArc xlink:type="arc" xlink:arcrole="http://xbrl.org/int/dim/arcrole/domain-member" xlink:from="kvk_ItemsInConsolidatedFinancialStatementsPlaceholder_loc" xlink:to="ifrs-full_CashFlowsFromUsedInFinancingActivities_loc" order="95.0"/>
    <link:loc xlink:type="locator" xlink:href="https://xbrl.ifrs.org/taxonomy/2022-03-24/full_ifrs/full_ifrs-cor_2022-03-24.xsd#ifrs-full_IncreaseDecreaseInCashAndCashEquivalentsBeforeEffectOfExchangeRateChanges" xlink:label="ifrs-full_IncreaseDecreaseInCashAndCashEquivalentsBeforeEffectOfExchangeRateChanges_loc"/>
    <link:definitionArc xlink:type="arc" xlink:arcrole="http://xbrl.org/int/dim/arcrole/domain-member" xlink:from="kvk_ItemsInConsolidatedFinancialStatementsPlaceholder_loc" xlink:to="ifrs-full_IncreaseDecreaseInCashAndCashEquivalentsBeforeEffectOfExchangeRateChanges_loc" order="96.0"/>
    <link:loc xlink:type="locator" xlink:href="https://xbrl.ifrs.org/taxonomy/2022-03-24/full_ifrs/full_ifrs-cor_2022-03-24.xsd#ifrs-full_EffectOfExchangeRateChangesOnCashAndCashEquivalents" xlink:label="ifrs-full_EffectOfExchangeRateChangesOnCashAndCashEquivalents_loc"/>
    <link:definitionArc xlink:type="arc" xlink:arcrole="http://xbrl.org/int/dim/arcrole/domain-member" xlink:from="kvk_ItemsInConsolidatedFinancialStatementsPlaceholder_loc" xlink:to="ifrs-full_EffectOfExchangeRateChangesOnCashAndCashEquivalents_loc" order="97.0"/>
    <link:loc xlink:type="locator" xlink:href="https://xbrl.ifrs.org/taxonomy/2022-03-24/full_ifrs/full_ifrs-cor_2022-03-24.xsd#ifrs-full_IncreaseDecreaseInCashAndCashEquivalents" xlink:label="ifrs-full_IncreaseDecreaseInCashAndCashEquivalents_loc"/>
    <link:definitionArc xlink:type="arc" xlink:arcrole="http://xbrl.org/int/dim/arcrole/domain-member" xlink:from="kvk_ItemsInConsolidatedFinancialStatementsPlaceholder_loc" xlink:to="ifrs-full_IncreaseDecreaseInCashAndCashEquivalents_loc" order="98.0"/>
    <link:loc xlink:type="locator" xlink:href="https://xbrl.ifrs.org/taxonomy/2022-03-24/full_ifrs/full_ifrs-cor_2022-03-24.xsd#ifrs-full_CashAndCashEquivalentsClassifiedAsPartOfDisposalGroupHeldForSale" xlink:label="ifrs-full_CashAndCashEquivalentsClassifiedAsPartOfDisposalGroupHeldForSale_loc"/>
    <link:definitionArc xlink:type="arc" xlink:arcrole="http://xbrl.org/int/dim/arcrole/domain-member" xlink:from="kvk_ItemsInConsolidatedFinancialStatementsPlaceholder_loc" xlink:to="ifrs-full_CashAndCashEquivalentsClassifiedAsPartOfDisposalGroupHeldForSale_loc" order="99.0"/>
    <link:loc xlink:type="locator" xlink:href="degrotebv-2023-12-31.xsd#groot_CashAndCashEquivalentsForContinuingOperations" xlink:label="groot_CashAndCashEquivalentsForContinuingOperations_loc"/>
    <link:definitionArc xlink:type="arc" xlink:arcrole="http://xbrl.org/int/dim/arcrole/domain-member" xlink:from="kvk_ItemsInConsolidatedFinancialStatementsPlaceholder_loc" xlink:to="groot_CashAndCashEquivalentsForContinuingOperations_loc" order="100.0"/>
    <link:loc xlink:type="locator" xlink:href="https://xbrl.ifrs.org/taxonomy/2022-03-24/full_ifrs/full_ifrs-cor_2022-03-24.xsd#ifrs-full_DividendsPaid" xlink:label="ifrs-full_DividendsPaid_loc"/>
    <link:definitionArc xlink:type="arc" xlink:arcrole="http://xbrl.org/int/dim/arcrole/domain-member" xlink:from="kvk_ItemsInConsolidatedFinancialStatementsPlaceholder_loc" xlink:to="ifrs-full_DividendsPaid_loc" order="102.0"/>
    <link:loc xlink:type="locator" xlink:href="degrotebv-2023-12-31.xsd#groot_IssueOfShareCapitalOnExerciseOfEmployeeSharebasedCompensation" xlink:label="groot_IssueOfShareCapitalOnExerciseOfEmployeeSharebasedCompensation_loc"/>
    <link:definitionArc xlink:type="arc" xlink:arcrole="http://xbrl.org/int/dim/arcrole/domain-member" xlink:from="kvk_ItemsInConsolidatedFinancialStatementsPlaceholder_loc" xlink:to="groot_IssueOfShareCapitalOnExerciseOfEmployeeSharebasedCompensation_loc" order="103.0"/>
    <link:loc xlink:type="locator" xlink:href="https://xbrl.ifrs.org/taxonomy/2022-03-24/full_ifrs/full_ifrs-cor_2022-03-24.xsd#ifrs-full_ExpenseFromSharebasedPaymentTransactionsWithEmployees" xlink:label="ifrs-full_ExpenseFromSharebasedPaymentTransactionsWithEmployees_loc"/>
    <link:definitionArc xlink:type="arc" xlink:arcrole="http://xbrl.org/int/dim/arcrole/domain-member" xlink:from="kvk_ItemsInConsolidatedFinancialStatementsPlaceholder_loc" xlink:to="ifrs-full_ExpenseFromSharebasedPaymentTransactionsWithEmployees_loc" order="104.0"/>
    <link:loc xlink:type="locator" xlink:href="degrotebv-2023-12-31.xsd#groot_IssueOfShareCapitalOnPrivatePlacement" xlink:label="groot_IssueOfShareCapitalOnPrivatePlacement_loc"/>
    <link:definitionArc xlink:type="arc" xlink:arcrole="http://xbrl.org/int/dim/arcrole/domain-member" xlink:from="kvk_ItemsInConsolidatedFinancialStatementsPlaceholder_loc" xlink:to="groot_IssueOfShareCapitalOnPrivatePlacement_loc" order="105.0"/>
    <link:loc xlink:type="locator" xlink:href="https://xbrl.ifrs.org/taxonomy/2022-03-24/full_ifrs/full_ifrs-cor_2022-03-24.xsd#ifrs-full_IncreaseDecreaseThroughTransactionsWithOwners" xlink:label="ifrs-full_IncreaseDecreaseThroughTransactionsWithOwners_loc"/>
    <link:definitionArc xlink:type="arc" xlink:arcrole="http://xbrl.org/int/dim/arcrole/domain-member" xlink:from="kvk_ItemsInConsolidatedFinancialStatementsPlaceholder_loc" xlink:to="ifrs-full_IncreaseDecreaseThroughTransactionsWithOwners_loc" order="106.0"/>
    <link:loc xlink:type="locator" xlink:href="https://xbrl.ifrs.org/taxonomy/2022-03-24/full_ifrs/full_ifrs-cor_2022-03-24.xsd#ifrs-full_ComprehensiveIncome" xlink:label="ifrs-full_ComprehensiveIncome_loc"/>
    <link:definitionArc xlink:type="arc" xlink:arcrole="http://xbrl.org/int/dim/arcrole/domain-member" xlink:from="kvk_ItemsInConsolidatedFinancialStatementsPlaceholder_loc" xlink:to="ifrs-full_ComprehensiveIncome_loc" order="107.0"/>
    <link:loc xlink:type="locator" xlink:href="https://xbrl.ifrs.org/taxonomy/2022-03-24/full_ifrs/full_ifrs-cor_2022-03-24.xsd#ifrs-full_OtherComprehensiveIncome" xlink:label="ifrs-full_OtherComprehensiveIncome_loc"/>
    <link:definitionArc xlink:type="arc" xlink:arcrole="http://xbrl.org/int/dim/arcrole/domain-member" xlink:from="kvk_ItemsInConsolidatedFinancialStatementsPlaceholder_loc" xlink:to="ifrs-full_OtherComprehensiveIncome_loc" order="108.0"/>
    <link:loc xlink:type="locator" xlink:href="https://xbrl.ifrs.org/taxonomy/2022-03-24/full_ifrs/full_ifrs-cor_2022-03-24.xsd#ifrs-full_OtherComprehensiveIncomeBeforeTaxGainsLossesOnRevaluation" xlink:label="ifrs-full_OtherComprehensiveIncomeBeforeTaxGainsLossesOnRevaluation_loc"/>
    <link:definitionArc xlink:type="arc" xlink:arcrole="http://xbrl.org/int/dim/arcrole/domain-member" xlink:from="kvk_ItemsInConsolidatedFinancialStatementsPlaceholder_loc" xlink:to="ifrs-full_OtherComprehensiveIncomeBeforeTaxGainsLossesOnRevaluation_loc" order="109.0"/>
    <link:loc xlink:type="locator" xlink:href="https://xbrl.ifrs.org/taxonomy/2022-03-24/full_ifrs/full_ifrs-cor_2022-03-24.xsd#ifrs-full_OtherComprehensiveIncomeBeforeTaxGainsLossesOnRemeasurementsOfDefinedBenefitPlans" xlink:label="ifrs-full_OtherComprehensiveIncomeBeforeTaxGainsLossesOnRemeasurementsOfDefinedBenefitPlans_loc"/>
    <link:definitionArc xlink:type="arc" xlink:arcrole="http://xbrl.org/int/dim/arcrole/domain-member" xlink:from="kvk_ItemsInConsolidatedFinancialStatementsPlaceholder_loc" xlink:to="ifrs-full_OtherComprehensiveIncomeBeforeTaxGainsLossesOnRemeasurementsOfDefinedBenefitPlans_loc" order="110.0"/>
    <link:loc xlink:type="locator" xlink:href="https://xbrl.ifrs.org/taxonomy/2022-03-24/full_ifrs/full_ifrs-cor_2022-03-24.xsd#ifrs-full_IncomeTaxRelatingToComponentsOfOtherComprehensiveIncomeThatWillNotBeReclassifiedToProfitOrLoss" xlink:label="ifrs-full_IncomeTaxRelatingToComponentsOfOtherComprehensiveIncomeThatWillNotBeReclassifiedToProfitOrLoss_loc"/>
    <link:definitionArc xlink:type="arc" xlink:arcrole="http://xbrl.org/int/dim/arcrole/domain-member" xlink:from="kvk_ItemsInConsolidatedFinancialStatementsPlaceholder_loc" xlink:to="ifrs-full_IncomeTaxRelatingToComponentsOfOtherComprehensiveIncomeThatWillNotBeReclassifiedToProfitOrLoss_loc" order="111.0"/>
    <link:loc xlink:type="locator" xlink:href="https://xbrl.ifrs.org/taxonomy/2022-03-24/full_ifrs/full_ifrs-cor_2022-03-24.xsd#ifrs-full_OtherComprehensiveIncomeBeforeTaxCashFlowHedges" xlink:label="ifrs-full_OtherComprehensiveIncomeBeforeTaxCashFlowHedges_loc"/>
    <link:definitionArc xlink:type="arc" xlink:arcrole="http://xbrl.org/int/dim/arcrole/domain-member" xlink:from="kvk_ItemsInConsolidatedFinancialStatementsPlaceholder_loc" xlink:to="ifrs-full_OtherComprehensiveIncomeBeforeTaxCashFlowHedges_loc" order="112.0"/>
    <link:loc xlink:type="locator" xlink:href="https://xbrl.ifrs.org/taxonomy/2022-03-24/full_ifrs/full_ifrs-cor_2022-03-24.xsd#ifrs-full_OtherComprehensiveIncomeBeforeTaxExchangeDifferencesOnTranslation" xlink:label="ifrs-full_OtherComprehensiveIncomeBeforeTaxExchangeDifferencesOnTranslation_loc"/>
    <link:definitionArc xlink:type="arc" xlink:arcrole="http://xbrl.org/int/dim/arcrole/domain-member" xlink:from="kvk_ItemsInConsolidatedFinancialStatementsPlaceholder_loc" xlink:to="ifrs-full_OtherComprehensiveIncomeBeforeTaxExchangeDifferencesOnTranslation_loc" order="113.0"/>
    <link:loc xlink:type="locator" xlink:href="https://xbrl.ifrs.org/taxonomy/2022-03-24/full_ifrs/full_ifrs-cor_2022-03-24.xsd#ifrs-full_OtherComprehensiveIncomeBeforeTaxGainsLossesFromInvestmentsInEquityInstruments" xlink:label="ifrs-full_OtherComprehensiveIncomeBeforeTaxGainsLossesFromInvestmentsInEquityInstruments_loc"/>
    <link:definitionArc xlink:type="arc" xlink:arcrole="http://xbrl.org/int/dim/arcrole/domain-member" xlink:from="kvk_ItemsInConsolidatedFinancialStatementsPlaceholder_loc" xlink:to="ifrs-full_OtherComprehensiveIncomeBeforeTaxGainsLossesFromInvestmentsInEquityInstruments_loc" order="114.0"/>
    <link:loc xlink:type="locator" xlink:href="https://xbrl.ifrs.org/taxonomy/2022-03-24/full_ifrs/full_ifrs-cor_2022-03-24.xsd#ifrs-full_IncomeTaxRelatingToComponentsOfOtherComprehensiveIncomeThatWillBeReclassifiedToProfitOrLoss" xlink:label="ifrs-full_IncomeTaxRelatingToComponentsOfOtherComprehensiveIncomeThatWillBeReclassifiedToProfitOrLoss_loc"/>
    <link:definitionArc xlink:type="arc" xlink:arcrole="http://xbrl.org/int/dim/arcrole/domain-member" xlink:from="kvk_ItemsInConsolidatedFinancialStatementsPlaceholder_loc" xlink:to="ifrs-full_IncomeTaxRelatingToComponentsOfOtherComprehensiveIncomeThatWillBeReclassifiedToProfitOrLoss_loc" order="115.0"/>
    <link:loc xlink:type="locator" xlink:href="https://xbrl.ifrs.org/taxonomy/2022-03-24/full_ifrs/full_ifrs-cor_2022-03-24.xsd#ifrs-full_ComprehensiveIncomeAttributableToNoncontrollingInterests" xlink:label="ifrs-full_ComprehensiveIncomeAttributableToNoncontrollingInterests_loc"/>
    <link:definitionArc xlink:type="arc" xlink:arcrole="http://xbrl.org/int/dim/arcrole/domain-member" xlink:from="kvk_ItemsInConsolidatedFinancialStatementsPlaceholder_loc" xlink:to="ifrs-full_ComprehensiveIncomeAttributableToNoncontrollingInterests_loc" order="116.0"/>
    <link:loc xlink:type="locator" xlink:href="https://xbrl.ifrs.org/taxonomy/2022-03-24/full_ifrs/full_ifrs-cor_2022-03-24.xsd#ifrs-full_ComprehensiveIncomeAttributableToOwnersOfParent" xlink:label="ifrs-full_ComprehensiveIncomeAttributableToOwnersOfParent_loc"/>
    <link:definitionArc xlink:type="arc" xlink:arcrole="http://xbrl.org/int/dim/arcrole/domain-member" xlink:from="kvk_ItemsInConsolidatedFinancialStatementsPlaceholder_loc" xlink:to="ifrs-full_ComprehensiveIncomeAttributableToOwnersOfParent_loc" order="117.0"/>
    <link:loc xlink:type="locator" xlink:href="https://xbrl.ifrs.org/taxonomy/2022-03-24/full_ifrs/full_ifrs-cor_2022-03-24.xsd#ifrs-full_OtherComprehensiveIncomeThatWillNotBeReclassifiedToProfitOrLossNetOfTax" xlink:label="ifrs-full_OtherComprehensiveIncomeThatWillNotBeReclassifiedToProfitOrLossNetOfTax_loc"/>
    <link:definitionArc xlink:type="arc" xlink:arcrole="http://xbrl.org/int/dim/arcrole/domain-member" xlink:from="kvk_ItemsInConsolidatedFinancialStatementsPlaceholder_loc" xlink:to="ifrs-full_OtherComprehensiveIncomeThatWillNotBeReclassifiedToProfitOrLossNetOfTax_loc" order="118.0"/>
    <link:loc xlink:type="locator" xlink:href="https://xbrl.ifrs.org/taxonomy/2022-03-24/full_ifrs/full_ifrs-cor_2022-03-24.xsd#ifrs-full_OtherComprehensiveIncomeThatWillBeReclassifiedToProfitOrLossNetOfTax" xlink:label="ifrs-full_OtherComprehensiveIncomeThatWillBeReclassifiedToProfitOrLossNetOfTax_loc"/>
    <link:definitionArc xlink:type="arc" xlink:arcrole="http://xbrl.org/int/dim/arcrole/domain-member" xlink:from="kvk_ItemsInConsolidatedFinancialStatementsPlaceholder_loc" xlink:to="ifrs-full_OtherComprehensiveIncomeThatWillBeReclassifiedToProfitOrLossNetOfTax_loc" order="119.0"/>
  </link:definitionLink>
  <link:definitionLink xlink:type="extended" xlink:role="https://www.degrotebv.nl/role/ConsolidatedStatementOfChangesInEquity">
    <link:loc xlink:type="locator" xlink:href="https://xbrl.ifrs.org/taxonomy/2022-03-24/full_ifrs/full_ifrs-cor_2022-03-24.xsd#ifrs-full_StatementOfChangesInEquityLineItems" xlink:label="ifrs-full_StatementOfChangesInEquityLineItems_loc"/>
    <link:loc xlink:type="locator" xlink:href="https://xbrl.ifrs.org/taxonomy/2022-03-24/full_ifrs/full_ifrs-cor_2022-03-24.xsd#ifrs-full_StatementOfChangesInEquityTable" xlink:label="ifrs-full_StatementOfChangesInEquityTable_loc"/>
    <link:definitionArc xlink:type="arc" xlink:arcrole="http://xbrl.org/int/dim/arcrole/all" xlink:from="ifrs-full_StatementOfChangesInEquityLineItems_loc" xlink:to="ifrs-full_StatementOfChangesInEquityTable_loc" order="1.0" xbrldt:contextElement="scenario" xbrldt:closed="true"/>
    <link:loc xlink:type="locator" xlink:href="https://xbrl.ifrs.org/taxonomy/2022-03-24/full_ifrs/full_ifrs-cor_2022-03-24.xsd#ifrs-full_ComponentsOfEquityAxis" xlink:label="ifrs-full_ComponentsOfEquityAxis_loc"/>
    <link:definitionArc xlink:type="arc" xlink:arcrole="http://xbrl.org/int/dim/arcrole/hypercube-dimension" xlink:from="ifrs-full_StatementOfChangesInEquityTable_loc" xlink:to="ifrs-full_ComponentsOfEquityAxis_loc" order="1.0"/>
    <link:loc xlink:type="locator" xlink:href="https://xbrl.ifrs.org/taxonomy/2022-03-24/full_ifrs/full_ifrs-cor_2022-03-24.xsd#ifrs-full_EquityMember" xlink:label="ifrs-full_EquityMember_loc"/>
    <link:definitionArc xlink:type="arc" xlink:arcrole="http://xbrl.org/int/dim/arcrole/dimension-domain" xlink:from="ifrs-full_ComponentsOfEquityAxis_loc" xlink:to="ifrs-full_EquityMember_loc" order="3.0"/>
    <link:loc xlink:type="locator" xlink:href="https://xbrl.ifrs.org/taxonomy/2022-03-24/full_ifrs/full_ifrs-cor_2022-03-24.xsd#ifrs-full_NoncontrollingInterestsMember" xlink:label="ifrs-full_NoncontrollingInterestsMember_loc"/>
    <link:definitionArc xlink:type="arc" xlink:arcrole="http://xbrl.org/int/dim/arcrole/dimension-domain" xlink:from="ifrs-full_ComponentsOfEquityAxis_loc" xlink:to="ifrs-full_NoncontrollingInterestsMember_loc" order="2.0"/>
    <link:loc xlink:type="locator" xlink:href="https://xbrl.ifrs.org/taxonomy/2022-03-24/full_ifrs/full_ifrs-cor_2022-03-24.xsd#ifrs-full_EquityAttributableToOwnersOfParentMember" xlink:label="ifrs-full_EquityAttributableToOwnersOfParentMember_loc"/>
    <link:definitionArc xlink:type="arc" xlink:arcrole="http://xbrl.org/int/dim/arcrole/dimension-domain" xlink:from="ifrs-full_ComponentsOfEquityAxis_loc" xlink:to="ifrs-full_EquityAttributableToOwnersOfParentMember_loc" order="1.0"/>
    <link:loc xlink:type="locator" xlink:href="https://xbrl.ifrs.org/taxonomy/2022-03-24/full_ifrs/full_ifrs-cor_2022-03-24.xsd#ifrs-full_IssuedCapitalMember" xlink:label="ifrs-full_IssuedCapitalMember_loc"/>
    <link:definitionArc xlink:type="arc" xlink:arcrole="http://xbrl.org/int/dim/arcrole/domain-member" xlink:from="ifrs-full_EquityAttributableToOwnersOfParentMember_loc" xlink:to="ifrs-full_IssuedCapitalMember_loc" order="1.0"/>
    <link:loc xlink:type="locator" xlink:href="https://xbrl.ifrs.org/taxonomy/2022-03-24/full_ifrs/full_ifrs-cor_2022-03-24.xsd#ifrs-full_SharePremiumMember" xlink:label="ifrs-full_SharePremiumMember_loc"/>
    <link:definitionArc xlink:type="arc" xlink:arcrole="http://xbrl.org/int/dim/arcrole/domain-member" xlink:from="ifrs-full_EquityAttributableToOwnersOfParentMember_loc" xlink:to="ifrs-full_SharePremiumMember_loc" order="2.0"/>
    <link:loc xlink:type="locator" xlink:href="degrotebv-2023-12-31.xsd#groot_OtherComponentsOfEquityMember" xlink:label="groot_OtherComponentsOfEquityMember_loc"/>
    <link:definitionArc xlink:type="arc" xlink:arcrole="http://xbrl.org/int/dim/arcrole/domain-member" xlink:from="ifrs-full_EquityAttributableToOwnersOfParentMember_loc" xlink:to="groot_OtherComponentsOfEquityMember_loc" order="3.0"/>
    <link:loc xlink:type="locator" xlink:href="https://xbrl.ifrs.org/taxonomy/2022-03-24/full_ifrs/full_ifrs-cor_2022-03-24.xsd#ifrs-full_RetainedEarningsMember" xlink:label="ifrs-full_RetainedEarningsMember_loc"/>
    <link:definitionArc xlink:type="arc" xlink:arcrole="http://xbrl.org/int/dim/arcrole/domain-member" xlink:from="ifrs-full_EquityAttributableToOwnersOfParentMember_loc" xlink:to="ifrs-full_RetainedEarningsMember_loc" order="4.0"/>
    <link:loc xlink:type="locator" xlink:href="https://xbrl.ifrs.org/taxonomy/2022-03-24/full_ifrs/full_ifrs-cor_2022-03-24.xsd#ifrs-full_Equity" xlink:label="ifrs-full_Equity_loc"/>
    <link:definitionArc xlink:type="arc" xlink:arcrole="http://xbrl.org/int/dim/arcrole/domain-member" xlink:from="ifrs-full_StatementOfChangesInEquityLineItems_loc" xlink:to="ifrs-full_Equity_loc" order="2.0"/>
    <link:loc xlink:type="locator" xlink:href="https://xbrl.ifrs.org/taxonomy/2022-03-24/full_ifrs/full_ifrs-cor_2022-03-24.xsd#ifrs-full_DividendsPaid" xlink:label="ifrs-full_DividendsPaid_loc"/>
    <link:definitionArc xlink:type="arc" xlink:arcrole="http://xbrl.org/int/dim/arcrole/domain-member" xlink:from="ifrs-full_StatementOfChangesInEquityLineItems_loc" xlink:to="ifrs-full_DividendsPaid_loc" order="3.0"/>
    <link:loc xlink:type="locator" xlink:href="degrotebv-2023-12-31.xsd#groot_IssueOfShareCapitalOnExerciseOfEmployeeSharebasedCompensation" xlink:label="groot_IssueOfShareCapitalOnExerciseOfEmployeeSharebasedCompensation_loc"/>
    <link:definitionArc xlink:type="arc" xlink:arcrole="http://xbrl.org/int/dim/arcrole/domain-member" xlink:from="ifrs-full_StatementOfChangesInEquityLineItems_loc" xlink:to="groot_IssueOfShareCapitalOnExerciseOfEmployeeSharebasedCompensation_loc" order="4.0"/>
    <link:loc xlink:type="locator" xlink:href="https://xbrl.ifrs.org/taxonomy/2022-03-24/full_ifrs/full_ifrs-cor_2022-03-24.xsd#ifrs-full_ExpenseFromSharebasedPaymentTransactionsWithEmployees" xlink:label="ifrs-full_ExpenseFromSharebasedPaymentTransactionsWithEmployees_loc"/>
    <link:definitionArc xlink:type="arc" xlink:arcrole="http://xbrl.org/int/dim/arcrole/domain-member" xlink:from="ifrs-full_StatementOfChangesInEquityLineItems_loc" xlink:to="ifrs-full_ExpenseFromSharebasedPaymentTransactionsWithEmployees_loc" order="5.0"/>
    <link:loc xlink:type="locator" xlink:href="degrotebv-2023-12-31.xsd#groot_IssueOfShareCapitalOnPrivatePlacement" xlink:label="groot_IssueOfShareCapitalOnPrivatePlacement_loc"/>
    <link:definitionArc xlink:type="arc" xlink:arcrole="http://xbrl.org/int/dim/arcrole/domain-member" xlink:from="ifrs-full_StatementOfChangesInEquityLineItems_loc" xlink:to="groot_IssueOfShareCapitalOnPrivatePlacement_loc" order="6.0"/>
    <link:loc xlink:type="locator" xlink:href="https://xbrl.ifrs.org/taxonomy/2022-03-24/full_ifrs/full_ifrs-cor_2022-03-24.xsd#ifrs-full_IncreaseDecreaseThroughTransactionsWithOwners" xlink:label="ifrs-full_IncreaseDecreaseThroughTransactionsWithOwners_loc"/>
    <link:definitionArc xlink:type="arc" xlink:arcrole="http://xbrl.org/int/dim/arcrole/domain-member" xlink:from="ifrs-full_StatementOfChangesInEquityLineItems_loc" xlink:to="ifrs-full_IncreaseDecreaseThroughTransactionsWithOwners_loc" order="7.0"/>
    <link:loc xlink:type="locator" xlink:href="https://xbrl.ifrs.org/taxonomy/2022-03-24/full_ifrs/full_ifrs-cor_2022-03-24.xsd#ifrs-full_ComprehensiveIncome" xlink:label="ifrs-full_ComprehensiveIncome_loc"/>
    <link:definitionArc xlink:type="arc" xlink:arcrole="http://xbrl.org/int/dim/arcrole/domain-member" xlink:from="ifrs-full_StatementOfChangesInEquityLineItems_loc" xlink:to="ifrs-full_ComprehensiveIncome_loc" order="8.0"/>
  </link:definitionLink>
</link:linkbase>
