<?xml version="1.0" encoding="UTF-8"?>

<link:linkbase xmlns:xsi="http://www.w3.org/2001/XMLSchema-instance" xsi:schemaLocation="http://www.xbrl.org/2003/linkbase http://www.xbrl.org/2003/xbrl-linkbase-2003-12-31.xsd" xmlns:link="http://www.xbrl.org/2003/linkbase" xmlns:xbrli="http://www.xbrl.org/2003/instance" xmlns:xlink="http://www.w3.org/1999/xlink">
  <link:labelLink xlink:type="extended" xlink:role="http://www.xbrl.org/2003/role/link">
    <link:loc xlink:type="locator" xlink:href="kvk-cor.xsd#kvk_BusinessNames" xlink:label="kvk_BusinessNames_loc" xlink:title="BusinessNames"/>
    <link:label xlink:type="resource" xlink:label="kvk_BusinessNames_label_de" xlink:role="http://www.xbrl.org/2003/role/label" xlink:title="label_BusinessNames" xml:lang="de" id="kvk_BusinessNames_label_de">Handelsnamen</link:label>
    <link:labelArc xlink:type="arc" xlink:arcrole="http://www.xbrl.org/2003/arcrole/concept-label" xlink:from="kvk_BusinessNames_loc" xlink:to="kvk_BusinessNames_label_de" xlink:title="label: BusinessNames to label_BusinessNames"/>
    <link:label xlink:type="resource" xlink:label="kvk_BusinessNames_verboseLabel_de" xlink:role="http://www.xbrl.org/2003/role/verboseLabel" xlink:title="label_BusinessNames" xml:lang="de" id="kvk_BusinessNames_verboseLabel_de">Name des berichtenden Rechtsubjekts</link:label>
    <link:labelArc xlink:type="arc" xlink:arcrole="http://www.xbrl.org/2003/arcrole/concept-label" xlink:from="kvk_BusinessNames_loc" xlink:to="kvk_BusinessNames_verboseLabel_de" xlink:title="label: BusinessNames to label_BusinessNames"/>
    <link:loc xlink:type="locator" xlink:href="kvk-cor.xsd#kvk_TitleOfTheDocument" xlink:label="kvk_TitleOfTheDocument_loc" xlink:title="TitleOfTheDocument"/>
    <link:label xlink:type="resource" xlink:label="kvk_TitleOfTheDocument_label_de" xlink:role="http://www.xbrl.org/2003/role/label" xlink:title="label_TitleOfTheDocument" xml:lang="de" id="kvk_TitleOfTheDocument_label_de">Titel des Dokuments</link:label>
    <link:labelArc xlink:type="arc" xlink:arcrole="http://www.xbrl.org/2003/arcrole/concept-label" xlink:from="kvk_TitleOfTheDocument_loc" xlink:to="kvk_TitleOfTheDocument_label_de" xlink:title="label: TitleOfTheDocument to label_TitleOfTheDocument"/>
    <link:loc xlink:type="locator" xlink:href="kvk-cor.xsd#kvk_DocumentEntityInformationTitle" xlink:label="kvk_DocumentEntityInformationTitle_loc" xlink:title="DocumentEntityInformationTitle"/>
    <link:label xlink:type="resource" xlink:label="kvk_DocumentEntityInformationTitle_label_de" xlink:role="http://www.xbrl.org/2003/role/label" xlink:title="label_DocumentEntityInformationTitle" xml:lang="de" id="kvk_DocumentEntityInformationTitle_label_de">Informationen über die Berichterstattung und die juristische Person</link:label>
    <link:labelArc xlink:type="arc" xlink:arcrole="http://www.xbrl.org/2003/arcrole/concept-label" xlink:from="kvk_DocumentEntityInformationTitle_loc" xlink:to="kvk_DocumentEntityInformationTitle_label_de" xlink:title="label: DocumentEntityInformationTitle to label_DocumentEntityInformationTitle"/>
    <link:loc xlink:type="locator" xlink:href="kvk-cor.xsd#kvk_CashFlowStatementMethodType" xlink:label="kvk_CashFlowStatementMethodType_loc"/>
    <link:label xlink:type="resource" xlink:label="kvk_CashFlowStatementMethodType_label_de" xlink:role="http://www.xbrl.org/2003/role/label" xml:lang="de">Art (der) Kapitalflussrechnung</link:label>
    <link:labelArc xlink:type="arc" xlink:arcrole="http://www.xbrl.org/2003/arcrole/concept-label" xlink:from="kvk_CashFlowStatementMethodType_loc" xlink:to="kvk_CashFlowStatementMethodType_label_de"/>
    <link:loc xlink:type="locator" xlink:href="kvk-cor.xsd#kvk_IncomeStatementClassificationType" xlink:label="kvk_IncomeStatementClassificationType_loc"/>
    <link:label xlink:type="resource" xlink:label="kvk_IncomeStatementClassificationType_terseLabel_de" xlink:role="http://www.xbrl.org/2003/role/terseLabel" xml:lang="de">Typ Erfolgsrechnung</link:label>
    <link:labelArc xlink:type="arc" xlink:arcrole="http://www.xbrl.org/2003/arcrole/concept-label" xlink:from="kvk_IncomeStatementClassificationType_loc" xlink:to="kvk_IncomeStatementClassificationType_terseLabel_de"/>
    <link:label xlink:type="resource" xlink:label="kvk_IncomeStatementClassificationType_label_de" xlink:role="http://www.xbrl.org/2003/role/label" xml:lang="de">Typ Gewinn- und Verlustrechnung</link:label>
    <link:labelArc xlink:type="arc" xlink:arcrole="http://www.xbrl.org/2003/arcrole/concept-label" xlink:from="kvk_IncomeStatementClassificationType_loc" xlink:to="kvk_IncomeStatementClassificationType_label_de"/>
    <link:label xlink:type="resource" xlink:label="kvk_IncomeStatementClassificationType_verboseLabel_de" xlink:role="http://www.xbrl.org/2003/role/verboseLabel" xml:lang="de">Typ Stand der Erträge und Aufwendungen</link:label>
    <link:labelArc xlink:type="arc" xlink:arcrole="http://www.xbrl.org/2003/arcrole/concept-label" xlink:from="kvk_IncomeStatementClassificationType_loc" xlink:to="kvk_IncomeStatementClassificationType_verboseLabel_de"/>
    <link:loc xlink:type="locator" xlink:href="kvk-cor.xsd#kvk_PresentationOrder" xlink:label="kvk_PresentationOrder_loc"/>
    <link:label xlink:type="resource" xlink:label="kvk_PresentationOrder_label_de" xlink:role="http://www.xbrl.org/2003/role/label" xml:lang="de">Eingegebene Präsentation</link:label>
    <link:labelArc xlink:type="arc" xlink:arcrole="http://www.xbrl.org/2003/arcrole/concept-label" xlink:from="kvk_PresentationOrder_loc" xlink:to="kvk_PresentationOrder_label_de"/>
  </link:labelLink>
</link:linkbase>
