<?xml version="1.0" encoding="UTF-8"?>

<link:linkbase xmlns:link="http://www.xbrl.org/2003/linkbase" xmlns:xsi="http://www.w3.org/2001/XMLSchema-instance" xmlns:xlink="http://www.w3.org/1999/xlink" xmlns:xbrldt="http://xbrl.org/2005/xbrldt">
  <link:roleRef roleURI="https://www.nltaxonomie.nl/kvk/role/document-entity-information" xlink:type="simple" xlink:href="kvk-annual-report-other-gaap.xsd#kvk-role-document-entity-information"/>
  <link:arcroleRef arcroleURI="http://xbrl.org/int/dim/arcrole/all" xlink:type="simple" xlink:href="http://www.xbrl.org/2005/xbrldt-2005.xsd#all"/>
  <link:arcroleRef arcroleURI="http://xbrl.org/int/dim/arcrole/dimension-domain" xlink:type="simple" xlink:href="http://www.xbrl.org/2005/xbrldt-2005.xsd#dimension-domain"/>
  <link:arcroleRef arcroleURI="http://xbrl.org/int/dim/arcrole/hypercube-dimension" xlink:type="simple" xlink:href="http://www.xbrl.org/2005/xbrldt-2005.xsd#hypercube-dimension"/>
  <link:arcroleRef arcroleURI="http://xbrl.org/int/dim/arcrole/domain-member" xlink:type="simple" xlink:href="http://www.xbrl.org/2005/xbrldt-2005.xsd#domain-member"/>
  <link:arcroleRef arcroleURI="http://xbrl.org/int/dim/arcrole/dimension-default" xlink:type="simple" xlink:href="http://www.xbrl.org/2005/xbrldt-2005.xsd#dimension-default"/>
  <link:definitionLink xlink:type="extended" xlink:role="https://www.nltaxonomie.nl/kvk/role/document-entity-information">
    <link:loc xlink:type="locator" xlink:href="kvk-cor.xsd#kvk_NullItems" xlink:label="kvk_NullItems_loc"/>
    <link:loc xlink:type="locator" xlink:href="kvk-cor.xsd#kvk_NullHypercube" xlink:label="kvk_NullHypercube_loc"/>
    <link:definitionArc xlink:type="arc" xlink:arcrole="http://xbrl.org/int/dim/arcrole/all" xlink:from="kvk_NullItems_loc" xlink:to="kvk_NullHypercube_loc" order="1.0" xbrldt:contextElement="scenario" xbrldt:closed="true"/>
    <link:loc xlink:type="locator" xlink:href="https://www.nltaxonomie.nl/jenv/2024-03-31/bw2-titel9-cor.xsd#bw2-titel9_ChamberOfCommerceRegistrationNumber" xlink:label="bw2-titel9_ChamberOfCommerceRegistrationNumber_loc"/>
    <link:definitionArc xlink:type="arc" xlink:arcrole="http://xbrl.org/int/dim/arcrole/domain-member" xlink:from="kvk_NullItems_loc" xlink:to="bw2-titel9_ChamberOfCommerceRegistrationNumber_loc" order="5.0"/>
    <link:loc xlink:type="locator" xlink:href="https://www.nltaxonomie.nl/jenv/2024-03-31/bw2-titel9-cor.xsd#bw2-titel9_LegalEntityName" xlink:label="bw2-titel9_LegalEntityName_loc"/>
    <link:definitionArc xlink:type="arc" xlink:arcrole="http://xbrl.org/int/dim/arcrole/domain-member" xlink:from="kvk_NullItems_loc" xlink:to="bw2-titel9_LegalEntityName_loc" order="2.0"/>
    <link:loc xlink:type="locator" xlink:href="https://www.nltaxonomie.nl/jenv/2024-03-31/bw2-titel9-cor.xsd#bw2-titel9_LegalEntityRegisteredOffice" xlink:label="bw2-titel9_LegalEntityRegisteredOffice_loc"/>
    <link:definitionArc xlink:type="arc" xlink:arcrole="http://xbrl.org/int/dim/arcrole/domain-member" xlink:from="kvk_NullItems_loc" xlink:to="bw2-titel9_LegalEntityRegisteredOffice_loc" order="4.0"/>
    <link:loc xlink:type="locator" xlink:href="https://www.nltaxonomie.nl/jenv/2024-03-31/bw2-titel9-cor.xsd#bw2-titel9_DocumentAdoptionStatus" xlink:label="bw2-titel9_DocumentAdoptionStatus_loc"/>
    <link:definitionArc xlink:type="arc" xlink:arcrole="http://xbrl.org/int/dim/arcrole/domain-member" xlink:from="kvk_NullItems_loc" xlink:to="bw2-titel9_DocumentAdoptionStatus_loc" order="13.0"/>
    <link:loc xlink:type="locator" xlink:href="https://www.nltaxonomie.nl/jenv/2024-03-31/bw2-titel9-cor.xsd#bw2-titel9_LegalEntityLegalForm" xlink:label="bw2-titel9_LegalEntityLegalForm_loc"/>
    <link:definitionArc xlink:type="arc" xlink:arcrole="http://xbrl.org/int/dim/arcrole/domain-member" xlink:from="kvk_NullItems_loc" xlink:to="bw2-titel9_LegalEntityLegalForm_loc" order="3.0"/>
    <link:loc xlink:type="locator" xlink:href="https://www.nltaxonomie.nl/jenv/2024-03-31/bw2-titel9-cor.xsd#bw2-titel9_FinancialReportingPeriod" xlink:label="bw2-titel9_FinancialReportingPeriod_loc"/>
    <link:definitionArc xlink:type="arc" xlink:arcrole="http://xbrl.org/int/dim/arcrole/domain-member" xlink:from="kvk_NullItems_loc" xlink:to="bw2-titel9_FinancialReportingPeriod_loc" order="11.0"/>
    <link:loc xlink:type="locator" xlink:href="https://www.nltaxonomie.nl/jenv/2024-03-31/bw2-titel9-cor.xsd#bw2-titel9_FinancialReportingPeriodEndDate" xlink:label="bw2-titel9_FinancialReportingPeriodEndDate_loc"/>
    <link:definitionArc xlink:type="arc" xlink:arcrole="http://xbrl.org/int/dim/arcrole/domain-member" xlink:from="kvk_NullItems_loc" xlink:to="bw2-titel9_FinancialReportingPeriodEndDate_loc" order="10.0"/>
    <link:loc xlink:type="locator" xlink:href="https://www.nltaxonomie.nl/rj/2024-03-31/rj-cor.xsd#rj_FinancialStatementsConsolidated" xlink:label="rj_FinancialStatementsConsolidated_loc"/>
    <link:definitionArc xlink:type="arc" xlink:arcrole="http://xbrl.org/int/dim/arcrole/domain-member" xlink:from="kvk_NullItems_loc" xlink:to="rj_FinancialStatementsConsolidated_loc" order="12.0"/>
    <link:loc xlink:type="locator" xlink:href="kvk-cor.xsd#kvk_LegalEntitySizeMicro" xlink:label="kvk_LegalEntitySizeMicro_loc"/>
    <link:definitionArc xlink:type="arc" xlink:arcrole="http://xbrl.org/int/dim/arcrole/domain-member" xlink:from="kvk_NullItems_loc" xlink:to="kvk_LegalEntitySizeMicro_loc" order="6.0"/>
    <link:loc xlink:type="locator" xlink:href="kvk-cor.xsd#kvk_LegalEntitySizeSmall" xlink:label="kvk_LegalEntitySizeSmall_loc"/>
    <link:definitionArc xlink:type="arc" xlink:arcrole="http://xbrl.org/int/dim/arcrole/domain-member" xlink:from="kvk_NullItems_loc" xlink:to="kvk_LegalEntitySizeSmall_loc" order="7.0"/>
    <link:loc xlink:type="locator" xlink:href="kvk-cor.xsd#kvk_LegalEntitySizeMedium" xlink:label="kvk_LegalEntitySizeMedium_loc"/>
    <link:definitionArc xlink:type="arc" xlink:arcrole="http://xbrl.org/int/dim/arcrole/domain-member" xlink:from="kvk_NullItems_loc" xlink:to="kvk_LegalEntitySizeMedium_loc" order="8.0"/>
    <link:loc xlink:type="locator" xlink:href="kvk-cor.xsd#kvk_LegalEntitySizeLarge" xlink:label="kvk_LegalEntitySizeLarge_loc"/>
    <link:definitionArc xlink:type="arc" xlink:arcrole="http://xbrl.org/int/dim/arcrole/domain-member" xlink:from="kvk_NullItems_loc" xlink:to="kvk_LegalEntitySizeLarge_loc" order="9.0"/>
    <link:loc xlink:type="locator" xlink:href="https://www.nltaxonomie.nl/jenv/2024-03-31/bw2-titel9-cor.xsd#bw2-titel9_DocumentAdoptionDate" xlink:label="bw2-titel9_DocumentAdoptionDate_loc"/>
    <link:definitionArc xlink:type="arc" xlink:arcrole="http://xbrl.org/int/dim/arcrole/domain-member" xlink:from="kvk_NullItems_loc" xlink:to="bw2-titel9_DocumentAdoptionDate_loc" order="14.0"/>
  </link:definitionLink>
</link:linkbase>
