<?xml version="1.0" encoding="UTF-8"?>

<link:linkbase xmlns:link="http://www.xbrl.org/2003/linkbase" xmlns:xlink="http://www.w3.org/1999/xlink">
  <link:labelLink xlink:type="extended" xlink:role="http://www.xbrl.org/2003/role/link">
    <link:loc xlink:type="locator" xlink:href="kvk-cor.xsd#kvk_BusinessNames" xlink:label="kvk_BusinessNames_loc"/>
    <link:label xlink:type="resource" xlink:label="kvk_BusinessNames_label_nl" xlink:role="http://www.xbrl.org/2003/role/label" xml:lang="nl">Handelsnamen</link:label>
    <link:labelArc xlink:type="arc" xlink:arcrole="http://www.xbrl.org/2003/arcrole/concept-label" xlink:from="kvk_BusinessNames_loc" xlink:to="kvk_BusinessNames_label_nl"/>
    <link:loc xlink:type="locator" xlink:href="kvk-cor.xsd#kvk_ItemsInSeparateFinancialStatementsPlaceholder" xlink:label="kvk_ItemsInSeparateFinancialStatementsPlaceholder_loc"/>
    <link:label xlink:type="resource" xlink:label="kvk_ItemsInSeparateFinancialStatementsPlaceholder_label_nl" xlink:role="http://www.xbrl.org/2003/role/label" xml:lang="nl">Items in de enkelvoudige jaarrekening [plaatshouder]</link:label>
    <link:labelArc xlink:type="arc" xlink:arcrole="http://www.xbrl.org/2003/arcrole/concept-label" xlink:from="kvk_ItemsInSeparateFinancialStatementsPlaceholder_loc" xlink:to="kvk_ItemsInSeparateFinancialStatementsPlaceholder_label_nl"/>
    <link:loc xlink:type="locator" xlink:href="kvk-cor.xsd#kvk_TitleOfTheDocument" xlink:label="kvk_TitleOfTheDocument_loc"/>
    <link:label xlink:type="resource" xlink:label="kvk_TitleOfTheDocument_label_nl" xlink:role="http://www.xbrl.org/2003/role/label" xml:lang="nl">Titel van het document</link:label>
    <link:labelArc xlink:type="arc" xlink:arcrole="http://www.xbrl.org/2003/arcrole/concept-label" xlink:from="kvk_TitleOfTheDocument_loc" xlink:to="kvk_TitleOfTheDocument_label_nl"/>
    <link:label xlink:type="resource" xlink:label="kvk_TitleOfTheDocument_documentation_nl" xlink:role="http://www.xbrl.org/2003/role/documentation" xml:lang="nl">Dit concept is bedoeld voor rapporteurs om een titel mee te kunnen geven aan het document. Bijvoorbeeld: "Jaarrekening bedrijf X 20XX"</link:label>
    <link:labelArc xlink:type="arc" xlink:arcrole="http://www.xbrl.org/2003/arcrole/concept-label" xlink:from="kvk_TitleOfTheDocument_loc" xlink:to="kvk_TitleOfTheDocument_documentation_nl"/>
    <link:loc xlink:type="locator" xlink:href="kvk-cor.xsd#kvk_ItemsInConsolidatedFinancialStatementsPlaceholder" xlink:label="kvk_ItemsInConsolidatedFinancialStatementsPlaceholder_loc"/>
    <link:label xlink:type="resource" xlink:label="kvk_ItemsInConsolidatedFinancialStatementsPlaceholder_label_nl" xlink:role="http://www.xbrl.org/2003/role/label" xml:lang="nl">Items in de geconsolideerde jaarrekening [plaatshouder]</link:label>
    <link:labelArc xlink:type="arc" xlink:arcrole="http://www.xbrl.org/2003/arcrole/concept-label" xlink:from="kvk_ItemsInConsolidatedFinancialStatementsPlaceholder_loc" xlink:to="kvk_ItemsInConsolidatedFinancialStatementsPlaceholder_label_nl"/>
    <link:loc xlink:type="locator" xlink:href="kvk-cor.xsd#kvk_LegalEntitySizeMicro" xlink:label="kvk_LegalEntitySizeMicro_loc"/>
    <link:label xlink:type="resource" xlink:label="kvk_LegalEntitySizeMicro_label_nl" xlink:role="http://www.xbrl.org/2003/role/label" xml:lang="nl">Bedrijfsklasse 'Micro'</link:label>
    <link:labelArc xlink:type="arc" xlink:arcrole="http://www.xbrl.org/2003/arcrole/concept-label" xlink:from="kvk_LegalEntitySizeMicro_loc" xlink:to="kvk_LegalEntitySizeMicro_label_nl"/>
    <link:loc xlink:type="locator" xlink:href="kvk-cor.xsd#kvk_LegalEntitySizeMicro" xlink:label="kvk_LegalEntitySizeMicro_loc_2"/>
    <link:label xlink:type="resource" xlink:label="kvk_LegalEntitySizeMicro_documentation_nl" xlink:role="http://www.xbrl.org/2003/role/documentation" xml:lang="nl">Dit concept geeft aan dat de rechtspersoon rapporteert op basis van de bedrijfsklasse 'Micro'.</link:label>
    <link:labelArc xlink:type="arc" xlink:arcrole="http://www.xbrl.org/2003/arcrole/concept-label" xlink:from="kvk_LegalEntitySizeMicro_loc_2" xlink:to="kvk_LegalEntitySizeMicro_documentation_nl"/>
    <link:loc xlink:type="locator" xlink:href="kvk-cor.xsd#kvk_LegalEntitySizeSmall" xlink:label="kvk_LegalEntitySizeSmall_loc"/>
    <link:label xlink:type="resource" xlink:label="kvk_LegalEntitySizeSmall_label_nl" xlink:role="http://www.xbrl.org/2003/role/label" xml:lang="nl">Bedrijfsklasse 'Klein'</link:label>
    <link:labelArc xlink:type="arc" xlink:arcrole="http://www.xbrl.org/2003/arcrole/concept-label" xlink:from="kvk_LegalEntitySizeSmall_loc" xlink:to="kvk_LegalEntitySizeSmall_label_nl"/>
    <link:label xlink:type="resource" xlink:label="kvk_LegalEntitySizeSmall_documentation_nl" xlink:role="http://www.xbrl.org/2003/role/documentation" xml:lang="nl">Dit concept geeft aan dat de rechtspersoon rapporteert op basis van de bedrijfsklasse 'Klein'.</link:label>
    <link:labelArc xlink:type="arc" xlink:arcrole="http://www.xbrl.org/2003/arcrole/concept-label" xlink:from="kvk_LegalEntitySizeSmall_loc" xlink:to="kvk_LegalEntitySizeSmall_documentation_nl"/>
    <link:loc xlink:type="locator" xlink:href="kvk-cor.xsd#kvk_LegalEntitySizeMedium" xlink:label="kvk_LegalEntitySizeMedium_loc"/>
    <link:label xlink:type="resource" xlink:label="kvk_LegalEntitySizeMedium_label_nl" xlink:role="http://www.xbrl.org/2003/role/label" xml:lang="nl">Bedrijfsklasse 'Middelgroot'</link:label>
    <link:labelArc xlink:type="arc" xlink:arcrole="http://www.xbrl.org/2003/arcrole/concept-label" xlink:from="kvk_LegalEntitySizeMedium_loc" xlink:to="kvk_LegalEntitySizeMedium_label_nl"/>
    <link:label xlink:type="resource" xlink:label="kvk_LegalEntitySizeMedium_documentation_nl" xlink:role="http://www.xbrl.org/2003/role/documentation" xml:lang="nl">Dit concept geeft aan dat de rechtspersoon rapporteert op basis van de bedrijfsklasse 'Middelgroot'.</link:label>
    <link:labelArc xlink:type="arc" xlink:arcrole="http://www.xbrl.org/2003/arcrole/concept-label" xlink:from="kvk_LegalEntitySizeMedium_loc" xlink:to="kvk_LegalEntitySizeMedium_documentation_nl"/>
    <link:loc xlink:type="locator" xlink:href="kvk-cor.xsd#kvk_LegalEntitySizeLarge" xlink:label="kvk_LegalEntitySizeLarge_loc"/>
    <link:label xlink:type="resource" xlink:label="kvk_LegalEntitySizeLarge_label_nl" xlink:role="http://www.xbrl.org/2003/role/label" xml:lang="nl">Bedrijfsklasse 'Groot'</link:label>
    <link:labelArc xlink:type="arc" xlink:arcrole="http://www.xbrl.org/2003/arcrole/concept-label" xlink:from="kvk_LegalEntitySizeLarge_loc" xlink:to="kvk_LegalEntitySizeLarge_label_nl"/>
    <link:label xlink:type="resource" xlink:label="kvk_LegalEntitySizeLarge_documentation_nl" xlink:role="http://www.xbrl.org/2003/role/documentation" xml:lang="nl">Dit concept geeft aan dat de rechtspersoon rapporteert op basis van de bedrijfsklasse 'Groot'.</link:label>
    <link:labelArc xlink:type="arc" xlink:arcrole="http://www.xbrl.org/2003/arcrole/concept-label" xlink:from="kvk_LegalEntitySizeLarge_loc" xlink:to="kvk_LegalEntitySizeLarge_documentation_nl"/>
    <link:loc xlink:type="locator" xlink:href="kvk-cor.xsd#kvk_NullDimension" xlink:label="kvk_NullDimension_loc"/>
    <link:label xlink:type="resource" xlink:label="kvk_NullDimension_label_nl" xlink:role="http://www.xbrl.org/2003/role/label" xml:lang="nl">Null dimensie</link:label>
    <link:labelArc xlink:type="arc" xlink:arcrole="http://www.xbrl.org/2003/arcrole/concept-label" xlink:from="kvk_NullDimension_loc" xlink:to="kvk_NullDimension_label_nl"/>
    <link:loc xlink:type="locator" xlink:href="kvk-cor.xsd#kvk_NullHypercube" xlink:label="kvk_NullHypercube_loc"/>
    <link:label xlink:type="resource" xlink:label="kvk_NullHypercube_label_nl" xlink:role="http://www.xbrl.org/2003/role/label" xml:lang="nl">Null hypercube</link:label>
    <link:labelArc xlink:type="arc" xlink:arcrole="http://www.xbrl.org/2003/arcrole/concept-label" xlink:from="kvk_NullHypercube_loc" xlink:to="kvk_NullHypercube_label_nl"/>
    <link:loc xlink:type="locator" xlink:href="kvk-cor.xsd#kvk_NullItems" xlink:label="kvk_NullItems_loc"/>
    <link:label xlink:type="resource" xlink:label="kvk_NullItems_label_nl" xlink:role="http://www.xbrl.org/2003/role/label" xml:lang="nl">Null items</link:label>
    <link:labelArc xlink:type="arc" xlink:arcrole="http://www.xbrl.org/2003/arcrole/concept-label" xlink:from="kvk_NullItems_loc" xlink:to="kvk_NullItems_label_nl"/>
	<link:loc xlink:type="locator" xlink:href="kvk-cor.xsd#kvk_DocumentEntityInformationTitle" xlink:label="kvk_DocumentEntityInformationTitle_loc"/>
    <link:label xlink:type="resource" xlink:label="kvk_DocumentEntityInformationTitle_label_nl" xlink:role="http://www.xbrl.org/2003/role/label" xml:lang="nl">Informatie over de rapportage en de rechtspersoon</link:label>
    <link:labelArc xlink:type="arc" xlink:arcrole="http://www.xbrl.org/2003/arcrole/concept-label" xlink:from="kvk_DocumentEntityInformationTitle_loc" xlink:to="kvk_DocumentEntityInformationTitle_label_nl"/>
	<link:label xlink:type="resource" xlink:label="kvk_BusinessNames_documentation_nl" xlink:role="http://www.xbrl.org/2003/role/documentation" xml:lang="nl" id="kvk_BusinessNames_documentation_nl">De vermelding van de verschillende handelsnamen waaronder de rechtspersoon opereert.</link:label>
    <link:labelArc xlink:type="arc" xlink:arcrole="http://www.xbrl.org/2003/arcrole/concept-label" xlink:from="kvk_BusinessNames_loc" xlink:to="kvk_BusinessNames_documentation_nl"/>
	<link:label xlink:type="resource" xlink:label="kvk_BusinessNames_verboseLabel_nl" xlink:role="http://www.xbrl.org/2003/role/verboseLabel" xml:lang="nl" id="kvk_BusinessNames_verboseLabel_nl">Naam van de rapporterende rechtspersoon</link:label>
    <link:labelArc xlink:type="arc" xlink:arcrole="http://www.xbrl.org/2003/arcrole/concept-label" xlink:from="kvk_BusinessNames_loc" xlink:to="kvk_BusinessNames_verboseLabel_nl"/>
  </link:labelLink>
</link:linkbase>
