<?xml version="1.0" encoding="UTF-8"?>
<!-- Generated by Fujitsu Interstage XWand B0255 -->
<link:linkbase xmlns:xsi="http://www.w3.org/2001/XMLSchema-instance" xsi:schemaLocation="http://www.xbrl.org/2003/linkbase http://www.xbrl.org/2003/xbrl-linkbase-2003-12-31.xsd http://www.w3.org/1999/xlink http://www.xbrl.org/2003/xlink-2003-12-31.xsd http://xbrl.org/2008/label http://www.xbrl.org/2008/generic-label.xsd http://xbrl.org/2008/generic http://www.xbrl.org/2008/generic-link.xsd" xmlns:gen="http://xbrl.org/2008/generic" xmlns:link="http://www.xbrl.org/2003/linkbase" xmlns:label="http://xbrl.org/2008/label" xmlns:xlink="http://www.w3.org/1999/xlink">
  <link:roleRef roleURI="http://www.xbrl.org/2008/role/label" xlink:type="simple" xlink:href="http://www.xbrl.org/2008/generic-label.xsd#standard-label"/>
  <link:roleRef roleURI="http://www.xbrl.org/2008/role/link" xlink:type="simple" xlink:href="http://www.xbrl.org/2008/generic-link.xsd#standard-link-role"/>
  <link:roleRef roleURI="http://www.xbrl.org/2009/role/negatedLabel" xlink:type="simple" xlink:href="http://www.xbrl.org/lrr/role/negated-2009-12-16.xsd#negatedLabel"/>
  <link:roleRef roleURI="http://www.xbrl.org/2009/role/negatedTerseLabel" xlink:type="simple" xlink:href="http://www.xbrl.org/lrr/role/negated-2009-12-16.xsd#negatedTerseLabel"/>
  <link:roleRef roleURI="http://www.xbrl.org/2009/role/negatedTotalLabel" xlink:type="simple" xlink:href="http://www.xbrl.org/lrr/role/negated-2009-12-16.xsd#negatedTotalLabel"/>
  <link:arcroleRef arcroleURI="http://xbrl.org/arcrole/2008/element-label" xlink:type="simple" xlink:href="http://www.xbrl.org/2008/generic-label.xsd#element-label"/>
  <gen:link xlink:type="extended" xlink:role="http://www.xbrl.org/2008/role/link">
    <link:loc xlink:type="locator" xlink:href="bw2-titel9-cor.xsd#bw2-titel9_CategoryEmployeesManagerialPositionsTypedMember" xlink:label="bw2-titel9_CategoryEmployeesManagerialPositionsTypedMember_loc"/>
    <label:label xlink:type="resource" xlink:label="bw2-titel9_CategoryEmployeesManagerialPositionsTypedMember_label_en" xlink:role="http://www.xbrl.org/2008/role/label" xml:lang="en" id="bw2-titel9_CategoryEmployeesManagerialPositionsTypedMember_label_en">Category of employees in managerial positions</label:label>
    <gen:arc xlink:type="arc" xlink:arcrole="http://xbrl.org/arcrole/2008/element-label" xlink:from="bw2-titel9_CategoryEmployeesManagerialPositionsTypedMember_loc" xlink:to="bw2-titel9_CategoryEmployeesManagerialPositionsTypedMember_label_en"/>
    <link:loc xlink:type="locator" xlink:href="bw2-titel9-cor.xsd#bw2-titel9_DerivativeFinancialInstrumentTypedMember" xlink:label="bw2-titel9_DerivativeFinancialInstrumentTypedMember_loc"/>
    <label:label xlink:type="resource" xlink:label="bw2-titel9_DerivativeFinancialInstrumentTypedMember_label_en" xlink:role="http://www.xbrl.org/2008/role/label" xml:lang="en" id="bw2-titel9_DerivativeFinancialInstrumentTypedMember_label_en">Category of derivative financial instrument</label:label>
    <gen:arc xlink:type="arc" xlink:arcrole="http://xbrl.org/arcrole/2008/element-label" xlink:from="bw2-titel9_DerivativeFinancialInstrumentTypedMember_loc" xlink:to="bw2-titel9_DerivativeFinancialInstrumentTypedMember_label_en"/>
    <link:loc xlink:type="locator" xlink:href="bw2-titel9-cor.xsd#bw2-titel9_FinancialInstrumentsCurrentValueTypedMember" xlink:label="bw2-titel9_FinancialInstrumentsCurrentValueTypedMember_loc"/>
    <label:label xlink:type="resource" xlink:label="bw2-titel9_FinancialInstrumentsCurrentValueTypedMember_label_en" xlink:role="http://www.xbrl.org/2008/role/label" xml:lang="en" id="bw2-titel9_FinancialInstrumentsCurrentValueTypedMember_label_en">Category of financial instruments</label:label>
    <gen:arc xlink:type="arc" xlink:arcrole="http://xbrl.org/arcrole/2008/element-label" xlink:from="bw2-titel9_FinancialInstrumentsCurrentValueTypedMember_loc" xlink:to="bw2-titel9_FinancialInstrumentsCurrentValueTypedMember_label_en"/>
    <link:loc xlink:type="locator" xlink:href="bw2-titel9-cor.xsd#bw2-titel9_FinancialInstrumentsHigherValueThanFairValueTypedMember" xlink:label="bw2-titel9_FinancialInstrumentsHigherValueThanFairValueTypedMember_loc"/>
    <label:label xlink:type="resource" xlink:label="bw2-titel9_FinancialInstrumentsHigherValueThanFairValueTypedMember_label_en" xlink:role="http://www.xbrl.org/2008/role/label" xml:lang="en" id="bw2-titel9_FinancialInstrumentsHigherValueThanFairValueTypedMember_label_en">Category of financial instruments measured at higher value than fair value</label:label>
    <gen:arc xlink:type="arc" xlink:arcrole="http://xbrl.org/arcrole/2008/element-label" xlink:from="bw2-titel9_FinancialInstrumentsHigherValueThanFairValueTypedMember_loc" xlink:to="bw2-titel9_FinancialInstrumentsHigherValueThanFairValueTypedMember_label_en"/>
    <link:loc xlink:type="locator" xlink:href="bw2-titel9-cor.xsd#bw2-titel9_HedgeInstrumentTypedMember" xlink:label="bw2-titel9_HedgeInstrumentTypedMember_loc"/>
    <label:label xlink:type="resource" xlink:label="bw2-titel9_HedgeInstrumentTypedMember_label_en" xlink:role="http://www.xbrl.org/2008/role/label" xml:lang="en" id="bw2-titel9_HedgeInstrumentTypedMember_label_en">Hedge instrument</label:label>
    <gen:arc xlink:type="arc" xlink:arcrole="http://xbrl.org/arcrole/2008/element-label" xlink:from="bw2-titel9_HedgeInstrumentTypedMember_loc" xlink:to="bw2-titel9_HedgeInstrumentTypedMember_label_en"/>
    <link:loc xlink:type="locator" xlink:href="bw2-titel9-cor.xsd#bw2-titel9_LegalEntityNamesParticipatingInterestsWithoutLegalPersonalityTypedMember" xlink:label="bw2-titel9_LegalEntityNamesParticipatingInterestsWithoutLegalPersonalityTypedMember_loc"/>
    <label:label xlink:type="resource" xlink:label="bw2-titel9_LegalEntityNamesParticipatingInterestsWithoutLegalPersonalityTypedMember_label_en" xlink:role="http://www.xbrl.org/2008/role/label" xml:lang="en" id="bw2-titel9_LegalEntityNamesParticipatingInterestsWithoutLegalPersonalityTypedMember_label_en">Name of subsidiary without legal personality</label:label>
    <gen:arc xlink:type="arc" xlink:arcrole="http://xbrl.org/arcrole/2008/element-label" xlink:from="bw2-titel9_LegalEntityNamesParticipatingInterestsWithoutLegalPersonalityTypedMember_loc" xlink:to="bw2-titel9_LegalEntityNamesParticipatingInterestsWithoutLegalPersonalityTypedMember_label_en"/>
    <link:loc xlink:type="locator" xlink:href="bw2-titel9-cor.xsd#bw2-titel9_LegalEntityTypedMember" xlink:label="bw2-titel9_LegalEntityTypedMember_loc"/>
    <label:label xlink:type="resource" xlink:label="bw2-titel9_LegalEntityTypedMember_label_en" xlink:role="http://www.xbrl.org/2008/role/label" xml:lang="en" id="bw2-titel9_LegalEntityTypedMember_label_en">Legal entity</label:label>
    <gen:arc xlink:type="arc" xlink:arcrole="http://xbrl.org/arcrole/2008/element-label" xlink:from="bw2-titel9_LegalEntityTypedMember_loc" xlink:to="bw2-titel9_LegalEntityTypedMember_label_en"/>
    <link:loc xlink:type="locator" xlink:href="bw2-titel9-cor.xsd#bw2-titel9_LiabilitiesOtherTypedMember" xlink:label="bw2-titel9_LiabilitiesOtherTypedMember_loc"/>
    <label:label xlink:type="resource" xlink:label="bw2-titel9_LiabilitiesOtherTypedMember_label_en" xlink:role="http://www.xbrl.org/2008/role/label" xml:lang="en" id="bw2-titel9_LiabilitiesOtherTypedMember_label_en">Category of other liabilities</label:label>
    <gen:arc xlink:type="arc" xlink:arcrole="http://xbrl.org/arcrole/2008/element-label" xlink:from="bw2-titel9_LiabilitiesOtherTypedMember_loc" xlink:to="bw2-titel9_LiabilitiesOtherTypedMember_label_en"/>
    <link:loc xlink:type="locator" xlink:href="bw2-titel9-cor.xsd#bw2-titel9_ManagingDirectorTypedMember" xlink:label="bw2-titel9_ManagingDirectorTypedMember_loc"/>
    <label:label xlink:type="resource" xlink:label="bw2-titel9_ManagingDirectorTypedMember_label_en" xlink:role="http://www.xbrl.org/2008/role/label" xml:lang="en" id="bw2-titel9_ManagingDirectorTypedMember_label_en">Managing director</label:label>
    <gen:arc xlink:type="arc" xlink:arcrole="http://xbrl.org/arcrole/2008/element-label" xlink:from="bw2-titel9_ManagingDirectorTypedMember_loc" xlink:to="bw2-titel9_ManagingDirectorTypedMember_label_en"/>
    <link:loc xlink:type="locator" xlink:href="bw2-titel9-cor.xsd#bw2-titel9_ManagingOrSupervisoryDirectorOrRepresentativeTypedMember" xlink:label="bw2-titel9_ManagingOrSupervisoryDirectorOrRepresentativeTypedMember_loc"/>
    <label:label xlink:type="resource" xlink:label="bw2-titel9_ManagingOrSupervisoryDirectorOrRepresentativeTypedMember_label_en" xlink:role="http://www.xbrl.org/2008/role/label" xml:lang="en" id="bw2-titel9_ManagingOrSupervisoryDirectorOrRepresentativeTypedMember_label_en">Name of managing, supervisory directors and representative</label:label>
    <gen:arc xlink:type="arc" xlink:arcrole="http://xbrl.org/arcrole/2008/element-label" xlink:from="bw2-titel9_ManagingOrSupervisoryDirectorOrRepresentativeTypedMember_loc" xlink:to="bw2-titel9_ManagingOrSupervisoryDirectorOrRepresentativeTypedMember_label_en"/>
    <link:loc xlink:type="locator" xlink:href="bw2-titel9-cor.xsd#bw2-titel9_NameBeneficiarySpecialGoverningControlStructureTypedMember" xlink:label="bw2-titel9_NameBeneficiarySpecialGoverningControlStructureTypedMember_loc"/>
    <label:label xlink:type="resource" xlink:label="bw2-titel9_NameBeneficiarySpecialGoverningControlStructureTypedMember_label_en" xlink:role="http://www.xbrl.org/2008/role/label" xml:lang="en" id="bw2-titel9_NameBeneficiarySpecialGoverningControlStructureTypedMember_label_en">Name of beneficiary of special governing control structure</label:label>
    <gen:arc xlink:type="arc" xlink:arcrole="http://xbrl.org/arcrole/2008/element-label" xlink:from="bw2-titel9_NameBeneficiarySpecialGoverningControlStructureTypedMember_loc" xlink:to="bw2-titel9_NameBeneficiarySpecialGoverningControlStructureTypedMember_label_en"/>
    <link:loc xlink:type="locator" xlink:href="bw2-titel9-cor.xsd#bw2-titel9_NetRevenueGeographicTypedMember" xlink:label="bw2-titel9_NetRevenueGeographicTypedMember_loc"/>
    <label:label xlink:type="resource" xlink:label="bw2-titel9_NetRevenueGeographicTypedMember_label_en" xlink:role="http://www.xbrl.org/2008/role/label" xml:lang="en" id="bw2-titel9_NetRevenueGeographicTypedMember_label_en">Net revenue, geography</label:label>
    <gen:arc xlink:type="arc" xlink:arcrole="http://xbrl.org/arcrole/2008/element-label" xlink:from="bw2-titel9_NetRevenueGeographicTypedMember_loc" xlink:to="bw2-titel9_NetRevenueGeographicTypedMember_label_en"/>
    <link:loc xlink:type="locator" xlink:href="bw2-titel9-cor.xsd#bw2-titel9_NetRevenueIndustryTypedMember" xlink:label="bw2-titel9_NetRevenueIndustryTypedMember_loc"/>
    <label:label xlink:type="resource" xlink:label="bw2-titel9_NetRevenueIndustryTypedMember_label_en" xlink:role="http://www.xbrl.org/2008/role/label" xml:lang="en" id="bw2-titel9_NetRevenueIndustryTypedMember_label_en">Net revenue, industry</label:label>
    <gen:arc xlink:type="arc" xlink:arcrole="http://xbrl.org/arcrole/2008/element-label" xlink:from="bw2-titel9_NetRevenueIndustryTypedMember_loc" xlink:to="bw2-titel9_NetRevenueIndustryTypedMember_label_en"/>
    <link:loc xlink:type="locator" xlink:href="bw2-titel9-cor.xsd#bw2-titel9_ReceivablesOtherAffiliatedCompaniesCurrentTypedMember" xlink:label="bw2-titel9_ReceivablesOtherAffiliatedCompaniesCurrentTypedMember_loc"/>
    <label:label xlink:type="resource" xlink:label="bw2-titel9_ReceivablesOtherAffiliatedCompaniesCurrentTypedMember_label_en" xlink:role="http://www.xbrl.org/2008/role/label" xml:lang="en" id="bw2-titel9_ReceivablesOtherAffiliatedCompaniesCurrentTypedMember_label_en">Category of current receivables from other affiliated companies</label:label>
    <gen:arc xlink:type="arc" xlink:arcrole="http://xbrl.org/arcrole/2008/element-label" xlink:from="bw2-titel9_ReceivablesOtherAffiliatedCompaniesCurrentTypedMember_loc" xlink:to="bw2-titel9_ReceivablesOtherAffiliatedCompaniesCurrentTypedMember_label_en"/>
    <link:loc xlink:type="locator" xlink:href="bw2-titel9-cor.xsd#bw2-titel9_ReceivablesOtherTypedMember" xlink:label="bw2-titel9_ReceivablesOtherTypedMember_loc"/>
    <label:label xlink:type="resource" xlink:label="bw2-titel9_ReceivablesOtherTypedMember_label_en" xlink:role="http://www.xbrl.org/2008/role/label" xml:lang="en" id="bw2-titel9_ReceivablesOtherTypedMember_label_en">Category of other receivables</label:label>
    <gen:arc xlink:type="arc" xlink:arcrole="http://xbrl.org/arcrole/2008/element-label" xlink:from="bw2-titel9_ReceivablesOtherTypedMember_loc" xlink:to="bw2-titel9_ReceivablesOtherTypedMember_label_en"/>
    <link:loc xlink:type="locator" xlink:href="bw2-titel9-cor.xsd#bw2-titel9_RelatedPartyTransactionDetailsTypedMember" xlink:label="bw2-titel9_RelatedPartyTransactionDetailsTypedMember_loc"/>
    <label:label xlink:type="resource" xlink:label="bw2-titel9_RelatedPartyTransactionDetailsTypedMember_label_en" xlink:role="http://www.xbrl.org/2008/role/label" xml:lang="en" id="bw2-titel9_RelatedPartyTransactionDetailsTypedMember_label_en">Details of transactions with related parties</label:label>
    <gen:arc xlink:type="arc" xlink:arcrole="http://xbrl.org/arcrole/2008/element-label" xlink:from="bw2-titel9_RelatedPartyTransactionDetailsTypedMember_loc" xlink:to="bw2-titel9_RelatedPartyTransactionDetailsTypedMember_label_en"/>
    <link:loc xlink:type="locator" xlink:href="bw2-titel9-cor.xsd#bw2-titel9_SegmentForAverageNumberEmployeesTypedMember" xlink:label="bw2-titel9_SegmentForAverageNumberEmployeesTypedMember_loc"/>
    <label:label xlink:type="resource" xlink:label="bw2-titel9_SegmentForAverageNumberEmployeesTypedMember_label_en" xlink:role="http://www.xbrl.org/2008/role/label" xml:lang="en" id="bw2-titel9_SegmentForAverageNumberEmployeesTypedMember_label_en">Segment for average number of employees during the period</label:label>
    <gen:arc xlink:type="arc" xlink:arcrole="http://xbrl.org/arcrole/2008/element-label" xlink:from="bw2-titel9_SegmentForAverageNumberEmployeesTypedMember_loc" xlink:to="bw2-titel9_SegmentForAverageNumberEmployeesTypedMember_label_en"/>
    <link:loc xlink:type="locator" xlink:href="bw2-titel9-cor.xsd#bw2-titel9_ShareBasedPaymentsSpecificationTypedMember" xlink:label="bw2-titel9_ShareBasedPaymentsSpecificationTypedMember_loc"/>
    <label:label xlink:type="resource" xlink:label="bw2-titel9_ShareBasedPaymentsSpecificationTypedMember_label_en" xlink:role="http://www.xbrl.org/2008/role/label" xml:lang="en" id="bw2-titel9_ShareBasedPaymentsSpecificationTypedMember_label_en">Specification for share based payments</label:label>
    <gen:arc xlink:type="arc" xlink:arcrole="http://xbrl.org/arcrole/2008/element-label" xlink:from="bw2-titel9_ShareBasedPaymentsSpecificationTypedMember_loc" xlink:to="bw2-titel9_ShareBasedPaymentsSpecificationTypedMember_label_en"/>
    <link:loc xlink:type="locator" xlink:href="bw2-titel9-cor.xsd#bw2-titel9_ShareCapitalEarningsPerShareTypedMember" xlink:label="bw2-titel9_ShareCapitalEarningsPerShareTypedMember_loc"/>
    <label:label xlink:type="resource" xlink:label="bw2-titel9_ShareCapitalEarningsPerShareTypedMember_label_en" xlink:role="http://www.xbrl.org/2008/role/label" xml:lang="en" id="bw2-titel9_ShareCapitalEarningsPerShareTypedMember_label_en">Share capital earnings per share</label:label>
    <gen:arc xlink:type="arc" xlink:arcrole="http://xbrl.org/arcrole/2008/element-label" xlink:from="bw2-titel9_ShareCapitalEarningsPerShareTypedMember_loc" xlink:to="bw2-titel9_ShareCapitalEarningsPerShareTypedMember_label_en"/>
    <link:loc xlink:type="locator" xlink:href="bw2-titel9-cor.xsd#bw2-titel9_ShareCapitalNumberOfSharesTypedMember" xlink:label="bw2-titel9_ShareCapitalNumberOfSharesTypedMember_loc"/>
    <label:label xlink:type="resource" xlink:label="bw2-titel9_ShareCapitalNumberOfSharesTypedMember_label_en" xlink:role="http://www.xbrl.org/2008/role/label" xml:lang="en" id="bw2-titel9_ShareCapitalNumberOfSharesTypedMember_label_en">Share capital (number of shares)</label:label>
    <gen:arc xlink:type="arc" xlink:arcrole="http://xbrl.org/arcrole/2008/element-label" xlink:from="bw2-titel9_ShareCapitalNumberOfSharesTypedMember_loc" xlink:to="bw2-titel9_ShareCapitalNumberOfSharesTypedMember_label_en"/>
    <link:loc xlink:type="locator" xlink:href="bw2-titel9-cor.xsd#bw2-titel9_ShareCapitalTypedMember" xlink:label="bw2-titel9_ShareCapitalTypedMember_loc"/>
    <label:label xlink:type="resource" xlink:label="bw2-titel9_ShareCapitalTypedMember_label_en" xlink:role="http://www.xbrl.org/2008/role/label" xml:lang="en" id="bw2-titel9_ShareCapitalTypedMember_label_en">Share capital</label:label>
    <gen:arc xlink:type="arc" xlink:arcrole="http://xbrl.org/arcrole/2008/element-label" xlink:from="bw2-titel9_ShareCapitalTypedMember_loc" xlink:to="bw2-titel9_ShareCapitalTypedMember_label_en"/>
    <link:loc xlink:type="locator" xlink:href="bw2-titel9-cor.xsd#bw2-titel9_SupervisoryDirectorTypedMember" xlink:label="bw2-titel9_SupervisoryDirectorTypedMember_loc"/>
    <label:label xlink:type="resource" xlink:label="bw2-titel9_SupervisoryDirectorTypedMember_label_en" xlink:role="http://www.xbrl.org/2008/role/label" xml:lang="en" id="bw2-titel9_SupervisoryDirectorTypedMember_label_en">Supervisory director</label:label>
    <gen:arc xlink:type="arc" xlink:arcrole="http://xbrl.org/arcrole/2008/element-label" xlink:from="bw2-titel9_SupervisoryDirectorTypedMember_loc" xlink:to="bw2-titel9_SupervisoryDirectorTypedMember_label_en"/>
  </gen:link>
</link:linkbase>
