<?xml version="1.0" encoding="UTF-8"?>

<link:linkbase xmlns:xsi="http://www.w3.org/2001/XMLSchema-instance" xsi:schemaLocation="http://www.xbrl.org/2003/linkbase http://www.xbrl.org/2003/xbrl-linkbase-2003-12-31.xsd http://www.w3.org/1999/xlink http://www.xbrl.org/2003/xlink-2003-12-31.xsd http://xbrl.org/2008/label http://www.xbrl.org/2008/generic-label.xsd http://xbrl.org/2008/generic http://www.xbrl.org/2008/generic-link.xsd" xmlns:gen="http://xbrl.org/2008/generic" xmlns:link="http://www.xbrl.org/2003/linkbase" xmlns:xlink="http://www.w3.org/1999/xlink" xmlns:label="http://xbrl.org/2008/label">
  <link:roleRef roleURI="http://www.xbrl.org/2008/role/label" xlink:type="simple" xlink:href="http://www.xbrl.org/2008/generic-label.xsd#standard-label"/>
  <link:roleRef roleURI="http://www.xbrl.org/2008/role/link" xlink:type="simple" xlink:href="http://www.xbrl.org/2008/generic-link.xsd#standard-link-role"/>
  <link:arcroleRef arcroleURI="http://xbrl.org/arcrole/2008/element-label" xlink:type="simple" xlink:href="http://www.xbrl.org/2008/generic-label.xsd#element-label"/>
  <link:labelLink xlink:type="extended" xlink:role="http://www.xbrl.org/2003/role/link">
    <link:loc xlink:type="locator" xlink:href="rj-all.xsd#rj_AnnualReportingGuidelines100Title" xlink:label="rj_AnnualReportingGuidelines100Title_loc"/>
    <link:label xlink:type="resource" xlink:label="rj_AnnualReportingGuidelines100Title_label_nl" xlink:role="http://www.xbrl.org/2003/role/label" xml:lang="nl" id="rj_AnnualReportingGuidelines100Title_label_nl">RJ 100 - Inleiding</link:label>
    <link:labelArc xlink:type="arc" xlink:arcrole="http://www.xbrl.org/2003/arcrole/concept-label" xlink:from="rj_AnnualReportingGuidelines100Title_loc" xlink:to="rj_AnnualReportingGuidelines100Title_label_nl"/>
    <link:loc xlink:type="locator" xlink:href="rj-all.xsd#rj_AnnualReportingGuidelines110Title" xlink:label="rj_AnnualReportingGuidelines110Title_loc"/>
    <link:label xlink:type="resource" xlink:label="rj_AnnualReportingGuidelines110Title_label_nl" xlink:role="http://www.xbrl.org/2003/role/label" xml:lang="nl" id="rj_AnnualReportingGuidelines110Title_label_nl">RJ 110 - Doelstellingen en uitgangspunten</link:label>
    <link:labelArc xlink:type="arc" xlink:arcrole="http://www.xbrl.org/2003/arcrole/concept-label" xlink:from="rj_AnnualReportingGuidelines110Title_loc" xlink:to="rj_AnnualReportingGuidelines110Title_label_nl"/>
    <link:loc xlink:type="locator" xlink:href="rj-all.xsd#rj_AnnualReportingGuidelines115Title" xlink:label="rj_AnnualReportingGuidelines115Title_loc"/>
    <link:label xlink:type="resource" xlink:label="rj_AnnualReportingGuidelines115Title_label_nl" xlink:role="http://www.xbrl.org/2003/role/label" xml:lang="nl" id="rj_AnnualReportingGuidelines115Title_label_nl">RJ 115 - Criteria voor opname en vermelding van gegevens</link:label>
    <link:labelArc xlink:type="arc" xlink:arcrole="http://www.xbrl.org/2003/arcrole/concept-label" xlink:from="rj_AnnualReportingGuidelines115Title_loc" xlink:to="rj_AnnualReportingGuidelines115Title_label_nl"/>
    <link:loc xlink:type="locator" xlink:href="rj-all.xsd#rj_AnnualReportingGuidelines120Title" xlink:label="rj_AnnualReportingGuidelines120Title_loc"/>
    <link:label xlink:type="resource" xlink:label="rj_AnnualReportingGuidelines120Title_label_nl" xlink:role="http://www.xbrl.org/2003/role/label" xml:lang="nl" id="rj_AnnualReportingGuidelines120Title_label_nl">RJ 120 - Prijsgrondslagen</link:label>
    <link:labelArc xlink:type="arc" xlink:arcrole="http://www.xbrl.org/2003/arcrole/concept-label" xlink:from="rj_AnnualReportingGuidelines120Title_loc" xlink:to="rj_AnnualReportingGuidelines120Title_label_nl"/>
    <link:loc xlink:type="locator" xlink:href="rj-all.xsd#rj_AnnualReportingGuidelines121Title" xlink:label="rj_AnnualReportingGuidelines121Title_loc"/>
    <link:label xlink:type="resource" xlink:label="rj_AnnualReportingGuidelines121Title_label_nl" xlink:role="http://www.xbrl.org/2003/role/label" xml:lang="nl" id="rj_AnnualReportingGuidelines121Title_label_nl">RJ 121 - Bijzondere waardeverminderingen van vaste activa</link:label>
    <link:labelArc xlink:type="arc" xlink:arcrole="http://www.xbrl.org/2003/arcrole/concept-label" xlink:from="rj_AnnualReportingGuidelines121Title_loc" xlink:to="rj_AnnualReportingGuidelines121Title_label_nl"/>
    <link:loc xlink:type="locator" xlink:href="rj-all.xsd#rj_AnnualReportingGuidelines122Title" xlink:label="rj_AnnualReportingGuidelines122Title_loc"/>
    <link:label xlink:type="resource" xlink:label="rj_AnnualReportingGuidelines122Title_label_nl" xlink:role="http://www.xbrl.org/2003/role/label" xml:lang="nl" id="rj_AnnualReportingGuidelines122Title_label_nl">RJ 122 - Prijsgrondslagen voor vreemde valuta</link:label>
    <link:labelArc xlink:type="arc" xlink:arcrole="http://www.xbrl.org/2003/arcrole/concept-label" xlink:from="rj_AnnualReportingGuidelines122Title_loc" xlink:to="rj_AnnualReportingGuidelines122Title_label_nl"/>
    <link:loc xlink:type="locator" xlink:href="rj-all.xsd#rj_AnnualReportingGuidelines140Title" xlink:label="rj_AnnualReportingGuidelines140Title_loc"/>
    <link:label xlink:type="resource" xlink:label="rj_AnnualReportingGuidelines140Title_label_nl" xlink:role="http://www.xbrl.org/2003/role/label" xml:lang="nl" id="rj_AnnualReportingGuidelines140Title_label_nl">RJ 140 - Stelselwijzigingen</link:label>
    <link:labelArc xlink:type="arc" xlink:arcrole="http://www.xbrl.org/2003/arcrole/concept-label" xlink:from="rj_AnnualReportingGuidelines140Title_loc" xlink:to="rj_AnnualReportingGuidelines140Title_label_nl"/>
    <link:loc xlink:type="locator" xlink:href="rj-all.xsd#rj_AnnualReportingGuidelines145Title" xlink:label="rj_AnnualReportingGuidelines145Title_loc"/>
    <link:label xlink:type="resource" xlink:label="rj_AnnualReportingGuidelines145Title_label_nl" xlink:role="http://www.xbrl.org/2003/role/label" xml:lang="nl" id="rj_AnnualReportingGuidelines145Title_label_nl">RJ 145 - Schattingswijzigingen</link:label>
    <link:labelArc xlink:type="arc" xlink:arcrole="http://www.xbrl.org/2003/arcrole/concept-label" xlink:from="rj_AnnualReportingGuidelines145Title_loc" xlink:to="rj_AnnualReportingGuidelines145Title_label_nl"/>
    <link:loc xlink:type="locator" xlink:href="rj-all.xsd#rj_AnnualReportingGuidelines150Title" xlink:label="rj_AnnualReportingGuidelines150Title_loc"/>
    <link:label xlink:type="resource" xlink:label="rj_AnnualReportingGuidelines150Title_label_nl" xlink:role="http://www.xbrl.org/2003/role/label" xml:lang="nl" id="rj_AnnualReportingGuidelines150Title_label_nl">RJ 150 - Foutherstel</link:label>
    <link:labelArc xlink:type="arc" xlink:arcrole="http://www.xbrl.org/2003/arcrole/concept-label" xlink:from="rj_AnnualReportingGuidelines150Title_loc" xlink:to="rj_AnnualReportingGuidelines150Title_label_nl"/>
    <link:loc xlink:type="locator" xlink:href="rj-all.xsd#rj_AnnualReportingGuidelines160Title" xlink:label="rj_AnnualReportingGuidelines160Title_loc"/>
    <link:label xlink:type="resource" xlink:label="rj_AnnualReportingGuidelines160Title_label_nl" xlink:role="http://www.xbrl.org/2003/role/label" xml:lang="nl" id="rj_AnnualReportingGuidelines160Title_label_nl">RJ 160 - Gebeurtenissen na balansdatum</link:label>
    <link:labelArc xlink:type="arc" xlink:arcrole="http://www.xbrl.org/2003/arcrole/concept-label" xlink:from="rj_AnnualReportingGuidelines160Title_loc" xlink:to="rj_AnnualReportingGuidelines160Title_label_nl"/>
    <link:loc xlink:type="locator" xlink:href="rj-all.xsd#rj_AnnualReportingGuidelines170Title" xlink:label="rj_AnnualReportingGuidelines170Title_loc"/>
    <link:label xlink:type="resource" xlink:label="rj_AnnualReportingGuidelines170Title_label_nl" xlink:role="http://www.xbrl.org/2003/role/label" xml:lang="nl" id="rj_AnnualReportingGuidelines170Title_label_nl">RJ 170 - Discontinuïteit en ernstige onzekerheid over continuïteit</link:label>
    <link:labelArc xlink:type="arc" xlink:arcrole="http://www.xbrl.org/2003/arcrole/concept-label" xlink:from="rj_AnnualReportingGuidelines170Title_loc" xlink:to="rj_AnnualReportingGuidelines170Title_label_nl"/>
    <link:loc xlink:type="locator" xlink:href="rj-all.xsd#rj_AnnualReportingGuidelines190Title" xlink:label="rj_AnnualReportingGuidelines190Title_loc"/>
    <link:label xlink:type="resource" xlink:label="rj_AnnualReportingGuidelines190Title_label_nl" xlink:role="http://www.xbrl.org/2003/role/label" xml:lang="nl" id="rj_AnnualReportingGuidelines190Title_label_nl">RJ 190 - Overige algemene uiteenzettingen</link:label>
    <link:labelArc xlink:type="arc" xlink:arcrole="http://www.xbrl.org/2003/arcrole/concept-label" xlink:from="rj_AnnualReportingGuidelines190Title_loc" xlink:to="rj_AnnualReportingGuidelines190Title_label_nl"/>
    <link:loc xlink:type="locator" xlink:href="rj-all.xsd#rj_AnnualReportingGuidelines210Title" xlink:label="rj_AnnualReportingGuidelines210Title_loc"/>
    <link:label xlink:type="resource" xlink:label="rj_AnnualReportingGuidelines210Title_label_nl" xlink:role="http://www.xbrl.org/2003/role/label" xml:lang="nl" id="rj_AnnualReportingGuidelines210Title_label_nl">RJ 210 - Immateriële vaste activa</link:label>
    <link:labelArc xlink:type="arc" xlink:arcrole="http://www.xbrl.org/2003/arcrole/concept-label" xlink:from="rj_AnnualReportingGuidelines210Title_loc" xlink:to="rj_AnnualReportingGuidelines210Title_label_nl"/>
    <link:loc xlink:type="locator" xlink:href="rj-all.xsd#rj_AnnualReportingGuidelines212Title" xlink:label="rj_AnnualReportingGuidelines212Title_loc"/>
    <link:label xlink:type="resource" xlink:label="rj_AnnualReportingGuidelines212Title_label_nl" xlink:role="http://www.xbrl.org/2003/role/label" xml:lang="nl" id="rj_AnnualReportingGuidelines212Title_label_nl">RJ 212 - Materiële vaste activa</link:label>
    <link:labelArc xlink:type="arc" xlink:arcrole="http://www.xbrl.org/2003/arcrole/concept-label" xlink:from="rj_AnnualReportingGuidelines212Title_loc" xlink:to="rj_AnnualReportingGuidelines212Title_label_nl"/>
    <link:loc xlink:type="locator" xlink:href="rj-all.xsd#rj_AnnualReportingGuidelines213Title" xlink:label="rj_AnnualReportingGuidelines213Title_loc"/>
    <link:label xlink:type="resource" xlink:label="rj_AnnualReportingGuidelines213Title_label_nl" xlink:role="http://www.xbrl.org/2003/role/label" xml:lang="nl" id="rj_AnnualReportingGuidelines213Title_label_nl">RJ 213 - Vastgoedbeleggingen</link:label>
    <link:labelArc xlink:type="arc" xlink:arcrole="http://www.xbrl.org/2003/arcrole/concept-label" xlink:from="rj_AnnualReportingGuidelines213Title_loc" xlink:to="rj_AnnualReportingGuidelines213Title_label_nl"/>
    <link:loc xlink:type="locator" xlink:href="rj-all.xsd#rj_AnnualReportingGuidelines214Title" xlink:label="rj_AnnualReportingGuidelines214Title_loc"/>
    <link:label xlink:type="resource" xlink:label="rj_AnnualReportingGuidelines214Title_label_nl" xlink:role="http://www.xbrl.org/2003/role/label" xml:lang="nl" id="rj_AnnualReportingGuidelines214Title_label_nl">RJ 214 - Financiële vaste activa</link:label>
    <link:labelArc xlink:type="arc" xlink:arcrole="http://www.xbrl.org/2003/arcrole/concept-label" xlink:from="rj_AnnualReportingGuidelines214Title_loc" xlink:to="rj_AnnualReportingGuidelines214Title_label_nl"/>
    <link:loc xlink:type="locator" xlink:href="rj-all.xsd#rj_AnnualReportingGuidelines215Title" xlink:label="rj_AnnualReportingGuidelines215Title_loc"/>
    <link:label xlink:type="resource" xlink:label="rj_AnnualReportingGuidelines215Title_label_nl" xlink:role="http://www.xbrl.org/2003/role/label" xml:lang="nl" id="rj_AnnualReportingGuidelines215Title_label_nl">RJ 215 - Joint ventures</link:label>
    <link:labelArc xlink:type="arc" xlink:arcrole="http://www.xbrl.org/2003/arcrole/concept-label" xlink:from="rj_AnnualReportingGuidelines215Title_loc" xlink:to="rj_AnnualReportingGuidelines215Title_label_nl"/>
    <link:loc xlink:type="locator" xlink:href="rj-all.xsd#rj_AnnualReportingGuidelines216Title" xlink:label="rj_AnnualReportingGuidelines216Title_loc"/>
    <link:label xlink:type="resource" xlink:label="rj_AnnualReportingGuidelines216Title_label_nl" xlink:role="http://www.xbrl.org/2003/role/label" xml:lang="nl" id="rj_AnnualReportingGuidelines216Title_label_nl">RJ 216 - Fusies en overnames</link:label>
    <link:labelArc xlink:type="arc" xlink:arcrole="http://www.xbrl.org/2003/arcrole/concept-label" xlink:from="rj_AnnualReportingGuidelines216Title_loc" xlink:to="rj_AnnualReportingGuidelines216Title_label_nl"/>
    <link:loc xlink:type="locator" xlink:href="rj-all.xsd#rj_AnnualReportingGuidelines217Title" xlink:label="rj_AnnualReportingGuidelines217Title_loc"/>
    <link:label xlink:type="resource" xlink:label="rj_AnnualReportingGuidelines217Title_label_nl" xlink:role="http://www.xbrl.org/2003/role/label" xml:lang="nl" id="rj_AnnualReportingGuidelines217Title_label_nl">RJ 217 - Consolidatie</link:label>
    <link:labelArc xlink:type="arc" xlink:arcrole="http://www.xbrl.org/2003/arcrole/concept-label" xlink:from="rj_AnnualReportingGuidelines217Title_loc" xlink:to="rj_AnnualReportingGuidelines217Title_label_nl"/>
    <link:loc xlink:type="locator" xlink:href="rj-all.xsd#rj_AnnualReportingGuidelines220Title" xlink:label="rj_AnnualReportingGuidelines220Title_loc"/>
    <link:label xlink:type="resource" xlink:label="rj_AnnualReportingGuidelines220Title_label_nl" xlink:role="http://www.xbrl.org/2003/role/label" xml:lang="nl" id="rj_AnnualReportingGuidelines220Title_label_nl">RJ 220 - Voorraden</link:label>
    <link:labelArc xlink:type="arc" xlink:arcrole="http://www.xbrl.org/2003/arcrole/concept-label" xlink:from="rj_AnnualReportingGuidelines220Title_loc" xlink:to="rj_AnnualReportingGuidelines220Title_label_nl"/>
    <link:loc xlink:type="locator" xlink:href="rj-all.xsd#rj_AnnualReportingGuidelines221Title" xlink:label="rj_AnnualReportingGuidelines221Title_loc"/>
    <link:label xlink:type="resource" xlink:label="rj_AnnualReportingGuidelines221Title_label_nl" xlink:role="http://www.xbrl.org/2003/role/label" xml:lang="nl" id="rj_AnnualReportingGuidelines221Title_label_nl">RJ 221 - Onderhanden projecten</link:label>
    <link:labelArc xlink:type="arc" xlink:arcrole="http://www.xbrl.org/2003/arcrole/concept-label" xlink:from="rj_AnnualReportingGuidelines221Title_loc" xlink:to="rj_AnnualReportingGuidelines221Title_label_nl"/>
    <link:loc xlink:type="locator" xlink:href="rj-all.xsd#rj_AnnualReportingGuidelines222Title" xlink:label="rj_AnnualReportingGuidelines222Title_loc"/>
    <link:label xlink:type="resource" xlink:label="rj_AnnualReportingGuidelines222Title_label_nl" xlink:role="http://www.xbrl.org/2003/role/label" xml:lang="nl" id="rj_AnnualReportingGuidelines222Title_label_nl">RJ 222 - Vorderingen</link:label>
    <link:labelArc xlink:type="arc" xlink:arcrole="http://www.xbrl.org/2003/arcrole/concept-label" xlink:from="rj_AnnualReportingGuidelines222Title_loc" xlink:to="rj_AnnualReportingGuidelines222Title_label_nl"/>
    <link:loc xlink:type="locator" xlink:href="rj-all.xsd#rj_AnnualReportingGuidelines224Title" xlink:label="rj_AnnualReportingGuidelines224Title_loc"/>
    <link:label xlink:type="resource" xlink:label="rj_AnnualReportingGuidelines224Title_label_nl" xlink:role="http://www.xbrl.org/2003/role/label" xml:lang="nl" id="rj_AnnualReportingGuidelines224Title_label_nl">RJ 224 - Overlopende activa</link:label>
    <link:labelArc xlink:type="arc" xlink:arcrole="http://www.xbrl.org/2003/arcrole/concept-label" xlink:from="rj_AnnualReportingGuidelines224Title_loc" xlink:to="rj_AnnualReportingGuidelines224Title_label_nl"/>
    <link:loc xlink:type="locator" xlink:href="rj-all.xsd#rj_AnnualReportingGuidelines226Title" xlink:label="rj_AnnualReportingGuidelines226Title_loc"/>
    <link:label xlink:type="resource" xlink:label="rj_AnnualReportingGuidelines226Title_label_nl" xlink:role="http://www.xbrl.org/2003/role/label" xml:lang="nl" id="rj_AnnualReportingGuidelines226Title_label_nl">RJ 226 - Effecten</link:label>
    <link:labelArc xlink:type="arc" xlink:arcrole="http://www.xbrl.org/2003/arcrole/concept-label" xlink:from="rj_AnnualReportingGuidelines226Title_loc" xlink:to="rj_AnnualReportingGuidelines226Title_label_nl"/>
    <link:loc xlink:type="locator" xlink:href="rj-all.xsd#rj_AnnualReportingGuidelines228Title" xlink:label="rj_AnnualReportingGuidelines228Title_loc"/>
    <link:label xlink:type="resource" xlink:label="rj_AnnualReportingGuidelines228Title_label_nl" xlink:role="http://www.xbrl.org/2003/role/label" xml:lang="nl" id="rj_AnnualReportingGuidelines228Title_label_nl">RJ 228 - Liquide middelen</link:label>
    <link:labelArc xlink:type="arc" xlink:arcrole="http://www.xbrl.org/2003/arcrole/concept-label" xlink:from="rj_AnnualReportingGuidelines228Title_loc" xlink:to="rj_AnnualReportingGuidelines228Title_label_nl"/>
    <link:loc xlink:type="locator" xlink:href="rj-all.xsd#rj_AnnualReportingGuidelines240Title" xlink:label="rj_AnnualReportingGuidelines240Title_loc"/>
    <link:label xlink:type="resource" xlink:label="rj_AnnualReportingGuidelines240Title_label_nl" xlink:role="http://www.xbrl.org/2003/role/label" xml:lang="nl" id="rj_AnnualReportingGuidelines240Title_label_nl">RJ 240 - Eigen vermogen</link:label>
    <link:labelArc xlink:type="arc" xlink:arcrole="http://www.xbrl.org/2003/arcrole/concept-label" xlink:from="rj_AnnualReportingGuidelines240Title_loc" xlink:to="rj_AnnualReportingGuidelines240Title_label_nl"/>
    <link:loc xlink:type="locator" xlink:href="rj-all.xsd#rj_AnnualReportingGuidelines252Title" xlink:label="rj_AnnualReportingGuidelines252Title_loc"/>
    <link:label xlink:type="resource" xlink:label="rj_AnnualReportingGuidelines252Title_label_nl" xlink:role="http://www.xbrl.org/2003/role/label" xml:lang="nl" id="rj_AnnualReportingGuidelines252Title_label_nl">RJ 252 - Voorzieningen, niet in de balans opgenomen verplichtingen en niet in de balans opgenomen activa</link:label>
    <link:labelArc xlink:type="arc" xlink:arcrole="http://www.xbrl.org/2003/arcrole/concept-label" xlink:from="rj_AnnualReportingGuidelines252Title_loc" xlink:to="rj_AnnualReportingGuidelines252Title_label_nl"/>
    <link:loc xlink:type="locator" xlink:href="rj-all.xsd#rj_AnnualReportingGuidelines254Title" xlink:label="rj_AnnualReportingGuidelines254Title_loc"/>
    <link:label xlink:type="resource" xlink:label="rj_AnnualReportingGuidelines254Title_label_nl" xlink:role="http://www.xbrl.org/2003/role/label" xml:lang="nl" id="rj_AnnualReportingGuidelines254Title_label_nl">RJ 254 - Schulden</link:label>
    <link:labelArc xlink:type="arc" xlink:arcrole="http://www.xbrl.org/2003/arcrole/concept-label" xlink:from="rj_AnnualReportingGuidelines254Title_loc" xlink:to="rj_AnnualReportingGuidelines254Title_label_nl"/>
    <link:loc xlink:type="locator" xlink:href="rj-all.xsd#rj_AnnualReportingGuidelines258Title" xlink:label="rj_AnnualReportingGuidelines258Title_loc"/>
    <link:label xlink:type="resource" xlink:label="rj_AnnualReportingGuidelines258Title_label_nl" xlink:role="http://www.xbrl.org/2003/role/label" xml:lang="nl" id="rj_AnnualReportingGuidelines258Title_label_nl">RJ 258 - Overlopende passiva</link:label>
    <link:labelArc xlink:type="arc" xlink:arcrole="http://www.xbrl.org/2003/arcrole/concept-label" xlink:from="rj_AnnualReportingGuidelines258Title_loc" xlink:to="rj_AnnualReportingGuidelines258Title_label_nl"/>
    <link:loc xlink:type="locator" xlink:href="rj-all.xsd#rj_AnnualReportingGuidelines265Title" xlink:label="rj_AnnualReportingGuidelines265Title_loc"/>
    <link:label xlink:type="resource" xlink:label="rj_AnnualReportingGuidelines265Title_label_nl" xlink:role="http://www.xbrl.org/2003/role/label" xml:lang="nl" id="rj_AnnualReportingGuidelines265Title_label_nl">RJ 265 - Overzicht van het totaalresultaat van de rechtspersoon</link:label>
    <link:labelArc xlink:type="arc" xlink:arcrole="http://www.xbrl.org/2003/arcrole/concept-label" xlink:from="rj_AnnualReportingGuidelines265Title_loc" xlink:to="rj_AnnualReportingGuidelines265Title_label_nl"/>
    <link:loc xlink:type="locator" xlink:href="rj-all.xsd#rj_AnnualReportingGuidelines270Title" xlink:label="rj_AnnualReportingGuidelines270Title_loc"/>
    <link:label xlink:type="resource" xlink:label="rj_AnnualReportingGuidelines270Title_label_nl" xlink:role="http://www.xbrl.org/2003/role/label" xml:lang="nl" id="rj_AnnualReportingGuidelines270Title_label_nl">RJ 270 - De winst-en-verliesrekening</link:label>
    <link:labelArc xlink:type="arc" xlink:arcrole="http://www.xbrl.org/2003/arcrole/concept-label" xlink:from="rj_AnnualReportingGuidelines270Title_loc" xlink:to="rj_AnnualReportingGuidelines270Title_label_nl"/>
    <link:loc xlink:type="locator" xlink:href="rj-all.xsd#rj_AnnualReportingGuidelines271Title" xlink:label="rj_AnnualReportingGuidelines271Title_loc"/>
    <link:label xlink:type="resource" xlink:label="rj_AnnualReportingGuidelines271Title_label_nl" xlink:role="http://www.xbrl.org/2003/role/label" xml:lang="nl" id="rj_AnnualReportingGuidelines271Title_label_nl">RJ 271 - Personeelsbeloningen</link:label>
    <link:labelArc xlink:type="arc" xlink:arcrole="http://www.xbrl.org/2003/arcrole/concept-label" xlink:from="rj_AnnualReportingGuidelines271Title_loc" xlink:to="rj_AnnualReportingGuidelines271Title_label_nl"/>
    <link:loc xlink:type="locator" xlink:href="rj-all.xsd#rj_AnnualReportingGuidelines272Title" xlink:label="rj_AnnualReportingGuidelines272Title_loc"/>
    <link:label xlink:type="resource" xlink:label="rj_AnnualReportingGuidelines272Title_label_nl" xlink:role="http://www.xbrl.org/2003/role/label" xml:lang="nl" id="rj_AnnualReportingGuidelines272Title_label_nl">RJ 272 - Belastingen naar de winst</link:label>
    <link:labelArc xlink:type="arc" xlink:arcrole="http://www.xbrl.org/2003/arcrole/concept-label" xlink:from="rj_AnnualReportingGuidelines272Title_loc" xlink:to="rj_AnnualReportingGuidelines272Title_label_nl"/>
    <link:loc xlink:type="locator" xlink:href="rj-all.xsd#rj_AnnualReportingGuidelines273Title" xlink:label="rj_AnnualReportingGuidelines273Title_loc"/>
    <link:label xlink:type="resource" xlink:label="rj_AnnualReportingGuidelines273Title_label_nl" xlink:role="http://www.xbrl.org/2003/role/label" xml:lang="nl" id="rj_AnnualReportingGuidelines273Title_label_nl">RJ 273 - Rentelasten</link:label>
    <link:labelArc xlink:type="arc" xlink:arcrole="http://www.xbrl.org/2003/arcrole/concept-label" xlink:from="rj_AnnualReportingGuidelines273Title_loc" xlink:to="rj_AnnualReportingGuidelines273Title_label_nl"/>
    <link:loc xlink:type="locator" xlink:href="rj-all.xsd#rj_AnnualReportingGuidelines274Title" xlink:label="rj_AnnualReportingGuidelines274Title_loc"/>
    <link:label xlink:type="resource" xlink:label="rj_AnnualReportingGuidelines274Title_label_nl" xlink:role="http://www.xbrl.org/2003/role/label" xml:lang="nl" id="rj_AnnualReportingGuidelines274Title_label_nl">RJ 274 - Overheidssubsidies</link:label>
    <link:labelArc xlink:type="arc" xlink:arcrole="http://www.xbrl.org/2003/arcrole/concept-label" xlink:from="rj_AnnualReportingGuidelines274Title_loc" xlink:to="rj_AnnualReportingGuidelines274Title_label_nl"/>
    <link:loc xlink:type="locator" xlink:href="rj-all.xsd#rj_AnnualReportingGuidelines275Title" xlink:label="rj_AnnualReportingGuidelines275Title_loc"/>
    <link:label xlink:type="resource" xlink:label="rj_AnnualReportingGuidelines275Title_label_nl" xlink:role="http://www.xbrl.org/2003/role/label" xml:lang="nl" id="rj_AnnualReportingGuidelines275Title_label_nl">RJ 275 - Op aandelen gebaseerde betalingen</link:label>
    <link:labelArc xlink:type="arc" xlink:arcrole="http://www.xbrl.org/2003/arcrole/concept-label" xlink:from="rj_AnnualReportingGuidelines275Title_loc" xlink:to="rj_AnnualReportingGuidelines275Title_label_nl"/>
    <link:loc xlink:type="locator" xlink:href="rj-all.xsd#rj_AnnualReportingGuidelines290Title" xlink:label="rj_AnnualReportingGuidelines290Title_loc"/>
    <link:label xlink:type="resource" xlink:label="rj_AnnualReportingGuidelines290Title_label_nl" xlink:role="http://www.xbrl.org/2003/role/label" xml:lang="nl" id="rj_AnnualReportingGuidelines290Title_label_nl">RJ 290 - Financiële instrumenten</link:label>
    <link:labelArc xlink:type="arc" xlink:arcrole="http://www.xbrl.org/2003/arcrole/concept-label" xlink:from="rj_AnnualReportingGuidelines290Title_loc" xlink:to="rj_AnnualReportingGuidelines290Title_label_nl"/>
    <link:loc xlink:type="locator" xlink:href="rj-all.xsd#rj_AnnualReportingGuidelines292Title" xlink:label="rj_AnnualReportingGuidelines292Title_loc"/>
    <link:label xlink:type="resource" xlink:label="rj_AnnualReportingGuidelines292Title_label_nl" xlink:role="http://www.xbrl.org/2003/role/label" xml:lang="nl" id="rj_AnnualReportingGuidelines292Title_label_nl">RJ 292 - Leasing</link:label>
    <link:labelArc xlink:type="arc" xlink:arcrole="http://www.xbrl.org/2003/arcrole/concept-label" xlink:from="rj_AnnualReportingGuidelines292Title_loc" xlink:to="rj_AnnualReportingGuidelines292Title_label_nl"/>
    <link:loc xlink:type="locator" xlink:href="rj-all.xsd#rj_AnnualReportingGuidelines300Title" xlink:label="rj_AnnualReportingGuidelines300Title_loc"/>
    <link:label xlink:type="resource" xlink:label="rj_AnnualReportingGuidelines300Title_label_nl" xlink:role="http://www.xbrl.org/2003/role/label" xml:lang="nl" id="rj_AnnualReportingGuidelines300Title_label_nl">RJ 300 - Functie en indeling</link:label>
    <link:labelArc xlink:type="arc" xlink:arcrole="http://www.xbrl.org/2003/arcrole/concept-label" xlink:from="rj_AnnualReportingGuidelines300Title_loc" xlink:to="rj_AnnualReportingGuidelines300Title_label_nl"/>
    <link:loc xlink:type="locator" xlink:href="rj-all.xsd#rj_AnnualReportingGuidelines315Title" xlink:label="rj_AnnualReportingGuidelines315Title_loc"/>
    <link:label xlink:type="resource" xlink:label="rj_AnnualReportingGuidelines315Title_label_nl" xlink:role="http://www.xbrl.org/2003/role/label" xml:lang="nl" id="rj_AnnualReportingGuidelines315Title_label_nl">RJ 315 - Vrijstelling voor middelgrote rechtspersonen</link:label>
    <link:labelArc xlink:type="arc" xlink:arcrole="http://www.xbrl.org/2003/arcrole/concept-label" xlink:from="rj_AnnualReportingGuidelines315Title_loc" xlink:to="rj_AnnualReportingGuidelines315Title_label_nl"/>
    <link:loc xlink:type="locator" xlink:href="rj-all.xsd#rj_AnnualReportingGuidelines330Title" xlink:label="rj_AnnualReportingGuidelines330Title_loc"/>
    <link:label xlink:type="resource" xlink:label="rj_AnnualReportingGuidelines330Title_label_nl" xlink:role="http://www.xbrl.org/2003/role/label" xml:lang="nl" id="rj_AnnualReportingGuidelines330Title_label_nl">RJ 330 - Verbonden partijen</link:label>
    <link:labelArc xlink:type="arc" xlink:arcrole="http://www.xbrl.org/2003/arcrole/concept-label" xlink:from="rj_AnnualReportingGuidelines330Title_loc" xlink:to="rj_AnnualReportingGuidelines330Title_label_nl"/>
    <link:loc xlink:type="locator" xlink:href="rj-all.xsd#rj_AnnualReportingGuidelines340Title" xlink:label="rj_AnnualReportingGuidelines340Title_loc"/>
    <link:label xlink:type="resource" xlink:label="rj_AnnualReportingGuidelines340Title_label_nl" xlink:role="http://www.xbrl.org/2003/role/label" xml:lang="nl" id="rj_AnnualReportingGuidelines340Title_label_nl">RJ 340 - Winst per aandeel</link:label>
    <link:labelArc xlink:type="arc" xlink:arcrole="http://www.xbrl.org/2003/arcrole/concept-label" xlink:from="rj_AnnualReportingGuidelines340Title_loc" xlink:to="rj_AnnualReportingGuidelines340Title_label_nl"/>
    <link:loc xlink:type="locator" xlink:href="rj-all.xsd#rj_AnnualReportingGuidelines345Title" xlink:label="rj_AnnualReportingGuidelines345Title_loc"/>
    <link:label xlink:type="resource" xlink:label="rj_AnnualReportingGuidelines345Title_label_nl" xlink:role="http://www.xbrl.org/2003/role/label" xml:lang="nl" id="rj_AnnualReportingGuidelines345Title_label_nl">RJ 345 - Beëindiging van bedrijfsactiviteiten</link:label>
    <link:labelArc xlink:type="arc" xlink:arcrole="http://www.xbrl.org/2003/arcrole/concept-label" xlink:from="rj_AnnualReportingGuidelines345Title_loc" xlink:to="rj_AnnualReportingGuidelines345Title_label_nl"/>
    <link:loc xlink:type="locator" xlink:href="rj-all.xsd#rj_AnnualReportingGuidelines350Title" xlink:label="rj_AnnualReportingGuidelines350Title_loc"/>
    <link:label xlink:type="resource" xlink:label="rj_AnnualReportingGuidelines350Title_label_nl" xlink:role="http://www.xbrl.org/2003/role/label" xml:lang="nl" id="rj_AnnualReportingGuidelines350Title_label_nl">RJ 350 - Gesegmenteerde informatie</link:label>
    <link:labelArc xlink:type="arc" xlink:arcrole="http://www.xbrl.org/2003/arcrole/concept-label" xlink:from="rj_AnnualReportingGuidelines350Title_loc" xlink:to="rj_AnnualReportingGuidelines350Title_label_nl"/>
    <link:loc xlink:type="locator" xlink:href="rj-all.xsd#rj_AnnualReportingGuidelines360Title" xlink:label="rj_AnnualReportingGuidelines360Title_loc"/>
    <link:label xlink:type="resource" xlink:label="rj_AnnualReportingGuidelines360Title_label_nl" xlink:role="http://www.xbrl.org/2003/role/label" xml:lang="nl" id="rj_AnnualReportingGuidelines360Title_label_nl">RJ 360 - Het kasstroomoverzicht</link:label>
    <link:labelArc xlink:type="arc" xlink:arcrole="http://www.xbrl.org/2003/arcrole/concept-label" xlink:from="rj_AnnualReportingGuidelines360Title_loc" xlink:to="rj_AnnualReportingGuidelines360Title_label_nl"/>
    <link:loc xlink:type="locator" xlink:href="rj-all.xsd#rj_AnnualReportingGuidelines390Title" xlink:label="rj_AnnualReportingGuidelines390Title_loc"/>
    <link:label xlink:type="resource" xlink:label="rj_AnnualReportingGuidelines390Title_label_nl" xlink:role="http://www.xbrl.org/2003/role/label" xml:lang="nl" id="rj_AnnualReportingGuidelines390Title_label_nl">RJ 390 - Overige in de toelichting op te nemen informatie</link:label>
    <link:labelArc xlink:type="arc" xlink:arcrole="http://www.xbrl.org/2003/arcrole/concept-label" xlink:from="rj_AnnualReportingGuidelines390Title_loc" xlink:to="rj_AnnualReportingGuidelines390Title_label_nl"/>
    <link:loc xlink:type="locator" xlink:href="rj-all.xsd#rj_AnnualReportingGuidelines394Title" xlink:label="rj_AnnualReportingGuidelines394Title_loc"/>
    <link:label xlink:type="resource" xlink:label="rj_AnnualReportingGuidelines394Title_label_nl" xlink:role="http://www.xbrl.org/2003/role/label" xml:lang="nl" id="rj_AnnualReportingGuidelines394Title_label_nl">RJ 394 - Tussentijdse berichten</link:label>
    <link:labelArc xlink:type="arc" xlink:arcrole="http://www.xbrl.org/2003/arcrole/concept-label" xlink:from="rj_AnnualReportingGuidelines394Title_loc" xlink:to="rj_AnnualReportingGuidelines394Title_label_nl"/>
    <link:loc xlink:type="locator" xlink:href="rj-all.xsd#rj_AnnualReportingGuidelines396Title" xlink:label="rj_AnnualReportingGuidelines396Title_loc"/>
    <link:label xlink:type="resource" xlink:label="rj_AnnualReportingGuidelines396Title_label_nl" xlink:role="http://www.xbrl.org/2003/role/label" xml:lang="nl" id="rj_AnnualReportingGuidelines396Title_label_nl">RJ 396 - Openbaarmaking</link:label>
    <link:labelArc xlink:type="arc" xlink:arcrole="http://www.xbrl.org/2003/arcrole/concept-label" xlink:from="rj_AnnualReportingGuidelines396Title_loc" xlink:to="rj_AnnualReportingGuidelines396Title_label_nl"/>
    <link:loc xlink:type="locator" xlink:href="rj-all.xsd#rj_AnnualReportingGuidelines400Title" xlink:label="rj_AnnualReportingGuidelines400Title_loc"/>
    <link:label xlink:type="resource" xlink:label="rj_AnnualReportingGuidelines400Title_label_nl" xlink:role="http://www.xbrl.org/2003/role/label" xml:lang="nl" id="rj_AnnualReportingGuidelines400Title_label_nl">RJ 400 - Bestuursverslag</link:label>
    <link:labelArc xlink:type="arc" xlink:arcrole="http://www.xbrl.org/2003/arcrole/concept-label" xlink:from="rj_AnnualReportingGuidelines400Title_loc" xlink:to="rj_AnnualReportingGuidelines400Title_label_nl"/>
    <link:loc xlink:type="locator" xlink:href="rj-all.xsd#rj_AnnualReportingGuidelines404Title" xlink:label="rj_AnnualReportingGuidelines404Title_loc"/>
    <link:label xlink:type="resource" xlink:label="rj_AnnualReportingGuidelines404Title_label_nl" xlink:role="http://www.xbrl.org/2003/role/label" xml:lang="nl" id="rj_AnnualReportingGuidelines404Title_label_nl">RJ 404 - Bezoldigingsverslag en remuneratierapport</link:label>
    <link:labelArc xlink:type="arc" xlink:arcrole="http://www.xbrl.org/2003/arcrole/concept-label" xlink:from="rj_AnnualReportingGuidelines404Title_loc" xlink:to="rj_AnnualReportingGuidelines404Title_label_nl"/>
    <link:loc xlink:type="locator" xlink:href="rj-all.xsd#rj_AnnualReportingGuidelines405Title" xlink:label="rj_AnnualReportingGuidelines405Title_loc"/>
    <link:label xlink:type="resource" xlink:label="rj_AnnualReportingGuidelines405Title_label_nl" xlink:role="http://www.xbrl.org/2003/role/label" xml:lang="nl" id="rj_AnnualReportingGuidelines405Title_label_nl">RJ 405 - Verslag raad van commissarissen</link:label>
    <link:labelArc xlink:type="arc" xlink:arcrole="http://www.xbrl.org/2003/arcrole/concept-label" xlink:from="rj_AnnualReportingGuidelines405Title_loc" xlink:to="rj_AnnualReportingGuidelines405Title_label_nl"/>
    <link:loc xlink:type="locator" xlink:href="rj-all.xsd#rj_AnnualReportingGuidelines410Title" xlink:label="rj_AnnualReportingGuidelines410Title_loc"/>
    <link:label xlink:type="resource" xlink:label="rj_AnnualReportingGuidelines410Title_label_nl" xlink:role="http://www.xbrl.org/2003/role/label" xml:lang="nl" id="rj_AnnualReportingGuidelines410Title_label_nl">RJ 410 - Overige gegevens</link:label>
    <link:labelArc xlink:type="arc" xlink:arcrole="http://www.xbrl.org/2003/arcrole/concept-label" xlink:from="rj_AnnualReportingGuidelines410Title_loc" xlink:to="rj_AnnualReportingGuidelines410Title_label_nl"/>
    <link:loc xlink:type="locator" xlink:href="rj-all.xsd#rj_AnnualReportingGuidelines420Title" xlink:label="rj_AnnualReportingGuidelines420Title_loc"/>
    <link:label xlink:type="resource" xlink:label="rj_AnnualReportingGuidelines420Title_label_nl" xlink:role="http://www.xbrl.org/2003/role/label" xml:lang="nl" id="rj_AnnualReportingGuidelines420Title_label_nl">RJ 420 - Winstbestemming, verwerking verlies</link:label>
    <link:labelArc xlink:type="arc" xlink:arcrole="http://www.xbrl.org/2003/arcrole/concept-label" xlink:from="rj_AnnualReportingGuidelines420Title_loc" xlink:to="rj_AnnualReportingGuidelines420Title_label_nl"/>
    <link:loc xlink:type="locator" xlink:href="rj-all.xsd#rj_AnnualReportingGuidelines430Title" xlink:label="rj_AnnualReportingGuidelines430Title_loc"/>
    <link:label xlink:type="resource" xlink:label="rj_AnnualReportingGuidelines430Title_label_nl" xlink:role="http://www.xbrl.org/2003/role/label" xml:lang="nl" id="rj_AnnualReportingGuidelines430Title_label_nl">RJ 430 - Kerncijfers, kengetallen en meerjarenoverzichten</link:label>
    <link:labelArc xlink:type="arc" xlink:arcrole="http://www.xbrl.org/2003/arcrole/concept-label" xlink:from="rj_AnnualReportingGuidelines430Title_loc" xlink:to="rj_AnnualReportingGuidelines430Title_label_nl"/>
    <link:loc xlink:type="locator" xlink:href="rj-all.xsd#rj_AnnualReportingGuidelines600Title" xlink:label="rj_AnnualReportingGuidelines600Title_loc"/>
    <link:label xlink:type="resource" xlink:label="rj_AnnualReportingGuidelines600Title_label_nl" xlink:role="http://www.xbrl.org/2003/role/label" xml:lang="nl" id="rj_AnnualReportingGuidelines600Title_label_nl">RJ 600 - Banken</link:label>
    <link:labelArc xlink:type="arc" xlink:arcrole="http://www.xbrl.org/2003/arcrole/concept-label" xlink:from="rj_AnnualReportingGuidelines600Title_loc" xlink:to="rj_AnnualReportingGuidelines600Title_label_nl"/>
    <link:loc xlink:type="locator" xlink:href="rj-all.xsd#rj_AnnualReportingGuidelines605Title" xlink:label="rj_AnnualReportingGuidelines605Title_loc"/>
    <link:label xlink:type="resource" xlink:label="rj_AnnualReportingGuidelines605Title_label_nl" xlink:role="http://www.xbrl.org/2003/role/label" xml:lang="nl" id="rj_AnnualReportingGuidelines605Title_label_nl">RJ 605 - Verzekeringsmaatschappijen</link:label>
    <link:labelArc xlink:type="arc" xlink:arcrole="http://www.xbrl.org/2003/arcrole/concept-label" xlink:from="rj_AnnualReportingGuidelines605Title_loc" xlink:to="rj_AnnualReportingGuidelines605Title_label_nl"/>
    <link:loc xlink:type="locator" xlink:href="rj-all.xsd#rj_AnnualReportingGuidelines610Title" xlink:label="rj_AnnualReportingGuidelines610Title_loc"/>
    <link:label xlink:type="resource" xlink:label="rj_AnnualReportingGuidelines610Title_label_nl" xlink:role="http://www.xbrl.org/2003/role/label" xml:lang="nl" id="rj_AnnualReportingGuidelines610Title_label_nl">RJ 610 - Pensioenfondsen</link:label>
    <link:labelArc xlink:type="arc" xlink:arcrole="http://www.xbrl.org/2003/arcrole/concept-label" xlink:from="rj_AnnualReportingGuidelines610Title_loc" xlink:to="rj_AnnualReportingGuidelines610Title_label_nl"/>
    <link:loc xlink:type="locator" xlink:href="rj-all.xsd#rj_AnnualReportingGuidelines611Title" xlink:label="rj_AnnualReportingGuidelines611Title_loc"/>
    <link:label xlink:type="resource" xlink:label="rj_AnnualReportingGuidelines611Title_label_nl" xlink:role="http://www.xbrl.org/2003/role/label" xml:lang="nl" id="rj_AnnualReportingGuidelines611Title_label_nl">RJ 611 - Premiepensioeninstellingen</link:label>
    <link:labelArc xlink:type="arc" xlink:arcrole="http://www.xbrl.org/2003/arcrole/concept-label" xlink:from="rj_AnnualReportingGuidelines611Title_loc" xlink:to="rj_AnnualReportingGuidelines611Title_label_nl"/>
    <link:loc xlink:type="locator" xlink:href="rj-all.xsd#rj_AnnualReportingGuidelines615Title" xlink:label="rj_AnnualReportingGuidelines615Title_loc"/>
    <link:label xlink:type="resource" xlink:label="rj_AnnualReportingGuidelines615Title_label_nl" xlink:role="http://www.xbrl.org/2003/role/label" xml:lang="nl" id="rj_AnnualReportingGuidelines615Title_label_nl">RJ 615 - Beleggingsentiteiten</link:label>
    <link:labelArc xlink:type="arc" xlink:arcrole="http://www.xbrl.org/2003/arcrole/concept-label" xlink:from="rj_AnnualReportingGuidelines615Title_loc" xlink:to="rj_AnnualReportingGuidelines615Title_label_nl"/>
    <link:loc xlink:type="locator" xlink:href="rj-all.xsd#rj_AnnualReportingGuidelines620Title" xlink:label="rj_AnnualReportingGuidelines620Title_loc"/>
    <link:label xlink:type="resource" xlink:label="rj_AnnualReportingGuidelines620Title_label_nl" xlink:role="http://www.xbrl.org/2003/role/label" xml:lang="nl" id="rj_AnnualReportingGuidelines620Title_label_nl">RJ 620 - Coöperaties</link:label>
    <link:labelArc xlink:type="arc" xlink:arcrole="http://www.xbrl.org/2003/arcrole/concept-label" xlink:from="rj_AnnualReportingGuidelines620Title_loc" xlink:to="rj_AnnualReportingGuidelines620Title_label_nl"/>
    <link:loc xlink:type="locator" xlink:href="rj-all.xsd#rj_AnnualReportingGuidelines630Title" xlink:label="rj_AnnualReportingGuidelines630Title_loc"/>
    <link:label xlink:type="resource" xlink:label="rj_AnnualReportingGuidelines630Title_label_nl" xlink:role="http://www.xbrl.org/2003/role/label" xml:lang="nl" id="rj_AnnualReportingGuidelines630Title_label_nl">RJ 630 - Commerciële stichtingen en verenigingen</link:label>
    <link:labelArc xlink:type="arc" xlink:arcrole="http://www.xbrl.org/2003/arcrole/concept-label" xlink:from="rj_AnnualReportingGuidelines630Title_loc" xlink:to="rj_AnnualReportingGuidelines630Title_label_nl"/>
    <link:loc xlink:type="locator" xlink:href="rj-all.xsd#rj_AnnualReportingGuidelines640Title" xlink:label="rj_AnnualReportingGuidelines640Title_loc"/>
    <link:label xlink:type="resource" xlink:label="rj_AnnualReportingGuidelines640Title_label_nl" xlink:role="http://www.xbrl.org/2003/role/label" xml:lang="nl" id="rj_AnnualReportingGuidelines640Title_label_nl">RJ 640 - Organisaties-zonder-winststreven</link:label>
    <link:labelArc xlink:type="arc" xlink:arcrole="http://www.xbrl.org/2003/arcrole/concept-label" xlink:from="rj_AnnualReportingGuidelines640Title_loc" xlink:to="rj_AnnualReportingGuidelines640Title_label_nl"/>
    <link:loc xlink:type="locator" xlink:href="rj-all.xsd#rj_AnnualReportingGuidelines645Title" xlink:label="rj_AnnualReportingGuidelines645Title_loc"/>
    <link:label xlink:type="resource" xlink:label="rj_AnnualReportingGuidelines645Title_label_nl" xlink:role="http://www.xbrl.org/2003/role/label" xml:lang="nl" id="rj_AnnualReportingGuidelines645Title_label_nl">RJ 645 - Toegelaten instellingen volkshuisvesting</link:label>
    <link:labelArc xlink:type="arc" xlink:arcrole="http://www.xbrl.org/2003/arcrole/concept-label" xlink:from="rj_AnnualReportingGuidelines645Title_loc" xlink:to="rj_AnnualReportingGuidelines645Title_label_nl"/>
    <link:loc xlink:type="locator" xlink:href="rj-all.xsd#rj_AnnualReportingGuidelines650Title" xlink:label="rj_AnnualReportingGuidelines650Title_loc"/>
    <link:label xlink:type="resource" xlink:label="rj_AnnualReportingGuidelines650Title_label_nl" xlink:role="http://www.xbrl.org/2003/role/label" xml:lang="nl" id="rj_AnnualReportingGuidelines650Title_label_nl">RJ 650 - Fondsenwervende instellingen</link:label>
    <link:labelArc xlink:type="arc" xlink:arcrole="http://www.xbrl.org/2003/arcrole/concept-label" xlink:from="rj_AnnualReportingGuidelines650Title_loc" xlink:to="rj_AnnualReportingGuidelines650Title_label_nl"/>
    <link:loc xlink:type="locator" xlink:href="rj-all.xsd#rj_AnnualReportingGuidelines655Title" xlink:label="rj_AnnualReportingGuidelines655Title_loc"/>
    <link:label xlink:type="resource" xlink:label="rj_AnnualReportingGuidelines655Title_label_nl" xlink:role="http://www.xbrl.org/2003/role/label" xml:lang="nl" id="rj_AnnualReportingGuidelines655Title_label_nl">RJ 655 - Zorginstellingen</link:label>
    <link:labelArc xlink:type="arc" xlink:arcrole="http://www.xbrl.org/2003/arcrole/concept-label" xlink:from="rj_AnnualReportingGuidelines655Title_loc" xlink:to="rj_AnnualReportingGuidelines655Title_label_nl"/>
    <link:loc xlink:type="locator" xlink:href="rj-all.xsd#rj_AnnualReportingGuidelines660Title" xlink:label="rj_AnnualReportingGuidelines660Title_loc"/>
    <link:label xlink:type="resource" xlink:label="rj_AnnualReportingGuidelines660Title_label_nl" xlink:role="http://www.xbrl.org/2003/role/label" xml:lang="nl" id="rj_AnnualReportingGuidelines660Title_label_nl">RJ 660 - Onderwijsinstellingen</link:label>
    <link:labelArc xlink:type="arc" xlink:arcrole="http://www.xbrl.org/2003/arcrole/concept-label" xlink:from="rj_AnnualReportingGuidelines660Title_loc" xlink:to="rj_AnnualReportingGuidelines660Title_label_nl"/>
    <link:loc xlink:type="locator" xlink:href="rj-all.xsd#rj_AnnualReportingGuidelines920Title" xlink:label="rj_AnnualReportingGuidelines920Title_loc"/>
    <link:label xlink:type="resource" xlink:label="rj_AnnualReportingGuidelines920Title_label_nl" xlink:role="http://www.xbrl.org/2003/role/label" xml:lang="nl" id="rj_AnnualReportingGuidelines920Title_label_nl">RJ 920 - Handreiking voor maatschappelijke verslaggeving</link:label>
    <link:labelArc xlink:type="arc" xlink:arcrole="http://www.xbrl.org/2003/arcrole/concept-label" xlink:from="rj_AnnualReportingGuidelines920Title_loc" xlink:to="rj_AnnualReportingGuidelines920Title_label_nl"/>
    <link:loc xlink:type="locator" xlink:href="rj-all.xsd#rj_AnnualReportingGuidelines921Title" xlink:label="rj_AnnualReportingGuidelines921Title_loc"/>
    <link:label xlink:type="resource" xlink:label="rj_AnnualReportingGuidelines921Title_label_nl" xlink:role="http://www.xbrl.org/2003/role/label" xml:lang="nl" id="rj_AnnualReportingGuidelines921Title_label_nl">RJ 921 - Handreiking toepassing IAS 19R in Nederlandse pensioensituatie</link:label>
    <link:labelArc xlink:type="arc" xlink:arcrole="http://www.xbrl.org/2003/arcrole/concept-label" xlink:from="rj_AnnualReportingGuidelines921Title_loc" xlink:to="rj_AnnualReportingGuidelines921Title_label_nl"/>
    <link:loc xlink:type="locator" xlink:href="rj-all.xsd#rj_AnnualReportingGuidelinesExpressions202013Title" xlink:label="rj_AnnualReportingGuidelinesExpressions202013Title_loc"/>
    <link:label xlink:type="resource" xlink:label="rj_AnnualReportingGuidelinesExpressions202013Title_label_nl" xlink:role="http://www.xbrl.org/2003/role/label" xml:lang="nl" id="rj_AnnualReportingGuidelinesExpressions202013Title_label_nl">RJ uiting 2020-13</link:label>
    <link:labelArc xlink:type="arc" xlink:arcrole="http://www.xbrl.org/2003/arcrole/concept-label" xlink:from="rj_AnnualReportingGuidelinesExpressions202013Title_loc" xlink:to="rj_AnnualReportingGuidelinesExpressions202013Title_label_nl"/>
    <link:loc xlink:type="locator" xlink:href="rj-all.xsd#rj_AnnualReportingGuidelinesExpressions202015Title" xlink:label="rj_AnnualReportingGuidelinesExpressions202015Title_loc"/>
    <link:label xlink:type="resource" xlink:label="rj_AnnualReportingGuidelinesExpressions202015Title_label_nl" xlink:role="http://www.xbrl.org/2003/role/label" xml:lang="nl" id="rj_AnnualReportingGuidelinesExpressions202015Title_label_nl">RJ uiting 2020-15</link:label>
    <link:labelArc xlink:type="arc" xlink:arcrole="http://www.xbrl.org/2003/arcrole/concept-label" xlink:from="rj_AnnualReportingGuidelinesExpressions202015Title_loc" xlink:to="rj_AnnualReportingGuidelinesExpressions202015Title_label_nl"/>
    <link:loc xlink:type="locator" xlink:href="rj-all.xsd#rj_AnnualReportingGuidelinesExpressionsTitle" xlink:label="rj_AnnualReportingGuidelinesExpressionsTitle_loc"/>
    <link:label xlink:type="resource" xlink:label="rj_AnnualReportingGuidelinesExpressionsTitle_label_nl" xlink:role="http://www.xbrl.org/2003/role/label" xml:lang="nl" id="rj_AnnualReportingGuidelinesExpressionsTitle_label_nl">RJ uitingen</link:label>
    <link:labelArc xlink:type="arc" xlink:arcrole="http://www.xbrl.org/2003/arcrole/concept-label" xlink:from="rj_AnnualReportingGuidelinesExpressionsTitle_loc" xlink:to="rj_AnnualReportingGuidelinesExpressionsTitle_label_nl"/>
  </link:labelLink>
</link:linkbase>
