<?xml version="1.0" encoding="UTF-8"?>

<link:linkbase xmlns:xsi="http://www.w3.org/2001/XMLSchema-instance" xsi:schemaLocation="http://www.xbrl.org/2003/linkbase http://www.xbrl.org/2003/xbrl-linkbase-2003-12-31.xsd http://www.w3.org/1999/xlink http://www.xbrl.org/2003/xlink-2003-12-31.xsd http://xbrl.org/2008/label http://www.xbrl.org/2008/generic-label.xsd http://xbrl.org/2008/generic http://www.xbrl.org/2008/generic-link.xsd" xmlns:gen="http://xbrl.org/2008/generic" xmlns:link="http://www.xbrl.org/2003/linkbase" xmlns:xlink="http://www.w3.org/1999/xlink" xmlns:label="http://xbrl.org/2008/label">
  <link:roleRef roleURI="http://www.xbrl.org/2008/role/label" xlink:type="simple" xlink:href="http://www.xbrl.org/2008/generic-label.xsd#standard-label"/>
  <link:roleRef roleURI="http://www.xbrl.org/2008/role/link" xlink:type="simple" xlink:href="http://www.xbrl.org/2008/generic-link.xsd#standard-link-role"/>
  <link:arcroleRef arcroleURI="http://xbrl.org/arcrole/2008/element-label" xlink:type="simple" xlink:href="http://www.xbrl.org/2008/generic-label.xsd#element-label"/>
  <link:labelLink xlink:type="extended" xlink:role="http://www.xbrl.org/2003/role/link">
    <link:loc xlink:type="locator" xlink:href="rj-all.xsd#rj_AnnualReportingGuidelines100Title" xlink:label="rj_AnnualReportingGuidelines100Title_loc"/>
    <link:label xlink:type="resource" xlink:label="rj_AnnualReportingGuidelines100Title_label_nl" xlink:role="http://www.xbrl.org/2003/role/label" xml:lang="nl" id="rj_AnnualReportingGuidelines100Title_label_nl">RJ 100 - Introduction</link:label>
    <link:labelArc xlink:type="arc" xlink:arcrole="http://www.xbrl.org/2003/arcrole/concept-label" xlink:from="rj_AnnualReportingGuidelines100Title_loc" xlink:to="rj_AnnualReportingGuidelines100Title_label_nl"/>
    <link:loc xlink:type="locator" xlink:href="rj-all.xsd#rj_AnnualReportingGuidelines110Title" xlink:label="rj_AnnualReportingGuidelines110Title_loc"/>
    <link:label xlink:type="resource" xlink:label="rj_AnnualReportingGuidelines110Title_label_nl" xlink:role="http://www.xbrl.org/2003/role/label" xml:lang="nl" id="rj_AnnualReportingGuidelines110Title_label_nl">RJ 110 - Objectives and principles</link:label>
    <link:labelArc xlink:type="arc" xlink:arcrole="http://www.xbrl.org/2003/arcrole/concept-label" xlink:from="rj_AnnualReportingGuidelines110Title_loc" xlink:to="rj_AnnualReportingGuidelines110Title_label_nl"/>
    <link:loc xlink:type="locator" xlink:href="rj-all.xsd#rj_AnnualReportingGuidelines115Title" xlink:label="rj_AnnualReportingGuidelines115Title_loc"/>
    <link:label xlink:type="resource" xlink:label="rj_AnnualReportingGuidelines115Title_label_nl" xlink:role="http://www.xbrl.org/2003/role/label" xml:lang="nl" id="rj_AnnualReportingGuidelines115Title_label_nl">RJ 115 - Criteria for inclusion and disclosure of data</link:label>
    <link:labelArc xlink:type="arc" xlink:arcrole="http://www.xbrl.org/2003/arcrole/concept-label" xlink:from="rj_AnnualReportingGuidelines115Title_loc" xlink:to="rj_AnnualReportingGuidelines115Title_label_nl"/>
    <link:loc xlink:type="locator" xlink:href="rj-all.xsd#rj_AnnualReportingGuidelines120Title" xlink:label="rj_AnnualReportingGuidelines120Title_loc"/>
    <link:label xlink:type="resource" xlink:label="rj_AnnualReportingGuidelines120Title_label_nl" xlink:role="http://www.xbrl.org/2003/role/label" xml:lang="nl" id="rj_AnnualReportingGuidelines120Title_label_nl">RJ 120 - Policies of pricing</link:label>
    <link:labelArc xlink:type="arc" xlink:arcrole="http://www.xbrl.org/2003/arcrole/concept-label" xlink:from="rj_AnnualReportingGuidelines120Title_loc" xlink:to="rj_AnnualReportingGuidelines120Title_label_nl"/>
    <link:loc xlink:type="locator" xlink:href="rj-all.xsd#rj_AnnualReportingGuidelines121Title" xlink:label="rj_AnnualReportingGuidelines121Title_loc"/>
    <link:label xlink:type="resource" xlink:label="rj_AnnualReportingGuidelines121Title_label_nl" xlink:role="http://www.xbrl.org/2003/role/label" xml:lang="nl" id="rj_AnnualReportingGuidelines121Title_label_nl">RJ 121 - Impairment of non-current assets</link:label>
    <link:labelArc xlink:type="arc" xlink:arcrole="http://www.xbrl.org/2003/arcrole/concept-label" xlink:from="rj_AnnualReportingGuidelines121Title_loc" xlink:to="rj_AnnualReportingGuidelines121Title_label_nl"/>
    <link:loc xlink:type="locator" xlink:href="rj-all.xsd#rj_AnnualReportingGuidelines122Title" xlink:label="rj_AnnualReportingGuidelines122Title_loc"/>
    <link:label xlink:type="resource" xlink:label="rj_AnnualReportingGuidelines122Title_label_nl" xlink:role="http://www.xbrl.org/2003/role/label" xml:lang="nl" id="rj_AnnualReportingGuidelines122Title_label_nl">RJ 122 - Policies for foreign currency translation</link:label>
    <link:labelArc xlink:type="arc" xlink:arcrole="http://www.xbrl.org/2003/arcrole/concept-label" xlink:from="rj_AnnualReportingGuidelines122Title_loc" xlink:to="rj_AnnualReportingGuidelines122Title_label_nl"/>
    <link:loc xlink:type="locator" xlink:href="rj-all.xsd#rj_AnnualReportingGuidelines140Title" xlink:label="rj_AnnualReportingGuidelines140Title_loc"/>
    <link:label xlink:type="resource" xlink:label="rj_AnnualReportingGuidelines140Title_label_nl" xlink:role="http://www.xbrl.org/2003/role/label" xml:lang="nl" id="rj_AnnualReportingGuidelines140Title_label_nl">RJ 140 - Changes in accounting policies</link:label>
    <link:labelArc xlink:type="arc" xlink:arcrole="http://www.xbrl.org/2003/arcrole/concept-label" xlink:from="rj_AnnualReportingGuidelines140Title_loc" xlink:to="rj_AnnualReportingGuidelines140Title_label_nl"/>
    <link:loc xlink:type="locator" xlink:href="rj-all.xsd#rj_AnnualReportingGuidelines145Title" xlink:label="rj_AnnualReportingGuidelines145Title_loc"/>
    <link:label xlink:type="resource" xlink:label="rj_AnnualReportingGuidelines145Title_label_nl" xlink:role="http://www.xbrl.org/2003/role/label" xml:lang="nl" id="rj_AnnualReportingGuidelines145Title_label_nl">RJ 145 - Changes in accounting estimates</link:label>
    <link:labelArc xlink:type="arc" xlink:arcrole="http://www.xbrl.org/2003/arcrole/concept-label" xlink:from="rj_AnnualReportingGuidelines145Title_loc" xlink:to="rj_AnnualReportingGuidelines145Title_label_nl"/>
    <link:loc xlink:type="locator" xlink:href="rj-all.xsd#rj_AnnualReportingGuidelines150Title" xlink:label="rj_AnnualReportingGuidelines150Title_loc"/>
    <link:label xlink:type="resource" xlink:label="rj_AnnualReportingGuidelines150Title_label_nl" xlink:role="http://www.xbrl.org/2003/role/label" xml:lang="nl" id="rj_AnnualReportingGuidelines150Title_label_nl">RJ 150 - Prior period errors</link:label>
    <link:labelArc xlink:type="arc" xlink:arcrole="http://www.xbrl.org/2003/arcrole/concept-label" xlink:from="rj_AnnualReportingGuidelines150Title_loc" xlink:to="rj_AnnualReportingGuidelines150Title_label_nl"/>
    <link:loc xlink:type="locator" xlink:href="rj-all.xsd#rj_AnnualReportingGuidelines160Title" xlink:label="rj_AnnualReportingGuidelines160Title_loc"/>
    <link:label xlink:type="resource" xlink:label="rj_AnnualReportingGuidelines160Title_label_nl" xlink:role="http://www.xbrl.org/2003/role/label" xml:lang="nl" id="rj_AnnualReportingGuidelines160Title_label_nl">RJ 160 - Subsequent events</link:label>
    <link:labelArc xlink:type="arc" xlink:arcrole="http://www.xbrl.org/2003/arcrole/concept-label" xlink:from="rj_AnnualReportingGuidelines160Title_loc" xlink:to="rj_AnnualReportingGuidelines160Title_label_nl"/>
    <link:loc xlink:type="locator" xlink:href="rj-all.xsd#rj_AnnualReportingGuidelines170Title" xlink:label="rj_AnnualReportingGuidelines170Title_loc"/>
    <link:label xlink:type="resource" xlink:label="rj_AnnualReportingGuidelines170Title_label_nl" xlink:role="http://www.xbrl.org/2003/role/label" xml:lang="nl" id="rj_AnnualReportingGuidelines170Title_label_nl">RJ 170 - Gone concern and serious doubts about the ability to continue as a going concern</link:label>
    <link:labelArc xlink:type="arc" xlink:arcrole="http://www.xbrl.org/2003/arcrole/concept-label" xlink:from="rj_AnnualReportingGuidelines170Title_loc" xlink:to="rj_AnnualReportingGuidelines170Title_label_nl"/>
    <link:loc xlink:type="locator" xlink:href="rj-all.xsd#rj_AnnualReportingGuidelines190Title" xlink:label="rj_AnnualReportingGuidelines190Title_loc"/>
    <link:label xlink:type="resource" xlink:label="rj_AnnualReportingGuidelines190Title_label_nl" xlink:role="http://www.xbrl.org/2003/role/label" xml:lang="nl" id="rj_AnnualReportingGuidelines190Title_label_nl">RJ 190 - Other general stipulations</link:label>
    <link:labelArc xlink:type="arc" xlink:arcrole="http://www.xbrl.org/2003/arcrole/concept-label" xlink:from="rj_AnnualReportingGuidelines190Title_loc" xlink:to="rj_AnnualReportingGuidelines190Title_label_nl"/>
    <link:loc xlink:type="locator" xlink:href="rj-all.xsd#rj_AnnualReportingGuidelines210Title" xlink:label="rj_AnnualReportingGuidelines210Title_loc"/>
    <link:label xlink:type="resource" xlink:label="rj_AnnualReportingGuidelines210Title_label_nl" xlink:role="http://www.xbrl.org/2003/role/label" xml:lang="nl" id="rj_AnnualReportingGuidelines210Title_label_nl">RJ 210 - Intangible assets</link:label>
    <link:labelArc xlink:type="arc" xlink:arcrole="http://www.xbrl.org/2003/arcrole/concept-label" xlink:from="rj_AnnualReportingGuidelines210Title_loc" xlink:to="rj_AnnualReportingGuidelines210Title_label_nl"/>
    <link:loc xlink:type="locator" xlink:href="rj-all.xsd#rj_AnnualReportingGuidelines212Title" xlink:label="rj_AnnualReportingGuidelines212Title_loc"/>
    <link:label xlink:type="resource" xlink:label="rj_AnnualReportingGuidelines212Title_label_nl" xlink:role="http://www.xbrl.org/2003/role/label" xml:lang="nl" id="rj_AnnualReportingGuidelines212Title_label_nl">RJ 212 - Property, plant and equipment</link:label>
    <link:labelArc xlink:type="arc" xlink:arcrole="http://www.xbrl.org/2003/arcrole/concept-label" xlink:from="rj_AnnualReportingGuidelines212Title_loc" xlink:to="rj_AnnualReportingGuidelines212Title_label_nl"/>
    <link:loc xlink:type="locator" xlink:href="rj-all.xsd#rj_AnnualReportingGuidelines213Title" xlink:label="rj_AnnualReportingGuidelines213Title_loc"/>
    <link:label xlink:type="resource" xlink:label="rj_AnnualReportingGuidelines213Title_label_nl" xlink:role="http://www.xbrl.org/2003/role/label" xml:lang="nl" id="rj_AnnualReportingGuidelines213Title_label_nl">RJ 213 - Investment properties</link:label>
    <link:labelArc xlink:type="arc" xlink:arcrole="http://www.xbrl.org/2003/arcrole/concept-label" xlink:from="rj_AnnualReportingGuidelines213Title_loc" xlink:to="rj_AnnualReportingGuidelines213Title_label_nl"/>
    <link:loc xlink:type="locator" xlink:href="rj-all.xsd#rj_AnnualReportingGuidelines214Title" xlink:label="rj_AnnualReportingGuidelines214Title_loc"/>
    <link:label xlink:type="resource" xlink:label="rj_AnnualReportingGuidelines214Title_label_nl" xlink:role="http://www.xbrl.org/2003/role/label" xml:lang="nl" id="rj_AnnualReportingGuidelines214Title_label_nl">RJ 214 - Financial assets</link:label>
    <link:labelArc xlink:type="arc" xlink:arcrole="http://www.xbrl.org/2003/arcrole/concept-label" xlink:from="rj_AnnualReportingGuidelines214Title_loc" xlink:to="rj_AnnualReportingGuidelines214Title_label_nl"/>
    <link:loc xlink:type="locator" xlink:href="rj-all.xsd#rj_AnnualReportingGuidelines215Title" xlink:label="rj_AnnualReportingGuidelines215Title_loc"/>
    <link:label xlink:type="resource" xlink:label="rj_AnnualReportingGuidelines215Title_label_nl" xlink:role="http://www.xbrl.org/2003/role/label" xml:lang="nl" id="rj_AnnualReportingGuidelines215Title_label_nl">RJ 215 - Joint ventures</link:label>
    <link:labelArc xlink:type="arc" xlink:arcrole="http://www.xbrl.org/2003/arcrole/concept-label" xlink:from="rj_AnnualReportingGuidelines215Title_loc" xlink:to="rj_AnnualReportingGuidelines215Title_label_nl"/>
    <link:loc xlink:type="locator" xlink:href="rj-all.xsd#rj_AnnualReportingGuidelines216Title" xlink:label="rj_AnnualReportingGuidelines216Title_loc"/>
    <link:label xlink:type="resource" xlink:label="rj_AnnualReportingGuidelines216Title_label_nl" xlink:role="http://www.xbrl.org/2003/role/label" xml:lang="nl" id="rj_AnnualReportingGuidelines216Title_label_nl">RJ 216 - Mergers and acquisitions</link:label>
    <link:labelArc xlink:type="arc" xlink:arcrole="http://www.xbrl.org/2003/arcrole/concept-label" xlink:from="rj_AnnualReportingGuidelines216Title_loc" xlink:to="rj_AnnualReportingGuidelines216Title_label_nl"/>
    <link:loc xlink:type="locator" xlink:href="rj-all.xsd#rj_AnnualReportingGuidelines217Title" xlink:label="rj_AnnualReportingGuidelines217Title_loc"/>
    <link:label xlink:type="resource" xlink:label="rj_AnnualReportingGuidelines217Title_label_nl" xlink:role="http://www.xbrl.org/2003/role/label" xml:lang="nl" id="rj_AnnualReportingGuidelines217Title_label_nl">RJ 217 - Consolidation</link:label>
    <link:labelArc xlink:type="arc" xlink:arcrole="http://www.xbrl.org/2003/arcrole/concept-label" xlink:from="rj_AnnualReportingGuidelines217Title_loc" xlink:to="rj_AnnualReportingGuidelines217Title_label_nl"/>
    <link:loc xlink:type="locator" xlink:href="rj-all.xsd#rj_AnnualReportingGuidelines220Title" xlink:label="rj_AnnualReportingGuidelines220Title_loc"/>
    <link:label xlink:type="resource" xlink:label="rj_AnnualReportingGuidelines220Title_label_nl" xlink:role="http://www.xbrl.org/2003/role/label" xml:lang="nl" id="rj_AnnualReportingGuidelines220Title_label_nl">RJ 220 - Inventories</link:label>
    <link:labelArc xlink:type="arc" xlink:arcrole="http://www.xbrl.org/2003/arcrole/concept-label" xlink:from="rj_AnnualReportingGuidelines220Title_loc" xlink:to="rj_AnnualReportingGuidelines220Title_label_nl"/>
    <link:loc xlink:type="locator" xlink:href="rj-all.xsd#rj_AnnualReportingGuidelines221Title" xlink:label="rj_AnnualReportingGuidelines221Title_loc"/>
    <link:label xlink:type="resource" xlink:label="rj_AnnualReportingGuidelines221Title_label_nl" xlink:role="http://www.xbrl.org/2003/role/label" xml:lang="nl" id="rj_AnnualReportingGuidelines221Title_label_nl">RJ 221 - Construction contracts</link:label>
    <link:labelArc xlink:type="arc" xlink:arcrole="http://www.xbrl.org/2003/arcrole/concept-label" xlink:from="rj_AnnualReportingGuidelines221Title_loc" xlink:to="rj_AnnualReportingGuidelines221Title_label_nl"/>
    <link:loc xlink:type="locator" xlink:href="rj-all.xsd#rj_AnnualReportingGuidelines222Title" xlink:label="rj_AnnualReportingGuidelines222Title_loc"/>
    <link:label xlink:type="resource" xlink:label="rj_AnnualReportingGuidelines222Title_label_nl" xlink:role="http://www.xbrl.org/2003/role/label" xml:lang="nl" id="rj_AnnualReportingGuidelines222Title_label_nl">RJ 222 - Receivables</link:label>
    <link:labelArc xlink:type="arc" xlink:arcrole="http://www.xbrl.org/2003/arcrole/concept-label" xlink:from="rj_AnnualReportingGuidelines222Title_loc" xlink:to="rj_AnnualReportingGuidelines222Title_label_nl"/>
    <link:loc xlink:type="locator" xlink:href="rj-all.xsd#rj_AnnualReportingGuidelines224Title" xlink:label="rj_AnnualReportingGuidelines224Title_loc"/>
    <link:label xlink:type="resource" xlink:label="rj_AnnualReportingGuidelines224Title_label_nl" xlink:role="http://www.xbrl.org/2003/role/label" xml:lang="nl" id="rj_AnnualReportingGuidelines224Title_label_nl">RJ 224 - Other current assets</link:label>
    <link:labelArc xlink:type="arc" xlink:arcrole="http://www.xbrl.org/2003/arcrole/concept-label" xlink:from="rj_AnnualReportingGuidelines224Title_loc" xlink:to="rj_AnnualReportingGuidelines224Title_label_nl"/>
    <link:loc xlink:type="locator" xlink:href="rj-all.xsd#rj_AnnualReportingGuidelines226Title" xlink:label="rj_AnnualReportingGuidelines226Title_loc"/>
    <link:label xlink:type="resource" xlink:label="rj_AnnualReportingGuidelines226Title_label_nl" xlink:role="http://www.xbrl.org/2003/role/label" xml:lang="nl" id="rj_AnnualReportingGuidelines226Title_label_nl">RJ 226 - Marketable securities</link:label>
    <link:labelArc xlink:type="arc" xlink:arcrole="http://www.xbrl.org/2003/arcrole/concept-label" xlink:from="rj_AnnualReportingGuidelines226Title_loc" xlink:to="rj_AnnualReportingGuidelines226Title_label_nl"/>
    <link:loc xlink:type="locator" xlink:href="rj-all.xsd#rj_AnnualReportingGuidelines228Title" xlink:label="rj_AnnualReportingGuidelines228Title_loc"/>
    <link:label xlink:type="resource" xlink:label="rj_AnnualReportingGuidelines228Title_label_nl" xlink:role="http://www.xbrl.org/2003/role/label" xml:lang="nl" id="rj_AnnualReportingGuidelines228Title_label_nl">RJ 228 - Liquid assets</link:label>
    <link:labelArc xlink:type="arc" xlink:arcrole="http://www.xbrl.org/2003/arcrole/concept-label" xlink:from="rj_AnnualReportingGuidelines228Title_loc" xlink:to="rj_AnnualReportingGuidelines228Title_label_nl"/>
    <link:loc xlink:type="locator" xlink:href="rj-all.xsd#rj_AnnualReportingGuidelines240Title" xlink:label="rj_AnnualReportingGuidelines240Title_loc"/>
    <link:label xlink:type="resource" xlink:label="rj_AnnualReportingGuidelines240Title_label_nl" xlink:role="http://www.xbrl.org/2003/role/label" xml:lang="nl" id="rj_AnnualReportingGuidelines240Title_label_nl">RJ 240 - Equity</link:label>
    <link:labelArc xlink:type="arc" xlink:arcrole="http://www.xbrl.org/2003/arcrole/concept-label" xlink:from="rj_AnnualReportingGuidelines240Title_loc" xlink:to="rj_AnnualReportingGuidelines240Title_label_nl"/>
    <link:loc xlink:type="locator" xlink:href="rj-all.xsd#rj_AnnualReportingGuidelines252Title" xlink:label="rj_AnnualReportingGuidelines252Title_loc"/>
    <link:label xlink:type="resource" xlink:label="rj_AnnualReportingGuidelines252Title_label_nl" xlink:role="http://www.xbrl.org/2003/role/label" xml:lang="nl" id="rj_AnnualReportingGuidelines252Title_label_nl">RJ 252 - Provisions, off-balance sheet commitments and off-balance sheet assets</link:label>
    <link:labelArc xlink:type="arc" xlink:arcrole="http://www.xbrl.org/2003/arcrole/concept-label" xlink:from="rj_AnnualReportingGuidelines252Title_loc" xlink:to="rj_AnnualReportingGuidelines252Title_label_nl"/>
    <link:loc xlink:type="locator" xlink:href="rj-all.xsd#rj_AnnualReportingGuidelines254Title" xlink:label="rj_AnnualReportingGuidelines254Title_loc"/>
    <link:label xlink:type="resource" xlink:label="rj_AnnualReportingGuidelines254Title_label_nl" xlink:role="http://www.xbrl.org/2003/role/label" xml:lang="nl" id="rj_AnnualReportingGuidelines254Title_label_nl">RJ 254 - Liabilities</link:label>
    <link:labelArc xlink:type="arc" xlink:arcrole="http://www.xbrl.org/2003/arcrole/concept-label" xlink:from="rj_AnnualReportingGuidelines254Title_loc" xlink:to="rj_AnnualReportingGuidelines254Title_label_nl"/>
    <link:loc xlink:type="locator" xlink:href="rj-all.xsd#rj_AnnualReportingGuidelines258Title" xlink:label="rj_AnnualReportingGuidelines258Title_loc"/>
    <link:label xlink:type="resource" xlink:label="rj_AnnualReportingGuidelines258Title_label_nl" xlink:role="http://www.xbrl.org/2003/role/label" xml:lang="nl" id="rj_AnnualReportingGuidelines258Title_label_nl">RJ 258 - Accruals and deferred income</link:label>
    <link:labelArc xlink:type="arc" xlink:arcrole="http://www.xbrl.org/2003/arcrole/concept-label" xlink:from="rj_AnnualReportingGuidelines258Title_loc" xlink:to="rj_AnnualReportingGuidelines258Title_label_nl"/>
    <link:loc xlink:type="locator" xlink:href="rj-all.xsd#rj_AnnualReportingGuidelines265Title" xlink:label="rj_AnnualReportingGuidelines265Title_loc"/>
    <link:label xlink:type="resource" xlink:label="rj_AnnualReportingGuidelines265Title_label_nl" xlink:role="http://www.xbrl.org/2003/role/label" xml:lang="nl" id="rj_AnnualReportingGuidelines265Title_label_nl">RJ 265 - Statement of comprehensive income</link:label>
    <link:labelArc xlink:type="arc" xlink:arcrole="http://www.xbrl.org/2003/arcrole/concept-label" xlink:from="rj_AnnualReportingGuidelines265Title_loc" xlink:to="rj_AnnualReportingGuidelines265Title_label_nl"/>
    <link:loc xlink:type="locator" xlink:href="rj-all.xsd#rj_AnnualReportingGuidelines270Title" xlink:label="rj_AnnualReportingGuidelines270Title_loc"/>
    <link:label xlink:type="resource" xlink:label="rj_AnnualReportingGuidelines270Title_label_nl" xlink:role="http://www.xbrl.org/2003/role/label" xml:lang="nl" id="rj_AnnualReportingGuidelines270Title_label_nl">RJ 270 - Profit and loss account</link:label>
    <link:labelArc xlink:type="arc" xlink:arcrole="http://www.xbrl.org/2003/arcrole/concept-label" xlink:from="rj_AnnualReportingGuidelines270Title_loc" xlink:to="rj_AnnualReportingGuidelines270Title_label_nl"/>
    <link:loc xlink:type="locator" xlink:href="rj-all.xsd#rj_AnnualReportingGuidelines271Title" xlink:label="rj_AnnualReportingGuidelines271Title_loc"/>
    <link:label xlink:type="resource" xlink:label="rj_AnnualReportingGuidelines271Title_label_nl" xlink:role="http://www.xbrl.org/2003/role/label" xml:lang="nl" id="rj_AnnualReportingGuidelines271Title_label_nl">RJ 271 - Employee benefits</link:label>
    <link:labelArc xlink:type="arc" xlink:arcrole="http://www.xbrl.org/2003/arcrole/concept-label" xlink:from="rj_AnnualReportingGuidelines271Title_loc" xlink:to="rj_AnnualReportingGuidelines271Title_label_nl"/>
    <link:loc xlink:type="locator" xlink:href="rj-all.xsd#rj_AnnualReportingGuidelines272Title" xlink:label="rj_AnnualReportingGuidelines272Title_loc"/>
    <link:label xlink:type="resource" xlink:label="rj_AnnualReportingGuidelines272Title_label_nl" xlink:role="http://www.xbrl.org/2003/role/label" xml:lang="nl" id="rj_AnnualReportingGuidelines272Title_label_nl">RJ 272 - Income taxes</link:label>
    <link:labelArc xlink:type="arc" xlink:arcrole="http://www.xbrl.org/2003/arcrole/concept-label" xlink:from="rj_AnnualReportingGuidelines272Title_loc" xlink:to="rj_AnnualReportingGuidelines272Title_label_nl"/>
    <link:loc xlink:type="locator" xlink:href="rj-all.xsd#rj_AnnualReportingGuidelines273Title" xlink:label="rj_AnnualReportingGuidelines273Title_loc"/>
    <link:label xlink:type="resource" xlink:label="rj_AnnualReportingGuidelines273Title_label_nl" xlink:role="http://www.xbrl.org/2003/role/label" xml:lang="nl" id="rj_AnnualReportingGuidelines273Title_label_nl">RJ 273 - Interest expenses</link:label>
    <link:labelArc xlink:type="arc" xlink:arcrole="http://www.xbrl.org/2003/arcrole/concept-label" xlink:from="rj_AnnualReportingGuidelines273Title_loc" xlink:to="rj_AnnualReportingGuidelines273Title_label_nl"/>
    <link:loc xlink:type="locator" xlink:href="rj-all.xsd#rj_AnnualReportingGuidelines274Title" xlink:label="rj_AnnualReportingGuidelines274Title_loc"/>
    <link:label xlink:type="resource" xlink:label="rj_AnnualReportingGuidelines274Title_label_nl" xlink:role="http://www.xbrl.org/2003/role/label" xml:lang="nl" id="rj_AnnualReportingGuidelines274Title_label_nl">RJ 274 - Government subsidies</link:label>
    <link:labelArc xlink:type="arc" xlink:arcrole="http://www.xbrl.org/2003/arcrole/concept-label" xlink:from="rj_AnnualReportingGuidelines274Title_loc" xlink:to="rj_AnnualReportingGuidelines274Title_label_nl"/>
    <link:loc xlink:type="locator" xlink:href="rj-all.xsd#rj_AnnualReportingGuidelines275Title" xlink:label="rj_AnnualReportingGuidelines275Title_loc"/>
    <link:label xlink:type="resource" xlink:label="rj_AnnualReportingGuidelines275Title_label_nl" xlink:role="http://www.xbrl.org/2003/role/label" xml:lang="nl" id="rj_AnnualReportingGuidelines275Title_label_nl">RJ 275 - Share-based payments</link:label>
    <link:labelArc xlink:type="arc" xlink:arcrole="http://www.xbrl.org/2003/arcrole/concept-label" xlink:from="rj_AnnualReportingGuidelines275Title_loc" xlink:to="rj_AnnualReportingGuidelines275Title_label_nl"/>
    <link:loc xlink:type="locator" xlink:href="rj-all.xsd#rj_AnnualReportingGuidelines290Title" xlink:label="rj_AnnualReportingGuidelines290Title_loc"/>
    <link:label xlink:type="resource" xlink:label="rj_AnnualReportingGuidelines290Title_label_nl" xlink:role="http://www.xbrl.org/2003/role/label" xml:lang="nl" id="rj_AnnualReportingGuidelines290Title_label_nl">RJ 290 - Financial instruments</link:label>
    <link:labelArc xlink:type="arc" xlink:arcrole="http://www.xbrl.org/2003/arcrole/concept-label" xlink:from="rj_AnnualReportingGuidelines290Title_loc" xlink:to="rj_AnnualReportingGuidelines290Title_label_nl"/>
    <link:loc xlink:type="locator" xlink:href="rj-all.xsd#rj_AnnualReportingGuidelines292Title" xlink:label="rj_AnnualReportingGuidelines292Title_loc"/>
    <link:label xlink:type="resource" xlink:label="rj_AnnualReportingGuidelines292Title_label_nl" xlink:role="http://www.xbrl.org/2003/role/label" xml:lang="nl" id="rj_AnnualReportingGuidelines292Title_label_nl">RJ 292 - Leasing</link:label>
    <link:labelArc xlink:type="arc" xlink:arcrole="http://www.xbrl.org/2003/arcrole/concept-label" xlink:from="rj_AnnualReportingGuidelines292Title_loc" xlink:to="rj_AnnualReportingGuidelines292Title_label_nl"/>
    <link:loc xlink:type="locator" xlink:href="rj-all.xsd#rj_AnnualReportingGuidelines300Title" xlink:label="rj_AnnualReportingGuidelines300Title_loc"/>
    <link:label xlink:type="resource" xlink:label="rj_AnnualReportingGuidelines300Title_label_nl" xlink:role="http://www.xbrl.org/2003/role/label" xml:lang="nl" id="rj_AnnualReportingGuidelines300Title_label_nl">RJ 300 - Function and classification</link:label>
    <link:labelArc xlink:type="arc" xlink:arcrole="http://www.xbrl.org/2003/arcrole/concept-label" xlink:from="rj_AnnualReportingGuidelines300Title_loc" xlink:to="rj_AnnualReportingGuidelines300Title_label_nl"/>
    <link:loc xlink:type="locator" xlink:href="rj-all.xsd#rj_AnnualReportingGuidelines315Title" xlink:label="rj_AnnualReportingGuidelines315Title_loc"/>
    <link:label xlink:type="resource" xlink:label="rj_AnnualReportingGuidelines315Title_label_nl" xlink:role="http://www.xbrl.org/2003/role/label" xml:lang="nl" id="rj_AnnualReportingGuidelines315Title_label_nl">RJ 315 - Exemptions for medium-sized legal entities</link:label>
    <link:labelArc xlink:type="arc" xlink:arcrole="http://www.xbrl.org/2003/arcrole/concept-label" xlink:from="rj_AnnualReportingGuidelines315Title_loc" xlink:to="rj_AnnualReportingGuidelines315Title_label_nl"/>
    <link:loc xlink:type="locator" xlink:href="rj-all.xsd#rj_AnnualReportingGuidelines330Title" xlink:label="rj_AnnualReportingGuidelines330Title_loc"/>
    <link:label xlink:type="resource" xlink:label="rj_AnnualReportingGuidelines330Title_label_nl" xlink:role="http://www.xbrl.org/2003/role/label" xml:lang="nl" id="rj_AnnualReportingGuidelines330Title_label_nl">RJ 330 - Related parties</link:label>
    <link:labelArc xlink:type="arc" xlink:arcrole="http://www.xbrl.org/2003/arcrole/concept-label" xlink:from="rj_AnnualReportingGuidelines330Title_loc" xlink:to="rj_AnnualReportingGuidelines330Title_label_nl"/>
    <link:loc xlink:type="locator" xlink:href="rj-all.xsd#rj_AnnualReportingGuidelines340Title" xlink:label="rj_AnnualReportingGuidelines340Title_loc"/>
    <link:label xlink:type="resource" xlink:label="rj_AnnualReportingGuidelines340Title_label_nl" xlink:role="http://www.xbrl.org/2003/role/label" xml:lang="nl" id="rj_AnnualReportingGuidelines340Title_label_nl">RJ 340 - Earnings per share</link:label>
    <link:labelArc xlink:type="arc" xlink:arcrole="http://www.xbrl.org/2003/arcrole/concept-label" xlink:from="rj_AnnualReportingGuidelines340Title_loc" xlink:to="rj_AnnualReportingGuidelines340Title_label_nl"/>
    <link:loc xlink:type="locator" xlink:href="rj-all.xsd#rj_AnnualReportingGuidelines345Title" xlink:label="rj_AnnualReportingGuidelines345Title_loc"/>
    <link:label xlink:type="resource" xlink:label="rj_AnnualReportingGuidelines345Title_label_nl" xlink:role="http://www.xbrl.org/2003/role/label" xml:lang="nl" id="rj_AnnualReportingGuidelines345Title_label_nl">RJ 345 - Discontinued operations</link:label>
    <link:labelArc xlink:type="arc" xlink:arcrole="http://www.xbrl.org/2003/arcrole/concept-label" xlink:from="rj_AnnualReportingGuidelines345Title_loc" xlink:to="rj_AnnualReportingGuidelines345Title_label_nl"/>
    <link:loc xlink:type="locator" xlink:href="rj-all.xsd#rj_AnnualReportingGuidelines350Title" xlink:label="rj_AnnualReportingGuidelines350Title_loc"/>
    <link:label xlink:type="resource" xlink:label="rj_AnnualReportingGuidelines350Title_label_nl" xlink:role="http://www.xbrl.org/2003/role/label" xml:lang="nl" id="rj_AnnualReportingGuidelines350Title_label_nl">RJ 350 - Segmented information</link:label>
    <link:labelArc xlink:type="arc" xlink:arcrole="http://www.xbrl.org/2003/arcrole/concept-label" xlink:from="rj_AnnualReportingGuidelines350Title_loc" xlink:to="rj_AnnualReportingGuidelines350Title_label_nl"/>
    <link:loc xlink:type="locator" xlink:href="rj-all.xsd#rj_AnnualReportingGuidelines360Title" xlink:label="rj_AnnualReportingGuidelines360Title_loc"/>
    <link:label xlink:type="resource" xlink:label="rj_AnnualReportingGuidelines360Title_label_nl" xlink:role="http://www.xbrl.org/2003/role/label" xml:lang="nl" id="rj_AnnualReportingGuidelines360Title_label_nl">RJ 360 - Cash flow statement</link:label>
    <link:labelArc xlink:type="arc" xlink:arcrole="http://www.xbrl.org/2003/arcrole/concept-label" xlink:from="rj_AnnualReportingGuidelines360Title_loc" xlink:to="rj_AnnualReportingGuidelines360Title_label_nl"/>
    <link:loc xlink:type="locator" xlink:href="rj-all.xsd#rj_AnnualReportingGuidelines390Title" xlink:label="rj_AnnualReportingGuidelines390Title_loc"/>
    <link:label xlink:type="resource" xlink:label="rj_AnnualReportingGuidelines390Title_label_nl" xlink:role="http://www.xbrl.org/2003/role/label" xml:lang="nl" id="rj_AnnualReportingGuidelines390Title_label_nl">RJ 390 - Other information to be included in the notes</link:label>
    <link:labelArc xlink:type="arc" xlink:arcrole="http://www.xbrl.org/2003/arcrole/concept-label" xlink:from="rj_AnnualReportingGuidelines390Title_loc" xlink:to="rj_AnnualReportingGuidelines390Title_label_nl"/>
    <link:loc xlink:type="locator" xlink:href="rj-all.xsd#rj_AnnualReportingGuidelines394Title" xlink:label="rj_AnnualReportingGuidelines394Title_loc"/>
    <link:label xlink:type="resource" xlink:label="rj_AnnualReportingGuidelines394Title_label_nl" xlink:role="http://www.xbrl.org/2003/role/label" xml:lang="nl" id="rj_AnnualReportingGuidelines394Title_label_nl">RJ 394 - Interim messages</link:label>
    <link:labelArc xlink:type="arc" xlink:arcrole="http://www.xbrl.org/2003/arcrole/concept-label" xlink:from="rj_AnnualReportingGuidelines394Title_loc" xlink:to="rj_AnnualReportingGuidelines394Title_label_nl"/>
    <link:loc xlink:type="locator" xlink:href="rj-all.xsd#rj_AnnualReportingGuidelines396Title" xlink:label="rj_AnnualReportingGuidelines396Title_loc"/>
    <link:label xlink:type="resource" xlink:label="rj_AnnualReportingGuidelines396Title_label_nl" xlink:role="http://www.xbrl.org/2003/role/label" xml:lang="nl" id="rj_AnnualReportingGuidelines396Title_label_nl">RJ 396 - Publication</link:label>
    <link:labelArc xlink:type="arc" xlink:arcrole="http://www.xbrl.org/2003/arcrole/concept-label" xlink:from="rj_AnnualReportingGuidelines396Title_loc" xlink:to="rj_AnnualReportingGuidelines396Title_label_nl"/>
    <link:loc xlink:type="locator" xlink:href="rj-all.xsd#rj_AnnualReportingGuidelines400Title" xlink:label="rj_AnnualReportingGuidelines400Title_loc"/>
    <link:label xlink:type="resource" xlink:label="rj_AnnualReportingGuidelines400Title_label_nl" xlink:role="http://www.xbrl.org/2003/role/label" xml:lang="nl" id="rj_AnnualReportingGuidelines400Title_label_nl">RJ 400 - Management report</link:label>
    <link:labelArc xlink:type="arc" xlink:arcrole="http://www.xbrl.org/2003/arcrole/concept-label" xlink:from="rj_AnnualReportingGuidelines400Title_loc" xlink:to="rj_AnnualReportingGuidelines400Title_label_nl"/>
    <link:loc xlink:type="locator" xlink:href="rj-all.xsd#rj_AnnualReportingGuidelines404Title" xlink:label="rj_AnnualReportingGuidelines404Title_loc"/>
    <link:label xlink:type="resource" xlink:label="rj_AnnualReportingGuidelines404Title_label_nl" xlink:role="http://www.xbrl.org/2003/role/label" xml:lang="nl" id="rj_AnnualReportingGuidelines404Title_label_nl">RJ 404 - Remuneration report and remuneration report</link:label>
    <link:labelArc xlink:type="arc" xlink:arcrole="http://www.xbrl.org/2003/arcrole/concept-label" xlink:from="rj_AnnualReportingGuidelines404Title_loc" xlink:to="rj_AnnualReportingGuidelines404Title_label_nl"/>
    <link:loc xlink:type="locator" xlink:href="rj-all.xsd#rj_AnnualReportingGuidelines405Title" xlink:label="rj_AnnualReportingGuidelines405Title_loc"/>
    <link:label xlink:type="resource" xlink:label="rj_AnnualReportingGuidelines405Title_label_nl" xlink:role="http://www.xbrl.org/2003/role/label" xml:lang="nl" id="rj_AnnualReportingGuidelines405Title_label_nl">RJ 405 - Report of the supervisory board</link:label>
    <link:labelArc xlink:type="arc" xlink:arcrole="http://www.xbrl.org/2003/arcrole/concept-label" xlink:from="rj_AnnualReportingGuidelines405Title_loc" xlink:to="rj_AnnualReportingGuidelines405Title_label_nl"/>
    <link:loc xlink:type="locator" xlink:href="rj-all.xsd#rj_AnnualReportingGuidelines410Title" xlink:label="rj_AnnualReportingGuidelines410Title_loc"/>
    <link:label xlink:type="resource" xlink:label="rj_AnnualReportingGuidelines410Title_label_nl" xlink:role="http://www.xbrl.org/2003/role/label" xml:lang="nl" id="rj_AnnualReportingGuidelines410Title_label_nl">RJ 410 - Other information</link:label>
    <link:labelArc xlink:type="arc" xlink:arcrole="http://www.xbrl.org/2003/arcrole/concept-label" xlink:from="rj_AnnualReportingGuidelines410Title_loc" xlink:to="rj_AnnualReportingGuidelines410Title_label_nl"/>
    <link:loc xlink:type="locator" xlink:href="rj-all.xsd#rj_AnnualReportingGuidelines420Title" xlink:label="rj_AnnualReportingGuidelines420Title_loc"/>
    <link:label xlink:type="resource" xlink:label="rj_AnnualReportingGuidelines420Title_label_nl" xlink:role="http://www.xbrl.org/2003/role/label" xml:lang="nl" id="rj_AnnualReportingGuidelines420Title_label_nl">RJ 420 - Profit appropriation, processing loss</link:label>
    <link:labelArc xlink:type="arc" xlink:arcrole="http://www.xbrl.org/2003/arcrole/concept-label" xlink:from="rj_AnnualReportingGuidelines420Title_loc" xlink:to="rj_AnnualReportingGuidelines420Title_label_nl"/>
    <link:loc xlink:type="locator" xlink:href="rj-all.xsd#rj_AnnualReportingGuidelines430Title" xlink:label="rj_AnnualReportingGuidelines430Title_loc"/>
    <link:label xlink:type="resource" xlink:label="rj_AnnualReportingGuidelines430Title_label_nl" xlink:role="http://www.xbrl.org/2003/role/label" xml:lang="nl" id="rj_AnnualReportingGuidelines430Title_label_nl">RJ 430 - Key figures, key ratios and multiannual overviews</link:label>
    <link:labelArc xlink:type="arc" xlink:arcrole="http://www.xbrl.org/2003/arcrole/concept-label" xlink:from="rj_AnnualReportingGuidelines430Title_loc" xlink:to="rj_AnnualReportingGuidelines430Title_label_nl"/>
    <link:loc xlink:type="locator" xlink:href="rj-all.xsd#rj_AnnualReportingGuidelines600Title" xlink:label="rj_AnnualReportingGuidelines600Title_loc"/>
    <link:label xlink:type="resource" xlink:label="rj_AnnualReportingGuidelines600Title_label_nl" xlink:role="http://www.xbrl.org/2003/role/label" xml:lang="nl" id="rj_AnnualReportingGuidelines600Title_label_nl">RJ 600 - Banks</link:label>
    <link:labelArc xlink:type="arc" xlink:arcrole="http://www.xbrl.org/2003/arcrole/concept-label" xlink:from="rj_AnnualReportingGuidelines600Title_loc" xlink:to="rj_AnnualReportingGuidelines600Title_label_nl"/>
    <link:loc xlink:type="locator" xlink:href="rj-all.xsd#rj_AnnualReportingGuidelines605Title" xlink:label="rj_AnnualReportingGuidelines605Title_loc"/>
    <link:label xlink:type="resource" xlink:label="rj_AnnualReportingGuidelines605Title_label_nl" xlink:role="http://www.xbrl.org/2003/role/label" xml:lang="nl" id="rj_AnnualReportingGuidelines605Title_label_nl">RJ 605 - Insurance companies</link:label>
    <link:labelArc xlink:type="arc" xlink:arcrole="http://www.xbrl.org/2003/arcrole/concept-label" xlink:from="rj_AnnualReportingGuidelines605Title_loc" xlink:to="rj_AnnualReportingGuidelines605Title_label_nl"/>
    <link:loc xlink:type="locator" xlink:href="rj-all.xsd#rj_AnnualReportingGuidelines610Title" xlink:label="rj_AnnualReportingGuidelines610Title_loc"/>
    <link:label xlink:type="resource" xlink:label="rj_AnnualReportingGuidelines610Title_label_nl" xlink:role="http://www.xbrl.org/2003/role/label" xml:lang="nl" id="rj_AnnualReportingGuidelines610Title_label_nl">RJ 610 - Pension funds</link:label>
    <link:labelArc xlink:type="arc" xlink:arcrole="http://www.xbrl.org/2003/arcrole/concept-label" xlink:from="rj_AnnualReportingGuidelines610Title_loc" xlink:to="rj_AnnualReportingGuidelines610Title_label_nl"/>
    <link:loc xlink:type="locator" xlink:href="rj-all.xsd#rj_AnnualReportingGuidelines611Title" xlink:label="rj_AnnualReportingGuidelines611Title_loc"/>
    <link:label xlink:type="resource" xlink:label="rj_AnnualReportingGuidelines611Title_label_nl" xlink:role="http://www.xbrl.org/2003/role/label" xml:lang="nl" id="rj_AnnualReportingGuidelines611Title_label_nl">RJ 611 - Premium pension institutions</link:label>
    <link:labelArc xlink:type="arc" xlink:arcrole="http://www.xbrl.org/2003/arcrole/concept-label" xlink:from="rj_AnnualReportingGuidelines611Title_loc" xlink:to="rj_AnnualReportingGuidelines611Title_label_nl"/>
    <link:loc xlink:type="locator" xlink:href="rj-all.xsd#rj_AnnualReportingGuidelines615Title" xlink:label="rj_AnnualReportingGuidelines615Title_loc"/>
    <link:label xlink:type="resource" xlink:label="rj_AnnualReportingGuidelines615Title_label_nl" xlink:role="http://www.xbrl.org/2003/role/label" xml:lang="nl" id="rj_AnnualReportingGuidelines615Title_label_nl">RJ 615 - Investment entities</link:label>
    <link:labelArc xlink:type="arc" xlink:arcrole="http://www.xbrl.org/2003/arcrole/concept-label" xlink:from="rj_AnnualReportingGuidelines615Title_loc" xlink:to="rj_AnnualReportingGuidelines615Title_label_nl"/>
    <link:loc xlink:type="locator" xlink:href="rj-all.xsd#rj_AnnualReportingGuidelines620Title" xlink:label="rj_AnnualReportingGuidelines620Title_loc"/>
    <link:label xlink:type="resource" xlink:label="rj_AnnualReportingGuidelines620Title_label_nl" xlink:role="http://www.xbrl.org/2003/role/label" xml:lang="nl" id="rj_AnnualReportingGuidelines620Title_label_nl">RJ 620 - Cooperatives</link:label>
    <link:labelArc xlink:type="arc" xlink:arcrole="http://www.xbrl.org/2003/arcrole/concept-label" xlink:from="rj_AnnualReportingGuidelines620Title_loc" xlink:to="rj_AnnualReportingGuidelines620Title_label_nl"/>
    <link:loc xlink:type="locator" xlink:href="rj-all.xsd#rj_AnnualReportingGuidelines630Title" xlink:label="rj_AnnualReportingGuidelines630Title_loc"/>
    <link:label xlink:type="resource" xlink:label="rj_AnnualReportingGuidelines630Title_label_nl" xlink:role="http://www.xbrl.org/2003/role/label" xml:lang="nl" id="rj_AnnualReportingGuidelines630Title_label_nl">RJ 630 - Commercial foundations and associations</link:label>
    <link:labelArc xlink:type="arc" xlink:arcrole="http://www.xbrl.org/2003/arcrole/concept-label" xlink:from="rj_AnnualReportingGuidelines630Title_loc" xlink:to="rj_AnnualReportingGuidelines630Title_label_nl"/>
    <link:loc xlink:type="locator" xlink:href="rj-all.xsd#rj_AnnualReportingGuidelines640Title" xlink:label="rj_AnnualReportingGuidelines640Title_loc"/>
    <link:label xlink:type="resource" xlink:label="rj_AnnualReportingGuidelines640Title_label_nl" xlink:role="http://www.xbrl.org/2003/role/label" xml:lang="nl" id="rj_AnnualReportingGuidelines640Title_label_nl">RJ 640 - Non-profit organisations</link:label>
    <link:labelArc xlink:type="arc" xlink:arcrole="http://www.xbrl.org/2003/arcrole/concept-label" xlink:from="rj_AnnualReportingGuidelines640Title_loc" xlink:to="rj_AnnualReportingGuidelines640Title_label_nl"/>
    <link:loc xlink:type="locator" xlink:href="rj-all.xsd#rj_AnnualReportingGuidelines645Title" xlink:label="rj_AnnualReportingGuidelines645Title_loc"/>
    <link:label xlink:type="resource" xlink:label="rj_AnnualReportingGuidelines645Title_label_nl" xlink:role="http://www.xbrl.org/2003/role/label" xml:lang="nl" id="rj_AnnualReportingGuidelines645Title_label_nl">RJ 645 - Approved institutions for public housing</link:label>
    <link:labelArc xlink:type="arc" xlink:arcrole="http://www.xbrl.org/2003/arcrole/concept-label" xlink:from="rj_AnnualReportingGuidelines645Title_loc" xlink:to="rj_AnnualReportingGuidelines645Title_label_nl"/>
    <link:loc xlink:type="locator" xlink:href="rj-all.xsd#rj_AnnualReportingGuidelines650Title" xlink:label="rj_AnnualReportingGuidelines650Title_loc"/>
    <link:label xlink:type="resource" xlink:label="rj_AnnualReportingGuidelines650Title_label_nl" xlink:role="http://www.xbrl.org/2003/role/label" xml:lang="nl" id="rj_AnnualReportingGuidelines650Title_label_nl">RJ 650 - Fundraising organisations</link:label>
    <link:labelArc xlink:type="arc" xlink:arcrole="http://www.xbrl.org/2003/arcrole/concept-label" xlink:from="rj_AnnualReportingGuidelines650Title_loc" xlink:to="rj_AnnualReportingGuidelines650Title_label_nl"/>
    <link:loc xlink:type="locator" xlink:href="rj-all.xsd#rj_AnnualReportingGuidelines655Title" xlink:label="rj_AnnualReportingGuidelines655Title_loc"/>
    <link:label xlink:type="resource" xlink:label="rj_AnnualReportingGuidelines655Title_label_nl" xlink:role="http://www.xbrl.org/2003/role/label" xml:lang="nl" id="rj_AnnualReportingGuidelines655Title_label_nl">RJ 655 - Healthcare institutions</link:label>
    <link:labelArc xlink:type="arc" xlink:arcrole="http://www.xbrl.org/2003/arcrole/concept-label" xlink:from="rj_AnnualReportingGuidelines655Title_loc" xlink:to="rj_AnnualReportingGuidelines655Title_label_nl"/>
    <link:loc xlink:type="locator" xlink:href="rj-all.xsd#rj_AnnualReportingGuidelines660Title" xlink:label="rj_AnnualReportingGuidelines660Title_loc"/>
    <link:label xlink:type="resource" xlink:label="rj_AnnualReportingGuidelines660Title_label_nl" xlink:role="http://www.xbrl.org/2003/role/label" xml:lang="nl" id="rj_AnnualReportingGuidelines660Title_label_nl">RJ 660 - Educational institutions</link:label>
    <link:labelArc xlink:type="arc" xlink:arcrole="http://www.xbrl.org/2003/arcrole/concept-label" xlink:from="rj_AnnualReportingGuidelines660Title_loc" xlink:to="rj_AnnualReportingGuidelines660Title_label_nl"/>
    <link:loc xlink:type="locator" xlink:href="rj-all.xsd#rj_AnnualReportingGuidelines920Title" xlink:label="rj_AnnualReportingGuidelines920Title_loc"/>
    <link:label xlink:type="resource" xlink:label="rj_AnnualReportingGuidelines920Title_label_nl" xlink:role="http://www.xbrl.org/2003/role/label" xml:lang="nl" id="rj_AnnualReportingGuidelines920Title_label_nl">RJ 920 - Profit appropriation, processing loss</link:label>
    <link:labelArc xlink:type="arc" xlink:arcrole="http://www.xbrl.org/2003/arcrole/concept-label" xlink:from="rj_AnnualReportingGuidelines920Title_loc" xlink:to="rj_AnnualReportingGuidelines920Title_label_nl"/>
    <link:loc xlink:type="locator" xlink:href="rj-all.xsd#rj_AnnualReportingGuidelines921Title" xlink:label="rj_AnnualReportingGuidelines921Title_loc"/>
    <link:label xlink:type="resource" xlink:label="rj_AnnualReportingGuidelines921Title_label_nl" xlink:role="http://www.xbrl.org/2003/role/label" xml:lang="nl" id="rj_AnnualReportingGuidelines921Title_label_nl">RJ 921 - Handbook for applying IAS 19R in the Dutch pension environment</link:label>
    <link:labelArc xlink:type="arc" xlink:arcrole="http://www.xbrl.org/2003/arcrole/concept-label" xlink:from="rj_AnnualReportingGuidelines921Title_loc" xlink:to="rj_AnnualReportingGuidelines921Title_label_nl"/>
    <link:loc xlink:type="locator" xlink:href="rj-all.xsd#rj_AnnualReportingGuidelinesExpressions202013Title" xlink:label="rj_AnnualReportingGuidelinesExpressions202013Title_loc"/>
    <link:label xlink:type="resource" xlink:label="rj_AnnualReportingGuidelinesExpressions202013Title_label_nl" xlink:role="http://www.xbrl.org/2003/role/label" xml:lang="nl" id="rj_AnnualReportingGuidelinesExpressions202013Title_label_nl">RJ expression 2020-13</link:label>
    <link:labelArc xlink:type="arc" xlink:arcrole="http://www.xbrl.org/2003/arcrole/concept-label" xlink:from="rj_AnnualReportingGuidelinesExpressions202013Title_loc" xlink:to="rj_AnnualReportingGuidelinesExpressions202013Title_label_nl"/>
    <link:loc xlink:type="locator" xlink:href="rj-all.xsd#rj_AnnualReportingGuidelinesExpressions202015Title" xlink:label="rj_AnnualReportingGuidelinesExpressions202015Title_loc"/>
    <link:label xlink:type="resource" xlink:label="rj_AnnualReportingGuidelinesExpressions202015Title_label_nl" xlink:role="http://www.xbrl.org/2003/role/label" xml:lang="nl" id="rj_AnnualReportingGuidelinesExpressions202015Title_label_nl">RJ expression 2020-15</link:label>
    <link:labelArc xlink:type="arc" xlink:arcrole="http://www.xbrl.org/2003/arcrole/concept-label" xlink:from="rj_AnnualReportingGuidelinesExpressions202015Title_loc" xlink:to="rj_AnnualReportingGuidelinesExpressions202015Title_label_nl"/>
    <link:loc xlink:type="locator" xlink:href="rj-all.xsd#rj_AnnualReportingGuidelinesExpressionsTitle" xlink:label="rj_AnnualReportingGuidelinesExpressionsTitle_loc"/>
    <link:label xlink:type="resource" xlink:label="rj_AnnualReportingGuidelinesExpressionsTitle_label_nl" xlink:role="http://www.xbrl.org/2003/role/label" xml:lang="nl" id="rj_AnnualReportingGuidelinesExpressionsTitle_label_nl">RJ expressions</link:label>
    <link:labelArc xlink:type="arc" xlink:arcrole="http://www.xbrl.org/2003/arcrole/concept-label" xlink:from="rj_AnnualReportingGuidelinesExpressionsTitle_loc" xlink:to="rj_AnnualReportingGuidelinesExpressionsTitle_label_nl"/>
  </link:labelLink>
</link:linkbase>
