<?xml version="1.0" encoding="UTF-8"?>
<!-- Generated by Fujitsu Interstage XWand B0251 -->
<link:linkbase xmlns:xsi="http://www.w3.org/2001/XMLSchema-instance" xsi:schemaLocation="http://www.xbrl.org/2003/linkbase http://www.xbrl.org/2003/xbrl-linkbase-2003-12-31.xsd" xmlns:link="http://www.xbrl.org/2003/linkbase" xmlns:xlink="http://www.w3.org/1999/xlink" xmlns:xbrli="http://www.xbrl.org/2003/instance">
  <link:labelLink xlink:type="extended" xlink:role="http://www.xbrl.org/2003/role/link">
    <link:loc xlink:type="locator" xlink:href="rj-all.xsd#rj_AnnualReportingGuidelines100Title" xlink:label="rj_AnnualReportingGuidelines100Title_loc"/>
    <link:label xlink:type="resource" xlink:label="rj_AnnualReportingGuidelines100Title_label_de" xlink:role="http://www.xbrl.org/2003/role/label" xml:lang="de" id="rj_AnnualReportingGuidelines100Title_label_de">RJ 100 - Einführung</link:label>
    <link:labelArc xlink:type="arc" xlink:arcrole="http://www.xbrl.org/2003/arcrole/concept-label" xlink:from="rj_AnnualReportingGuidelines100Title_loc" xlink:to="rj_AnnualReportingGuidelines100Title_label_de" use="optional" priority="0" order="1.0"/>
    <link:loc xlink:type="locator" xlink:href="rj-all.xsd#rj_AnnualReportingGuidelines110Title" xlink:label="rj_AnnualReportingGuidelines110Title_loc"/>
    <link:label xlink:type="resource" xlink:label="rj_AnnualReportingGuidelines110Title_label_de" xlink:role="http://www.xbrl.org/2003/role/label" xml:lang="de" id="rj_AnnualReportingGuidelines110Title_label_de">RJ 110 - Zielstellungen und Ausgangspunkte</link:label>
    <link:labelArc xlink:type="arc" xlink:arcrole="http://www.xbrl.org/2003/arcrole/concept-label" xlink:from="rj_AnnualReportingGuidelines110Title_loc" xlink:to="rj_AnnualReportingGuidelines110Title_label_de" use="optional" priority="0" order="1.0"/>
    <link:loc xlink:type="locator" xlink:href="rj-all.xsd#rj_AnnualReportingGuidelines115Title" xlink:label="rj_AnnualReportingGuidelines115Title_loc"/>
    <link:label xlink:type="resource" xlink:label="rj_AnnualReportingGuidelines115Title_label_de" xlink:role="http://www.xbrl.org/2003/role/label" xml:lang="de" id="rj_AnnualReportingGuidelines115Title_label_de">RJ 115 - Kriterien für die Aufnahme und die Bekanntgabe von Daten</link:label>
    <link:labelArc xlink:type="arc" xlink:arcrole="http://www.xbrl.org/2003/arcrole/concept-label" xlink:from="rj_AnnualReportingGuidelines115Title_loc" xlink:to="rj_AnnualReportingGuidelines115Title_label_de" use="optional" priority="0" order="1.0"/>
    <link:loc xlink:type="locator" xlink:href="rj-all.xsd#rj_AnnualReportingGuidelines120Title" xlink:label="rj_AnnualReportingGuidelines120Title_loc"/>
    <link:label xlink:type="resource" xlink:label="rj_AnnualReportingGuidelines120Title_label_de" xlink:role="http://www.xbrl.org/2003/role/label" xml:lang="de" id="rj_AnnualReportingGuidelines120Title_label_de">RJ 120 - Preisgrundlagen</link:label>
    <link:labelArc xlink:type="arc" xlink:arcrole="http://www.xbrl.org/2003/arcrole/concept-label" xlink:from="rj_AnnualReportingGuidelines120Title_loc" xlink:to="rj_AnnualReportingGuidelines120Title_label_de" use="optional" priority="0" order="1.0"/>
    <link:loc xlink:type="locator" xlink:href="rj-all.xsd#rj_AnnualReportingGuidelines121Title" xlink:label="rj_AnnualReportingGuidelines121Title_loc"/>
    <link:label xlink:type="resource" xlink:label="rj_AnnualReportingGuidelines121Title_label_de" xlink:role="http://www.xbrl.org/2003/role/label" xml:lang="de" id="rj_AnnualReportingGuidelines121Title_label_de">RJ 121 - Außergewöhnliche Wertminderung des Anlagevermögens</link:label>
    <link:labelArc xlink:type="arc" xlink:arcrole="http://www.xbrl.org/2003/arcrole/concept-label" xlink:from="rj_AnnualReportingGuidelines121Title_loc" xlink:to="rj_AnnualReportingGuidelines121Title_label_de" use="optional" priority="0" order="1.0"/>
    <link:loc xlink:type="locator" xlink:href="rj-all.xsd#rj_AnnualReportingGuidelines122Title" xlink:label="rj_AnnualReportingGuidelines122Title_loc"/>
    <link:label xlink:type="resource" xlink:label="rj_AnnualReportingGuidelines122Title_label_de" xlink:role="http://www.xbrl.org/2003/role/label" xml:lang="de" id="rj_AnnualReportingGuidelines122Title_label_de">RJ 122 - Preisgrundlagen für Fremdwährungen</link:label>
    <link:labelArc xlink:type="arc" xlink:arcrole="http://www.xbrl.org/2003/arcrole/concept-label" xlink:from="rj_AnnualReportingGuidelines122Title_loc" xlink:to="rj_AnnualReportingGuidelines122Title_label_de" use="optional" priority="0" order="1.0"/>
    <link:loc xlink:type="locator" xlink:href="rj-all.xsd#rj_AnnualReportingGuidelines140Title" xlink:label="rj_AnnualReportingGuidelines140Title_loc"/>
    <link:label xlink:type="resource" xlink:label="rj_AnnualReportingGuidelines140Title_label_de" xlink:role="http://www.xbrl.org/2003/role/label" xml:lang="de" id="rj_AnnualReportingGuidelines140Title_label_de">RJ 140 - Systemveränderungen</link:label>
    <link:labelArc xlink:type="arc" xlink:arcrole="http://www.xbrl.org/2003/arcrole/concept-label" xlink:from="rj_AnnualReportingGuidelines140Title_loc" xlink:to="rj_AnnualReportingGuidelines140Title_label_de" use="optional" priority="0" order="1.0"/>
    <link:loc xlink:type="locator" xlink:href="rj-all.xsd#rj_AnnualReportingGuidelines145Title" xlink:label="rj_AnnualReportingGuidelines145Title_loc"/>
    <link:label xlink:type="resource" xlink:label="rj_AnnualReportingGuidelines145Title_label_de" xlink:role="http://www.xbrl.org/2003/role/label" xml:lang="de" id="rj_AnnualReportingGuidelines145Title_label_de">RJ 145 - Änderungen der Schätzungen</link:label>
    <link:labelArc xlink:type="arc" xlink:arcrole="http://www.xbrl.org/2003/arcrole/concept-label" xlink:from="rj_AnnualReportingGuidelines145Title_loc" xlink:to="rj_AnnualReportingGuidelines145Title_label_de" use="optional" priority="0" order="1.0"/>
    <link:loc xlink:type="locator" xlink:href="rj-all.xsd#rj_AnnualReportingGuidelines150Title" xlink:label="rj_AnnualReportingGuidelines150Title_loc"/>
    <link:label xlink:type="resource" xlink:label="rj_AnnualReportingGuidelines150Title_label_de" xlink:role="http://www.xbrl.org/2003/role/label" xml:lang="de" id="rj_AnnualReportingGuidelines150Title_label_de">RJ 150 - Fehlerbehebung</link:label>
    <link:labelArc xlink:type="arc" xlink:arcrole="http://www.xbrl.org/2003/arcrole/concept-label" xlink:from="rj_AnnualReportingGuidelines150Title_loc" xlink:to="rj_AnnualReportingGuidelines150Title_label_de" use="optional" priority="0" order="1.0"/>
    <link:loc xlink:type="locator" xlink:href="rj-all.xsd#rj_AnnualReportingGuidelines160Title" xlink:label="rj_AnnualReportingGuidelines160Title_loc"/>
    <link:label xlink:type="resource" xlink:label="rj_AnnualReportingGuidelines160Title_label_de" xlink:role="http://www.xbrl.org/2003/role/label" xml:lang="de" id="rj_AnnualReportingGuidelines160Title_label_de">RJ 160 - Ereignisse nach Bilanzdatum</link:label>
    <link:labelArc xlink:type="arc" xlink:arcrole="http://www.xbrl.org/2003/arcrole/concept-label" xlink:from="rj_AnnualReportingGuidelines160Title_loc" xlink:to="rj_AnnualReportingGuidelines160Title_label_de" use="optional" priority="0" order="1.0"/>
    <link:loc xlink:type="locator" xlink:href="rj-all.xsd#rj_AnnualReportingGuidelines170Title" xlink:label="rj_AnnualReportingGuidelines170Title_loc"/>
    <link:label xlink:type="resource" xlink:label="rj_AnnualReportingGuidelines170Title_label_de" xlink:role="http://www.xbrl.org/2003/role/label" xml:lang="de" id="rj_AnnualReportingGuidelines170Title_label_de">RJ 170 - Diskontinuität und ernsthafte Unsicherheit über die Kontinuität</link:label>
    <link:labelArc xlink:type="arc" xlink:arcrole="http://www.xbrl.org/2003/arcrole/concept-label" xlink:from="rj_AnnualReportingGuidelines170Title_loc" xlink:to="rj_AnnualReportingGuidelines170Title_label_de" use="optional" priority="0" order="1.0"/>
    <link:loc xlink:type="locator" xlink:href="rj-all.xsd#rj_AnnualReportingGuidelines190Title" xlink:label="rj_AnnualReportingGuidelines190Title_loc"/>
    <link:label xlink:type="resource" xlink:label="rj_AnnualReportingGuidelines190Title_label_de" xlink:role="http://www.xbrl.org/2003/role/label" xml:lang="de" id="rj_AnnualReportingGuidelines190Title_label_de">RJ 190 - Sonstige allgemeine Erklärungen</link:label>
    <link:labelArc xlink:type="arc" xlink:arcrole="http://www.xbrl.org/2003/arcrole/concept-label" xlink:from="rj_AnnualReportingGuidelines190Title_loc" xlink:to="rj_AnnualReportingGuidelines190Title_label_de" use="optional" priority="0" order="1.0"/>
    <link:loc xlink:type="locator" xlink:href="rj-all.xsd#rj_AnnualReportingGuidelines210Title" xlink:label="rj_AnnualReportingGuidelines210Title_loc"/>
    <link:label xlink:type="resource" xlink:label="rj_AnnualReportingGuidelines210Title_label_de" xlink:role="http://www.xbrl.org/2003/role/label" xml:lang="de" id="rj_AnnualReportingGuidelines210Title_label_de">RJ 210 - Immaterielles Anlagevermögen</link:label>
    <link:labelArc xlink:type="arc" xlink:arcrole="http://www.xbrl.org/2003/arcrole/concept-label" xlink:from="rj_AnnualReportingGuidelines210Title_loc" xlink:to="rj_AnnualReportingGuidelines210Title_label_de" use="optional" priority="0" order="1.0"/>
    <link:loc xlink:type="locator" xlink:href="rj-all.xsd#rj_AnnualReportingGuidelines212Title" xlink:label="rj_AnnualReportingGuidelines212Title_loc"/>
    <link:label xlink:type="resource" xlink:label="rj_AnnualReportingGuidelines212Title_label_de" xlink:role="http://www.xbrl.org/2003/role/label" xml:lang="de" id="rj_AnnualReportingGuidelines212Title_label_de">RJ 212 - Sachanlagevermögen</link:label>
    <link:labelArc xlink:type="arc" xlink:arcrole="http://www.xbrl.org/2003/arcrole/concept-label" xlink:from="rj_AnnualReportingGuidelines212Title_loc" xlink:to="rj_AnnualReportingGuidelines212Title_label_de" use="optional" priority="0" order="1.0"/>
    <link:loc xlink:type="locator" xlink:href="rj-all.xsd#rj_AnnualReportingGuidelines213Title" xlink:label="rj_AnnualReportingGuidelines213Title_loc"/>
    <link:label xlink:type="resource" xlink:label="rj_AnnualReportingGuidelines213Title_label_de" xlink:role="http://www.xbrl.org/2003/role/label" xml:lang="de" id="rj_AnnualReportingGuidelines213Title_label_de">RJ 213 - Immobilieninvestitionen</link:label>
    <link:labelArc xlink:type="arc" xlink:arcrole="http://www.xbrl.org/2003/arcrole/concept-label" xlink:from="rj_AnnualReportingGuidelines213Title_loc" xlink:to="rj_AnnualReportingGuidelines213Title_label_de" use="optional" priority="0" order="1.0"/>
    <link:loc xlink:type="locator" xlink:href="rj-all.xsd#rj_AnnualReportingGuidelines214Title" xlink:label="rj_AnnualReportingGuidelines214Title_loc"/>
    <link:label xlink:type="resource" xlink:label="rj_AnnualReportingGuidelines214Title_label_de" xlink:role="http://www.xbrl.org/2003/role/label" xml:lang="de" id="rj_AnnualReportingGuidelines214Title_label_de">RJ 214 - Finanzanlagen</link:label>
    <link:labelArc xlink:type="arc" xlink:arcrole="http://www.xbrl.org/2003/arcrole/concept-label" xlink:from="rj_AnnualReportingGuidelines214Title_loc" xlink:to="rj_AnnualReportingGuidelines214Title_label_de" use="optional" priority="0" order="1.0"/>
    <link:loc xlink:type="locator" xlink:href="rj-all.xsd#rj_AnnualReportingGuidelines215Title" xlink:label="rj_AnnualReportingGuidelines215Title_loc"/>
    <link:label xlink:type="resource" xlink:label="rj_AnnualReportingGuidelines215Title_label_de" xlink:role="http://www.xbrl.org/2003/role/label" xml:lang="de" id="rj_AnnualReportingGuidelines215Title_label_de">RJ 215 - Gemeinschaftsunternehmen</link:label>
    <link:labelArc xlink:type="arc" xlink:arcrole="http://www.xbrl.org/2003/arcrole/concept-label" xlink:from="rj_AnnualReportingGuidelines215Title_loc" xlink:to="rj_AnnualReportingGuidelines215Title_label_de" use="optional" priority="0" order="1.0"/>
    <link:loc xlink:type="locator" xlink:href="rj-all.xsd#rj_AnnualReportingGuidelines216Title" xlink:label="rj_AnnualReportingGuidelines216Title_loc"/>
    <link:label xlink:type="resource" xlink:label="rj_AnnualReportingGuidelines216Title_label_de" xlink:role="http://www.xbrl.org/2003/role/label" xml:lang="de" id="rj_AnnualReportingGuidelines216Title_label_de">RJ 216 - Fusionen und Übernahmen</link:label>
    <link:labelArc xlink:type="arc" xlink:arcrole="http://www.xbrl.org/2003/arcrole/concept-label" xlink:from="rj_AnnualReportingGuidelines216Title_loc" xlink:to="rj_AnnualReportingGuidelines216Title_label_de" use="optional" priority="0" order="1.0"/>
    <link:loc xlink:type="locator" xlink:href="rj-all.xsd#rj_AnnualReportingGuidelines217Title" xlink:label="rj_AnnualReportingGuidelines217Title_loc"/>
    <link:label xlink:type="resource" xlink:label="rj_AnnualReportingGuidelines217Title_label_de" xlink:role="http://www.xbrl.org/2003/role/label" xml:lang="de" id="rj_AnnualReportingGuidelines217Title_label_de">RJ 217 - Konsolidierung</link:label>
    <link:labelArc xlink:type="arc" xlink:arcrole="http://www.xbrl.org/2003/arcrole/concept-label" xlink:from="rj_AnnualReportingGuidelines217Title_loc" xlink:to="rj_AnnualReportingGuidelines217Title_label_de" use="optional" priority="0" order="1.0"/>
    <link:loc xlink:type="locator" xlink:href="rj-all.xsd#rj_AnnualReportingGuidelines220Title" xlink:label="rj_AnnualReportingGuidelines220Title_loc"/>
    <link:label xlink:type="resource" xlink:label="rj_AnnualReportingGuidelines220Title_label_de" xlink:role="http://www.xbrl.org/2003/role/label" xml:lang="de" id="rj_AnnualReportingGuidelines220Title_label_de">RJ 220 - Vorräte</link:label>
    <link:labelArc xlink:type="arc" xlink:arcrole="http://www.xbrl.org/2003/arcrole/concept-label" xlink:from="rj_AnnualReportingGuidelines220Title_loc" xlink:to="rj_AnnualReportingGuidelines220Title_label_de" use="optional" priority="0" order="1.0"/>
    <link:loc xlink:type="locator" xlink:href="rj-all.xsd#rj_AnnualReportingGuidelines221Title" xlink:label="rj_AnnualReportingGuidelines221Title_loc"/>
    <link:label xlink:type="resource" xlink:label="rj_AnnualReportingGuidelines221Title_label_de" xlink:role="http://www.xbrl.org/2003/role/label" xml:lang="de" id="rj_AnnualReportingGuidelines221Title_label_de">RJ 221 - Laufende Projekte</link:label>
    <link:labelArc xlink:type="arc" xlink:arcrole="http://www.xbrl.org/2003/arcrole/concept-label" xlink:from="rj_AnnualReportingGuidelines221Title_loc" xlink:to="rj_AnnualReportingGuidelines221Title_label_de" use="optional" priority="0" order="1.0"/>
    <link:loc xlink:type="locator" xlink:href="rj-all.xsd#rj_AnnualReportingGuidelines222Title" xlink:label="rj_AnnualReportingGuidelines222Title_loc"/>
    <link:label xlink:type="resource" xlink:label="rj_AnnualReportingGuidelines222Title_label_de" xlink:role="http://www.xbrl.org/2003/role/label" xml:lang="de" id="rj_AnnualReportingGuidelines222Title_label_de">RJ 222 - Forderungen</link:label>
    <link:labelArc xlink:type="arc" xlink:arcrole="http://www.xbrl.org/2003/arcrole/concept-label" xlink:from="rj_AnnualReportingGuidelines222Title_loc" xlink:to="rj_AnnualReportingGuidelines222Title_label_de" use="optional" priority="0" order="1.0"/>
    <link:loc xlink:type="locator" xlink:href="rj-all.xsd#rj_AnnualReportingGuidelines224Title" xlink:label="rj_AnnualReportingGuidelines224Title_loc"/>
    <link:label xlink:type="resource" xlink:label="rj_AnnualReportingGuidelines224Title_label_de" xlink:role="http://www.xbrl.org/2003/role/label" xml:lang="de" id="rj_AnnualReportingGuidelines224Title_label_de">RJ 224 - Aktive Rechnungsabgrenzungsposten</link:label>
    <link:labelArc xlink:type="arc" xlink:arcrole="http://www.xbrl.org/2003/arcrole/concept-label" xlink:from="rj_AnnualReportingGuidelines224Title_loc" xlink:to="rj_AnnualReportingGuidelines224Title_label_de" use="optional" priority="0" order="1.0"/>
    <link:loc xlink:type="locator" xlink:href="rj-all.xsd#rj_AnnualReportingGuidelines226Title" xlink:label="rj_AnnualReportingGuidelines226Title_loc"/>
    <link:label xlink:type="resource" xlink:label="rj_AnnualReportingGuidelines226Title_label_de" xlink:role="http://www.xbrl.org/2003/role/label" xml:lang="de" id="rj_AnnualReportingGuidelines226Title_label_de">RJ 226 - Wertpapiere</link:label>
    <link:labelArc xlink:type="arc" xlink:arcrole="http://www.xbrl.org/2003/arcrole/concept-label" xlink:from="rj_AnnualReportingGuidelines226Title_loc" xlink:to="rj_AnnualReportingGuidelines226Title_label_de" use="optional" priority="0" order="1.0"/>
    <link:loc xlink:type="locator" xlink:href="rj-all.xsd#rj_AnnualReportingGuidelines228Title" xlink:label="rj_AnnualReportingGuidelines228Title_loc"/>
    <link:label xlink:type="resource" xlink:label="rj_AnnualReportingGuidelines228Title_label_de" xlink:role="http://www.xbrl.org/2003/role/label" xml:lang="de" id="rj_AnnualReportingGuidelines228Title_label_de">RJ 228 - Liquide Mittel</link:label>
    <link:labelArc xlink:type="arc" xlink:arcrole="http://www.xbrl.org/2003/arcrole/concept-label" xlink:from="rj_AnnualReportingGuidelines228Title_loc" xlink:to="rj_AnnualReportingGuidelines228Title_label_de" use="optional" priority="0" order="1.0"/>
    <link:loc xlink:type="locator" xlink:href="rj-all.xsd#rj_AnnualReportingGuidelines240Title" xlink:label="rj_AnnualReportingGuidelines240Title_loc"/>
    <link:label xlink:type="resource" xlink:label="rj_AnnualReportingGuidelines240Title_label_de" xlink:role="http://www.xbrl.org/2003/role/label" xml:lang="de" id="rj_AnnualReportingGuidelines240Title_label_de">RJ 240 - Eigenkapital</link:label>
    <link:labelArc xlink:type="arc" xlink:arcrole="http://www.xbrl.org/2003/arcrole/concept-label" xlink:from="rj_AnnualReportingGuidelines240Title_loc" xlink:to="rj_AnnualReportingGuidelines240Title_label_de" use="optional" priority="0" order="1.0"/>
    <link:loc xlink:type="locator" xlink:href="rj-all.xsd#rj_AnnualReportingGuidelines252Title" xlink:label="rj_AnnualReportingGuidelines252Title_loc"/>
    <link:label xlink:type="resource" xlink:label="rj_AnnualReportingGuidelines252Title_label_de" xlink:role="http://www.xbrl.org/2003/role/label" xml:lang="de" id="rj_AnnualReportingGuidelines252Title_label_de">RJ 252 - Rückstellungen, nicht in der Bilanz aufgenommene Verbindlichkeiten und Anlagevermögen</link:label>
    <link:labelArc xlink:type="arc" xlink:arcrole="http://www.xbrl.org/2003/arcrole/concept-label" xlink:from="rj_AnnualReportingGuidelines252Title_loc" xlink:to="rj_AnnualReportingGuidelines252Title_label_de" use="optional" priority="0" order="1.0"/>
    <link:loc xlink:type="locator" xlink:href="rj-all.xsd#rj_AnnualReportingGuidelines254Title" xlink:label="rj_AnnualReportingGuidelines254Title_loc"/>
    <link:label xlink:type="resource" xlink:label="rj_AnnualReportingGuidelines254Title_label_de" xlink:role="http://www.xbrl.org/2003/role/label" xml:lang="de" id="rj_AnnualReportingGuidelines254Title_label_de">RJ 254 - Schulden</link:label>
    <link:labelArc xlink:type="arc" xlink:arcrole="http://www.xbrl.org/2003/arcrole/concept-label" xlink:from="rj_AnnualReportingGuidelines254Title_loc" xlink:to="rj_AnnualReportingGuidelines254Title_label_de" use="optional" priority="0" order="1.0"/>
    <link:loc xlink:type="locator" xlink:href="rj-all.xsd#rj_AnnualReportingGuidelines258Title" xlink:label="rj_AnnualReportingGuidelines258Title_loc"/>
    <link:label xlink:type="resource" xlink:label="rj_AnnualReportingGuidelines258Title_label_de" xlink:role="http://www.xbrl.org/2003/role/label" xml:lang="de" id="rj_AnnualReportingGuidelines258Title_label_de">RJ 258 - Passive Rechnungsabgrenzungsposten</link:label>
    <link:labelArc xlink:type="arc" xlink:arcrole="http://www.xbrl.org/2003/arcrole/concept-label" xlink:from="rj_AnnualReportingGuidelines258Title_loc" xlink:to="rj_AnnualReportingGuidelines258Title_label_de" use="optional" priority="0" order="1.0"/>
    <link:loc xlink:type="locator" xlink:href="rj-all.xsd#rj_AnnualReportingGuidelines265Title" xlink:label="rj_AnnualReportingGuidelines265Title_loc"/>
    <link:label xlink:type="resource" xlink:label="rj_AnnualReportingGuidelines265Title_label_de" xlink:role="http://www.xbrl.org/2003/role/label" xml:lang="de" id="rj_AnnualReportingGuidelines265Title_label_de">RJ 265 - Überblick über das Gesamtergebnis der juristischen Person</link:label>
    <link:labelArc xlink:type="arc" xlink:arcrole="http://www.xbrl.org/2003/arcrole/concept-label" xlink:from="rj_AnnualReportingGuidelines265Title_loc" xlink:to="rj_AnnualReportingGuidelines265Title_label_de" use="optional" priority="0" order="1.0"/>
    <link:loc xlink:type="locator" xlink:href="rj-all.xsd#rj_AnnualReportingGuidelines270Title" xlink:label="rj_AnnualReportingGuidelines270Title_loc"/>
    <link:label xlink:type="resource" xlink:label="rj_AnnualReportingGuidelines270Title_label_de" xlink:role="http://www.xbrl.org/2003/role/label" xml:lang="de" id="rj_AnnualReportingGuidelines270Title_label_de">RJ 270 - Die Gewinn- und Verlustrechnung</link:label>
    <link:labelArc xlink:type="arc" xlink:arcrole="http://www.xbrl.org/2003/arcrole/concept-label" xlink:from="rj_AnnualReportingGuidelines270Title_loc" xlink:to="rj_AnnualReportingGuidelines270Title_label_de" use="optional" priority="0" order="1.0"/>
    <link:loc xlink:type="locator" xlink:href="rj-all.xsd#rj_AnnualReportingGuidelines271Title" xlink:label="rj_AnnualReportingGuidelines271Title_loc"/>
    <link:label xlink:type="resource" xlink:label="rj_AnnualReportingGuidelines271Title_label_de" xlink:role="http://www.xbrl.org/2003/role/label" xml:lang="de" id="rj_AnnualReportingGuidelines271Title_label_de">RJ 271 -Personalvergütungen</link:label>
    <link:labelArc xlink:type="arc" xlink:arcrole="http://www.xbrl.org/2003/arcrole/concept-label" xlink:from="rj_AnnualReportingGuidelines271Title_loc" xlink:to="rj_AnnualReportingGuidelines271Title_label_de" use="optional" priority="0" order="1.0"/>
    <link:loc xlink:type="locator" xlink:href="rj-all.xsd#rj_AnnualReportingGuidelines272Title" xlink:label="rj_AnnualReportingGuidelines272Title_loc"/>
    <link:label xlink:type="resource" xlink:label="rj_AnnualReportingGuidelines272Title_label_de" xlink:role="http://www.xbrl.org/2003/role/label" xml:lang="de" id="rj_AnnualReportingGuidelines272Title_label_de">RJ 272 - Gewerbeertragssteuer</link:label>
    <link:labelArc xlink:type="arc" xlink:arcrole="http://www.xbrl.org/2003/arcrole/concept-label" xlink:from="rj_AnnualReportingGuidelines272Title_loc" xlink:to="rj_AnnualReportingGuidelines272Title_label_de" use="optional" priority="0" order="1.0"/>
    <link:loc xlink:type="locator" xlink:href="rj-all.xsd#rj_AnnualReportingGuidelines273Title" xlink:label="rj_AnnualReportingGuidelines273Title_loc"/>
    <link:label xlink:type="resource" xlink:label="rj_AnnualReportingGuidelines273Title_label_de" xlink:role="http://www.xbrl.org/2003/role/label" xml:lang="de" id="rj_AnnualReportingGuidelines273Title_label_de">RJ 273 - Zinsaufwand</link:label>
    <link:labelArc xlink:type="arc" xlink:arcrole="http://www.xbrl.org/2003/arcrole/concept-label" xlink:from="rj_AnnualReportingGuidelines273Title_loc" xlink:to="rj_AnnualReportingGuidelines273Title_label_de" use="optional" priority="0" order="1.0"/>
    <link:loc xlink:type="locator" xlink:href="rj-all.xsd#rj_AnnualReportingGuidelines274Title" xlink:label="rj_AnnualReportingGuidelines274Title_loc"/>
    <link:label xlink:type="resource" xlink:label="rj_AnnualReportingGuidelines274Title_label_de" xlink:role="http://www.xbrl.org/2003/role/label" xml:lang="de" id="rj_AnnualReportingGuidelines274Title_label_de">RJ 274 - Öffentliche Zuschüsse</link:label>
    <link:labelArc xlink:type="arc" xlink:arcrole="http://www.xbrl.org/2003/arcrole/concept-label" xlink:from="rj_AnnualReportingGuidelines274Title_loc" xlink:to="rj_AnnualReportingGuidelines274Title_label_de" use="optional" priority="0" order="1.0"/>
    <link:loc xlink:type="locator" xlink:href="rj-all.xsd#rj_AnnualReportingGuidelines275Title" xlink:label="rj_AnnualReportingGuidelines275Title_loc"/>
    <link:label xlink:type="resource" xlink:label="rj_AnnualReportingGuidelines275Title_label_de" xlink:role="http://www.xbrl.org/2003/role/label" xml:lang="de" id="rj_AnnualReportingGuidelines275Title_label_de">RJ 275 - Aktienbasierte Zahlungen</link:label>
    <link:labelArc xlink:type="arc" xlink:arcrole="http://www.xbrl.org/2003/arcrole/concept-label" xlink:from="rj_AnnualReportingGuidelines275Title_loc" xlink:to="rj_AnnualReportingGuidelines275Title_label_de" use="optional" priority="0" order="1.0"/>
    <link:loc xlink:type="locator" xlink:href="rj-all.xsd#rj_AnnualReportingGuidelines290Title" xlink:label="rj_AnnualReportingGuidelines290Title_loc"/>
    <link:label xlink:type="resource" xlink:label="rj_AnnualReportingGuidelines290Title_label_de" xlink:role="http://www.xbrl.org/2003/role/label" xml:lang="de" id="rj_AnnualReportingGuidelines290Title_label_de">RJ 290 - Finanzinstrumente</link:label>
    <link:labelArc xlink:type="arc" xlink:arcrole="http://www.xbrl.org/2003/arcrole/concept-label" xlink:from="rj_AnnualReportingGuidelines290Title_loc" xlink:to="rj_AnnualReportingGuidelines290Title_label_de" use="optional" priority="0" order="1.0"/>
    <link:loc xlink:type="locator" xlink:href="rj-all.xsd#rj_AnnualReportingGuidelines292Title" xlink:label="rj_AnnualReportingGuidelines292Title_loc"/>
    <link:label xlink:type="resource" xlink:label="rj_AnnualReportingGuidelines292Title_label_de" xlink:role="http://www.xbrl.org/2003/role/label" xml:lang="de" id="rj_AnnualReportingGuidelines292Title_label_de">RJ 292 - Leasing</link:label>
    <link:labelArc xlink:type="arc" xlink:arcrole="http://www.xbrl.org/2003/arcrole/concept-label" xlink:from="rj_AnnualReportingGuidelines292Title_loc" xlink:to="rj_AnnualReportingGuidelines292Title_label_de" use="optional" priority="0" order="1.0"/>
    <link:loc xlink:type="locator" xlink:href="rj-all.xsd#rj_AnnualReportingGuidelines300Title" xlink:label="rj_AnnualReportingGuidelines300Title_loc"/>
    <link:label xlink:type="resource" xlink:label="rj_AnnualReportingGuidelines300Title_label_de" xlink:role="http://www.xbrl.org/2003/role/label" xml:lang="de" id="rj_AnnualReportingGuidelines300Title_label_de">RJ 300 - Funktion und Einteilung</link:label>
    <link:labelArc xlink:type="arc" xlink:arcrole="http://www.xbrl.org/2003/arcrole/concept-label" xlink:from="rj_AnnualReportingGuidelines300Title_loc" xlink:to="rj_AnnualReportingGuidelines300Title_label_de" use="optional" priority="0" order="1.0"/>
    <link:loc xlink:type="locator" xlink:href="rj-all.xsd#rj_AnnualReportingGuidelines315Title" xlink:label="rj_AnnualReportingGuidelines315Title_loc"/>
    <link:label xlink:type="resource" xlink:label="rj_AnnualReportingGuidelines315Title_label_de" xlink:role="http://www.xbrl.org/2003/role/label" xml:lang="de" id="rj_AnnualReportingGuidelines315Title_label_de">RJ 315 - Ausnahmen für mittlere Unternehmen</link:label>
    <link:labelArc xlink:type="arc" xlink:arcrole="http://www.xbrl.org/2003/arcrole/concept-label" xlink:from="rj_AnnualReportingGuidelines315Title_loc" xlink:to="rj_AnnualReportingGuidelines315Title_label_de" use="optional" priority="0" order="1.0"/>
    <link:loc xlink:type="locator" xlink:href="rj-all.xsd#rj_AnnualReportingGuidelines330Title" xlink:label="rj_AnnualReportingGuidelines330Title_loc"/>
    <link:label xlink:type="resource" xlink:label="rj_AnnualReportingGuidelines330Title_label_de" xlink:role="http://www.xbrl.org/2003/role/label" xml:lang="de" id="rj_AnnualReportingGuidelines330Title_label_de">RJ 330 - Verbundene Parteien</link:label>
    <link:labelArc xlink:type="arc" xlink:arcrole="http://www.xbrl.org/2003/arcrole/concept-label" xlink:from="rj_AnnualReportingGuidelines330Title_loc" xlink:to="rj_AnnualReportingGuidelines330Title_label_de" use="optional" priority="0" order="1.0"/>
    <link:loc xlink:type="locator" xlink:href="rj-all.xsd#rj_AnnualReportingGuidelines340Title" xlink:label="rj_AnnualReportingGuidelines340Title_loc"/>
    <link:label xlink:type="resource" xlink:label="rj_AnnualReportingGuidelines340Title_label_de" xlink:role="http://www.xbrl.org/2003/role/label" xml:lang="de" id="rj_AnnualReportingGuidelines340Title_label_de">RJ 340 - Ergebnis je Aktie</link:label>
    <link:labelArc xlink:type="arc" xlink:arcrole="http://www.xbrl.org/2003/arcrole/concept-label" xlink:from="rj_AnnualReportingGuidelines340Title_loc" xlink:to="rj_AnnualReportingGuidelines340Title_label_de" use="optional" priority="0" order="1.0"/>
    <link:loc xlink:type="locator" xlink:href="rj-all.xsd#rj_AnnualReportingGuidelines345Title" xlink:label="rj_AnnualReportingGuidelines345Title_loc"/>
    <link:label xlink:type="resource" xlink:label="rj_AnnualReportingGuidelines345Title_label_de" xlink:role="http://www.xbrl.org/2003/role/label" xml:lang="de" id="rj_AnnualReportingGuidelines345Title_label_de">RJ 345 - Aufgabe von Geschäftsbereichen</link:label>
    <link:labelArc xlink:type="arc" xlink:arcrole="http://www.xbrl.org/2003/arcrole/concept-label" xlink:from="rj_AnnualReportingGuidelines345Title_loc" xlink:to="rj_AnnualReportingGuidelines345Title_label_de" use="optional" priority="0" order="1.0"/>
    <link:loc xlink:type="locator" xlink:href="rj-all.xsd#rj_AnnualReportingGuidelines350Title" xlink:label="rj_AnnualReportingGuidelines350Title_loc"/>
    <link:label xlink:type="resource" xlink:label="rj_AnnualReportingGuidelines350Title_label_de" xlink:role="http://www.xbrl.org/2003/role/label" xml:lang="de" id="rj_AnnualReportingGuidelines350Title_label_de">RJ 350 - Segmentierte Informationen</link:label>
    <link:labelArc xlink:type="arc" xlink:arcrole="http://www.xbrl.org/2003/arcrole/concept-label" xlink:from="rj_AnnualReportingGuidelines350Title_loc" xlink:to="rj_AnnualReportingGuidelines350Title_label_de" use="optional" priority="0" order="1.0"/>
    <link:loc xlink:type="locator" xlink:href="rj-all.xsd#rj_AnnualReportingGuidelines360Title" xlink:label="rj_AnnualReportingGuidelines360Title_loc"/>
    <link:label xlink:type="resource" xlink:label="rj_AnnualReportingGuidelines360Title_label_de" xlink:role="http://www.xbrl.org/2003/role/label" xml:lang="de" id="rj_AnnualReportingGuidelines360Title_label_de">RJ 360 - Die Kapitalflussrechnung</link:label>
    <link:labelArc xlink:type="arc" xlink:arcrole="http://www.xbrl.org/2003/arcrole/concept-label" xlink:from="rj_AnnualReportingGuidelines360Title_loc" xlink:to="rj_AnnualReportingGuidelines360Title_label_de" use="optional" priority="0" order="1.0"/>
    <link:loc xlink:type="locator" xlink:href="rj-all.xsd#rj_AnnualReportingGuidelines390Title" xlink:label="rj_AnnualReportingGuidelines390Title_loc"/>
    <link:label xlink:type="resource" xlink:label="rj_AnnualReportingGuidelines390Title_label_de" xlink:role="http://www.xbrl.org/2003/role/label" xml:lang="de" id="rj_AnnualReportingGuidelines390Title_label_de">RJ 390 - Weitere im Anhang aufzunehmende Informationen</link:label>
    <link:labelArc xlink:type="arc" xlink:arcrole="http://www.xbrl.org/2003/arcrole/concept-label" xlink:from="rj_AnnualReportingGuidelines390Title_loc" xlink:to="rj_AnnualReportingGuidelines390Title_label_de" use="optional" priority="0" order="1.0"/>
    <link:loc xlink:type="locator" xlink:href="rj-all.xsd#rj_AnnualReportingGuidelines394Title" xlink:label="rj_AnnualReportingGuidelines394Title_loc"/>
    <link:label xlink:type="resource" xlink:label="rj_AnnualReportingGuidelines394Title_label_de" xlink:role="http://www.xbrl.org/2003/role/label" xml:lang="de" id="rj_AnnualReportingGuidelines394Title_label_de">RJ 394 - Zwischenmitteilungen</link:label>
    <link:labelArc xlink:type="arc" xlink:arcrole="http://www.xbrl.org/2003/arcrole/concept-label" xlink:from="rj_AnnualReportingGuidelines394Title_loc" xlink:to="rj_AnnualReportingGuidelines394Title_label_de" use="optional" priority="0" order="1.0"/>
    <link:loc xlink:type="locator" xlink:href="rj-all.xsd#rj_AnnualReportingGuidelines396Title" xlink:label="rj_AnnualReportingGuidelines396Title_loc"/>
    <link:label xlink:type="resource" xlink:label="rj_AnnualReportingGuidelines396Title_label_de" xlink:role="http://www.xbrl.org/2003/role/label" xml:lang="de" id="rj_AnnualReportingGuidelines396Title_label_de">RJ 396 - Veröffentlichung</link:label>
    <link:labelArc xlink:type="arc" xlink:arcrole="http://www.xbrl.org/2003/arcrole/concept-label" xlink:from="rj_AnnualReportingGuidelines396Title_loc" xlink:to="rj_AnnualReportingGuidelines396Title_label_de" use="optional" priority="0" order="1.0"/>
    <link:loc xlink:type="locator" xlink:href="rj-all.xsd#rj_AnnualReportingGuidelines400Title" xlink:label="rj_AnnualReportingGuidelines400Title_loc"/>
    <link:label xlink:type="resource" xlink:label="rj_AnnualReportingGuidelines400Title_label_de" xlink:role="http://www.xbrl.org/2003/role/label" xml:lang="de" id="rj_AnnualReportingGuidelines400Title_label_de">RJ 400 - Vorstandsbericht</link:label>
    <link:labelArc xlink:type="arc" xlink:arcrole="http://www.xbrl.org/2003/arcrole/concept-label" xlink:from="rj_AnnualReportingGuidelines400Title_loc" xlink:to="rj_AnnualReportingGuidelines400Title_label_de" use="optional" priority="0" order="1.0"/>
    <link:loc xlink:type="locator" xlink:href="rj-all.xsd#rj_AnnualReportingGuidelines404Title" xlink:label="rj_AnnualReportingGuidelines404Title_loc"/>
    <link:label xlink:type="resource" xlink:label="rj_AnnualReportingGuidelines404Title_label_de" xlink:role="http://www.xbrl.org/2003/role/label" xml:lang="de" id="rj_AnnualReportingGuidelines404Title_label_de">RJ 404 - Vergütungsbericht und Vergütungsbericht</link:label>
    <link:labelArc xlink:type="arc" xlink:arcrole="http://www.xbrl.org/2003/arcrole/concept-label" xlink:from="rj_AnnualReportingGuidelines404Title_loc" xlink:to="rj_AnnualReportingGuidelines404Title_label_de" use="optional" priority="0" order="1.0"/>
    <link:loc xlink:type="locator" xlink:href="rj-all.xsd#rj_AnnualReportingGuidelines405Title" xlink:label="rj_AnnualReportingGuidelines405Title_loc"/>
    <link:label xlink:type="resource" xlink:label="rj_AnnualReportingGuidelines405Title_label_de" xlink:role="http://www.xbrl.org/2003/role/label" xml:lang="de" id="rj_AnnualReportingGuidelines405Title_label_de">RJ 405 - Bericht des Aufsichtsrats</link:label>
    <link:labelArc xlink:type="arc" xlink:arcrole="http://www.xbrl.org/2003/arcrole/concept-label" xlink:from="rj_AnnualReportingGuidelines405Title_loc" xlink:to="rj_AnnualReportingGuidelines405Title_label_de" use="optional" priority="0" order="1.0"/>
    <link:loc xlink:type="locator" xlink:href="rj-all.xsd#rj_AnnualReportingGuidelines410Title" xlink:label="rj_AnnualReportingGuidelines410Title_loc"/>
    <link:label xlink:type="resource" xlink:label="rj_AnnualReportingGuidelines410Title_label_de" xlink:role="http://www.xbrl.org/2003/role/label" xml:lang="de" id="rj_AnnualReportingGuidelines410Title_label_de">RJ 410 - Sonstige Daten</link:label>
    <link:labelArc xlink:type="arc" xlink:arcrole="http://www.xbrl.org/2003/arcrole/concept-label" xlink:from="rj_AnnualReportingGuidelines410Title_loc" xlink:to="rj_AnnualReportingGuidelines410Title_label_de" use="optional" priority="0" order="1.0"/>
    <link:loc xlink:type="locator" xlink:href="rj-all.xsd#rj_AnnualReportingGuidelines420Title" xlink:label="rj_AnnualReportingGuidelines420Title_loc"/>
    <link:label xlink:type="resource" xlink:label="rj_AnnualReportingGuidelines420Title_label_de" xlink:role="http://www.xbrl.org/2003/role/label" xml:lang="de" id="rj_AnnualReportingGuidelines420Title_label_de">RJ 420 - Gewinnverwendung, operativer Verlust</link:label>
    <link:labelArc xlink:type="arc" xlink:arcrole="http://www.xbrl.org/2003/arcrole/concept-label" xlink:from="rj_AnnualReportingGuidelines420Title_loc" xlink:to="rj_AnnualReportingGuidelines420Title_label_de" use="optional" priority="0" order="1.0"/>
    <link:loc xlink:type="locator" xlink:href="rj-all.xsd#rj_AnnualReportingGuidelines430Title" xlink:label="rj_AnnualReportingGuidelines430Title_loc"/>
    <link:label xlink:type="resource" xlink:label="rj_AnnualReportingGuidelines430Title_label_de" xlink:role="http://www.xbrl.org/2003/role/label" xml:lang="de" id="rj_AnnualReportingGuidelines430Title_label_de">RJ 430 - Kernzahlen, Kennzahlen und langfristige Übersichten</link:label>
    <link:labelArc xlink:type="arc" xlink:arcrole="http://www.xbrl.org/2003/arcrole/concept-label" xlink:from="rj_AnnualReportingGuidelines430Title_loc" xlink:to="rj_AnnualReportingGuidelines430Title_label_de" use="optional" priority="0" order="1.0"/>
    <link:loc xlink:type="locator" xlink:href="rj-all.xsd#rj_AnnualReportingGuidelines600Title" xlink:label="rj_AnnualReportingGuidelines600Title_loc"/>
    <link:label xlink:type="resource" xlink:label="rj_AnnualReportingGuidelines600Title_label_de" xlink:role="http://www.xbrl.org/2003/role/label" xml:lang="de" id="rj_AnnualReportingGuidelines600Title_label_de">RJ 600 - Banken</link:label>
    <link:labelArc xlink:type="arc" xlink:arcrole="http://www.xbrl.org/2003/arcrole/concept-label" xlink:from="rj_AnnualReportingGuidelines600Title_loc" xlink:to="rj_AnnualReportingGuidelines600Title_label_de" use="optional" priority="0" order="1.0"/>
    <link:loc xlink:type="locator" xlink:href="rj-all.xsd#rj_AnnualReportingGuidelines605Title" xlink:label="rj_AnnualReportingGuidelines605Title_loc"/>
    <link:label xlink:type="resource" xlink:label="rj_AnnualReportingGuidelines605Title_label_de" xlink:role="http://www.xbrl.org/2003/role/label" xml:lang="de" id="rj_AnnualReportingGuidelines605Title_label_de">RJ 605 - Versicherungsgesellschaften</link:label>
    <link:labelArc xlink:type="arc" xlink:arcrole="http://www.xbrl.org/2003/arcrole/concept-label" xlink:from="rj_AnnualReportingGuidelines605Title_loc" xlink:to="rj_AnnualReportingGuidelines605Title_label_de" use="optional" priority="0" order="1.0"/>
    <link:loc xlink:type="locator" xlink:href="rj-all.xsd#rj_AnnualReportingGuidelines610Title" xlink:label="rj_AnnualReportingGuidelines610Title_loc"/>
    <link:label xlink:type="resource" xlink:label="rj_AnnualReportingGuidelines610Title_label_de" xlink:role="http://www.xbrl.org/2003/role/label" xml:lang="de" id="rj_AnnualReportingGuidelines610Title_label_de">RJ 610 - Pensionskassen</link:label>
    <link:labelArc xlink:type="arc" xlink:arcrole="http://www.xbrl.org/2003/arcrole/concept-label" xlink:from="rj_AnnualReportingGuidelines610Title_loc" xlink:to="rj_AnnualReportingGuidelines610Title_label_de" use="optional" priority="0" order="1.0"/>
    <link:loc xlink:type="locator" xlink:href="rj-all.xsd#rj_AnnualReportingGuidelines611Title" xlink:label="rj_AnnualReportingGuidelines611Title_loc"/>
    <link:label xlink:type="resource" xlink:label="rj_AnnualReportingGuidelines611Title_label_de" xlink:role="http://www.xbrl.org/2003/role/label" xml:lang="de" id="rj_AnnualReportingGuidelines611Title_label_de">RJ 611 - Prämienrenteneinrichtungen</link:label>
    <link:labelArc xlink:type="arc" xlink:arcrole="http://www.xbrl.org/2003/arcrole/concept-label" xlink:from="rj_AnnualReportingGuidelines611Title_loc" xlink:to="rj_AnnualReportingGuidelines611Title_label_de" use="optional" priority="0" order="1.0"/>
    <link:loc xlink:type="locator" xlink:href="rj-all.xsd#rj_AnnualReportingGuidelines615Title" xlink:label="rj_AnnualReportingGuidelines615Title_loc"/>
    <link:label xlink:type="resource" xlink:label="rj_AnnualReportingGuidelines615Title_label_de" xlink:role="http://www.xbrl.org/2003/role/label" xml:lang="de" id="rj_AnnualReportingGuidelines615Title_label_de">RJ 615 - Investmentgesellschaften</link:label>
    <link:labelArc xlink:type="arc" xlink:arcrole="http://www.xbrl.org/2003/arcrole/concept-label" xlink:from="rj_AnnualReportingGuidelines615Title_loc" xlink:to="rj_AnnualReportingGuidelines615Title_label_de" use="optional" priority="0" order="1.0"/>
    <link:loc xlink:type="locator" xlink:href="rj-all.xsd#rj_AnnualReportingGuidelines620Title" xlink:label="rj_AnnualReportingGuidelines620Title_loc"/>
    <link:label xlink:type="resource" xlink:label="rj_AnnualReportingGuidelines620Title_label_de" xlink:role="http://www.xbrl.org/2003/role/label" xml:lang="de" id="rj_AnnualReportingGuidelines620Title_label_de">RJ 620 - Genossenschaften</link:label>
    <link:labelArc xlink:type="arc" xlink:arcrole="http://www.xbrl.org/2003/arcrole/concept-label" xlink:from="rj_AnnualReportingGuidelines620Title_loc" xlink:to="rj_AnnualReportingGuidelines620Title_label_de" use="optional" priority="0" order="1.0"/>
    <link:loc xlink:type="locator" xlink:href="rj-all.xsd#rj_AnnualReportingGuidelines630Title" xlink:label="rj_AnnualReportingGuidelines630Title_loc"/>
    <link:label xlink:type="resource" xlink:label="rj_AnnualReportingGuidelines630Title_label_de" xlink:role="http://www.xbrl.org/2003/role/label" xml:lang="de" id="rj_AnnualReportingGuidelines630Title_label_de">RJ 630 - Gewerbliche Stiftungen und Verbände</link:label>
    <link:labelArc xlink:type="arc" xlink:arcrole="http://www.xbrl.org/2003/arcrole/concept-label" xlink:from="rj_AnnualReportingGuidelines630Title_loc" xlink:to="rj_AnnualReportingGuidelines630Title_label_de" use="optional" priority="0" order="1.0"/>
    <link:loc xlink:type="locator" xlink:href="rj-all.xsd#rj_AnnualReportingGuidelines640Title" xlink:label="rj_AnnualReportingGuidelines640Title_loc"/>
    <link:label xlink:type="resource" xlink:label="rj_AnnualReportingGuidelines640Title_label_de" xlink:role="http://www.xbrl.org/2003/role/label" xml:lang="de" id="rj_AnnualReportingGuidelines640Title_label_de">RJ 640 - Organisationen ohne Gewinnerzielungsabsicht</link:label>
    <link:labelArc xlink:type="arc" xlink:arcrole="http://www.xbrl.org/2003/arcrole/concept-label" xlink:from="rj_AnnualReportingGuidelines640Title_loc" xlink:to="rj_AnnualReportingGuidelines640Title_label_de" use="optional" priority="0" order="1.0"/>
    <link:loc xlink:type="locator" xlink:href="rj-all.xsd#rj_AnnualReportingGuidelines645Title" xlink:label="rj_AnnualReportingGuidelines645Title_loc"/>
    <link:label xlink:type="resource" xlink:label="rj_AnnualReportingGuidelines645Title_label_de" xlink:role="http://www.xbrl.org/2003/role/label" xml:lang="de" id="rj_AnnualReportingGuidelines645Title_label_de">RJ 645 - Zugelassene Organe der öffentlichen Wohnungsfürsorge</link:label>
    <link:labelArc xlink:type="arc" xlink:arcrole="http://www.xbrl.org/2003/arcrole/concept-label" xlink:from="rj_AnnualReportingGuidelines645Title_loc" xlink:to="rj_AnnualReportingGuidelines645Title_label_de" use="optional" priority="0" order="1.0"/>
    <link:loc xlink:type="locator" xlink:href="rj-all.xsd#rj_AnnualReportingGuidelines650Title" xlink:label="rj_AnnualReportingGuidelines650Title_loc"/>
    <link:label xlink:type="resource" xlink:label="rj_AnnualReportingGuidelines650Title_label_de" xlink:role="http://www.xbrl.org/2003/role/label" xml:lang="de" id="rj_AnnualReportingGuidelines650Title_label_de">RJ 650 - Spenden-Institutionen</link:label>
    <link:labelArc xlink:type="arc" xlink:arcrole="http://www.xbrl.org/2003/arcrole/concept-label" xlink:from="rj_AnnualReportingGuidelines650Title_loc" xlink:to="rj_AnnualReportingGuidelines650Title_label_de" use="optional" priority="0" order="1.0"/>
    <link:loc xlink:type="locator" xlink:href="rj-all.xsd#rj_AnnualReportingGuidelines655Title" xlink:label="rj_AnnualReportingGuidelines655Title_loc"/>
    <link:label xlink:type="resource" xlink:label="rj_AnnualReportingGuidelines655Title_label_de" xlink:role="http://www.xbrl.org/2003/role/label" xml:lang="de" id="rj_AnnualReportingGuidelines655Title_label_de">RJ 655 - Pflege-Institutionen</link:label>
    <link:labelArc xlink:type="arc" xlink:arcrole="http://www.xbrl.org/2003/arcrole/concept-label" xlink:from="rj_AnnualReportingGuidelines655Title_loc" xlink:to="rj_AnnualReportingGuidelines655Title_label_de" use="optional" priority="0" order="1.0"/>
    <link:loc xlink:type="locator" xlink:href="rj-all.xsd#rj_AnnualReportingGuidelines660Title" xlink:label="rj_AnnualReportingGuidelines660Title_loc"/>
    <link:label xlink:type="resource" xlink:label="rj_AnnualReportingGuidelines660Title_label_de" xlink:role="http://www.xbrl.org/2003/role/label" xml:lang="de" id="rj_AnnualReportingGuidelines660Title_label_de">RJ 660 - Bildungseinrichtungen</link:label>
    <link:labelArc xlink:type="arc" xlink:arcrole="http://www.xbrl.org/2003/arcrole/concept-label" xlink:from="rj_AnnualReportingGuidelines660Title_loc" xlink:to="rj_AnnualReportingGuidelines660Title_label_de" use="optional" priority="0" order="1.0"/>
    <link:loc xlink:type="locator" xlink:href="rj-all.xsd#rj_AnnualReportingGuidelines920Title" xlink:label="rj_AnnualReportingGuidelines920Title_loc"/>
    <link:label xlink:type="resource" xlink:label="rj_AnnualReportingGuidelines920Title_label_de" xlink:role="http://www.xbrl.org/2003/role/label" xml:lang="de" id="rj_AnnualReportingGuidelines920Title_label_de">RJ 920 - Leitfaden für die Nachhaltigkeitsberichterstattung</link:label>
    <link:labelArc xlink:type="arc" xlink:arcrole="http://www.xbrl.org/2003/arcrole/concept-label" xlink:from="rj_AnnualReportingGuidelines920Title_loc" xlink:to="rj_AnnualReportingGuidelines920Title_label_de" use="optional" priority="0" order="1.0"/>
    <link:loc xlink:type="locator" xlink:href="rj-all.xsd#rj_AnnualReportingGuidelines921Title" xlink:label="rj_AnnualReportingGuidelines921Title_loc"/>
    <link:label xlink:type="resource" xlink:label="rj_AnnualReportingGuidelines921Title_label_de" xlink:role="http://www.xbrl.org/2003/role/label" xml:lang="de" id="rj_AnnualReportingGuidelines921Title_label_de">RJ 921 - Leitfaden für die Anwendung der 'IAS 19R' für die niederländische Rentensituation</link:label>
    <link:labelArc xlink:type="arc" xlink:arcrole="http://www.xbrl.org/2003/arcrole/concept-label" xlink:from="rj_AnnualReportingGuidelines921Title_loc" xlink:to="rj_AnnualReportingGuidelines921Title_label_de" use="optional" priority="0" order="1.0"/>
    <link:loc xlink:type="locator" xlink:href="rj-all.xsd#rj_AnnualReportingGuidelinesExpressions202013Title" xlink:label="rj_AnnualReportingGuidelinesExpressions202013Title_loc"/>
    <link:label xlink:type="resource" xlink:label="rj_AnnualReportingGuidelinesExpressions202013Title_label_de" xlink:role="http://www.xbrl.org/2003/role/label" xml:lang="de" id="rj_AnnualReportingGuidelinesExpressions202013Title_label_de">RJ Anweisungen 2020-13</link:label>
    <link:labelArc xlink:type="arc" xlink:arcrole="http://www.xbrl.org/2003/arcrole/concept-label" xlink:from="rj_AnnualReportingGuidelinesExpressions202013Title_loc" xlink:to="rj_AnnualReportingGuidelinesExpressions202013Title_label_de" use="optional" priority="0" order="1.0"/>
    <link:loc xlink:type="locator" xlink:href="rj-all.xsd#rj_AnnualReportingGuidelinesExpressions202015Title" xlink:label="rj_AnnualReportingGuidelinesExpressions202015Title_loc"/>
    <link:label xlink:type="resource" xlink:label="rj_AnnualReportingGuidelinesExpressions202015Title_label_de" xlink:role="http://www.xbrl.org/2003/role/label" xml:lang="de" id="rj_AnnualReportingGuidelinesExpressions202015Title_label_de">RJ Anweisungen 2020-15</link:label>
    <link:labelArc xlink:type="arc" xlink:arcrole="http://www.xbrl.org/2003/arcrole/concept-label" xlink:from="rj_AnnualReportingGuidelinesExpressions202015Title_loc" xlink:to="rj_AnnualReportingGuidelinesExpressions202015Title_label_de" use="optional" priority="0" order="1.0"/>
    <link:loc xlink:type="locator" xlink:href="rj-all.xsd#rj_AnnualReportingGuidelinesExpressionsTitle" xlink:label="rj_AnnualReportingGuidelinesExpressionsTitle_loc"/>
    <link:label xlink:type="resource" xlink:label="rj_AnnualReportingGuidelinesExpressionsTitle_label_de" xlink:role="http://www.xbrl.org/2003/role/label" xml:lang="de" id="rj_AnnualReportingGuidelinesExpressionsTitle_label_de">RJ Anweisungen</link:label>
    <link:labelArc xlink:type="arc" xlink:arcrole="http://www.xbrl.org/2003/arcrole/concept-label" xlink:from="rj_AnnualReportingGuidelinesExpressionsTitle_loc" xlink:to="rj_AnnualReportingGuidelinesExpressionsTitle_label_de" use="optional" priority="0" order="1.0"/>
  </link:labelLink>
</link:linkbase>
