<?xml version="1.0" encoding="UTF-8"?>

<link:linkbase xmlns:xsi="http://www.w3.org/2001/XMLSchema-instance" xsi:schemaLocation="http://www.xbrl.org/2003/linkbase http://www.xbrl.org/2003/xbrl-linkbase-2003-12-31.xsd http://www.w3.org/1999/xlink http://www.xbrl.org/2003/xlink-2003-12-31.xsd http://xbrl.org/2008/label http://www.xbrl.org/2008/generic-label.xsd http://xbrl.org/2008/generic http://www.xbrl.org/2008/generic-link.xsd" xmlns:gen="http://xbrl.org/2008/generic" xmlns:link="http://www.xbrl.org/2003/linkbase" xmlns:xlink="http://www.w3.org/1999/xlink" xmlns:label="http://xbrl.org/2008/label">
  <link:roleRef roleURI="http://www.xbrl.org/2008/role/label" xlink:type="simple" xlink:href="http://www.xbrl.org/2008/generic-label.xsd#standard-label"/>
  <link:roleRef roleURI="http://www.xbrl.org/2008/role/link" xlink:type="simple" xlink:href="http://www.xbrl.org/2008/generic-link.xsd#standard-link-role"/>
  <link:arcroleRef arcroleURI="http://xbrl.org/arcrole/2008/element-label" xlink:type="simple" xlink:href="http://www.xbrl.org/2008/generic-label.xsd#element-label"/>
  <gen:link xlink:type="extended" xlink:role="http://www.xbrl.org/2008/role/link">
    <gen:arc xlink:arcrole="http://xbrl.org/arcrole/2008/element-label" xlink:from="rj_AnnualReportingGuidelines100_loc" xlink:to="rj_AnnualReportingGuidelines100_label_de" xlink:type="arc"/>
    <gen:arc xlink:arcrole="http://xbrl.org/arcrole/2008/element-label" xlink:from="rj_AnnualReportingGuidelines110_loc" xlink:to="rj_AnnualReportingGuidelines110_label_de" xlink:type="arc"/>
    <gen:arc xlink:arcrole="http://xbrl.org/arcrole/2008/element-label" xlink:from="rj_AnnualReportingGuidelines115_loc" xlink:to="rj_AnnualReportingGuidelines115_label_de" xlink:type="arc"/>
    <gen:arc xlink:arcrole="http://xbrl.org/arcrole/2008/element-label" xlink:from="rj_AnnualReportingGuidelines120_loc" xlink:to="rj_AnnualReportingGuidelines120_label_de" xlink:type="arc"/>
    <gen:arc xlink:arcrole="http://xbrl.org/arcrole/2008/element-label" xlink:from="rj_AnnualReportingGuidelines121_loc" xlink:to="rj_AnnualReportingGuidelines121_label_de" xlink:type="arc"/>
    <gen:arc xlink:arcrole="http://xbrl.org/arcrole/2008/element-label" xlink:from="rj_AnnualReportingGuidelines122_loc" xlink:to="rj_AnnualReportingGuidelines122_label_de" xlink:type="arc"/>
    <gen:arc xlink:arcrole="http://xbrl.org/arcrole/2008/element-label" xlink:from="rj_AnnualReportingGuidelines135_loc" xlink:to="rj_AnnualReportingGuidelines135_label_de" xlink:type="arc"/>
    <gen:arc xlink:arcrole="http://xbrl.org/arcrole/2008/element-label" xlink:from="rj_AnnualReportingGuidelines140_loc" xlink:to="rj_AnnualReportingGuidelines140_label_de" xlink:type="arc"/>
    <gen:arc xlink:arcrole="http://xbrl.org/arcrole/2008/element-label" xlink:from="rj_AnnualReportingGuidelines145_loc" xlink:to="rj_AnnualReportingGuidelines145_label_de" xlink:type="arc"/>
    <gen:arc xlink:arcrole="http://xbrl.org/arcrole/2008/element-label" xlink:from="rj_AnnualReportingGuidelines150_loc" xlink:to="rj_AnnualReportingGuidelines150_label_de" xlink:type="arc"/>
    <gen:arc xlink:arcrole="http://xbrl.org/arcrole/2008/element-label" xlink:from="rj_AnnualReportingGuidelines160_loc" xlink:to="rj_AnnualReportingGuidelines160_label_de" xlink:type="arc"/>
    <gen:arc xlink:arcrole="http://xbrl.org/arcrole/2008/element-label" xlink:from="rj_AnnualReportingGuidelines170_loc" xlink:to="rj_AnnualReportingGuidelines170_label_de" xlink:type="arc"/>
    <gen:arc xlink:arcrole="http://xbrl.org/arcrole/2008/element-label" xlink:from="rj_AnnualReportingGuidelines190_loc" xlink:to="rj_AnnualReportingGuidelines190_label_de" xlink:type="arc"/>
    <gen:arc xlink:arcrole="http://xbrl.org/arcrole/2008/element-label" xlink:from="rj_AnnualReportingGuidelines210_loc" xlink:to="rj_AnnualReportingGuidelines210_label_de" xlink:type="arc"/>
    <gen:arc xlink:arcrole="http://xbrl.org/arcrole/2008/element-label" xlink:from="rj_AnnualReportingGuidelines212_loc" xlink:to="rj_AnnualReportingGuidelines212_label_de" xlink:type="arc"/>
    <gen:arc xlink:arcrole="http://xbrl.org/arcrole/2008/element-label" xlink:from="rj_AnnualReportingGuidelines213_loc" xlink:to="rj_AnnualReportingGuidelines213_label_de" xlink:type="arc"/>
    <gen:arc xlink:arcrole="http://xbrl.org/arcrole/2008/element-label" xlink:from="rj_AnnualReportingGuidelines214_loc" xlink:to="rj_AnnualReportingGuidelines214_label_de" xlink:type="arc"/>
    <gen:arc xlink:arcrole="http://xbrl.org/arcrole/2008/element-label" xlink:from="rj_AnnualReportingGuidelines215_loc" xlink:to="rj_AnnualReportingGuidelines215_label_de" xlink:type="arc"/>
    <gen:arc xlink:arcrole="http://xbrl.org/arcrole/2008/element-label" xlink:from="rj_AnnualReportingGuidelines216_loc" xlink:to="rj_AnnualReportingGuidelines216_label_de" xlink:type="arc"/>
    <gen:arc xlink:arcrole="http://xbrl.org/arcrole/2008/element-label" xlink:from="rj_AnnualReportingGuidelines217_loc" xlink:to="rj_AnnualReportingGuidelines217_label_de" xlink:type="arc"/>
    <gen:arc xlink:arcrole="http://xbrl.org/arcrole/2008/element-label" xlink:from="rj_AnnualReportingGuidelines220_loc" xlink:to="rj_AnnualReportingGuidelines220_label_de" xlink:type="arc"/>
    <gen:arc xlink:arcrole="http://xbrl.org/arcrole/2008/element-label" xlink:from="rj_AnnualReportingGuidelines221_loc" xlink:to="rj_AnnualReportingGuidelines221_label_de" xlink:type="arc"/>
    <gen:arc xlink:arcrole="http://xbrl.org/arcrole/2008/element-label" xlink:from="rj_AnnualReportingGuidelines222_loc" xlink:to="rj_AnnualReportingGuidelines222_label_de" xlink:type="arc"/>
    <gen:arc xlink:arcrole="http://xbrl.org/arcrole/2008/element-label" xlink:from="rj_AnnualReportingGuidelines224_loc" xlink:to="rj_AnnualReportingGuidelines224_label_de" xlink:type="arc"/>
    <gen:arc xlink:arcrole="http://xbrl.org/arcrole/2008/element-label" xlink:from="rj_AnnualReportingGuidelines226_loc" xlink:to="rj_AnnualReportingGuidelines226_label_de" xlink:type="arc"/>
    <gen:arc xlink:arcrole="http://xbrl.org/arcrole/2008/element-label" xlink:from="rj_AnnualReportingGuidelines228_loc" xlink:to="rj_AnnualReportingGuidelines228_label_de" xlink:type="arc"/>
    <gen:arc xlink:arcrole="http://xbrl.org/arcrole/2008/element-label" xlink:from="rj_AnnualReportingGuidelines240_loc" xlink:to="rj_AnnualReportingGuidelines240_label_de" xlink:type="arc"/>
    <gen:arc xlink:arcrole="http://xbrl.org/arcrole/2008/element-label" xlink:from="rj_AnnualReportingGuidelines252_loc" xlink:to="rj_AnnualReportingGuidelines252_label_de" xlink:type="arc"/>
    <gen:arc xlink:arcrole="http://xbrl.org/arcrole/2008/element-label" xlink:from="rj_AnnualReportingGuidelines254_loc" xlink:to="rj_AnnualReportingGuidelines254_label_de" xlink:type="arc"/>
    <gen:arc xlink:arcrole="http://xbrl.org/arcrole/2008/element-label" xlink:from="rj_AnnualReportingGuidelines258_loc" xlink:to="rj_AnnualReportingGuidelines258_label_de" xlink:type="arc"/>
    <gen:arc xlink:arcrole="http://xbrl.org/arcrole/2008/element-label" xlink:from="rj_AnnualReportingGuidelines265_loc" xlink:to="rj_AnnualReportingGuidelines265_label_de" xlink:type="arc"/>
    <gen:arc xlink:arcrole="http://xbrl.org/arcrole/2008/element-label" xlink:from="rj_AnnualReportingGuidelines270_loc" xlink:to="rj_AnnualReportingGuidelines270_label_de" xlink:type="arc"/>
    <gen:arc xlink:arcrole="http://xbrl.org/arcrole/2008/element-label" xlink:from="rj_AnnualReportingGuidelines271_loc" xlink:to="rj_AnnualReportingGuidelines271_label_de" xlink:type="arc"/>
    <gen:arc xlink:arcrole="http://xbrl.org/arcrole/2008/element-label" xlink:from="rj_AnnualReportingGuidelines272_loc" xlink:to="rj_AnnualReportingGuidelines272_label_de" xlink:type="arc"/>
    <gen:arc xlink:arcrole="http://xbrl.org/arcrole/2008/element-label" xlink:from="rj_AnnualReportingGuidelines273_loc" xlink:to="rj_AnnualReportingGuidelines273_label_de" xlink:type="arc"/>
    <gen:arc xlink:arcrole="http://xbrl.org/arcrole/2008/element-label" xlink:from="rj_AnnualReportingGuidelines274_loc" xlink:to="rj_AnnualReportingGuidelines274_label_de" xlink:type="arc"/>
    <gen:arc xlink:arcrole="http://xbrl.org/arcrole/2008/element-label" xlink:from="rj_AnnualReportingGuidelines275_loc" xlink:to="rj_AnnualReportingGuidelines275_label_de" xlink:type="arc"/>
    <gen:arc xlink:arcrole="http://xbrl.org/arcrole/2008/element-label" xlink:from="rj_AnnualReportingGuidelines290_loc" xlink:to="rj_AnnualReportingGuidelines290_label_de" xlink:type="arc"/>
    <gen:arc xlink:arcrole="http://xbrl.org/arcrole/2008/element-label" xlink:from="rj_AnnualReportingGuidelines292_loc" xlink:to="rj_AnnualReportingGuidelines292_label_de" xlink:type="arc"/>
    <gen:arc xlink:arcrole="http://xbrl.org/arcrole/2008/element-label" xlink:from="rj_AnnualReportingGuidelines300_loc" xlink:to="rj_AnnualReportingGuidelines300_label_de" xlink:type="arc"/>
    <gen:arc xlink:arcrole="http://xbrl.org/arcrole/2008/element-label" xlink:from="rj_AnnualReportingGuidelines315_loc" xlink:to="rj_AnnualReportingGuidelines315_label_de" xlink:type="arc"/>
    <gen:arc xlink:arcrole="http://xbrl.org/arcrole/2008/element-label" xlink:from="rj_AnnualReportingGuidelines330_loc" xlink:to="rj_AnnualReportingGuidelines330_label_de" xlink:type="arc"/>
    <gen:arc xlink:arcrole="http://xbrl.org/arcrole/2008/element-label" xlink:from="rj_AnnualReportingGuidelines340_loc" xlink:to="rj_AnnualReportingGuidelines340_label_de" xlink:type="arc"/>
    <gen:arc xlink:arcrole="http://xbrl.org/arcrole/2008/element-label" xlink:from="rj_AnnualReportingGuidelines345_loc" xlink:to="rj_AnnualReportingGuidelines345_label_de" xlink:type="arc"/>
    <gen:arc xlink:arcrole="http://xbrl.org/arcrole/2008/element-label" xlink:from="rj_AnnualReportingGuidelines350_loc" xlink:to="rj_AnnualReportingGuidelines350_label_de" xlink:type="arc"/>
    <gen:arc xlink:arcrole="http://xbrl.org/arcrole/2008/element-label" xlink:from="rj_AnnualReportingGuidelines360_loc" xlink:to="rj_AnnualReportingGuidelines360_label_de" xlink:type="arc"/>
    <gen:arc xlink:arcrole="http://xbrl.org/arcrole/2008/element-label" xlink:from="rj_AnnualReportingGuidelines390_loc" xlink:to="rj_AnnualReportingGuidelines390_label_de" xlink:type="arc"/>
    <gen:arc xlink:arcrole="http://xbrl.org/arcrole/2008/element-label" xlink:from="rj_AnnualReportingGuidelines394_loc" xlink:to="rj_AnnualReportingGuidelines394_label_de" xlink:type="arc"/>
    <gen:arc xlink:arcrole="http://xbrl.org/arcrole/2008/element-label" xlink:from="rj_AnnualReportingGuidelines396_loc" xlink:to="rj_AnnualReportingGuidelines396_label_de" xlink:type="arc"/>
    <gen:arc xlink:arcrole="http://xbrl.org/arcrole/2008/element-label" xlink:from="rj_AnnualReportingGuidelines400_loc" xlink:to="rj_AnnualReportingGuidelines400_label_de" xlink:type="arc"/>
    <gen:arc xlink:arcrole="http://xbrl.org/arcrole/2008/element-label" xlink:from="rj_AnnualReportingGuidelines404_loc" xlink:to="rj_AnnualReportingGuidelines404_label_de" xlink:type="arc"/>
    <gen:arc xlink:arcrole="http://xbrl.org/arcrole/2008/element-label" xlink:from="rj_AnnualReportingGuidelines405_loc" xlink:to="rj_AnnualReportingGuidelines405_label_de" xlink:type="arc"/>
    <gen:arc xlink:arcrole="http://xbrl.org/arcrole/2008/element-label" xlink:from="rj_AnnualReportingGuidelines410_loc" xlink:to="rj_AnnualReportingGuidelines410_label_de" xlink:type="arc"/>
    <gen:arc xlink:arcrole="http://xbrl.org/arcrole/2008/element-label" xlink:from="rj_AnnualReportingGuidelines420_loc" xlink:to="rj_AnnualReportingGuidelines420_label_de" xlink:type="arc"/>
    <gen:arc xlink:arcrole="http://xbrl.org/arcrole/2008/element-label" xlink:from="rj_AnnualReportingGuidelines430_loc" xlink:to="rj_AnnualReportingGuidelines430_label_de" xlink:type="arc"/>
    <gen:arc xlink:arcrole="http://xbrl.org/arcrole/2008/element-label" xlink:from="rj_AnnualReportingGuidelines600_loc" xlink:to="rj_AnnualReportingGuidelines600_label_de" xlink:type="arc"/>
    <gen:arc xlink:arcrole="http://xbrl.org/arcrole/2008/element-label" xlink:from="rj_AnnualReportingGuidelines605_loc" xlink:to="rj_AnnualReportingGuidelines605_label_de" xlink:type="arc"/>
    <gen:arc xlink:arcrole="http://xbrl.org/arcrole/2008/element-label" xlink:from="rj_AnnualReportingGuidelines610_loc" xlink:to="rj_AnnualReportingGuidelines610_label_de" xlink:type="arc"/>
    <gen:arc xlink:arcrole="http://xbrl.org/arcrole/2008/element-label" xlink:from="rj_AnnualReportingGuidelines611_loc" xlink:to="rj_AnnualReportingGuidelines611_label_de" xlink:type="arc"/>
    <gen:arc xlink:arcrole="http://xbrl.org/arcrole/2008/element-label" xlink:from="rj_AnnualReportingGuidelines615_loc" xlink:to="rj_AnnualReportingGuidelines615_label_de" xlink:type="arc"/>
    <gen:arc xlink:arcrole="http://xbrl.org/arcrole/2008/element-label" xlink:from="rj_AnnualReportingGuidelines620_loc" xlink:to="rj_AnnualReportingGuidelines620_label_de" xlink:type="arc"/>
    <gen:arc xlink:arcrole="http://xbrl.org/arcrole/2008/element-label" xlink:from="rj_AnnualReportingGuidelines630_loc" xlink:to="rj_AnnualReportingGuidelines630_label_de" xlink:type="arc"/>
    <gen:arc xlink:arcrole="http://xbrl.org/arcrole/2008/element-label" xlink:from="rj_AnnualReportingGuidelines640_loc" xlink:to="rj_AnnualReportingGuidelines640_label_de" xlink:type="arc"/>
    <gen:arc xlink:arcrole="http://xbrl.org/arcrole/2008/element-label" xlink:from="rj_AnnualReportingGuidelines645_loc" xlink:to="rj_AnnualReportingGuidelines645_label_de" xlink:type="arc"/>
    <gen:arc xlink:arcrole="http://xbrl.org/arcrole/2008/element-label" xlink:from="rj_AnnualReportingGuidelines650_loc" xlink:to="rj_AnnualReportingGuidelines650_label_de" xlink:type="arc"/>
    <gen:arc xlink:arcrole="http://xbrl.org/arcrole/2008/element-label" xlink:from="rj_AnnualReportingGuidelines655_loc" xlink:to="rj_AnnualReportingGuidelines655_label_de" xlink:type="arc"/>
    <gen:arc xlink:arcrole="http://xbrl.org/arcrole/2008/element-label" xlink:from="rj_AnnualReportingGuidelines660_loc" xlink:to="rj_AnnualReportingGuidelines660_label_de" xlink:type="arc"/>
    <gen:arc xlink:arcrole="http://xbrl.org/arcrole/2008/element-label" xlink:from="rj_AnnualReportingGuidelines920_loc" xlink:to="rj_AnnualReportingGuidelines920_label_de" xlink:type="arc"/>
    <gen:arc xlink:arcrole="http://xbrl.org/arcrole/2008/element-label" xlink:from="rj_AnnualReportingGuidelines921_loc" xlink:to="rj_AnnualReportingGuidelines921_label_de" xlink:type="arc"/>
    <gen:arc xlink:arcrole="http://xbrl.org/arcrole/2008/element-label" xlink:from="rj_AnnualReportingGuidelinesExpressions_loc" xlink:to="rj_AnnualReportingGuidelinesExpressions_label_de" xlink:type="arc"/>
    <label:label id="rj_AnnualReportingGuidelines100_label_de" xlink:label="rj_AnnualReportingGuidelines100_label_de" xlink:role="http://www.xbrl.org/2008/role/label" xlink:type="resource" xml:lang="de">RJ 100 - Einführung</label:label>
    <label:label id="rj_AnnualReportingGuidelines110_label_de" xlink:label="rj_AnnualReportingGuidelines110_label_de" xlink:role="http://www.xbrl.org/2008/role/label" xlink:type="resource" xml:lang="de">RJ 110 - Zielstellungen und Ausgangspunkte</label:label>
    <label:label id="rj_AnnualReportingGuidelines115_label_de" xlink:label="rj_AnnualReportingGuidelines115_label_de" xlink:role="http://www.xbrl.org/2008/role/label" xlink:type="resource" xml:lang="de">RJ 115 - Kriterien für die Aufnahme und die Bekanntgabe von Daten</label:label>
    <label:label id="rj_AnnualReportingGuidelines120_label_de" xlink:label="rj_AnnualReportingGuidelines120_label_de" xlink:role="http://www.xbrl.org/2008/role/label" xlink:type="resource" xml:lang="de">RJ 120 - Preisgrundlagen</label:label>
    <label:label id="rj_AnnualReportingGuidelines121_label_de" xlink:label="rj_AnnualReportingGuidelines121_label_de" xlink:role="http://www.xbrl.org/2008/role/label" xlink:type="resource" xml:lang="de">RJ 121 - Außergewöhnliche Wertminderung des Anlagevermögens</label:label>
    <label:label id="rj_AnnualReportingGuidelines122_label_de" xlink:label="rj_AnnualReportingGuidelines122_label_de" xlink:role="http://www.xbrl.org/2008/role/label" xlink:type="resource" xml:lang="de">RJ 122 - Preisgrundlagen für Fremdwährungen</label:label>
    <label:label id="rj_AnnualReportingGuidelines135_label_de" xlink:label="rj_AnnualReportingGuidelines135_label_de" xlink:role="http://www.xbrl.org/2008/role/label" xlink:type="resource" xml:lang="de">RJ 135 - Allgemeine Grundsätze für die Bestimmung des Ergebnisses</label:label>
    <label:label id="rj_AnnualReportingGuidelines140_label_de" xlink:label="rj_AnnualReportingGuidelines140_label_de" xlink:role="http://www.xbrl.org/2008/role/label" xlink:type="resource" xml:lang="de">RJ 140 - Systemveränderungen</label:label>
    <label:label id="rj_AnnualReportingGuidelines145_label_de" xlink:label="rj_AnnualReportingGuidelines145_label_de" xlink:role="http://www.xbrl.org/2008/role/label" xlink:type="resource" xml:lang="de">RJ 145 - Änderungen der Schätzungen</label:label>
    <label:label id="rj_AnnualReportingGuidelines150_label_de" xlink:label="rj_AnnualReportingGuidelines150_label_de" xlink:role="http://www.xbrl.org/2008/role/label" xlink:type="resource" xml:lang="de">RJ 150 - Fehlerbehebung</label:label>
    <label:label id="rj_AnnualReportingGuidelines160_label_de" xlink:label="rj_AnnualReportingGuidelines160_label_de" xlink:role="http://www.xbrl.org/2008/role/label" xlink:type="resource" xml:lang="de">RJ 160 - Ereignisse nach Bilanzdatum</label:label>
    <label:label id="rj_AnnualReportingGuidelines170_label_de" xlink:label="rj_AnnualReportingGuidelines170_label_de" xlink:role="http://www.xbrl.org/2008/role/label" xlink:type="resource" xml:lang="de">RJ 170 - Diskontinuität und ernsthafte Unsicherheit über die Kontinuität</label:label>
    <label:label id="rj_AnnualReportingGuidelines190_label_de" xlink:label="rj_AnnualReportingGuidelines190_label_de" xlink:role="http://www.xbrl.org/2008/role/label" xlink:type="resource" xml:lang="de">RJ 190 - Sonstige allgemeine Erklärungen</label:label>
    <label:label id="rj_AnnualReportingGuidelines210_label_de" xlink:label="rj_AnnualReportingGuidelines210_label_de" xlink:role="http://www.xbrl.org/2008/role/label" xlink:type="resource" xml:lang="de">RJ 210 - Immaterielles Anlagevermögen</label:label>
    <label:label id="rj_AnnualReportingGuidelines212_label_de" xlink:label="rj_AnnualReportingGuidelines212_label_de" xlink:role="http://www.xbrl.org/2008/role/label" xlink:type="resource" xml:lang="de">RJ 212 - Sachanlagevermögen</label:label>
    <label:label id="rj_AnnualReportingGuidelines213_label_de" xlink:label="rj_AnnualReportingGuidelines213_label_de" xlink:role="http://www.xbrl.org/2008/role/label" xlink:type="resource" xml:lang="de">RJ 213 - Immobilieninvestitionen</label:label>
    <label:label id="rj_AnnualReportingGuidelines214_label_de" xlink:label="rj_AnnualReportingGuidelines214_label_de" xlink:role="http://www.xbrl.org/2008/role/label" xlink:type="resource" xml:lang="de">RJ 214 - Finanzanlagen</label:label>
    <label:label id="rj_AnnualReportingGuidelines215_label_de" xlink:label="rj_AnnualReportingGuidelines215_label_de" xlink:role="http://www.xbrl.org/2008/role/label" xlink:type="resource" xml:lang="de">RJ 215 - Gemeinschaftsunternehmen</label:label>
    <label:label id="rj_AnnualReportingGuidelines216_label_de" xlink:label="rj_AnnualReportingGuidelines216_label_de" xlink:role="http://www.xbrl.org/2008/role/label" xlink:type="resource" xml:lang="de">RJ 216 - Fusionen und Übernahmen</label:label>
    <label:label id="rj_AnnualReportingGuidelines217_label_de" xlink:label="rj_AnnualReportingGuidelines217_label_de" xlink:role="http://www.xbrl.org/2008/role/label" xlink:type="resource" xml:lang="de">RJ 217 - Konsolidierung</label:label>
    <label:label id="rj_AnnualReportingGuidelines220_label_de" xlink:label="rj_AnnualReportingGuidelines220_label_de" xlink:role="http://www.xbrl.org/2008/role/label" xlink:type="resource" xml:lang="de">RJ 220 - Vorräte</label:label>
    <label:label id="rj_AnnualReportingGuidelines221_label_de" xlink:label="rj_AnnualReportingGuidelines221_label_de" xlink:role="http://www.xbrl.org/2008/role/label" xlink:type="resource" xml:lang="de">RJ 221 - Laufende Projekte</label:label>
    <label:label id="rj_AnnualReportingGuidelines222_label_de" xlink:label="rj_AnnualReportingGuidelines222_label_de" xlink:role="http://www.xbrl.org/2008/role/label" xlink:type="resource" xml:lang="de">RJ 222 - Forderungen</label:label>
    <label:label id="rj_AnnualReportingGuidelines224_label_de" xlink:label="rj_AnnualReportingGuidelines224_label_de" xlink:role="http://www.xbrl.org/2008/role/label" xlink:type="resource" xml:lang="de">RJ 224 - Aktive Rechnungsabgrenzungsposten</label:label>
    <label:label id="rj_AnnualReportingGuidelines226_label_de" xlink:label="rj_AnnualReportingGuidelines226_label_de" xlink:role="http://www.xbrl.org/2008/role/label" xlink:type="resource" xml:lang="de">RJ 226 - Wertpapiere</label:label>
    <label:label id="rj_AnnualReportingGuidelines228_label_de" xlink:label="rj_AnnualReportingGuidelines228_label_de" xlink:role="http://www.xbrl.org/2008/role/label" xlink:type="resource" xml:lang="de">RJ 228 - Liquide Mittel</label:label>
    <label:label id="rj_AnnualReportingGuidelines240_label_de" xlink:label="rj_AnnualReportingGuidelines240_label_de" xlink:role="http://www.xbrl.org/2008/role/label" xlink:type="resource" xml:lang="de">RJ 240 - Eigenkapital</label:label>
    <label:label id="rj_AnnualReportingGuidelines252_label_de" xlink:label="rj_AnnualReportingGuidelines252_label_de" xlink:role="http://www.xbrl.org/2008/role/label" xlink:type="resource" xml:lang="de">RJ 252 - Rückstellungen, nicht in der Bilanz aufgenommene Verbindlichkeiten und Anlagevermögen</label:label>
    <label:label id="rj_AnnualReportingGuidelines254_label_de" xlink:label="rj_AnnualReportingGuidelines254_label_de" xlink:role="http://www.xbrl.org/2008/role/label" xlink:type="resource" xml:lang="de">RJ 254 - Schulden</label:label>
    <label:label id="rj_AnnualReportingGuidelines258_label_de" xlink:label="rj_AnnualReportingGuidelines258_label_de" xlink:role="http://www.xbrl.org/2008/role/label" xlink:type="resource" xml:lang="de">RJ 258 - Passive Rechnungsabgrenzungsposten</label:label>
    <label:label id="rj_AnnualReportingGuidelines265_label_de" xlink:label="rj_AnnualReportingGuidelines265_label_de" xlink:role="http://www.xbrl.org/2008/role/label" xlink:type="resource" xml:lang="de">RJ 265 - Überblick über das Gesamtergebnis der juristischen Person</label:label>
    <label:label id="rj_AnnualReportingGuidelines270_label_de" xlink:label="rj_AnnualReportingGuidelines270_label_de" xlink:role="http://www.xbrl.org/2008/role/label" xlink:type="resource" xml:lang="de">RJ 270 - Gewinn- und Verlustrechnung</label:label>
    <label:label id="rj_AnnualReportingGuidelines271_label_de" xlink:label="rj_AnnualReportingGuidelines271_label_de" xlink:role="http://www.xbrl.org/2008/role/label" xlink:type="resource" xml:lang="de">RJ 271 - Personalvergütungen</label:label>
    <label:label id="rj_AnnualReportingGuidelines272_label_de" xlink:label="rj_AnnualReportingGuidelines272_label_de" xlink:role="http://www.xbrl.org/2008/role/label" xlink:type="resource" xml:lang="de">RJ 272 - Gewerbeertragssteuer</label:label>
    <label:label id="rj_AnnualReportingGuidelines273_label_de" xlink:label="rj_AnnualReportingGuidelines273_label_de" xlink:role="http://www.xbrl.org/2008/role/label" xlink:type="resource" xml:lang="de">RJ 273 - Zinsaufwand</label:label>
    <label:label id="rj_AnnualReportingGuidelines274_label_de" xlink:label="rj_AnnualReportingGuidelines274_label_de" xlink:role="http://www.xbrl.org/2008/role/label" xlink:type="resource" xml:lang="de">RJ 274 - Öffentliche Zuschüsse</label:label>
    <label:label id="rj_AnnualReportingGuidelines275_label_de" xlink:label="rj_AnnualReportingGuidelines275_label_de" xlink:role="http://www.xbrl.org/2008/role/label" xlink:type="resource" xml:lang="de">RJ 275 - Aktienbasierte Zahlungen</label:label>
    <label:label id="rj_AnnualReportingGuidelines290_label_de" xlink:label="rj_AnnualReportingGuidelines290_label_de" xlink:role="http://www.xbrl.org/2008/role/label" xlink:type="resource" xml:lang="de">RJ 290 - Finanzinstrumente</label:label>
    <label:label id="rj_AnnualReportingGuidelines292_label_de" xlink:label="rj_AnnualReportingGuidelines292_label_de" xlink:role="http://www.xbrl.org/2008/role/label" xlink:type="resource" xml:lang="de">RJ 292 - Leasing</label:label>
    <label:label id="rj_AnnualReportingGuidelines300_label_de" xlink:label="rj_AnnualReportingGuidelines300_label_de" xlink:role="http://www.xbrl.org/2008/role/label" xlink:type="resource" xml:lang="de">RJ 300 - Funktion und Einteilung</label:label>
    <label:label id="rj_AnnualReportingGuidelines315_label_de" xlink:label="rj_AnnualReportingGuidelines315_label_de" xlink:role="http://www.xbrl.org/2008/role/label" xlink:type="resource" xml:lang="de">RJ 315 - Ausnahmen für mittlere Unternehmen</label:label>
    <label:label id="rj_AnnualReportingGuidelines330_label_de" xlink:label="rj_AnnualReportingGuidelines330_label_de" xlink:role="http://www.xbrl.org/2008/role/label" xlink:type="resource" xml:lang="de">RJ 330 - Verbundene Parteien</label:label>
    <label:label id="rj_AnnualReportingGuidelines340_label_de" xlink:label="rj_AnnualReportingGuidelines340_label_de" xlink:role="http://www.xbrl.org/2008/role/label" xlink:type="resource" xml:lang="de">RJ 340 - Ergebnis je Aktie</label:label>
    <label:label id="rj_AnnualReportingGuidelines345_label_de" xlink:label="rj_AnnualReportingGuidelines345_label_de" xlink:role="http://www.xbrl.org/2008/role/label" xlink:type="resource" xml:lang="de">RJ 345 - Aufgabe von Geschäftsbereichen</label:label>
    <label:label id="rj_AnnualReportingGuidelines350_label_de" xlink:label="rj_AnnualReportingGuidelines350_label_de" xlink:role="http://www.xbrl.org/2008/role/label" xlink:type="resource" xml:lang="de">RJ 350 - Segmentierte Informationen</label:label>
    <label:label id="rj_AnnualReportingGuidelines360_label_de" xlink:label="rj_AnnualReportingGuidelines360_label_de" xlink:role="http://www.xbrl.org/2008/role/label" xlink:type="resource" xml:lang="de">RJ 360 - Kapitalflussrechnung</label:label>
    <label:label id="rj_AnnualReportingGuidelines390_label_de" xlink:label="rj_AnnualReportingGuidelines390_label_de" xlink:role="http://www.xbrl.org/2008/role/label" xlink:type="resource" xml:lang="de">RJ 390 - Weitere im Anhang aufzunehmende Informationen</label:label>
    <label:label id="rj_AnnualReportingGuidelines394_label_de" xlink:label="rj_AnnualReportingGuidelines394_label_de" xlink:role="http://www.xbrl.org/2008/role/label" xlink:type="resource" xml:lang="de">RJ 394 - Zwischenmitteilungen</label:label>
    <label:label id="rj_AnnualReportingGuidelines396_label_de" xlink:label="rj_AnnualReportingGuidelines396_label_de" xlink:role="http://www.xbrl.org/2008/role/label" xlink:type="resource" xml:lang="de">RJ 396 - Veröffentlichung</label:label>
    <label:label id="rj_AnnualReportingGuidelines400_label_de" xlink:label="rj_AnnualReportingGuidelines400_label_de" xlink:role="http://www.xbrl.org/2008/role/label" xlink:type="resource" xml:lang="de">RJ 400 - Vorstandsbericht</label:label>
    <label:label id="rj_AnnualReportingGuidelines404_label_de" xlink:label="rj_AnnualReportingGuidelines404_label_de" xlink:role="http://www.xbrl.org/2008/role/label" xlink:type="resource" xml:lang="de">RJ 404 - Vergütungsbericht und Vergütungsbericht</label:label>
    <label:label id="rj_AnnualReportingGuidelines405_label_de" xlink:label="rj_AnnualReportingGuidelines405_label_de" xlink:role="http://www.xbrl.org/2008/role/label" xlink:type="resource" xml:lang="de">RJ 405 - Bericht des Aufsichtsrats</label:label>
    <label:label id="rj_AnnualReportingGuidelines410_label_de" xlink:label="rj_AnnualReportingGuidelines410_label_de" xlink:role="http://www.xbrl.org/2008/role/label" xlink:type="resource" xml:lang="de">RJ 410 - Sonstige Daten</label:label>
    <label:label id="rj_AnnualReportingGuidelines420_label_de" xlink:label="rj_AnnualReportingGuidelines420_label_de" xlink:role="http://www.xbrl.org/2008/role/label" xlink:type="resource" xml:lang="de">RJ 420 - Gewinnverwendung, operativer Verlust</label:label>
    <label:label id="rj_AnnualReportingGuidelines430_label_de" xlink:label="rj_AnnualReportingGuidelines430_label_de" xlink:role="http://www.xbrl.org/2008/role/label" xlink:type="resource" xml:lang="de">RJ 430 - Kernzahlen, Kennzahlen und langfristige Übersichten</label:label>
    <label:label id="rj_AnnualReportingGuidelines600_label_de" xlink:label="rj_AnnualReportingGuidelines600_label_de" xlink:role="http://www.xbrl.org/2008/role/label" xlink:type="resource" xml:lang="de">RJ 600 - Banken</label:label>
    <label:label id="rj_AnnualReportingGuidelines605_label_de" xlink:label="rj_AnnualReportingGuidelines605_label_de" xlink:role="http://www.xbrl.org/2008/role/label" xlink:type="resource" xml:lang="de">RJ 605 - Versicherungsgesellschaften</label:label>
    <label:label id="rj_AnnualReportingGuidelines610_label_de" xlink:label="rj_AnnualReportingGuidelines610_label_de" xlink:role="http://www.xbrl.org/2008/role/label" xlink:type="resource" xml:lang="de">RJ 610 - Pensionskassen</label:label>
    <label:label id="rj_AnnualReportingGuidelines611_label_de" xlink:label="rj_AnnualReportingGuidelines611_label_de" xlink:role="http://www.xbrl.org/2008/role/label" xlink:type="resource" xml:lang="de">RJ 611 - Prämienrenteneinrichtungen</label:label>
    <label:label id="rj_AnnualReportingGuidelines615_label_de" xlink:label="rj_AnnualReportingGuidelines615_label_de" xlink:role="http://www.xbrl.org/2008/role/label" xlink:type="resource" xml:lang="de">RJ 615 - Investmentgesellschaften</label:label>
    <label:label id="rj_AnnualReportingGuidelines620_label_de" xlink:label="rj_AnnualReportingGuidelines620_label_de" xlink:role="http://www.xbrl.org/2008/role/label" xlink:type="resource" xml:lang="de">RJ 620 - Genossenschaften</label:label>
    <label:label id="rj_AnnualReportingGuidelines630_label_de" xlink:label="rj_AnnualReportingGuidelines630_label_de" xlink:role="http://www.xbrl.org/2008/role/label" xlink:type="resource" xml:lang="de">RJ 630 - Gewerbliche Stiftungen und Vereine</label:label>
    <label:label id="rj_AnnualReportingGuidelines640_label_de" xlink:label="rj_AnnualReportingGuidelines640_label_de" xlink:role="http://www.xbrl.org/2008/role/label" xlink:type="resource" xml:lang="de">RJ 640 - Organisationen ohne Gewinnerzielungsabsicht</label:label>
    <label:label id="rj_AnnualReportingGuidelines645_label_de" xlink:label="rj_AnnualReportingGuidelines645_label_de" xlink:role="http://www.xbrl.org/2008/role/label" xlink:type="resource" xml:lang="de">RJ 645 - Zugelassene Organe der öffentlichen Wohnungsfürsorge</label:label>
    <label:label id="rj_AnnualReportingGuidelines650_label_de" xlink:label="rj_AnnualReportingGuidelines650_label_de" xlink:role="http://www.xbrl.org/2008/role/label" xlink:type="resource" xml:lang="de">RJ 650 - Spenden-Institutionen</label:label>
    <label:label id="rj_AnnualReportingGuidelines655_label_de" xlink:label="rj_AnnualReportingGuidelines655_label_de" xlink:role="http://www.xbrl.org/2008/role/label" xlink:type="resource" xml:lang="de">RJ 655 - Pflege-Institutionen</label:label>
    <label:label id="rj_AnnualReportingGuidelines660_label_de" xlink:label="rj_AnnualReportingGuidelines660_label_de" xlink:role="http://www.xbrl.org/2008/role/label" xlink:type="resource" xml:lang="de">RJ 660 - Bildungseinrichtungen</label:label>
    <label:label id="rj_AnnualReportingGuidelines920_label_de" xlink:label="rj_AnnualReportingGuidelines920_label_de" xlink:role="http://www.xbrl.org/2008/role/label" xlink:type="resource" xml:lang="de">RJ 920 - Leitfaden für die Nachhaltigkeitsberichterstattung</label:label>
    <label:label id="rj_AnnualReportingGuidelines921_label_de" xlink:label="rj_AnnualReportingGuidelines921_label_de" xlink:role="http://www.xbrl.org/2008/role/label" xlink:type="resource" xml:lang="de">RJ 921 - Leitfaden für die Anwendung der 'IAS 19R' für die niederländische Rentensituation</label:label>
    <label:label id="rj_AnnualReportingGuidelinesExpressions_label_de" xlink:label="rj_AnnualReportingGuidelinesExpressions_label_de" xlink:role="http://www.xbrl.org/2008/role/label" xlink:type="resource" xml:lang="de">RJ Anweisungen</label:label>
    <link:loc xlink:href="rj-all.xsd#rj_AnnualReportingGuidelines100" xlink:label="rj_AnnualReportingGuidelines100_loc" xlink:type="locator"/>
    <link:loc xlink:href="rj-all.xsd#rj_AnnualReportingGuidelines110" xlink:label="rj_AnnualReportingGuidelines110_loc" xlink:type="locator"/>
    <link:loc xlink:href="rj-all.xsd#rj_AnnualReportingGuidelines115" xlink:label="rj_AnnualReportingGuidelines115_loc" xlink:type="locator"/>
    <link:loc xlink:href="rj-all.xsd#rj_AnnualReportingGuidelines120" xlink:label="rj_AnnualReportingGuidelines120_loc" xlink:type="locator"/>
    <link:loc xlink:href="rj-all.xsd#rj_AnnualReportingGuidelines121" xlink:label="rj_AnnualReportingGuidelines121_loc" xlink:type="locator"/>
    <link:loc xlink:href="rj-all.xsd#rj_AnnualReportingGuidelines122" xlink:label="rj_AnnualReportingGuidelines122_loc" xlink:type="locator"/>
    <link:loc xlink:href="rj-all.xsd#rj_AnnualReportingGuidelines135" xlink:label="rj_AnnualReportingGuidelines135_loc" xlink:type="locator"/>
    <link:loc xlink:href="rj-all.xsd#rj_AnnualReportingGuidelines140" xlink:label="rj_AnnualReportingGuidelines140_loc" xlink:type="locator"/>
    <link:loc xlink:href="rj-all.xsd#rj_AnnualReportingGuidelines145" xlink:label="rj_AnnualReportingGuidelines145_loc" xlink:type="locator"/>
    <link:loc xlink:href="rj-all.xsd#rj_AnnualReportingGuidelines150" xlink:label="rj_AnnualReportingGuidelines150_loc" xlink:type="locator"/>
    <link:loc xlink:href="rj-all.xsd#rj_AnnualReportingGuidelines160" xlink:label="rj_AnnualReportingGuidelines160_loc" xlink:type="locator"/>
    <link:loc xlink:href="rj-all.xsd#rj_AnnualReportingGuidelines170" xlink:label="rj_AnnualReportingGuidelines170_loc" xlink:type="locator"/>
    <link:loc xlink:href="rj-all.xsd#rj_AnnualReportingGuidelines190" xlink:label="rj_AnnualReportingGuidelines190_loc" xlink:type="locator"/>
    <link:loc xlink:href="rj-all.xsd#rj_AnnualReportingGuidelines210" xlink:label="rj_AnnualReportingGuidelines210_loc" xlink:type="locator"/>
    <link:loc xlink:href="rj-all.xsd#rj_AnnualReportingGuidelines212" xlink:label="rj_AnnualReportingGuidelines212_loc" xlink:type="locator"/>
    <link:loc xlink:href="rj-all.xsd#rj_AnnualReportingGuidelines213" xlink:label="rj_AnnualReportingGuidelines213_loc" xlink:type="locator"/>
    <link:loc xlink:href="rj-all.xsd#rj_AnnualReportingGuidelines214" xlink:label="rj_AnnualReportingGuidelines214_loc" xlink:type="locator"/>
    <link:loc xlink:href="rj-all.xsd#rj_AnnualReportingGuidelines215" xlink:label="rj_AnnualReportingGuidelines215_loc" xlink:type="locator"/>
    <link:loc xlink:href="rj-all.xsd#rj_AnnualReportingGuidelines216" xlink:label="rj_AnnualReportingGuidelines216_loc" xlink:type="locator"/>
    <link:loc xlink:href="rj-all.xsd#rj_AnnualReportingGuidelines217" xlink:label="rj_AnnualReportingGuidelines217_loc" xlink:type="locator"/>
    <link:loc xlink:href="rj-all.xsd#rj_AnnualReportingGuidelines220" xlink:label="rj_AnnualReportingGuidelines220_loc" xlink:type="locator"/>
    <link:loc xlink:href="rj-all.xsd#rj_AnnualReportingGuidelines221" xlink:label="rj_AnnualReportingGuidelines221_loc" xlink:type="locator"/>
    <link:loc xlink:href="rj-all.xsd#rj_AnnualReportingGuidelines222" xlink:label="rj_AnnualReportingGuidelines222_loc" xlink:type="locator"/>
    <link:loc xlink:href="rj-all.xsd#rj_AnnualReportingGuidelines224" xlink:label="rj_AnnualReportingGuidelines224_loc" xlink:type="locator"/>
    <link:loc xlink:href="rj-all.xsd#rj_AnnualReportingGuidelines226" xlink:label="rj_AnnualReportingGuidelines226_loc" xlink:type="locator"/>
    <link:loc xlink:href="rj-all.xsd#rj_AnnualReportingGuidelines228" xlink:label="rj_AnnualReportingGuidelines228_loc" xlink:type="locator"/>
    <link:loc xlink:href="rj-all.xsd#rj_AnnualReportingGuidelines240" xlink:label="rj_AnnualReportingGuidelines240_loc" xlink:type="locator"/>
    <link:loc xlink:href="rj-all.xsd#rj_AnnualReportingGuidelines252" xlink:label="rj_AnnualReportingGuidelines252_loc" xlink:type="locator"/>
    <link:loc xlink:href="rj-all.xsd#rj_AnnualReportingGuidelines254" xlink:label="rj_AnnualReportingGuidelines254_loc" xlink:type="locator"/>
    <link:loc xlink:href="rj-all.xsd#rj_AnnualReportingGuidelines258" xlink:label="rj_AnnualReportingGuidelines258_loc" xlink:type="locator"/>
    <link:loc xlink:href="rj-all.xsd#rj_AnnualReportingGuidelines265" xlink:label="rj_AnnualReportingGuidelines265_loc" xlink:type="locator"/>
    <link:loc xlink:href="rj-all.xsd#rj_AnnualReportingGuidelines270" xlink:label="rj_AnnualReportingGuidelines270_loc" xlink:type="locator"/>
    <link:loc xlink:href="rj-all.xsd#rj_AnnualReportingGuidelines271" xlink:label="rj_AnnualReportingGuidelines271_loc" xlink:type="locator"/>
    <link:loc xlink:href="rj-all.xsd#rj_AnnualReportingGuidelines272" xlink:label="rj_AnnualReportingGuidelines272_loc" xlink:type="locator"/>
    <link:loc xlink:href="rj-all.xsd#rj_AnnualReportingGuidelines273" xlink:label="rj_AnnualReportingGuidelines273_loc" xlink:type="locator"/>
    <link:loc xlink:href="rj-all.xsd#rj_AnnualReportingGuidelines274" xlink:label="rj_AnnualReportingGuidelines274_loc" xlink:type="locator"/>
    <link:loc xlink:href="rj-all.xsd#rj_AnnualReportingGuidelines275" xlink:label="rj_AnnualReportingGuidelines275_loc" xlink:type="locator"/>
    <link:loc xlink:href="rj-all.xsd#rj_AnnualReportingGuidelines290" xlink:label="rj_AnnualReportingGuidelines290_loc" xlink:type="locator"/>
    <link:loc xlink:href="rj-all.xsd#rj_AnnualReportingGuidelines292" xlink:label="rj_AnnualReportingGuidelines292_loc" xlink:type="locator"/>
    <link:loc xlink:href="rj-all.xsd#rj_AnnualReportingGuidelines300" xlink:label="rj_AnnualReportingGuidelines300_loc" xlink:type="locator"/>
    <link:loc xlink:href="rj-all.xsd#rj_AnnualReportingGuidelines315" xlink:label="rj_AnnualReportingGuidelines315_loc" xlink:type="locator"/>
    <link:loc xlink:href="rj-all.xsd#rj_AnnualReportingGuidelines330" xlink:label="rj_AnnualReportingGuidelines330_loc" xlink:type="locator"/>
    <link:loc xlink:href="rj-all.xsd#rj_AnnualReportingGuidelines340" xlink:label="rj_AnnualReportingGuidelines340_loc" xlink:type="locator"/>
    <link:loc xlink:href="rj-all.xsd#rj_AnnualReportingGuidelines345" xlink:label="rj_AnnualReportingGuidelines345_loc" xlink:type="locator"/>
    <link:loc xlink:href="rj-all.xsd#rj_AnnualReportingGuidelines350" xlink:label="rj_AnnualReportingGuidelines350_loc" xlink:type="locator"/>
    <link:loc xlink:href="rj-all.xsd#rj_AnnualReportingGuidelines360" xlink:label="rj_AnnualReportingGuidelines360_loc" xlink:type="locator"/>
    <link:loc xlink:href="rj-all.xsd#rj_AnnualReportingGuidelines390" xlink:label="rj_AnnualReportingGuidelines390_loc" xlink:type="locator"/>
    <link:loc xlink:href="rj-all.xsd#rj_AnnualReportingGuidelines394" xlink:label="rj_AnnualReportingGuidelines394_loc" xlink:type="locator"/>
    <link:loc xlink:href="rj-all.xsd#rj_AnnualReportingGuidelines396" xlink:label="rj_AnnualReportingGuidelines396_loc" xlink:type="locator"/>
    <link:loc xlink:href="rj-all.xsd#rj_AnnualReportingGuidelines400" xlink:label="rj_AnnualReportingGuidelines400_loc" xlink:type="locator"/>
    <link:loc xlink:href="rj-all.xsd#rj_AnnualReportingGuidelines404" xlink:label="rj_AnnualReportingGuidelines404_loc" xlink:type="locator"/>
    <link:loc xlink:href="rj-all.xsd#rj_AnnualReportingGuidelines405" xlink:label="rj_AnnualReportingGuidelines405_loc" xlink:type="locator"/>
    <link:loc xlink:href="rj-all.xsd#rj_AnnualReportingGuidelines410" xlink:label="rj_AnnualReportingGuidelines410_loc" xlink:type="locator"/>
    <link:loc xlink:href="rj-all.xsd#rj_AnnualReportingGuidelines420" xlink:label="rj_AnnualReportingGuidelines420_loc" xlink:type="locator"/>
    <link:loc xlink:href="rj-all.xsd#rj_AnnualReportingGuidelines430" xlink:label="rj_AnnualReportingGuidelines430_loc" xlink:type="locator"/>
    <link:loc xlink:href="rj-all.xsd#rj_AnnualReportingGuidelines600" xlink:label="rj_AnnualReportingGuidelines600_loc" xlink:type="locator"/>
    <link:loc xlink:href="rj-all.xsd#rj_AnnualReportingGuidelines605" xlink:label="rj_AnnualReportingGuidelines605_loc" xlink:type="locator"/>
    <link:loc xlink:href="rj-all.xsd#rj_AnnualReportingGuidelines610" xlink:label="rj_AnnualReportingGuidelines610_loc" xlink:type="locator"/>
    <link:loc xlink:href="rj-all.xsd#rj_AnnualReportingGuidelines611" xlink:label="rj_AnnualReportingGuidelines611_loc" xlink:type="locator"/>
    <link:loc xlink:href="rj-all.xsd#rj_AnnualReportingGuidelines615" xlink:label="rj_AnnualReportingGuidelines615_loc" xlink:type="locator"/>
    <link:loc xlink:href="rj-all.xsd#rj_AnnualReportingGuidelines620" xlink:label="rj_AnnualReportingGuidelines620_loc" xlink:type="locator"/>
    <link:loc xlink:href="rj-all.xsd#rj_AnnualReportingGuidelines630" xlink:label="rj_AnnualReportingGuidelines630_loc" xlink:type="locator"/>
    <link:loc xlink:href="rj-all.xsd#rj_AnnualReportingGuidelines640" xlink:label="rj_AnnualReportingGuidelines640_loc" xlink:type="locator"/>
    <link:loc xlink:href="rj-all.xsd#rj_AnnualReportingGuidelines645" xlink:label="rj_AnnualReportingGuidelines645_loc" xlink:type="locator"/>
    <link:loc xlink:href="rj-all.xsd#rj_AnnualReportingGuidelines650" xlink:label="rj_AnnualReportingGuidelines650_loc" xlink:type="locator"/>
    <link:loc xlink:href="rj-all.xsd#rj_AnnualReportingGuidelines655" xlink:label="rj_AnnualReportingGuidelines655_loc" xlink:type="locator"/>
    <link:loc xlink:href="rj-all.xsd#rj_AnnualReportingGuidelines660" xlink:label="rj_AnnualReportingGuidelines660_loc" xlink:type="locator"/>
    <link:loc xlink:href="rj-all.xsd#rj_AnnualReportingGuidelines920" xlink:label="rj_AnnualReportingGuidelines920_loc" xlink:type="locator"/>
    <link:loc xlink:href="rj-all.xsd#rj_AnnualReportingGuidelines921" xlink:label="rj_AnnualReportingGuidelines921_loc" xlink:type="locator"/>
    <link:loc xlink:href="rj-all.xsd#rj_AnnualReportingGuidelinesExpressions" xlink:label="rj_AnnualReportingGuidelinesExpressions_loc" xlink:type="locator"/>
  </gen:link>
</link:linkbase>
