<?xml version="1.0" encoding="UTF-8"?>

<link:linkbase xmlns:xsi="http://www.w3.org/2001/XMLSchema-instance" xsi:schemaLocation="http://www.xbrl.org/2003/linkbase http://www.xbrl.org/2003/xbrl-linkbase-2003-12-31.xsd http://www.w3.org/1999/xlink http://www.xbrl.org/2003/xlink-2003-12-31.xsd http://xbrl.org/2008/label http://www.xbrl.org/2008/generic-label.xsd http://xbrl.org/2008/generic http://www.xbrl.org/2008/generic-link.xsd" xmlns:gen="http://xbrl.org/2008/generic" xmlns:link="http://www.xbrl.org/2003/linkbase" xmlns:xlink="http://www.w3.org/1999/xlink" xmlns:label="http://xbrl.org/2008/label">
  <link:roleRef roleURI="http://www.xbrl.org/2008/role/label" xlink:type="simple" xlink:href="http://www.xbrl.org/2008/generic-label.xsd#standard-label"/>
  <link:roleRef roleURI="http://www.xbrl.org/2008/role/link" xlink:type="simple" xlink:href="http://www.xbrl.org/2008/generic-link.xsd#standard-link-role"/>
  <link:arcroleRef arcroleURI="http://xbrl.org/arcrole/2008/element-label" xlink:type="simple" xlink:href="http://www.xbrl.org/2008/generic-label.xsd#element-label"/>
  <gen:link xlink:type="extended" xlink:role="http://www.xbrl.org/2008/role/link">
    <gen:arc xlink:arcrole="http://xbrl.org/arcrole/2008/element-label" xlink:from="rj_AnnualReportingGuidelines100_loc" xlink:to="rj_AnnualReportingGuidelines100_label_fr" xlink:type="arc"/>
    <gen:arc xlink:arcrole="http://xbrl.org/arcrole/2008/element-label" xlink:from="rj_AnnualReportingGuidelines110_loc" xlink:to="rj_AnnualReportingGuidelines110_label_fr" xlink:type="arc"/>
    <gen:arc xlink:arcrole="http://xbrl.org/arcrole/2008/element-label" xlink:from="rj_AnnualReportingGuidelines115_loc" xlink:to="rj_AnnualReportingGuidelines115_label_fr" xlink:type="arc"/>
    <gen:arc xlink:arcrole="http://xbrl.org/arcrole/2008/element-label" xlink:from="rj_AnnualReportingGuidelines120_loc" xlink:to="rj_AnnualReportingGuidelines120_label_fr" xlink:type="arc"/>
    <gen:arc xlink:arcrole="http://xbrl.org/arcrole/2008/element-label" xlink:from="rj_AnnualReportingGuidelines121_loc" xlink:to="rj_AnnualReportingGuidelines121_label_fr" xlink:type="arc"/>
    <gen:arc xlink:arcrole="http://xbrl.org/arcrole/2008/element-label" xlink:from="rj_AnnualReportingGuidelines122_loc" xlink:to="rj_AnnualReportingGuidelines122_label_fr" xlink:type="arc"/>
    <gen:arc xlink:arcrole="http://xbrl.org/arcrole/2008/element-label" xlink:from="rj_AnnualReportingGuidelines135_loc" xlink:to="rj_AnnualReportingGuidelines135_label_fr" xlink:type="arc"/>
    <gen:arc xlink:arcrole="http://xbrl.org/arcrole/2008/element-label" xlink:from="rj_AnnualReportingGuidelines140_loc" xlink:to="rj_AnnualReportingGuidelines140_label_fr" xlink:type="arc"/>
    <gen:arc xlink:arcrole="http://xbrl.org/arcrole/2008/element-label" xlink:from="rj_AnnualReportingGuidelines145_loc" xlink:to="rj_AnnualReportingGuidelines145_label_fr" xlink:type="arc"/>
    <gen:arc xlink:arcrole="http://xbrl.org/arcrole/2008/element-label" xlink:from="rj_AnnualReportingGuidelines150_loc" xlink:to="rj_AnnualReportingGuidelines150_label_fr" xlink:type="arc"/>
    <gen:arc xlink:arcrole="http://xbrl.org/arcrole/2008/element-label" xlink:from="rj_AnnualReportingGuidelines160_loc" xlink:to="rj_AnnualReportingGuidelines160_label_fr" xlink:type="arc"/>
    <gen:arc xlink:arcrole="http://xbrl.org/arcrole/2008/element-label" xlink:from="rj_AnnualReportingGuidelines170_loc" xlink:to="rj_AnnualReportingGuidelines170_label_fr" xlink:type="arc"/>
    <gen:arc xlink:arcrole="http://xbrl.org/arcrole/2008/element-label" xlink:from="rj_AnnualReportingGuidelines190_loc" xlink:to="rj_AnnualReportingGuidelines190_label_fr" xlink:type="arc"/>
    <gen:arc xlink:arcrole="http://xbrl.org/arcrole/2008/element-label" xlink:from="rj_AnnualReportingGuidelines210_loc" xlink:to="rj_AnnualReportingGuidelines210_label_fr" xlink:type="arc"/>
    <gen:arc xlink:arcrole="http://xbrl.org/arcrole/2008/element-label" xlink:from="rj_AnnualReportingGuidelines212_loc" xlink:to="rj_AnnualReportingGuidelines212_label_fr" xlink:type="arc"/>
    <gen:arc xlink:arcrole="http://xbrl.org/arcrole/2008/element-label" xlink:from="rj_AnnualReportingGuidelines213_loc" xlink:to="rj_AnnualReportingGuidelines213_label_fr" xlink:type="arc"/>
    <gen:arc xlink:arcrole="http://xbrl.org/arcrole/2008/element-label" xlink:from="rj_AnnualReportingGuidelines214_loc" xlink:to="rj_AnnualReportingGuidelines214_label_fr" xlink:type="arc"/>
    <gen:arc xlink:arcrole="http://xbrl.org/arcrole/2008/element-label" xlink:from="rj_AnnualReportingGuidelines215_loc" xlink:to="rj_AnnualReportingGuidelines215_label_fr" xlink:type="arc"/>
    <gen:arc xlink:arcrole="http://xbrl.org/arcrole/2008/element-label" xlink:from="rj_AnnualReportingGuidelines216_loc" xlink:to="rj_AnnualReportingGuidelines216_label_fr" xlink:type="arc"/>
    <gen:arc xlink:arcrole="http://xbrl.org/arcrole/2008/element-label" xlink:from="rj_AnnualReportingGuidelines217_loc" xlink:to="rj_AnnualReportingGuidelines217_label_fr" xlink:type="arc"/>
    <gen:arc xlink:arcrole="http://xbrl.org/arcrole/2008/element-label" xlink:from="rj_AnnualReportingGuidelines220_loc" xlink:to="rj_AnnualReportingGuidelines220_label_fr" xlink:type="arc"/>
    <gen:arc xlink:arcrole="http://xbrl.org/arcrole/2008/element-label" xlink:from="rj_AnnualReportingGuidelines221_loc" xlink:to="rj_AnnualReportingGuidelines221_label_fr" xlink:type="arc"/>
    <gen:arc xlink:arcrole="http://xbrl.org/arcrole/2008/element-label" xlink:from="rj_AnnualReportingGuidelines222_loc" xlink:to="rj_AnnualReportingGuidelines222_label_fr" xlink:type="arc"/>
    <gen:arc xlink:arcrole="http://xbrl.org/arcrole/2008/element-label" xlink:from="rj_AnnualReportingGuidelines224_loc" xlink:to="rj_AnnualReportingGuidelines224_label_fr" xlink:type="arc"/>
    <gen:arc xlink:arcrole="http://xbrl.org/arcrole/2008/element-label" xlink:from="rj_AnnualReportingGuidelines226_loc" xlink:to="rj_AnnualReportingGuidelines226_label_fr" xlink:type="arc"/>
    <gen:arc xlink:arcrole="http://xbrl.org/arcrole/2008/element-label" xlink:from="rj_AnnualReportingGuidelines228_loc" xlink:to="rj_AnnualReportingGuidelines228_label_fr" xlink:type="arc"/>
    <gen:arc xlink:arcrole="http://xbrl.org/arcrole/2008/element-label" xlink:from="rj_AnnualReportingGuidelines240_loc" xlink:to="rj_AnnualReportingGuidelines240_label_fr" xlink:type="arc"/>
    <gen:arc xlink:arcrole="http://xbrl.org/arcrole/2008/element-label" xlink:from="rj_AnnualReportingGuidelines252_loc" xlink:to="rj_AnnualReportingGuidelines252_label_fr" xlink:type="arc"/>
    <gen:arc xlink:arcrole="http://xbrl.org/arcrole/2008/element-label" xlink:from="rj_AnnualReportingGuidelines254_loc" xlink:to="rj_AnnualReportingGuidelines254_label_fr" xlink:type="arc"/>
    <gen:arc xlink:arcrole="http://xbrl.org/arcrole/2008/element-label" xlink:from="rj_AnnualReportingGuidelines258_loc" xlink:to="rj_AnnualReportingGuidelines258_label_fr" xlink:type="arc"/>
    <gen:arc xlink:arcrole="http://xbrl.org/arcrole/2008/element-label" xlink:from="rj_AnnualReportingGuidelines265_loc" xlink:to="rj_AnnualReportingGuidelines265_label_fr" xlink:type="arc"/>
    <gen:arc xlink:arcrole="http://xbrl.org/arcrole/2008/element-label" xlink:from="rj_AnnualReportingGuidelines270_loc" xlink:to="rj_AnnualReportingGuidelines270_label_fr" xlink:type="arc"/>
    <gen:arc xlink:arcrole="http://xbrl.org/arcrole/2008/element-label" xlink:from="rj_AnnualReportingGuidelines271_loc" xlink:to="rj_AnnualReportingGuidelines271_label_fr" xlink:type="arc"/>
    <gen:arc xlink:arcrole="http://xbrl.org/arcrole/2008/element-label" xlink:from="rj_AnnualReportingGuidelines272_loc" xlink:to="rj_AnnualReportingGuidelines272_label_fr" xlink:type="arc"/>
    <gen:arc xlink:arcrole="http://xbrl.org/arcrole/2008/element-label" xlink:from="rj_AnnualReportingGuidelines273_loc" xlink:to="rj_AnnualReportingGuidelines273_label_fr" xlink:type="arc"/>
    <gen:arc xlink:arcrole="http://xbrl.org/arcrole/2008/element-label" xlink:from="rj_AnnualReportingGuidelines274_loc" xlink:to="rj_AnnualReportingGuidelines274_label_fr" xlink:type="arc"/>
    <gen:arc xlink:arcrole="http://xbrl.org/arcrole/2008/element-label" xlink:from="rj_AnnualReportingGuidelines275_loc" xlink:to="rj_AnnualReportingGuidelines275_label_fr" xlink:type="arc"/>
    <gen:arc xlink:arcrole="http://xbrl.org/arcrole/2008/element-label" xlink:from="rj_AnnualReportingGuidelines290_loc" xlink:to="rj_AnnualReportingGuidelines290_label_fr" xlink:type="arc"/>
    <gen:arc xlink:arcrole="http://xbrl.org/arcrole/2008/element-label" xlink:from="rj_AnnualReportingGuidelines292_loc" xlink:to="rj_AnnualReportingGuidelines292_label_fr" xlink:type="arc"/>
    <gen:arc xlink:arcrole="http://xbrl.org/arcrole/2008/element-label" xlink:from="rj_AnnualReportingGuidelines300_loc" xlink:to="rj_AnnualReportingGuidelines300_label_fr" xlink:type="arc"/>
    <gen:arc xlink:arcrole="http://xbrl.org/arcrole/2008/element-label" xlink:from="rj_AnnualReportingGuidelines315_loc" xlink:to="rj_AnnualReportingGuidelines315_label_fr" xlink:type="arc"/>
    <gen:arc xlink:arcrole="http://xbrl.org/arcrole/2008/element-label" xlink:from="rj_AnnualReportingGuidelines330_loc" xlink:to="rj_AnnualReportingGuidelines330_label_fr" xlink:type="arc"/>
    <gen:arc xlink:arcrole="http://xbrl.org/arcrole/2008/element-label" xlink:from="rj_AnnualReportingGuidelines340_loc" xlink:to="rj_AnnualReportingGuidelines340_label_fr" xlink:type="arc"/>
    <gen:arc xlink:arcrole="http://xbrl.org/arcrole/2008/element-label" xlink:from="rj_AnnualReportingGuidelines345_loc" xlink:to="rj_AnnualReportingGuidelines345_label_fr" xlink:type="arc"/>
    <gen:arc xlink:arcrole="http://xbrl.org/arcrole/2008/element-label" xlink:from="rj_AnnualReportingGuidelines350_loc" xlink:to="rj_AnnualReportingGuidelines350_label_fr" xlink:type="arc"/>
    <gen:arc xlink:arcrole="http://xbrl.org/arcrole/2008/element-label" xlink:from="rj_AnnualReportingGuidelines360_loc" xlink:to="rj_AnnualReportingGuidelines360_label_fr" xlink:type="arc"/>
    <gen:arc xlink:arcrole="http://xbrl.org/arcrole/2008/element-label" xlink:from="rj_AnnualReportingGuidelines390_loc" xlink:to="rj_AnnualReportingGuidelines390_label_fr" xlink:type="arc"/>
    <gen:arc xlink:arcrole="http://xbrl.org/arcrole/2008/element-label" xlink:from="rj_AnnualReportingGuidelines394_loc" xlink:to="rj_AnnualReportingGuidelines394_label_fr" xlink:type="arc"/>
    <gen:arc xlink:arcrole="http://xbrl.org/arcrole/2008/element-label" xlink:from="rj_AnnualReportingGuidelines396_loc" xlink:to="rj_AnnualReportingGuidelines396_label_fr" xlink:type="arc"/>
    <gen:arc xlink:arcrole="http://xbrl.org/arcrole/2008/element-label" xlink:from="rj_AnnualReportingGuidelines400_loc" xlink:to="rj_AnnualReportingGuidelines400_label_fr" xlink:type="arc"/>
    <gen:arc xlink:arcrole="http://xbrl.org/arcrole/2008/element-label" xlink:from="rj_AnnualReportingGuidelines404_loc" xlink:to="rj_AnnualReportingGuidelines404_label_fr" xlink:type="arc"/>
    <gen:arc xlink:arcrole="http://xbrl.org/arcrole/2008/element-label" xlink:from="rj_AnnualReportingGuidelines405_loc" xlink:to="rj_AnnualReportingGuidelines405_label_fr" xlink:type="arc"/>
    <gen:arc xlink:arcrole="http://xbrl.org/arcrole/2008/element-label" xlink:from="rj_AnnualReportingGuidelines410_loc" xlink:to="rj_AnnualReportingGuidelines410_label_fr" xlink:type="arc"/>
    <gen:arc xlink:arcrole="http://xbrl.org/arcrole/2008/element-label" xlink:from="rj_AnnualReportingGuidelines420_loc" xlink:to="rj_AnnualReportingGuidelines420_label_fr" xlink:type="arc"/>
    <gen:arc xlink:arcrole="http://xbrl.org/arcrole/2008/element-label" xlink:from="rj_AnnualReportingGuidelines430_loc" xlink:to="rj_AnnualReportingGuidelines430_label_fr" xlink:type="arc"/>
    <gen:arc xlink:arcrole="http://xbrl.org/arcrole/2008/element-label" xlink:from="rj_AnnualReportingGuidelines600_loc" xlink:to="rj_AnnualReportingGuidelines600_label_fr" xlink:type="arc"/>
    <gen:arc xlink:arcrole="http://xbrl.org/arcrole/2008/element-label" xlink:from="rj_AnnualReportingGuidelines605_loc" xlink:to="rj_AnnualReportingGuidelines605_label_fr" xlink:type="arc"/>
    <gen:arc xlink:arcrole="http://xbrl.org/arcrole/2008/element-label" xlink:from="rj_AnnualReportingGuidelines610_loc" xlink:to="rj_AnnualReportingGuidelines610_label_fr" xlink:type="arc"/>
    <gen:arc xlink:arcrole="http://xbrl.org/arcrole/2008/element-label" xlink:from="rj_AnnualReportingGuidelines611_loc" xlink:to="rj_AnnualReportingGuidelines611_label_fr" xlink:type="arc"/>
    <gen:arc xlink:arcrole="http://xbrl.org/arcrole/2008/element-label" xlink:from="rj_AnnualReportingGuidelines615_loc" xlink:to="rj_AnnualReportingGuidelines615_label_fr" xlink:type="arc"/>
    <gen:arc xlink:arcrole="http://xbrl.org/arcrole/2008/element-label" xlink:from="rj_AnnualReportingGuidelines620_loc" xlink:to="rj_AnnualReportingGuidelines620_label_fr" xlink:type="arc"/>
    <gen:arc xlink:arcrole="http://xbrl.org/arcrole/2008/element-label" xlink:from="rj_AnnualReportingGuidelines630_loc" xlink:to="rj_AnnualReportingGuidelines630_label_fr" xlink:type="arc"/>
    <gen:arc xlink:arcrole="http://xbrl.org/arcrole/2008/element-label" xlink:from="rj_AnnualReportingGuidelines640_loc" xlink:to="rj_AnnualReportingGuidelines640_label_fr" xlink:type="arc"/>
    <gen:arc xlink:arcrole="http://xbrl.org/arcrole/2008/element-label" xlink:from="rj_AnnualReportingGuidelines645_loc" xlink:to="rj_AnnualReportingGuidelines645_label_fr" xlink:type="arc"/>
    <gen:arc xlink:arcrole="http://xbrl.org/arcrole/2008/element-label" xlink:from="rj_AnnualReportingGuidelines650_loc" xlink:to="rj_AnnualReportingGuidelines650_label_fr" xlink:type="arc"/>
    <gen:arc xlink:arcrole="http://xbrl.org/arcrole/2008/element-label" xlink:from="rj_AnnualReportingGuidelines655_loc" xlink:to="rj_AnnualReportingGuidelines655_label_fr" xlink:type="arc"/>
    <gen:arc xlink:arcrole="http://xbrl.org/arcrole/2008/element-label" xlink:from="rj_AnnualReportingGuidelines660_loc" xlink:to="rj_AnnualReportingGuidelines660_label_fr" xlink:type="arc"/>
    <gen:arc xlink:arcrole="http://xbrl.org/arcrole/2008/element-label" xlink:from="rj_AnnualReportingGuidelines920_loc" xlink:to="rj_AnnualReportingGuidelines920_label_fr" xlink:type="arc"/>
    <gen:arc xlink:arcrole="http://xbrl.org/arcrole/2008/element-label" xlink:from="rj_AnnualReportingGuidelines921_loc" xlink:to="rj_AnnualReportingGuidelines921_label_fr" xlink:type="arc"/>
    <gen:arc xlink:arcrole="http://xbrl.org/arcrole/2008/element-label" xlink:from="rj_AnnualReportingGuidelinesExpressions_loc" xlink:to="rj_AnnualReportingGuidelinesExpressions_label_fr" xlink:type="arc"/>
    <label:label id="rj_AnnualReportingGuidelines100_label_fr" xlink:label="rj_AnnualReportingGuidelines100_label_fr" xlink:role="http://www.xbrl.org/2008/role/label" xlink:type="resource" xml:lang="fr">RJ 100 - Présentation</label:label>
    <label:label id="rj_AnnualReportingGuidelines110_label_fr" xlink:label="rj_AnnualReportingGuidelines110_label_fr" xlink:role="http://www.xbrl.org/2008/role/label" xlink:type="resource" xml:lang="fr">RJ 110 - Objectifs et principes directeurs</label:label>
    <label:label id="rj_AnnualReportingGuidelines115_label_fr" xlink:label="rj_AnnualReportingGuidelines115_label_fr" xlink:role="http://www.xbrl.org/2008/role/label" xlink:type="resource" xml:lang="fr">RJ 115 - Critères pour l'enregistrement et la diffusion des données</label:label>
    <label:label id="rj_AnnualReportingGuidelines120_label_fr" xlink:label="rj_AnnualReportingGuidelines120_label_fr" xlink:role="http://www.xbrl.org/2008/role/label" xlink:type="resource" xml:lang="fr">RJ 120 - Principes du prix</label:label>
    <label:label id="rj_AnnualReportingGuidelines121_label_fr" xlink:label="rj_AnnualReportingGuidelines121_label_fr" xlink:role="http://www.xbrl.org/2008/role/label" xlink:type="resource" xml:lang="fr">RJ 121 - Dépréciation exceptionnelle des immobilisations corporelles</label:label>
    <label:label id="rj_AnnualReportingGuidelines122_label_fr" xlink:label="rj_AnnualReportingGuidelines122_label_fr" xlink:role="http://www.xbrl.org/2008/role/label" xlink:type="resource" xml:lang="fr">RJ 122 - Principes du prix pour devises étrangères</label:label>
    <label:label id="rj_AnnualReportingGuidelines135_label_fr" xlink:label="rj_AnnualReportingGuidelines135_label_fr" xlink:role="http://www.xbrl.org/2008/role/label" xlink:type="resource" xml:lang="fr">RJ 135 - Principes généraux pour déterminer le résultat</label:label>
    <label:label id="rj_AnnualReportingGuidelines140_label_fr" xlink:label="rj_AnnualReportingGuidelines140_label_fr" xlink:role="http://www.xbrl.org/2008/role/label" xlink:type="resource" xml:lang="fr">RJ 140 - Changements de régime</label:label>
    <label:label id="rj_AnnualReportingGuidelines145_label_fr" xlink:label="rj_AnnualReportingGuidelines145_label_fr" xlink:role="http://www.xbrl.org/2008/role/label" xlink:type="resource" xml:lang="fr">RJ 145 - Changements d'estimations comptables</label:label>
    <label:label id="rj_AnnualReportingGuidelines150_label_fr" xlink:label="rj_AnnualReportingGuidelines150_label_fr" xlink:role="http://www.xbrl.org/2008/role/label" xlink:type="resource" xml:lang="fr">RJ 150 - Correction d'erreur</label:label>
    <label:label id="rj_AnnualReportingGuidelines160_label_fr" xlink:label="rj_AnnualReportingGuidelines160_label_fr" xlink:role="http://www.xbrl.org/2008/role/label" xlink:type="resource" xml:lang="fr">RJ 160 - Événements postérieurs à la date du bilan</label:label>
    <label:label id="rj_AnnualReportingGuidelines170_label_fr" xlink:label="rj_AnnualReportingGuidelines170_label_fr" xlink:role="http://www.xbrl.org/2008/role/label" xlink:type="resource" xml:lang="fr">RJ 170 - Discontinuité et sérieuse incertitude quant à la continuité</label:label>
    <label:label id="rj_AnnualReportingGuidelines190_label_fr" xlink:label="rj_AnnualReportingGuidelines190_label_fr" xlink:role="http://www.xbrl.org/2008/role/label" xlink:type="resource" xml:lang="fr">RJ 190 - Autres déclarations générales</label:label>
    <label:label id="rj_AnnualReportingGuidelines210_label_fr" xlink:label="rj_AnnualReportingGuidelines210_label_fr" xlink:role="http://www.xbrl.org/2008/role/label" xlink:type="resource" xml:lang="fr">RJ 210 - Immobilisations incorporelles achetées</label:label>
    <label:label id="rj_AnnualReportingGuidelines212_label_fr" xlink:label="rj_AnnualReportingGuidelines212_label_fr" xlink:role="http://www.xbrl.org/2008/role/label" xlink:type="resource" xml:lang="fr">RJ 212 - Immobilisations corporelles</label:label>
    <label:label id="rj_AnnualReportingGuidelines213_label_fr" xlink:label="rj_AnnualReportingGuidelines213_label_fr" xlink:role="http://www.xbrl.org/2008/role/label" xlink:type="resource" xml:lang="fr">RJ 213 - Immeubles de placement</label:label>
    <label:label id="rj_AnnualReportingGuidelines214_label_fr" xlink:label="rj_AnnualReportingGuidelines214_label_fr" xlink:role="http://www.xbrl.org/2008/role/label" xlink:type="resource" xml:lang="fr">RJ 214 - Immobilisations financières</label:label>
    <label:label id="rj_AnnualReportingGuidelines215_label_fr" xlink:label="rj_AnnualReportingGuidelines215_label_fr" xlink:role="http://www.xbrl.org/2008/role/label" xlink:type="resource" xml:lang="fr">RJ 215 - Joint ventures</label:label>
    <label:label id="rj_AnnualReportingGuidelines216_label_fr" xlink:label="rj_AnnualReportingGuidelines216_label_fr" xlink:role="http://www.xbrl.org/2008/role/label" xlink:type="resource" xml:lang="fr">RJ 216 - Fusions et acquisitions</label:label>
    <label:label id="rj_AnnualReportingGuidelines217_label_fr" xlink:label="rj_AnnualReportingGuidelines217_label_fr" xlink:role="http://www.xbrl.org/2008/role/label" xlink:type="resource" xml:lang="fr">RJ 217 - Consolidation</label:label>
    <label:label id="rj_AnnualReportingGuidelines220_label_fr" xlink:label="rj_AnnualReportingGuidelines220_label_fr" xlink:role="http://www.xbrl.org/2008/role/label" xlink:type="resource" xml:lang="fr">RJ 220 - Stocks</label:label>
    <label:label id="rj_AnnualReportingGuidelines221_label_fr" xlink:label="rj_AnnualReportingGuidelines221_label_fr" xlink:role="http://www.xbrl.org/2008/role/label" xlink:type="resource" xml:lang="fr">RJ 221 - Projets en cours</label:label>
    <label:label id="rj_AnnualReportingGuidelines222_label_fr" xlink:label="rj_AnnualReportingGuidelines222_label_fr" xlink:role="http://www.xbrl.org/2008/role/label" xlink:type="resource" xml:lang="fr">RJ 222 - Créances</label:label>
    <label:label id="rj_AnnualReportingGuidelines224_label_fr" xlink:label="rj_AnnualReportingGuidelines224_label_fr" xlink:role="http://www.xbrl.org/2008/role/label" xlink:type="resource" xml:lang="fr">RJ 224 - Actifs de régularisation</label:label>
    <label:label id="rj_AnnualReportingGuidelines226_label_fr" xlink:label="rj_AnnualReportingGuidelines226_label_fr" xlink:role="http://www.xbrl.org/2008/role/label" xlink:type="resource" xml:lang="fr">RJ 226 - Valeurs mobilières</label:label>
    <label:label id="rj_AnnualReportingGuidelines228_label_fr" xlink:label="rj_AnnualReportingGuidelines228_label_fr" xlink:role="http://www.xbrl.org/2008/role/label" xlink:type="resource" xml:lang="fr">RJ 228 - Liquidités</label:label>
    <label:label id="rj_AnnualReportingGuidelines240_label_fr" xlink:label="rj_AnnualReportingGuidelines240_label_fr" xlink:role="http://www.xbrl.org/2008/role/label" xlink:type="resource" xml:lang="fr">RJ 240 - Fonds propres</label:label>
    <label:label id="rj_AnnualReportingGuidelines252_label_fr" xlink:label="rj_AnnualReportingGuidelines252_label_fr" xlink:role="http://www.xbrl.org/2008/role/label" xlink:type="resource" xml:lang="fr">RJ 252 - Provisions, passifs non repris dans le bilan et actifs non repris dans le bilan</label:label>
    <label:label id="rj_AnnualReportingGuidelines254_label_fr" xlink:label="rj_AnnualReportingGuidelines254_label_fr" xlink:role="http://www.xbrl.org/2008/role/label" xlink:type="resource" xml:lang="fr">RJ 254 - Dettes</label:label>
    <label:label id="rj_AnnualReportingGuidelines258_label_fr" xlink:label="rj_AnnualReportingGuidelines258_label_fr" xlink:role="http://www.xbrl.org/2008/role/label" xlink:type="resource" xml:lang="fr">RJ 258 - Passifs de régularisation</label:label>
    <label:label id="rj_AnnualReportingGuidelines265_label_fr" xlink:label="rj_AnnualReportingGuidelines265_label_fr" xlink:role="http://www.xbrl.org/2008/role/label" xlink:type="resource" xml:lang="fr">RJ 265 - État du résultat total de l'entreprise dotée de la personnalité juridique</label:label>
    <label:label id="rj_AnnualReportingGuidelines270_label_fr" xlink:label="rj_AnnualReportingGuidelines270_label_fr" xlink:role="http://www.xbrl.org/2008/role/label" xlink:type="resource" xml:lang="fr">RJ 270 - Compte des pertes et profits</label:label>
    <label:label id="rj_AnnualReportingGuidelines271_label_fr" xlink:label="rj_AnnualReportingGuidelines271_label_fr" xlink:role="http://www.xbrl.org/2008/role/label" xlink:type="resource" xml:lang="fr">RJ 271 - Primes du personnel</label:label>
    <label:label id="rj_AnnualReportingGuidelines272_label_fr" xlink:label="rj_AnnualReportingGuidelines272_label_fr" xlink:role="http://www.xbrl.org/2008/role/label" xlink:type="resource" xml:lang="fr">RJ 272 - Impôt sur le revenu</label:label>
    <label:label id="rj_AnnualReportingGuidelines273_label_fr" xlink:label="rj_AnnualReportingGuidelines273_label_fr" xlink:role="http://www.xbrl.org/2008/role/label" xlink:type="resource" xml:lang="fr">RJ 273 - Charges d'intérêt</label:label>
    <label:label id="rj_AnnualReportingGuidelines274_label_fr" xlink:label="rj_AnnualReportingGuidelines274_label_fr" xlink:role="http://www.xbrl.org/2008/role/label" xlink:type="resource" xml:lang="fr">RJ 274 - Subventions publiques</label:label>
    <label:label id="rj_AnnualReportingGuidelines275_label_fr" xlink:label="rj_AnnualReportingGuidelines275_label_fr" xlink:role="http://www.xbrl.org/2008/role/label" xlink:type="resource" xml:lang="fr">RJ 275 - Paiement fondé sur les actions</label:label>
    <label:label id="rj_AnnualReportingGuidelines290_label_fr" xlink:label="rj_AnnualReportingGuidelines290_label_fr" xlink:role="http://www.xbrl.org/2008/role/label" xlink:type="resource" xml:lang="fr">RJ 290 - Instruments financiers</label:label>
    <label:label id="rj_AnnualReportingGuidelines292_label_fr" xlink:label="rj_AnnualReportingGuidelines292_label_fr" xlink:role="http://www.xbrl.org/2008/role/label" xlink:type="resource" xml:lang="fr">RJ 292 - Leasing</label:label>
    <label:label id="rj_AnnualReportingGuidelines300_label_fr" xlink:label="rj_AnnualReportingGuidelines300_label_fr" xlink:role="http://www.xbrl.org/2008/role/label" xlink:type="resource" xml:lang="fr">RJ 300 - Fonction et classification</label:label>
    <label:label id="rj_AnnualReportingGuidelines315_label_fr" xlink:label="rj_AnnualReportingGuidelines315_label_fr" xlink:role="http://www.xbrl.org/2008/role/label" xlink:type="resource" xml:lang="fr">RJ 315 - Exonérations pour les entreprises de taille moyenne dotées de la personnalité juridique</label:label>
    <label:label id="rj_AnnualReportingGuidelines330_label_fr" xlink:label="rj_AnnualReportingGuidelines330_label_fr" xlink:role="http://www.xbrl.org/2008/role/label" xlink:type="resource" xml:lang="fr">RJ 330 - Parties liées</label:label>
    <label:label id="rj_AnnualReportingGuidelines340_label_fr" xlink:label="rj_AnnualReportingGuidelines340_label_fr" xlink:role="http://www.xbrl.org/2008/role/label" xlink:type="resource" xml:lang="fr">RJ 340 - Bénéfice par action</label:label>
    <label:label id="rj_AnnualReportingGuidelines345_label_fr" xlink:label="rj_AnnualReportingGuidelines345_label_fr" xlink:role="http://www.xbrl.org/2008/role/label" xlink:type="resource" xml:lang="fr">RJ 345 - Abandon des activités de l'entreprise</label:label>
    <label:label id="rj_AnnualReportingGuidelines350_label_fr" xlink:label="rj_AnnualReportingGuidelines350_label_fr" xlink:role="http://www.xbrl.org/2008/role/label" xlink:type="resource" xml:lang="fr">RJ 350 - Informations segmentées</label:label>
    <label:label id="rj_AnnualReportingGuidelines360_label_fr" xlink:label="rj_AnnualReportingGuidelines360_label_fr" xlink:role="http://www.xbrl.org/2008/role/label" xlink:type="resource" xml:lang="fr">RJ 360 - État du flux de trésorerie</label:label>
    <label:label id="rj_AnnualReportingGuidelines390_label_fr" xlink:label="rj_AnnualReportingGuidelines390_label_fr" xlink:role="http://www.xbrl.org/2008/role/label" xlink:type="resource" xml:lang="fr">RJ 390 - Autres informations à insérer dans l'annexe</label:label>
    <label:label id="rj_AnnualReportingGuidelines394_label_fr" xlink:label="rj_AnnualReportingGuidelines394_label_fr" xlink:role="http://www.xbrl.org/2008/role/label" xlink:type="resource" xml:lang="fr">RJ 394 - Messages intermédiaires</label:label>
    <label:label id="rj_AnnualReportingGuidelines396_label_fr" xlink:label="rj_AnnualReportingGuidelines396_label_fr" xlink:role="http://www.xbrl.org/2008/role/label" xlink:type="resource" xml:lang="fr">RJ 396 - Publicité</label:label>
    <label:label id="rj_AnnualReportingGuidelines400_label_fr" xlink:label="rj_AnnualReportingGuidelines400_label_fr" xlink:role="http://www.xbrl.org/2008/role/label" xlink:type="resource" xml:lang="fr">RJ 400 - Rapport de gestion</label:label>
    <label:label id="rj_AnnualReportingGuidelines404_label_fr" xlink:label="rj_AnnualReportingGuidelines404_label_fr" xlink:role="http://www.xbrl.org/2008/role/label" xlink:type="resource" xml:lang="fr">RJ 404 - Rapport de rémunération et rapport de rémunération</label:label>
    <label:label id="rj_AnnualReportingGuidelines405_label_fr" xlink:label="rj_AnnualReportingGuidelines405_label_fr" xlink:role="http://www.xbrl.org/2008/role/label" xlink:type="resource" xml:lang="fr">RJ 405- Rapport du collège des commissaires</label:label>
    <label:label id="rj_AnnualReportingGuidelines410_label_fr" xlink:label="rj_AnnualReportingGuidelines410_label_fr" xlink:role="http://www.xbrl.org/2008/role/label" xlink:type="resource" xml:lang="fr">RJ 410 - Autres données</label:label>
    <label:label id="rj_AnnualReportingGuidelines420_label_fr" xlink:label="rj_AnnualReportingGuidelines420_label_fr" xlink:role="http://www.xbrl.org/2008/role/label" xlink:type="resource" xml:lang="fr">RJ 420 - Affectation du résultat, comptabilisation des pertes</label:label>
    <label:label id="rj_AnnualReportingGuidelines430_label_fr" xlink:label="rj_AnnualReportingGuidelines430_label_fr" xlink:role="http://www.xbrl.org/2008/role/label" xlink:type="resource" xml:lang="fr">RJ 430 - Chiffres clés, ratios et états pluriannuels</label:label>
    <label:label id="rj_AnnualReportingGuidelines600_label_fr" xlink:label="rj_AnnualReportingGuidelines600_label_fr" xlink:role="http://www.xbrl.org/2008/role/label" xlink:type="resource" xml:lang="fr">RJ 600 - Banques</label:label>
    <label:label id="rj_AnnualReportingGuidelines605_label_fr" xlink:label="rj_AnnualReportingGuidelines605_label_fr" xlink:role="http://www.xbrl.org/2008/role/label" xlink:type="resource" xml:lang="fr">RJ 605 - Compagnies d'assurances</label:label>
    <label:label id="rj_AnnualReportingGuidelines610_label_fr" xlink:label="rj_AnnualReportingGuidelines610_label_fr" xlink:role="http://www.xbrl.org/2008/role/label" xlink:type="resource" xml:lang="fr">RJ 610 - Fonds de retraite</label:label>
    <label:label id="rj_AnnualReportingGuidelines611_label_fr" xlink:label="rj_AnnualReportingGuidelines611_label_fr" xlink:role="http://www.xbrl.org/2008/role/label" xlink:type="resource" xml:lang="fr">RJ 611 - Les institutions de retraite premium</label:label>
    <label:label id="rj_AnnualReportingGuidelines615_label_fr" xlink:label="rj_AnnualReportingGuidelines615_label_fr" xlink:role="http://www.xbrl.org/2008/role/label" xlink:type="resource" xml:lang="fr">RJ 615 - Entités d'investissement</label:label>
    <label:label id="rj_AnnualReportingGuidelines620_label_fr" xlink:label="rj_AnnualReportingGuidelines620_label_fr" xlink:role="http://www.xbrl.org/2008/role/label" xlink:type="resource" xml:lang="fr">RJ 620 - Coopératives</label:label>
    <label:label id="rj_AnnualReportingGuidelines630_label_fr" xlink:label="rj_AnnualReportingGuidelines630_label_fr" xlink:role="http://www.xbrl.org/2008/role/label" xlink:type="resource" xml:lang="fr">RJ 630 - Fondations commerciales et associations</label:label>
    <label:label id="rj_AnnualReportingGuidelines640_label_fr" xlink:label="rj_AnnualReportingGuidelines640_label_fr" xlink:role="http://www.xbrl.org/2008/role/label" xlink:type="resource" xml:lang="fr">RJ 640 - Associations sans but lucratif</label:label>
    <label:label id="rj_AnnualReportingGuidelines645_label_fr" xlink:label="rj_AnnualReportingGuidelines645_label_fr" xlink:role="http://www.xbrl.org/2008/role/label" xlink:type="resource" xml:lang="fr">RJ 645 - Établissements autorisés logement social</label:label>
    <label:label id="rj_AnnualReportingGuidelines650_label_fr" xlink:label="rj_AnnualReportingGuidelines650_label_fr" xlink:role="http://www.xbrl.org/2008/role/label" xlink:type="resource" xml:lang="fr">RJ 650 - Établissements de collectes de fonds</label:label>
    <label:label id="rj_AnnualReportingGuidelines655_label_fr" xlink:label="rj_AnnualReportingGuidelines655_label_fr" xlink:role="http://www.xbrl.org/2008/role/label" xlink:type="resource" xml:lang="fr">RJ 655 - Établissements de soins de santé</label:label>
    <label:label id="rj_AnnualReportingGuidelines660_label_fr" xlink:label="rj_AnnualReportingGuidelines660_label_fr" xlink:role="http://www.xbrl.org/2008/role/label" xlink:type="resource" xml:lang="fr">RJ 660 - Établissements d'enseignement</label:label>
    <label:label id="rj_AnnualReportingGuidelines920_label_fr" xlink:label="rj_AnnualReportingGuidelines920_label_fr" xlink:role="http://www.xbrl.org/2008/role/label" xlink:type="resource" xml:lang="fr">RJ 920 - Aide pour le bilan social</label:label>
    <label:label id="rj_AnnualReportingGuidelines921_label_fr" xlink:label="rj_AnnualReportingGuidelines921_label_fr" xlink:role="http://www.xbrl.org/2008/role/label" xlink:type="resource" xml:lang="fr">RJ 921 - Aide à l'application de l'IAS 19R dans le cadre des pensions aux Pays-Bas</label:label>
    <label:label id="rj_AnnualReportingGuidelinesExpressions_label_fr" xlink:label="rj_AnnualReportingGuidelinesExpressions_label_fr" xlink:role="http://www.xbrl.org/2008/role/label" xlink:type="resource" xml:lang="fr">RJ Déclarations</label:label>
    <link:loc xlink:href="rj-all.xsd#rj_AnnualReportingGuidelines100" xlink:label="rj_AnnualReportingGuidelines100_loc" xlink:type="locator"/>
    <link:loc xlink:href="rj-all.xsd#rj_AnnualReportingGuidelines110" xlink:label="rj_AnnualReportingGuidelines110_loc" xlink:type="locator"/>
    <link:loc xlink:href="rj-all.xsd#rj_AnnualReportingGuidelines115" xlink:label="rj_AnnualReportingGuidelines115_loc" xlink:type="locator"/>
    <link:loc xlink:href="rj-all.xsd#rj_AnnualReportingGuidelines120" xlink:label="rj_AnnualReportingGuidelines120_loc" xlink:type="locator"/>
    <link:loc xlink:href="rj-all.xsd#rj_AnnualReportingGuidelines121" xlink:label="rj_AnnualReportingGuidelines121_loc" xlink:type="locator"/>
    <link:loc xlink:href="rj-all.xsd#rj_AnnualReportingGuidelines122" xlink:label="rj_AnnualReportingGuidelines122_loc" xlink:type="locator"/>
    <link:loc xlink:href="rj-all.xsd#rj_AnnualReportingGuidelines135" xlink:label="rj_AnnualReportingGuidelines135_loc" xlink:type="locator"/>
    <link:loc xlink:href="rj-all.xsd#rj_AnnualReportingGuidelines140" xlink:label="rj_AnnualReportingGuidelines140_loc" xlink:type="locator"/>
    <link:loc xlink:href="rj-all.xsd#rj_AnnualReportingGuidelines145" xlink:label="rj_AnnualReportingGuidelines145_loc" xlink:type="locator"/>
    <link:loc xlink:href="rj-all.xsd#rj_AnnualReportingGuidelines150" xlink:label="rj_AnnualReportingGuidelines150_loc" xlink:type="locator"/>
    <link:loc xlink:href="rj-all.xsd#rj_AnnualReportingGuidelines160" xlink:label="rj_AnnualReportingGuidelines160_loc" xlink:type="locator"/>
    <link:loc xlink:href="rj-all.xsd#rj_AnnualReportingGuidelines170" xlink:label="rj_AnnualReportingGuidelines170_loc" xlink:type="locator"/>
    <link:loc xlink:href="rj-all.xsd#rj_AnnualReportingGuidelines190" xlink:label="rj_AnnualReportingGuidelines190_loc" xlink:type="locator"/>
    <link:loc xlink:href="rj-all.xsd#rj_AnnualReportingGuidelines210" xlink:label="rj_AnnualReportingGuidelines210_loc" xlink:type="locator"/>
    <link:loc xlink:href="rj-all.xsd#rj_AnnualReportingGuidelines212" xlink:label="rj_AnnualReportingGuidelines212_loc" xlink:type="locator"/>
    <link:loc xlink:href="rj-all.xsd#rj_AnnualReportingGuidelines213" xlink:label="rj_AnnualReportingGuidelines213_loc" xlink:type="locator"/>
    <link:loc xlink:href="rj-all.xsd#rj_AnnualReportingGuidelines214" xlink:label="rj_AnnualReportingGuidelines214_loc" xlink:type="locator"/>
    <link:loc xlink:href="rj-all.xsd#rj_AnnualReportingGuidelines215" xlink:label="rj_AnnualReportingGuidelines215_loc" xlink:type="locator"/>
    <link:loc xlink:href="rj-all.xsd#rj_AnnualReportingGuidelines216" xlink:label="rj_AnnualReportingGuidelines216_loc" xlink:type="locator"/>
    <link:loc xlink:href="rj-all.xsd#rj_AnnualReportingGuidelines217" xlink:label="rj_AnnualReportingGuidelines217_loc" xlink:type="locator"/>
    <link:loc xlink:href="rj-all.xsd#rj_AnnualReportingGuidelines220" xlink:label="rj_AnnualReportingGuidelines220_loc" xlink:type="locator"/>
    <link:loc xlink:href="rj-all.xsd#rj_AnnualReportingGuidelines221" xlink:label="rj_AnnualReportingGuidelines221_loc" xlink:type="locator"/>
    <link:loc xlink:href="rj-all.xsd#rj_AnnualReportingGuidelines222" xlink:label="rj_AnnualReportingGuidelines222_loc" xlink:type="locator"/>
    <link:loc xlink:href="rj-all.xsd#rj_AnnualReportingGuidelines224" xlink:label="rj_AnnualReportingGuidelines224_loc" xlink:type="locator"/>
    <link:loc xlink:href="rj-all.xsd#rj_AnnualReportingGuidelines226" xlink:label="rj_AnnualReportingGuidelines226_loc" xlink:type="locator"/>
    <link:loc xlink:href="rj-all.xsd#rj_AnnualReportingGuidelines228" xlink:label="rj_AnnualReportingGuidelines228_loc" xlink:type="locator"/>
    <link:loc xlink:href="rj-all.xsd#rj_AnnualReportingGuidelines240" xlink:label="rj_AnnualReportingGuidelines240_loc" xlink:type="locator"/>
    <link:loc xlink:href="rj-all.xsd#rj_AnnualReportingGuidelines252" xlink:label="rj_AnnualReportingGuidelines252_loc" xlink:type="locator"/>
    <link:loc xlink:href="rj-all.xsd#rj_AnnualReportingGuidelines254" xlink:label="rj_AnnualReportingGuidelines254_loc" xlink:type="locator"/>
    <link:loc xlink:href="rj-all.xsd#rj_AnnualReportingGuidelines258" xlink:label="rj_AnnualReportingGuidelines258_loc" xlink:type="locator"/>
    <link:loc xlink:href="rj-all.xsd#rj_AnnualReportingGuidelines265" xlink:label="rj_AnnualReportingGuidelines265_loc" xlink:type="locator"/>
    <link:loc xlink:href="rj-all.xsd#rj_AnnualReportingGuidelines270" xlink:label="rj_AnnualReportingGuidelines270_loc" xlink:type="locator"/>
    <link:loc xlink:href="rj-all.xsd#rj_AnnualReportingGuidelines271" xlink:label="rj_AnnualReportingGuidelines271_loc" xlink:type="locator"/>
    <link:loc xlink:href="rj-all.xsd#rj_AnnualReportingGuidelines272" xlink:label="rj_AnnualReportingGuidelines272_loc" xlink:type="locator"/>
    <link:loc xlink:href="rj-all.xsd#rj_AnnualReportingGuidelines273" xlink:label="rj_AnnualReportingGuidelines273_loc" xlink:type="locator"/>
    <link:loc xlink:href="rj-all.xsd#rj_AnnualReportingGuidelines274" xlink:label="rj_AnnualReportingGuidelines274_loc" xlink:type="locator"/>
    <link:loc xlink:href="rj-all.xsd#rj_AnnualReportingGuidelines275" xlink:label="rj_AnnualReportingGuidelines275_loc" xlink:type="locator"/>
    <link:loc xlink:href="rj-all.xsd#rj_AnnualReportingGuidelines290" xlink:label="rj_AnnualReportingGuidelines290_loc" xlink:type="locator"/>
    <link:loc xlink:href="rj-all.xsd#rj_AnnualReportingGuidelines292" xlink:label="rj_AnnualReportingGuidelines292_loc" xlink:type="locator"/>
    <link:loc xlink:href="rj-all.xsd#rj_AnnualReportingGuidelines300" xlink:label="rj_AnnualReportingGuidelines300_loc" xlink:type="locator"/>
    <link:loc xlink:href="rj-all.xsd#rj_AnnualReportingGuidelines315" xlink:label="rj_AnnualReportingGuidelines315_loc" xlink:type="locator"/>
    <link:loc xlink:href="rj-all.xsd#rj_AnnualReportingGuidelines330" xlink:label="rj_AnnualReportingGuidelines330_loc" xlink:type="locator"/>
    <link:loc xlink:href="rj-all.xsd#rj_AnnualReportingGuidelines340" xlink:label="rj_AnnualReportingGuidelines340_loc" xlink:type="locator"/>
    <link:loc xlink:href="rj-all.xsd#rj_AnnualReportingGuidelines345" xlink:label="rj_AnnualReportingGuidelines345_loc" xlink:type="locator"/>
    <link:loc xlink:href="rj-all.xsd#rj_AnnualReportingGuidelines350" xlink:label="rj_AnnualReportingGuidelines350_loc" xlink:type="locator"/>
    <link:loc xlink:href="rj-all.xsd#rj_AnnualReportingGuidelines360" xlink:label="rj_AnnualReportingGuidelines360_loc" xlink:type="locator"/>
    <link:loc xlink:href="rj-all.xsd#rj_AnnualReportingGuidelines390" xlink:label="rj_AnnualReportingGuidelines390_loc" xlink:type="locator"/>
    <link:loc xlink:href="rj-all.xsd#rj_AnnualReportingGuidelines394" xlink:label="rj_AnnualReportingGuidelines394_loc" xlink:type="locator"/>
    <link:loc xlink:href="rj-all.xsd#rj_AnnualReportingGuidelines396" xlink:label="rj_AnnualReportingGuidelines396_loc" xlink:type="locator"/>
    <link:loc xlink:href="rj-all.xsd#rj_AnnualReportingGuidelines400" xlink:label="rj_AnnualReportingGuidelines400_loc" xlink:type="locator"/>
    <link:loc xlink:href="rj-all.xsd#rj_AnnualReportingGuidelines404" xlink:label="rj_AnnualReportingGuidelines404_loc" xlink:type="locator"/>
    <link:loc xlink:href="rj-all.xsd#rj_AnnualReportingGuidelines405" xlink:label="rj_AnnualReportingGuidelines405_loc" xlink:type="locator"/>
    <link:loc xlink:href="rj-all.xsd#rj_AnnualReportingGuidelines410" xlink:label="rj_AnnualReportingGuidelines410_loc" xlink:type="locator"/>
    <link:loc xlink:href="rj-all.xsd#rj_AnnualReportingGuidelines420" xlink:label="rj_AnnualReportingGuidelines420_loc" xlink:type="locator"/>
    <link:loc xlink:href="rj-all.xsd#rj_AnnualReportingGuidelines430" xlink:label="rj_AnnualReportingGuidelines430_loc" xlink:type="locator"/>
    <link:loc xlink:href="rj-all.xsd#rj_AnnualReportingGuidelines600" xlink:label="rj_AnnualReportingGuidelines600_loc" xlink:type="locator"/>
    <link:loc xlink:href="rj-all.xsd#rj_AnnualReportingGuidelines605" xlink:label="rj_AnnualReportingGuidelines605_loc" xlink:type="locator"/>
    <link:loc xlink:href="rj-all.xsd#rj_AnnualReportingGuidelines610" xlink:label="rj_AnnualReportingGuidelines610_loc" xlink:type="locator"/>
    <link:loc xlink:href="rj-all.xsd#rj_AnnualReportingGuidelines611" xlink:label="rj_AnnualReportingGuidelines611_loc" xlink:type="locator"/>
    <link:loc xlink:href="rj-all.xsd#rj_AnnualReportingGuidelines615" xlink:label="rj_AnnualReportingGuidelines615_loc" xlink:type="locator"/>
    <link:loc xlink:href="rj-all.xsd#rj_AnnualReportingGuidelines620" xlink:label="rj_AnnualReportingGuidelines620_loc" xlink:type="locator"/>
    <link:loc xlink:href="rj-all.xsd#rj_AnnualReportingGuidelines630" xlink:label="rj_AnnualReportingGuidelines630_loc" xlink:type="locator"/>
    <link:loc xlink:href="rj-all.xsd#rj_AnnualReportingGuidelines640" xlink:label="rj_AnnualReportingGuidelines640_loc" xlink:type="locator"/>
    <link:loc xlink:href="rj-all.xsd#rj_AnnualReportingGuidelines645" xlink:label="rj_AnnualReportingGuidelines645_loc" xlink:type="locator"/>
    <link:loc xlink:href="rj-all.xsd#rj_AnnualReportingGuidelines650" xlink:label="rj_AnnualReportingGuidelines650_loc" xlink:type="locator"/>
    <link:loc xlink:href="rj-all.xsd#rj_AnnualReportingGuidelines655" xlink:label="rj_AnnualReportingGuidelines655_loc" xlink:type="locator"/>
    <link:loc xlink:href="rj-all.xsd#rj_AnnualReportingGuidelines660" xlink:label="rj_AnnualReportingGuidelines660_loc" xlink:type="locator"/>
    <link:loc xlink:href="rj-all.xsd#rj_AnnualReportingGuidelines920" xlink:label="rj_AnnualReportingGuidelines920_loc" xlink:type="locator"/>
    <link:loc xlink:href="rj-all.xsd#rj_AnnualReportingGuidelines921" xlink:label="rj_AnnualReportingGuidelines921_loc" xlink:type="locator"/>
    <link:loc xlink:href="rj-all.xsd#rj_AnnualReportingGuidelinesExpressions" xlink:label="rj_AnnualReportingGuidelinesExpressions_loc" xlink:type="locator"/>
  </gen:link>
</link:linkbase>
