<?xml version="1.0" encoding="UTF-8"?>

<link:linkbase xmlns:link="http://www.xbrl.org/2003/linkbase" xmlns:xlink="http://www.w3.org/1999/xlink">
  <link:roleRef roleURI="urn:rj:linkrole:annual-reporting-guidelines-common-practice" xlink:type="simple" xlink:href="rj-common-practice-all.xsd#rj_AnnualReportingGuidelinesCommonPractice"/>
  <link:presentationLink xlink:type="extended" xlink:role="urn:rj:linkrole:annual-reporting-guidelines-common-practice">
    <link:loc xlink:type="locator" xlink:href="rj-common-practice-all.xsd#rj_AnnualReportingGuidelinesCommonPracticeTitle" xlink:label="rj_AnnualReportingGuidelinesCommonPracticeTitle_loc"/>
    <link:loc xlink:type="locator" xlink:href="rj-cor.xsd#rj_ContractCostsRecordedAsLiability" xlink:label="rj_ContractCostsRecordedAsLiability_loc"/>
    <link:presentationArc xlink:type="arc" xlink:arcrole="http://www.xbrl.org/2003/arcrole/parent-child" xlink:from="rj_AnnualReportingGuidelinesCommonPracticeTitle_loc" xlink:to="rj_ContractCostsRecordedAsLiability_loc" order="1.0"/>
    <link:loc xlink:type="locator" xlink:href="rj-cor.xsd#rj_ContractCosts" xlink:label="rj_ContractCosts_loc"/>
    <link:presentationArc xlink:type="arc" xlink:arcrole="http://www.xbrl.org/2003/arcrole/parent-child" xlink:from="rj_AnnualReportingGuidelinesCommonPracticeTitle_loc" xlink:to="rj_ContractCosts_loc" order="2.0"/>
    <link:loc xlink:type="locator" xlink:href="rj-cor.xsd#rj_InvestmentPropertiesInExploitationMember" xlink:label="rj_InvestmentPropertiesInExploitationMember_loc"/>
    <link:presentationArc xlink:type="arc" xlink:arcrole="http://www.xbrl.org/2003/arcrole/parent-child" xlink:from="rj_AnnualReportingGuidelinesCommonPracticeTitle_loc" xlink:to="rj_InvestmentPropertiesInExploitationMember_loc" order="3.0"/>
    <link:loc xlink:type="locator" xlink:href="rj-cor.xsd#rj_ProvisionsMaturityExceedingOneYearWithinFiveYears" xlink:label="rj_ProvisionsMaturityExceedingOneYearWithinFiveYears_loc"/>
    <link:presentationArc xlink:type="arc" xlink:arcrole="http://www.xbrl.org/2003/arcrole/parent-child" xlink:from="rj_AnnualReportingGuidelinesCommonPracticeTitle_loc" xlink:to="rj_ProvisionsMaturityExceedingOneYearWithinFiveYears_loc" order="4.0"/>
    <link:loc xlink:type="locator" xlink:href="rj-cor.xsd#rj_ManagementExpensesOther" xlink:label="rj_ManagementExpensesOther_loc"/>
    <link:presentationArc xlink:type="arc" xlink:arcrole="http://www.xbrl.org/2003/arcrole/parent-child" xlink:from="rj_AnnualReportingGuidelinesCommonPracticeTitle_loc" xlink:to="rj_ManagementExpensesOther_loc" order="5.0"/>
    <link:loc xlink:type="locator" xlink:href="rj-cor.xsd#rj_OtherIncomeExpensesAfterTax" xlink:label="rj_OtherIncomeExpensesAfterTax_loc"/>
    <link:presentationArc xlink:type="arc" xlink:arcrole="http://www.xbrl.org/2003/arcrole/parent-child" xlink:from="rj_AnnualReportingGuidelinesCommonPracticeTitle_loc" xlink:to="rj_OtherIncomeExpensesAfterTax_loc" order="6.0"/>
    <link:loc xlink:type="locator" xlink:href="rj-cor.xsd#rj_PaymentsSuppliers" xlink:label="rj_PaymentsSuppliers_loc"/>
    <link:presentationArc xlink:type="arc" xlink:arcrole="http://www.xbrl.org/2003/arcrole/parent-child" xlink:from="rj_AnnualReportingGuidelinesCommonPracticeTitle_loc" xlink:to="rj_PaymentsSuppliers_loc" order="7.0"/>
    <link:loc xlink:type="locator" xlink:href="rj-cor.xsd#rj_ProceedsSalesInvestmentProperties" xlink:label="rj_ProceedsSalesInvestmentProperties_loc"/>
    <link:presentationArc xlink:type="arc" xlink:arcrole="http://www.xbrl.org/2003/arcrole/parent-child" xlink:from="rj_AnnualReportingGuidelinesCommonPracticeTitle_loc" xlink:to="rj_ProceedsSalesInvestmentProperties_loc" order="8.0"/>
    <link:loc xlink:type="locator" xlink:href="rj-cor.xsd#rj_PurchaseInvestmentProperties" xlink:label="rj_PurchaseInvestmentProperties_loc"/>
    <link:presentationArc xlink:type="arc" xlink:arcrole="http://www.xbrl.org/2003/arcrole/parent-child" xlink:from="rj_AnnualReportingGuidelinesCommonPracticeTitle_loc" xlink:to="rj_PurchaseInvestmentProperties_loc" order="9.0"/>
    <link:loc xlink:type="locator" xlink:href="rj-cor.xsd#rj_ShareInResults" xlink:label="rj_ShareInResults_loc"/>
    <link:presentationArc xlink:type="arc" xlink:arcrole="http://www.xbrl.org/2003/arcrole/parent-child" xlink:from="rj_AnnualReportingGuidelinesCommonPracticeTitle_loc" xlink:to="rj_ShareInResults_loc" order="10.0"/>
    <link:loc xlink:type="locator" xlink:href="rj-cor.xsd#rj_SubordinatedLiabilitiesCurrent" xlink:label="rj_SubordinatedLiabilitiesCurrent_loc"/>
    <link:presentationArc xlink:type="arc" xlink:arcrole="http://www.xbrl.org/2003/arcrole/parent-child" xlink:from="rj_AnnualReportingGuidelinesCommonPracticeTitle_loc" xlink:to="rj_SubordinatedLiabilitiesCurrent_loc" order="11.0"/>
    <link:loc xlink:type="locator" xlink:href="rj-cor.xsd#rj_SubordinatedLiabilitiesNoncurrent" xlink:label="rj_SubordinatedLiabilitiesNoncurrent_loc"/>
    <link:presentationArc xlink:type="arc" xlink:arcrole="http://www.xbrl.org/2003/arcrole/parent-child" xlink:from="rj_AnnualReportingGuidelinesCommonPracticeTitle_loc" xlink:to="rj_SubordinatedLiabilitiesNoncurrent_loc" order="12.0"/>
    <link:loc xlink:type="locator" xlink:href="rj-cor.xsd#rj_LegalEntityInterestInVotingRights" xlink:label="rj_LegalEntityInterestInVotingRights_loc"/>
    <link:presentationArc xlink:type="arc" xlink:arcrole="http://www.xbrl.org/2003/arcrole/parent-child" xlink:from="rj_AnnualReportingGuidelinesCommonPracticeTitle_loc" xlink:to="rj_LegalEntityInterestInVotingRights_loc" order="13.0"/>
    <link:loc xlink:type="locator" xlink:href="rj-cor.xsd#rj_InvestmentsRevaluationsOther" xlink:label="rj_InvestmentsRevaluationsOther_loc"/>
    <link:presentationArc xlink:type="arc" xlink:arcrole="http://www.xbrl.org/2003/arcrole/parent-child" xlink:from="rj_AnnualReportingGuidelinesCommonPracticeTitle_loc" xlink:to="rj_InvestmentsRevaluationsOther_loc" order="14.0"/>
    <link:loc xlink:type="locator" xlink:href="rj-cor.xsd#rj_IntangibleAssetsPutUpAsCollateralForDebtsDescription" xlink:label="rj_IntangibleAssetsPutUpAsCollateralForDebtsDescription_loc"/>
    <link:presentationArc xlink:type="arc" xlink:arcrole="http://www.xbrl.org/2003/arcrole/parent-child" xlink:from="rj_AnnualReportingGuidelinesCommonPracticeTitle_loc" xlink:to="rj_IntangibleAssetsPutUpAsCollateralForDebtsDescription_loc" order="15.0"/>
    <link:loc xlink:type="locator" xlink:href="rj-cor.xsd#rj_InvestmentsSalesOther" xlink:label="rj_InvestmentsSalesOther_loc"/>
    <link:presentationArc xlink:type="arc" xlink:arcrole="http://www.xbrl.org/2003/arcrole/parent-child" xlink:from="rj_AnnualReportingGuidelinesCommonPracticeTitle_loc" xlink:to="rj_InvestmentsSalesOther_loc" order="16.0"/>
    <link:loc xlink:type="locator" xlink:href="rj-cor.xsd#rj_IncreaseDecreaseInOtherPayables" xlink:label="rj_IncreaseDecreaseInOtherPayables_loc"/>
    <link:presentationArc xlink:type="arc" xlink:arcrole="http://www.xbrl.org/2003/arcrole/parent-child" xlink:from="rj_AnnualReportingGuidelinesCommonPracticeTitle_loc" xlink:to="rj_IncreaseDecreaseInOtherPayables_loc" order="17.0"/>
    <link:loc xlink:type="locator" xlink:href="rj-cor.xsd#rj_IncreaseDecreasePayablesCreditInstitutions" xlink:label="rj_IncreaseDecreasePayablesCreditInstitutions_loc"/>
    <link:presentationArc xlink:type="arc" xlink:arcrole="http://www.xbrl.org/2003/arcrole/parent-child" xlink:from="rj_AnnualReportingGuidelinesCommonPracticeTitle_loc" xlink:to="rj_IncreaseDecreasePayablesCreditInstitutions_loc" order="18.0"/>
    <link:loc xlink:type="locator" xlink:href="rj-cor.xsd#rj_IncreaseDecreaseInSecurities" xlink:label="rj_IncreaseDecreaseInSecurities_loc"/>
    <link:presentationArc xlink:type="arc" xlink:arcrole="http://www.xbrl.org/2003/arcrole/parent-child" xlink:from="rj_AnnualReportingGuidelinesCommonPracticeTitle_loc" xlink:to="rj_IncreaseDecreaseInSecurities_loc" order="19.0"/>
    <link:loc xlink:type="locator" xlink:href="rj-cor.xsd#rj_IncreaseDecreaseInConstructionContracts" xlink:label="rj_IncreaseDecreaseInConstructionContracts_loc"/>
    <link:presentationArc xlink:type="arc" xlink:arcrole="http://www.xbrl.org/2003/arcrole/parent-child" xlink:from="rj_AnnualReportingGuidelinesCommonPracticeTitle_loc" xlink:to="rj_IncreaseDecreaseInConstructionContracts_loc" order="20.0"/>
    <link:loc xlink:type="locator" xlink:href="rj-cor.xsd#rj_LegalEntityDateLastFinancialStatements" xlink:label="rj_LegalEntityDateLastFinancialStatements_loc"/>
    <link:presentationArc xlink:type="arc" xlink:arcrole="http://www.xbrl.org/2003/arcrole/parent-child" xlink:from="rj_AnnualReportingGuidelinesCommonPracticeTitle_loc" xlink:to="rj_LegalEntityDateLastFinancialStatements_loc" order="21.0"/>
    <link:loc xlink:type="locator" xlink:href="rj-cor.xsd#rj_InvestmentPropertiesInExploitation" xlink:label="rj_InvestmentPropertiesInExploitation_loc"/>
    <link:presentationArc xlink:type="arc" xlink:arcrole="http://www.xbrl.org/2003/arcrole/parent-child" xlink:from="rj_AnnualReportingGuidelinesCommonPracticeTitle_loc" xlink:to="rj_InvestmentPropertiesInExploitation_loc" order="22.0"/>
    <link:loc xlink:type="locator" xlink:href="rj-cor.xsd#rj_IncomeTaxExpenseReconciliationToCorporateTaxReturnDisclosure" xlink:label="rj_IncomeTaxExpenseReconciliationToCorporateTaxReturnDisclosure_loc"/>
    <link:presentationArc xlink:type="arc" xlink:arcrole="http://www.xbrl.org/2003/arcrole/parent-child" xlink:from="rj_AnnualReportingGuidelinesCommonPracticeTitle_loc" xlink:to="rj_IncomeTaxExpenseReconciliationToCorporateTaxReturnDisclosure_loc" order="23.0"/>
    <link:loc xlink:type="locator" xlink:href="rj-cor.xsd#rj_IntangibleAssetsLimitedOwnershipDescription" xlink:label="rj_IntangibleAssetsLimitedOwnershipDescription_loc"/>
    <link:presentationArc xlink:type="arc" xlink:arcrole="http://www.xbrl.org/2003/arcrole/parent-child" xlink:from="rj_AnnualReportingGuidelinesCommonPracticeTitle_loc" xlink:to="rj_IntangibleAssetsLimitedOwnershipDescription_loc" order="24.0"/>
    <link:loc xlink:type="locator" xlink:href="rj-cor.xsd#rj_InvestmentsAcquisitionsOther" xlink:label="rj_InvestmentsAcquisitionsOther_loc"/>
    <link:presentationArc xlink:type="arc" xlink:arcrole="http://www.xbrl.org/2003/arcrole/parent-child" xlink:from="rj_AnnualReportingGuidelinesCommonPracticeTitle_loc" xlink:to="rj_InvestmentsAcquisitionsOther_loc" order="25.0"/>
    <link:loc xlink:type="locator" xlink:href="rj-cor.xsd#rj_InvestmentsPriceDifferencesOther" xlink:label="rj_InvestmentsPriceDifferencesOther_loc"/>
    <link:presentationArc xlink:type="arc" xlink:arcrole="http://www.xbrl.org/2003/arcrole/parent-child" xlink:from="rj_AnnualReportingGuidelinesCommonPracticeTitle_loc" xlink:to="rj_InvestmentsPriceDifferencesOther_loc" order="26.0"/>
    <link:loc xlink:type="locator" xlink:href="rj-cor.xsd#rj_InvestmentsMovementOtherMarketValue" xlink:label="rj_InvestmentsMovementOtherMarketValue_loc"/>
    <link:presentationArc xlink:type="arc" xlink:arcrole="http://www.xbrl.org/2003/arcrole/parent-child" xlink:from="rj_AnnualReportingGuidelinesCommonPracticeTitle_loc" xlink:to="rj_InvestmentsMovementOtherMarketValue_loc" order="27.0"/>
    <link:loc xlink:type="locator" xlink:href="rj-cor.xsd#rj_EquityContributionsShareholders" xlink:label="rj_EquityContributionsShareholders_loc"/>
    <link:presentationArc xlink:type="arc" xlink:arcrole="http://www.xbrl.org/2003/arcrole/parent-child" xlink:from="rj_AnnualReportingGuidelinesCommonPracticeTitle_loc" xlink:to="rj_EquityContributionsShareholders_loc" order="28.0"/>
    <link:loc xlink:type="locator" xlink:href="rj-cor.xsd#rj_EquityDirectlyBusinessAcquisitions" xlink:label="rj_EquityDirectlyBusinessAcquisitions_loc"/>
    <link:presentationArc xlink:type="arc" xlink:arcrole="http://www.xbrl.org/2003/arcrole/parent-child" xlink:from="rj_AnnualReportingGuidelinesCommonPracticeTitle_loc" xlink:to="rj_EquityDirectlyBusinessAcquisitions_loc" order="29.0"/>
    <link:loc xlink:type="locator" xlink:href="rj-cor.xsd#rj_EquityDirectlyBusinessDivestitures" xlink:label="rj_EquityDirectlyBusinessDivestitures_loc"/>
    <link:presentationArc xlink:type="arc" xlink:arcrole="http://www.xbrl.org/2003/arcrole/parent-child" xlink:from="rj_AnnualReportingGuidelinesCommonPracticeTitle_loc" xlink:to="rj_EquityDirectlyBusinessDivestitures_loc" order="30.0"/>
    <link:loc xlink:type="locator" xlink:href="rj-cor.xsd#rj_EquityDirectlyChangeAccountingPolicies" xlink:label="rj_EquityDirectlyChangeAccountingPolicies_loc"/>
    <link:presentationArc xlink:type="arc" xlink:arcrole="http://www.xbrl.org/2003/arcrole/parent-child" xlink:from="rj_AnnualReportingGuidelinesCommonPracticeTitle_loc" xlink:to="rj_EquityDirectlyChangeAccountingPolicies_loc" order="31.0"/>
    <link:loc xlink:type="locator" xlink:href="rj-cor.xsd#rj_EquityDirectlyExchangeDifferences" xlink:label="rj_EquityDirectlyExchangeDifferences_loc"/>
    <link:presentationArc xlink:type="arc" xlink:arcrole="http://www.xbrl.org/2003/arcrole/parent-child" xlink:from="rj_AnnualReportingGuidelinesCommonPracticeTitle_loc" xlink:to="rj_EquityDirectlyExchangeDifferences_loc" order="32.0"/>
    <link:loc xlink:type="locator" xlink:href="rj-cor.xsd#rj_EquityDirectlyGoodwill" xlink:label="rj_EquityDirectlyGoodwill_loc"/>
    <link:presentationArc xlink:type="arc" xlink:arcrole="http://www.xbrl.org/2003/arcrole/parent-child" xlink:from="rj_AnnualReportingGuidelinesCommonPracticeTitle_loc" xlink:to="rj_EquityDirectlyGoodwill_loc" order="33.0"/>
    <link:loc xlink:type="locator" xlink:href="rj-cor.xsd#rj_EquityDirectlyImpairment" xlink:label="rj_EquityDirectlyImpairment_loc"/>
    <link:presentationArc xlink:type="arc" xlink:arcrole="http://www.xbrl.org/2003/arcrole/parent-child" xlink:from="rj_AnnualReportingGuidelinesCommonPracticeTitle_loc" xlink:to="rj_EquityDirectlyImpairment_loc" order="34.0"/>
    <link:loc xlink:type="locator" xlink:href="rj-cor.xsd#rj_EquityDirectlyImpairmentReversal" xlink:label="rj_EquityDirectlyImpairmentReversal_loc"/>
    <link:presentationArc xlink:type="arc" xlink:arcrole="http://www.xbrl.org/2003/arcrole/parent-child" xlink:from="rj_AnnualReportingGuidelinesCommonPracticeTitle_loc" xlink:to="rj_EquityDirectlyImpairmentReversal_loc" order="35.0"/>
    <link:loc xlink:type="locator" xlink:href="rj-cor.xsd#rj_EquityDirectlyMaterialErrors" xlink:label="rj_EquityDirectlyMaterialErrors_loc"/>
    <link:presentationArc xlink:type="arc" xlink:arcrole="http://www.xbrl.org/2003/arcrole/parent-child" xlink:from="rj_AnnualReportingGuidelinesCommonPracticeTitle_loc" xlink:to="rj_EquityDirectlyMaterialErrors_loc" order="36.0"/>
    <link:loc xlink:type="locator" xlink:href="rj-cor.xsd#rj_EquityDividendDistribution" xlink:label="rj_EquityDividendDistribution_loc"/>
    <link:presentationArc xlink:type="arc" xlink:arcrole="http://www.xbrl.org/2003/arcrole/parent-child" xlink:from="rj_AnnualReportingGuidelinesCommonPracticeTitle_loc" xlink:to="rj_EquityDividendDistribution_loc" order="37.0"/>
    <link:loc xlink:type="locator" xlink:href="rj-cor.xsd#rj_EquityLossReduction" xlink:label="rj_EquityLossReduction_loc"/>
    <link:presentationArc xlink:type="arc" xlink:arcrole="http://www.xbrl.org/2003/arcrole/parent-child" xlink:from="rj_AnnualReportingGuidelinesCommonPracticeTitle_loc" xlink:to="rj_EquityLossReduction_loc" order="38.0"/>
    <link:loc xlink:type="locator" xlink:href="rj-cor.xsd#rj_EquityMovementOther" xlink:label="rj_EquityMovementOther_loc"/>
    <link:presentationArc xlink:type="arc" xlink:arcrole="http://www.xbrl.org/2003/arcrole/parent-child" xlink:from="rj_AnnualReportingGuidelinesCommonPracticeTitle_loc" xlink:to="rj_EquityMovementOther_loc" order="39.0"/>
    <link:loc xlink:type="locator" xlink:href="rj-cor.xsd#rj_EquityResultAllocation" xlink:label="rj_EquityResultAllocation_loc"/>
    <link:presentationArc xlink:type="arc" xlink:arcrole="http://www.xbrl.org/2003/arcrole/parent-child" xlink:from="rj_AnnualReportingGuidelinesCommonPracticeTitle_loc" xlink:to="rj_EquityResultAllocation_loc" order="40.0"/>
    <link:loc xlink:type="locator" xlink:href="rj-cor.xsd#rj_EquityRevaluations" xlink:label="rj_EquityRevaluations_loc"/>
    <link:presentationArc xlink:type="arc" xlink:arcrole="http://www.xbrl.org/2003/arcrole/parent-child" xlink:from="rj_AnnualReportingGuidelinesCommonPracticeTitle_loc" xlink:to="rj_EquityRevaluations_loc" order="41.0"/>
    <link:loc xlink:type="locator" xlink:href="rj-cor.xsd#rj_EquityShareBasedArrangementsExercised" xlink:label="rj_EquityShareBasedArrangementsExercised_loc"/>
    <link:presentationArc xlink:type="arc" xlink:arcrole="http://www.xbrl.org/2003/arcrole/parent-child" xlink:from="rj_AnnualReportingGuidelinesCommonPracticeTitle_loc" xlink:to="rj_EquityShareBasedArrangementsExercised_loc" order="42.0"/>
    <link:loc xlink:type="locator" xlink:href="rj-cor.xsd#rj_EquityShareBasedArrangementsGranted" xlink:label="rj_EquityShareBasedArrangementsGranted_loc"/>
    <link:presentationArc xlink:type="arc" xlink:arcrole="http://www.xbrl.org/2003/arcrole/parent-child" xlink:from="rj_AnnualReportingGuidelinesCommonPracticeTitle_loc" xlink:to="rj_EquityShareBasedArrangementsGranted_loc" order="43.0"/>
    <link:loc xlink:type="locator" xlink:href="rj-cor.xsd#rj_EquityShareIssue" xlink:label="rj_EquityShareIssue_loc"/>
    <link:presentationArc xlink:type="arc" xlink:arcrole="http://www.xbrl.org/2003/arcrole/parent-child" xlink:from="rj_AnnualReportingGuidelinesCommonPracticeTitle_loc" xlink:to="rj_EquityShareIssue_loc" order="44.0"/>
    <link:loc xlink:type="locator" xlink:href="rj-cor.xsd#rj_EquitySharesWithdrawal" xlink:label="rj_EquitySharesWithdrawal_loc"/>
    <link:presentationArc xlink:type="arc" xlink:arcrole="http://www.xbrl.org/2003/arcrole/parent-child" xlink:from="rj_AnnualReportingGuidelinesCommonPracticeTitle_loc" xlink:to="rj_EquitySharesWithdrawal_loc" order="45.0"/>
    <link:loc xlink:type="locator" xlink:href="rj-cor.xsd#rj_EquityTransfers" xlink:label="rj_EquityTransfers_loc"/>
    <link:presentationArc xlink:type="arc" xlink:arcrole="http://www.xbrl.org/2003/arcrole/parent-child" xlink:from="rj_AnnualReportingGuidelinesCommonPracticeTitle_loc" xlink:to="rj_EquityTransfers_loc" order="46.0"/>
    <link:loc xlink:type="locator" xlink:href="rj-cor.xsd#rj_EquityTreasurySharesPurchase" xlink:label="rj_EquityTreasurySharesPurchase_loc"/>
    <link:presentationArc xlink:type="arc" xlink:arcrole="http://www.xbrl.org/2003/arcrole/parent-child" xlink:from="rj_AnnualReportingGuidelinesCommonPracticeTitle_loc" xlink:to="rj_EquityTreasurySharesPurchase_loc" order="47.0"/>
    <link:loc xlink:type="locator" xlink:href="rj-cor.xsd#rj_EquityTreasurySharesSale" xlink:label="rj_EquityTreasurySharesSale_loc"/>
    <link:presentationArc xlink:type="arc" xlink:arcrole="http://www.xbrl.org/2003/arcrole/parent-child" xlink:from="rj_AnnualReportingGuidelinesCommonPracticeTitle_loc" xlink:to="rj_EquityTreasurySharesSale_loc" order="48.0"/>
    <link:loc xlink:type="locator" xlink:href="rj-cor.xsd#rj_CashFlowsFinancingActivitiesOther" xlink:label="rj_CashFlowsFinancingActivitiesOther_loc"/>
    <link:presentationArc xlink:type="arc" xlink:arcrole="http://www.xbrl.org/2003/arcrole/parent-child" xlink:from="rj_AnnualReportingGuidelinesCommonPracticeTitle_loc" xlink:to="rj_CashFlowsFinancingActivitiesOther_loc" order="49.0"/>
    <link:loc xlink:type="locator" xlink:href="rj-cor.xsd#rj_AdjustmentsReconcileOperatingResultOther" xlink:label="rj_AdjustmentsReconcileOperatingResultOther_loc"/>
    <link:presentationArc xlink:type="arc" xlink:arcrole="http://www.xbrl.org/2003/arcrole/parent-child" xlink:from="rj_AnnualReportingGuidelinesCommonPracticeTitle_loc" xlink:to="rj_AdjustmentsReconcileOperatingResultOther_loc" order="50.0"/>
    <link:loc xlink:type="locator" xlink:href="rj-cor.xsd#rj_CashFlowsInvestingActivitiesOther" xlink:label="rj_CashFlowsInvestingActivitiesOther_loc"/>
    <link:presentationArc xlink:type="arc" xlink:arcrole="http://www.xbrl.org/2003/arcrole/parent-child" xlink:from="rj_AnnualReportingGuidelinesCommonPracticeTitle_loc" xlink:to="rj_CashFlowsInvestingActivitiesOther_loc" order="51.0"/>
    <link:loc xlink:type="locator" xlink:href="rj-cor.xsd#rj_CashFlowsInvestmentActivitiesOther" xlink:label="rj_CashFlowsInvestmentActivitiesOther_loc"/>
    <link:presentationArc xlink:type="arc" xlink:arcrole="http://www.xbrl.org/2003/arcrole/parent-child" xlink:from="rj_AnnualReportingGuidelinesCommonPracticeTitle_loc" xlink:to="rj_CashFlowsInvestmentActivitiesOther_loc" order="52.0"/>
    <link:loc xlink:type="locator" xlink:href="rj-cor.xsd#rj_CashFlowsOperatingActivitiesOther" xlink:label="rj_CashFlowsOperatingActivitiesOther_loc"/>
    <link:presentationArc xlink:type="arc" xlink:arcrole="http://www.xbrl.org/2003/arcrole/parent-child" xlink:from="rj_AnnualReportingGuidelinesCommonPracticeTitle_loc" xlink:to="rj_CashFlowsOperatingActivitiesOther_loc" order="53.0"/>
    <link:loc xlink:type="locator" xlink:href="rj-cor.xsd#rj_DividendsPaidOtherClassifiedAsFinancingActivities" xlink:label="rj_DividendsPaidOtherClassifiedAsFinancingActivities_loc"/>
    <link:presentationArc xlink:type="arc" xlink:arcrole="http://www.xbrl.org/2003/arcrole/parent-child" xlink:from="rj_AnnualReportingGuidelinesCommonPracticeTitle_loc" xlink:to="rj_DividendsPaidOtherClassifiedAsFinancingActivities_loc" order="54.0"/>
    <link:loc xlink:type="locator" xlink:href="rj-cor.xsd#rj_DividendsPaidOtherClassifiedAsOperatingActivities" xlink:label="rj_DividendsPaidOtherClassifiedAsOperatingActivities_loc"/>
    <link:presentationArc xlink:type="arc" xlink:arcrole="http://www.xbrl.org/2003/arcrole/parent-child" xlink:from="rj_AnnualReportingGuidelinesCommonPracticeTitle_loc" xlink:to="rj_DividendsPaidOtherClassifiedAsOperatingActivities_loc" order="55.0"/>
  </link:presentationLink>
</link:linkbase>
