<?xml version="1.0" encoding="UTF-8"?>

<link:linkbase xmlns:xsi="http://www.w3.org/2001/XMLSchema-instance" xsi:schemaLocation="http://www.xbrl.org/2003/linkbase http://www.xbrl.org/2003/xbrl-linkbase-2003-12-31.xsd http://www.w3.org/1999/xlink http://www.xbrl.org/2003/xlink-2003-12-31.xsd http://xbrl.org/2008/label http://www.xbrl.org/2008/generic-label.xsd http://xbrl.org/2008/generic http://www.xbrl.org/2008/generic-link.xsd" xmlns:gen="http://xbrl.org/2008/generic" xmlns:link="http://www.xbrl.org/2003/linkbase" xmlns:xlink="http://www.w3.org/1999/xlink" xmlns:label="http://xbrl.org/2008/label">
  <link:roleRef roleURI="http://www.xbrl.org/2008/role/label" xlink:type="simple" xlink:href="http://www.xbrl.org/2008/generic-label.xsd#standard-label"/>
  <link:roleRef roleURI="http://www.xbrl.org/2008/role/link" xlink:type="simple" xlink:href="http://www.xbrl.org/2008/generic-link.xsd#standard-link-role"/>
  <link:arcroleRef arcroleURI="http://xbrl.org/arcrole/2008/element-label" xlink:type="simple" xlink:href="http://www.xbrl.org/2008/generic-label.xsd#element-label"/>
  <link:labelLink xlink:type="extended" xlink:role="http://www.xbrl.org/2003/role/link">
    <link:loc xlink:type="locator" xlink:href="rjk-all.xsd#rj_AnnualReportingGuidelinesA1Title" xlink:label="rj_AnnualReportingGuidelinesA1Title_loc"/>
    <link:label xlink:type="resource" xlink:label="rj_AnnualReportingGuidelinesA1Title_label_nl" xlink:role="http://www.xbrl.org/2003/role/label" xml:lang="nl" id="rj_AnnualReportingGuidelinesA1Title_label_nl">A1 - Introduction, status, objectives and principles</link:label>
    <link:labelArc xlink:type="arc" xlink:arcrole="http://www.xbrl.org/2003/arcrole/concept-label" xlink:from="rj_AnnualReportingGuidelinesA1Title_loc" xlink:to="rj_AnnualReportingGuidelinesA1Title_label_nl"/>
    <link:loc xlink:type="locator" xlink:href="rjk-all.xsd#rj_AnnualReportingGuidelinesA2Title" xlink:label="rj_AnnualReportingGuidelinesA2Title_loc"/>
    <link:label xlink:type="resource" xlink:label="rj_AnnualReportingGuidelinesA2Title_label_nl" xlink:role="http://www.xbrl.org/2003/role/label" xml:lang="nl" id="rj_AnnualReportingGuidelinesA2Title_label_nl">A2 - Accounting and valuation</link:label>
    <link:labelArc xlink:type="arc" xlink:arcrole="http://www.xbrl.org/2003/arcrole/concept-label" xlink:from="rj_AnnualReportingGuidelinesA2Title_loc" xlink:to="rj_AnnualReportingGuidelinesA2Title_label_nl"/>
    <link:loc xlink:type="locator" xlink:href="rjk-all.xsd#rj_AnnualReportingGuidelinesA3Title" xlink:label="rj_AnnualReportingGuidelinesA3Title_loc"/>
    <link:label xlink:type="resource" xlink:label="rj_AnnualReportingGuidelinesA3Title_label_nl" xlink:role="http://www.xbrl.org/2003/role/label" xml:lang="nl" id="rj_AnnualReportingGuidelinesA3Title_label_nl">A3 - Changes in accounting policies, changes in accounting estimates and prior period errors</link:label>
    <link:labelArc xlink:type="arc" xlink:arcrole="http://www.xbrl.org/2003/arcrole/concept-label" xlink:from="rj_AnnualReportingGuidelinesA3Title_loc" xlink:to="rj_AnnualReportingGuidelinesA3Title_label_nl"/>
    <link:loc xlink:type="locator" xlink:href="rjk-all.xsd#rj_AnnualReportingGuidelinesA4Title" xlink:label="rj_AnnualReportingGuidelinesA4Title_loc"/>
    <link:label xlink:type="resource" xlink:label="rj_AnnualReportingGuidelinesA4Title_label_nl" xlink:role="http://www.xbrl.org/2003/role/label" xml:lang="nl" id="rj_AnnualReportingGuidelinesA4Title_label_nl">A4 - Subsequent events</link:label>
    <link:labelArc xlink:type="arc" xlink:arcrole="http://www.xbrl.org/2003/arcrole/concept-label" xlink:from="rj_AnnualReportingGuidelinesA4Title_loc" xlink:to="rj_AnnualReportingGuidelinesA4Title_label_nl"/>
    <link:loc xlink:type="locator" xlink:href="rjk-all.xsd#rj_AnnualReportingGuidelinesA6Title" xlink:label="rj_AnnualReportingGuidelinesA6Title_loc"/>
    <link:label xlink:type="resource" xlink:label="rj_AnnualReportingGuidelinesA6Title_label_nl" xlink:role="http://www.xbrl.org/2003/role/label" xml:lang="nl" id="rj_AnnualReportingGuidelinesA6Title_label_nl">A6 - Publication</link:label>
    <link:labelArc xlink:type="arc" xlink:arcrole="http://www.xbrl.org/2003/arcrole/concept-label" xlink:from="rj_AnnualReportingGuidelinesA6Title_loc" xlink:to="rj_AnnualReportingGuidelinesA6Title_label_nl"/>
    <link:loc xlink:type="locator" xlink:href="rjk-all.xsd#rj_AnnualReportingGuidelinesA8Title" xlink:label="rj_AnnualReportingGuidelinesA8Title_loc"/>
    <link:label xlink:type="resource" xlink:label="rj_AnnualReportingGuidelinesA8Title_label_nl" xlink:role="http://www.xbrl.org/2003/role/label" xml:lang="nl" id="rj_AnnualReportingGuidelinesA8Title_label_nl">A1 - Introduction, status, objectives and principles</link:label>
    <link:labelArc xlink:type="arc" xlink:arcrole="http://www.xbrl.org/2003/arcrole/concept-label" xlink:from="rj_AnnualReportingGuidelinesA8Title_loc" xlink:to="rj_AnnualReportingGuidelinesA8Title_label_nl"/>
    <link:loc xlink:type="locator" xlink:href="rjk-all.xsd#rj_AnnualReportingGuidelinesB1Title" xlink:label="rj_AnnualReportingGuidelinesB1Title_loc"/>
    <link:label xlink:type="resource" xlink:label="rj_AnnualReportingGuidelinesB1Title_label_nl" xlink:role="http://www.xbrl.org/2003/role/label" xml:lang="nl" id="rj_AnnualReportingGuidelinesB1Title_label_nl">B1 - Intangible assets</link:label>
    <link:labelArc xlink:type="arc" xlink:arcrole="http://www.xbrl.org/2003/arcrole/concept-label" xlink:from="rj_AnnualReportingGuidelinesB1Title_loc" xlink:to="rj_AnnualReportingGuidelinesB1Title_label_nl"/>
    <link:loc xlink:type="locator" xlink:href="rjk-all.xsd#rj_AnnualReportingGuidelinesB2Title" xlink:label="rj_AnnualReportingGuidelinesB2Title_loc"/>
    <link:label xlink:type="resource" xlink:label="rj_AnnualReportingGuidelinesB2Title_label_nl" xlink:role="http://www.xbrl.org/2003/role/label" xml:lang="nl" id="rj_AnnualReportingGuidelinesB2Title_label_nl">B2 - Property, plant and equipment and investment property</link:label>
    <link:labelArc xlink:type="arc" xlink:arcrole="http://www.xbrl.org/2003/arcrole/concept-label" xlink:from="rj_AnnualReportingGuidelinesB2Title_loc" xlink:to="rj_AnnualReportingGuidelinesB2Title_label_nl"/>
    <link:loc xlink:type="locator" xlink:href="rjk-all.xsd#rj_AnnualReportingGuidelinesB3Title" xlink:label="rj_AnnualReportingGuidelinesB3Title_loc"/>
    <link:label xlink:type="resource" xlink:label="rj_AnnualReportingGuidelinesB3Title_label_nl" xlink:role="http://www.xbrl.org/2003/role/label" xml:lang="nl" id="rj_AnnualReportingGuidelinesB3Title_label_nl">B3 - Financial assets and consolidation</link:label>
    <link:labelArc xlink:type="arc" xlink:arcrole="http://www.xbrl.org/2003/arcrole/concept-label" xlink:from="rj_AnnualReportingGuidelinesB3Title_loc" xlink:to="rj_AnnualReportingGuidelinesB3Title_label_nl"/>
    <link:loc xlink:type="locator" xlink:href="rjk-all.xsd#rj_AnnualReportingGuidelinesB4Title" xlink:label="rj_AnnualReportingGuidelinesB4Title_loc"/>
    <link:label xlink:type="resource" xlink:label="rj_AnnualReportingGuidelinesB4Title_label_nl" xlink:role="http://www.xbrl.org/2003/role/label" xml:lang="nl" id="rj_AnnualReportingGuidelinesB4Title_label_nl">B4 - Inventories</link:label>
    <link:labelArc xlink:type="arc" xlink:arcrole="http://www.xbrl.org/2003/arcrole/concept-label" xlink:from="rj_AnnualReportingGuidelinesB4Title_loc" xlink:to="rj_AnnualReportingGuidelinesB4Title_label_nl"/>
    <link:loc xlink:type="locator" xlink:href="rjk-all.xsd#rj_AnnualReportingGuidelinesB5Title" xlink:label="rj_AnnualReportingGuidelinesB5Title_loc"/>
    <link:label xlink:type="resource" xlink:label="rj_AnnualReportingGuidelinesB5Title_label_nl" xlink:role="http://www.xbrl.org/2003/role/label" xml:lang="nl" id="rj_AnnualReportingGuidelinesB5Title_label_nl">B5 - Receivables and accrued income</link:label>
    <link:labelArc xlink:type="arc" xlink:arcrole="http://www.xbrl.org/2003/arcrole/concept-label" xlink:from="rj_AnnualReportingGuidelinesB5Title_loc" xlink:to="rj_AnnualReportingGuidelinesB5Title_label_nl"/>
    <link:loc xlink:type="locator" xlink:href="rjk-all.xsd#rj_AnnualReportingGuidelinesB6Title" xlink:label="rj_AnnualReportingGuidelinesB6Title_loc"/>
    <link:label xlink:type="resource" xlink:label="rj_AnnualReportingGuidelinesB6Title_label_nl" xlink:role="http://www.xbrl.org/2003/role/label" xml:lang="nl" id="rj_AnnualReportingGuidelinesB6Title_label_nl">B6 - Securities</link:label>
    <link:labelArc xlink:type="arc" xlink:arcrole="http://www.xbrl.org/2003/arcrole/concept-label" xlink:from="rj_AnnualReportingGuidelinesB6Title_loc" xlink:to="rj_AnnualReportingGuidelinesB6Title_label_nl"/>
    <link:loc xlink:type="locator" xlink:href="rjk-all.xsd#rj_AnnualReportingGuidelinesB7Title" xlink:label="rj_AnnualReportingGuidelinesB7Title_loc"/>
    <link:label xlink:type="resource" xlink:label="rj_AnnualReportingGuidelinesB7Title_label_nl" xlink:role="http://www.xbrl.org/2003/role/label" xml:lang="nl" id="rj_AnnualReportingGuidelinesB7Title_label_nl">B7 - Cash and cash equivalents</link:label>
    <link:labelArc xlink:type="arc" xlink:arcrole="http://www.xbrl.org/2003/arcrole/concept-label" xlink:from="rj_AnnualReportingGuidelinesB7Title_loc" xlink:to="rj_AnnualReportingGuidelinesB7Title_label_nl"/>
    <link:loc xlink:type="locator" xlink:href="rjk-all.xsd#rj_AnnualReportingGuidelinesB8Title" xlink:label="rj_AnnualReportingGuidelinesB8Title_loc"/>
    <link:label xlink:type="resource" xlink:label="rj_AnnualReportingGuidelinesB8Title_label_nl" xlink:role="http://www.xbrl.org/2003/role/label" xml:lang="nl" id="rj_AnnualReportingGuidelinesB8Title_label_nl">B8 - Equity</link:label>
    <link:labelArc xlink:type="arc" xlink:arcrole="http://www.xbrl.org/2003/arcrole/concept-label" xlink:from="rj_AnnualReportingGuidelinesB8Title_loc" xlink:to="rj_AnnualReportingGuidelinesB8Title_label_nl"/>
    <link:loc xlink:type="locator" xlink:href="rjk-all.xsd#rj_AnnualReportingGuidelinesB9Title" xlink:label="rj_AnnualReportingGuidelinesB9Title_loc"/>
    <link:label xlink:type="resource" xlink:label="rj_AnnualReportingGuidelinesB9Title_label_nl" xlink:role="http://www.xbrl.org/2003/role/label" xml:lang="nl" id="rj_AnnualReportingGuidelinesB9Title_label_nl">B9 - Liabilities</link:label>
    <link:labelArc xlink:type="arc" xlink:arcrole="http://www.xbrl.org/2003/arcrole/concept-label" xlink:from="rj_AnnualReportingGuidelinesB9Title_loc" xlink:to="rj_AnnualReportingGuidelinesB9Title_label_nl"/>
    <link:loc xlink:type="locator" xlink:href="rjk-all.xsd#rj_AnnualReportingGuidelinesB10Title" xlink:label="rj_AnnualReportingGuidelinesB10Title_loc"/>
    <link:label xlink:type="resource" xlink:label="rj_AnnualReportingGuidelinesB10Title_label_nl" xlink:role="http://www.xbrl.org/2003/role/label" xml:lang="nl" id="rj_AnnualReportingGuidelinesB10Title_label_nl">B10 - Provisions and contingent liabilities</link:label>
    <link:labelArc xlink:type="arc" xlink:arcrole="http://www.xbrl.org/2003/arcrole/concept-label" xlink:from="rj_AnnualReportingGuidelinesB10Title_loc" xlink:to="rj_AnnualReportingGuidelinesB10Title_label_nl"/>
    <link:loc xlink:type="locator" xlink:href="rjk-all.xsd#rj_AnnualReportingGuidelinesB11Title" xlink:label="rj_AnnualReportingGuidelinesB11Title_loc"/>
    <link:label xlink:type="resource" xlink:label="rj_AnnualReportingGuidelinesB11Title_label_nl" xlink:role="http://www.xbrl.org/2003/role/label" xml:lang="nl" id="rj_AnnualReportingGuidelinesB11Title_label_nl">B11 - Leasing</link:label>
    <link:labelArc xlink:type="arc" xlink:arcrole="http://www.xbrl.org/2003/arcrole/concept-label" xlink:from="rj_AnnualReportingGuidelinesB11Title_loc" xlink:to="rj_AnnualReportingGuidelinesB11Title_label_nl"/>
    <link:loc xlink:type="locator" xlink:href="rjk-all.xsd#rj_AnnualReportingGuidelinesB12Title" xlink:label="rj_AnnualReportingGuidelinesB12Title_loc"/>
    <link:label xlink:type="resource" xlink:label="rj_AnnualReportingGuidelinesB12Title_label_nl" xlink:role="http://www.xbrl.org/2003/role/label" xml:lang="nl" id="rj_AnnualReportingGuidelinesB12Title_label_nl">B12 - Financial instruments</link:label>
    <link:labelArc xlink:type="arc" xlink:arcrole="http://www.xbrl.org/2003/arcrole/concept-label" xlink:from="rj_AnnualReportingGuidelinesB12Title_loc" xlink:to="rj_AnnualReportingGuidelinesB12Title_label_nl"/>
    <link:loc xlink:type="locator" xlink:href="rjk-all.xsd#rj_AnnualReportingGuidelinesB13Title" xlink:label="rj_AnnualReportingGuidelinesB13Title_loc"/>
    <link:label xlink:type="resource" xlink:label="rj_AnnualReportingGuidelinesB13Title_label_nl" xlink:role="http://www.xbrl.org/2003/role/label" xml:lang="nl" id="rj_AnnualReportingGuidelinesB13Title_label_nl">B13 - Income statement</link:label>
    <link:labelArc xlink:type="arc" xlink:arcrole="http://www.xbrl.org/2003/arcrole/concept-label" xlink:from="rj_AnnualReportingGuidelinesB13Title_loc" xlink:to="rj_AnnualReportingGuidelinesB13Title_label_nl"/>
    <link:loc xlink:type="locator" xlink:href="rjk-all.xsd#rj_AnnualReportingGuidelinesB14Title" xlink:label="rj_AnnualReportingGuidelinesB14Title_loc"/>
    <link:label xlink:type="resource" xlink:label="rj_AnnualReportingGuidelinesB14Title_label_nl" xlink:role="http://www.xbrl.org/2003/role/label" xml:lang="nl" id="rj_AnnualReportingGuidelinesB14Title_label_nl">B14 - Employee benefits</link:label>
    <link:labelArc xlink:type="arc" xlink:arcrole="http://www.xbrl.org/2003/arcrole/concept-label" xlink:from="rj_AnnualReportingGuidelinesB14Title_loc" xlink:to="rj_AnnualReportingGuidelinesB14Title_label_nl"/>
    <link:loc xlink:type="locator" xlink:href="rjk-all.xsd#rj_AnnualReportingGuidelinesB15Title" xlink:label="rj_AnnualReportingGuidelinesB15Title_loc"/>
    <link:label xlink:type="resource" xlink:label="rj_AnnualReportingGuidelinesB15Title_label_nl" xlink:role="http://www.xbrl.org/2003/role/label" xml:lang="nl" id="rj_AnnualReportingGuidelinesB15Title_label_nl">B15 - Income tax</link:label>
    <link:labelArc xlink:type="arc" xlink:arcrole="http://www.xbrl.org/2003/arcrole/concept-label" xlink:from="rj_AnnualReportingGuidelinesB15Title_loc" xlink:to="rj_AnnualReportingGuidelinesB15Title_label_nl"/>
    <link:loc xlink:type="locator" xlink:href="rjk-all.xsd#rj_AnnualReportingGuidelinesB16Title" xlink:label="rj_AnnualReportingGuidelinesB16Title_loc"/>
    <link:label xlink:type="resource" xlink:label="rj_AnnualReportingGuidelinesB16Title_label_nl" xlink:role="http://www.xbrl.org/2003/role/label" xml:lang="nl" id="rj_AnnualReportingGuidelinesB16Title_label_nl">B16 - Interest</link:label>
    <link:labelArc xlink:type="arc" xlink:arcrole="http://www.xbrl.org/2003/arcrole/concept-label" xlink:from="rj_AnnualReportingGuidelinesB16Title_loc" xlink:to="rj_AnnualReportingGuidelinesB16Title_label_nl"/>
    <link:loc xlink:type="locator" xlink:href="rjk-all.xsd#rj_AnnualReportingGuidelinesB17Title" xlink:label="rj_AnnualReportingGuidelinesB17Title_loc"/>
    <link:label xlink:type="resource" xlink:label="rj_AnnualReportingGuidelinesB17Title_label_nl" xlink:role="http://www.xbrl.org/2003/role/label" xml:lang="nl" id="rj_AnnualReportingGuidelinesB17Title_label_nl">B17 - Government grants</link:label>
    <link:labelArc xlink:type="arc" xlink:arcrole="http://www.xbrl.org/2003/arcrole/concept-label" xlink:from="rj_AnnualReportingGuidelinesB17Title_loc" xlink:to="rj_AnnualReportingGuidelinesB17Title_label_nl"/>
    <link:loc xlink:type="locator" xlink:href="rjk-all.xsd#rj_AnnualReportingGuidelinesB18Title" xlink:label="rj_AnnualReportingGuidelinesB18Title_loc"/>
    <link:label xlink:type="resource" xlink:label="rj_AnnualReportingGuidelinesB18Title_label_nl" xlink:role="http://www.xbrl.org/2003/role/label" xml:lang="nl" id="rj_AnnualReportingGuidelinesB18Title_label_nl">B18 - Disclosure</link:label>
    <link:labelArc xlink:type="arc" xlink:arcrole="http://www.xbrl.org/2003/arcrole/concept-label" xlink:from="rj_AnnualReportingGuidelinesB18Title_loc" xlink:to="rj_AnnualReportingGuidelinesB18Title_label_nl"/>
    <link:loc xlink:type="locator" xlink:href="rjk-all.xsd#rj_AnnualReportingGuidelinesC1Title" xlink:label="rj_AnnualReportingGuidelinesC1Title_loc"/>
    <link:label xlink:type="resource" xlink:label="rj_AnnualReportingGuidelinesC1Title_label_nl" xlink:role="http://www.xbrl.org/2003/role/label" xml:lang="nl" id="rj_AnnualReportingGuidelinesC1Title_label_nl">C1 - Small non-profit organisations</link:label>
    <link:labelArc xlink:type="arc" xlink:arcrole="http://www.xbrl.org/2003/arcrole/concept-label" xlink:from="rj_AnnualReportingGuidelinesC1Title_loc" xlink:to="rj_AnnualReportingGuidelinesC1Title_label_nl"/>
    <link:loc xlink:type="locator" xlink:href="rjk-all.xsd#rj_AnnualReportingGuidelinesC2Title" xlink:label="rj_AnnualReportingGuidelinesC2Title_loc"/>
    <link:label xlink:type="resource" xlink:label="rj_AnnualReportingGuidelinesC2Title_label_nl" xlink:role="http://www.xbrl.org/2003/role/label" xml:lang="nl" id="rj_AnnualReportingGuidelinesC2Title_label_nl">C2 - Small fundraising organisations</link:label>
    <link:labelArc xlink:type="arc" xlink:arcrole="http://www.xbrl.org/2003/arcrole/concept-label" xlink:from="rj_AnnualReportingGuidelinesC2Title_loc" xlink:to="rj_AnnualReportingGuidelinesC2Title_label_nl"/>
    <link:loc xlink:type="locator" xlink:href="rjk-all.xsd#rj_AnnualReportingGuidelinesD3Title" xlink:label="rj_AnnualReportingGuidelinesD3Title_loc"/>
    <link:label xlink:type="resource" xlink:label="rj_AnnualReportingGuidelinesD3Title_label_nl" xlink:role="http://www.xbrl.org/2003/role/label" xml:lang="nl" id="rj_AnnualReportingGuidelinesD3Title_label_nl">D3 - Guidance</link:label>
    <link:labelArc xlink:type="arc" xlink:arcrole="http://www.xbrl.org/2003/arcrole/concept-label" xlink:from="rj_AnnualReportingGuidelinesD3Title_loc" xlink:to="rj_AnnualReportingGuidelinesD3Title_label_nl"/>
    <link:loc xlink:type="locator" xlink:href="rjk-all.xsd#rj_AnnualReportingGuidelinesM1Title" xlink:label="rj_AnnualReportingGuidelinesM1Title_loc"/>
    <link:label xlink:type="resource" xlink:label="rj_AnnualReportingGuidelinesM1Title_label_nl" xlink:role="http://www.xbrl.org/2003/role/label" xml:lang="nl" id="rj_AnnualReportingGuidelinesM1Title_label_nl">M1 - Micro entities</link:label>
    <link:labelArc xlink:type="arc" xlink:arcrole="http://www.xbrl.org/2003/arcrole/concept-label" xlink:from="rj_AnnualReportingGuidelinesM1Title_loc" xlink:to="rj_AnnualReportingGuidelinesM1Title_label_nl"/>
  </link:labelLink>
</link:linkbase>
