<?xml version="1.0" encoding="UTF-8"?>
<!-- Generated by Fujitsu Interstage XWand B0251 -->
<link:linkbase xmlns:xsi="http://www.w3.org/2001/XMLSchema-instance" xsi:schemaLocation="http://www.xbrl.org/2003/linkbase http://www.xbrl.org/2003/xbrl-linkbase-2003-12-31.xsd" xmlns:link="http://www.xbrl.org/2003/linkbase" xmlns:xlink="http://www.w3.org/1999/xlink" xmlns:xbrli="http://www.xbrl.org/2003/instance">
  <link:labelLink xlink:type="extended" xlink:role="http://www.xbrl.org/2003/role/link">
    <link:loc xlink:type="locator" xlink:href="rjk-all.xsd#rj_AnnualReportingGuidelinesA1Title" xlink:label="rj_AnnualReportingGuidelinesA1Title_loc"/>
    <link:label xlink:type="resource" xlink:label="rj_AnnualReportingGuidelinesA1Title_label_de" xlink:role="http://www.xbrl.org/2003/role/label" xml:lang="de" id="rj_AnnualReportingGuidelinesA1Title_label_de">A1 - Einführung, Status, Zielstellungen und Ausgangspunkte</link:label>
    <link:labelArc xlink:type="arc" xlink:arcrole="http://www.xbrl.org/2003/arcrole/concept-label" xlink:from="rj_AnnualReportingGuidelinesA1Title_loc" xlink:to="rj_AnnualReportingGuidelinesA1Title_label_de" use="optional" priority="0" order="1.0"/>
    <link:loc xlink:type="locator" xlink:href="rjk-all.xsd#rj_AnnualReportingGuidelinesA2Title" xlink:label="rj_AnnualReportingGuidelinesA2Title_loc"/>
    <link:label xlink:type="resource" xlink:label="rj_AnnualReportingGuidelinesA2Title_label_de" xlink:role="http://www.xbrl.org/2003/role/label" xml:lang="de" id="rj_AnnualReportingGuidelinesA2Title_label_de">A2 - Verarbeitung und Bewertung</link:label>
    <link:labelArc xlink:type="arc" xlink:arcrole="http://www.xbrl.org/2003/arcrole/concept-label" xlink:from="rj_AnnualReportingGuidelinesA2Title_loc" xlink:to="rj_AnnualReportingGuidelinesA2Title_label_de" use="optional" priority="0" order="1.0"/>
    <link:loc xlink:type="locator" xlink:href="rjk-all.xsd#rj_AnnualReportingGuidelinesA3Title" xlink:label="rj_AnnualReportingGuidelinesA3Title_loc"/>
    <link:label xlink:type="resource" xlink:label="rj_AnnualReportingGuidelinesA3Title_label_de" xlink:role="http://www.xbrl.org/2003/role/label" xml:lang="de" id="rj_AnnualReportingGuidelinesA3Title_label_de">A3 - Systemveränderungen, Änderungen der Schätzungen und Fehlerbehebung</link:label>
    <link:labelArc xlink:type="arc" xlink:arcrole="http://www.xbrl.org/2003/arcrole/concept-label" xlink:from="rj_AnnualReportingGuidelinesA3Title_loc" xlink:to="rj_AnnualReportingGuidelinesA3Title_label_de" use="optional" priority="0" order="1.0"/>
    <link:loc xlink:type="locator" xlink:href="rjk-all.xsd#rj_AnnualReportingGuidelinesA4Title" xlink:label="rj_AnnualReportingGuidelinesA4Title_loc"/>
    <link:label xlink:type="resource" xlink:label="rj_AnnualReportingGuidelinesA4Title_label_de" xlink:role="http://www.xbrl.org/2003/role/label" xml:lang="de" id="rj_AnnualReportingGuidelinesA4Title_label_de">A4 - Ereignisse nach dem Bilanzstichtag</link:label>
    <link:labelArc xlink:type="arc" xlink:arcrole="http://www.xbrl.org/2003/arcrole/concept-label" xlink:from="rj_AnnualReportingGuidelinesA4Title_loc" xlink:to="rj_AnnualReportingGuidelinesA4Title_label_de" use="optional" priority="0" order="1.0"/>
    <link:loc xlink:type="locator" xlink:href="rjk-all.xsd#rj_AnnualReportingGuidelinesA6Title" xlink:label="rj_AnnualReportingGuidelinesA6Title_loc"/>
    <link:label xlink:type="resource" xlink:label="rj_AnnualReportingGuidelinesA6Title_label_de" xlink:role="http://www.xbrl.org/2003/role/label" xml:lang="de" id="rj_AnnualReportingGuidelinesA6Title_label_de">A6 - Veröffentlichung</link:label>
    <link:labelArc xlink:type="arc" xlink:arcrole="http://www.xbrl.org/2003/arcrole/concept-label" xlink:from="rj_AnnualReportingGuidelinesA6Title_loc" xlink:to="rj_AnnualReportingGuidelinesA6Title_label_de" use="optional" priority="0" order="1.0"/>
    <link:loc xlink:type="locator" xlink:href="rjk-all.xsd#rj_AnnualReportingGuidelinesA8Title" xlink:label="rj_AnnualReportingGuidelinesA8Title_loc"/>
    <link:label xlink:type="resource" xlink:label="rj_AnnualReportingGuidelinesA8Title_label_de" xlink:role="http://www.xbrl.org/2003/role/label" xml:lang="de" id="rj_AnnualReportingGuidelinesA8Title_label_de">A1 - Einführung, Status, Zielstellungen und Ausgangspunkte</link:label>
    <link:labelArc xlink:type="arc" xlink:arcrole="http://www.xbrl.org/2003/arcrole/concept-label" xlink:from="rj_AnnualReportingGuidelinesA8Title_loc" xlink:to="rj_AnnualReportingGuidelinesA8Title_label_de" use="optional" priority="0" order="1.0"/>
    <link:loc xlink:type="locator" xlink:href="rjk-all.xsd#rj_AnnualReportingGuidelinesB1Title" xlink:label="rj_AnnualReportingGuidelinesB1Title_loc"/>
    <link:label xlink:type="resource" xlink:label="rj_AnnualReportingGuidelinesB1Title_label_de" xlink:role="http://www.xbrl.org/2003/role/label" xml:lang="de" id="rj_AnnualReportingGuidelinesB1Title_label_de">B1 - Immaterielles Anlagevermögen</link:label>
    <link:labelArc xlink:type="arc" xlink:arcrole="http://www.xbrl.org/2003/arcrole/concept-label" xlink:from="rj_AnnualReportingGuidelinesB1Title_loc" xlink:to="rj_AnnualReportingGuidelinesB1Title_label_de" use="optional" priority="0" order="1.0"/>
    <link:loc xlink:type="locator" xlink:href="rjk-all.xsd#rj_AnnualReportingGuidelinesB2Title" xlink:label="rj_AnnualReportingGuidelinesB2Title_loc"/>
    <link:label xlink:type="resource" xlink:label="rj_AnnualReportingGuidelinesB2Title_label_de" xlink:role="http://www.xbrl.org/2003/role/label" xml:lang="de" id="rj_AnnualReportingGuidelinesB2Title_label_de">B2 - Sachanlagen und Immobilieninvestitionen</link:label>
    <link:labelArc xlink:type="arc" xlink:arcrole="http://www.xbrl.org/2003/arcrole/concept-label" xlink:from="rj_AnnualReportingGuidelinesB2Title_loc" xlink:to="rj_AnnualReportingGuidelinesB2Title_label_de" use="optional" priority="0" order="1.0"/>
    <link:loc xlink:type="locator" xlink:href="rjk-all.xsd#rj_AnnualReportingGuidelinesB3Title" xlink:label="rj_AnnualReportingGuidelinesB3Title_loc"/>
    <link:label xlink:type="resource" xlink:label="rj_AnnualReportingGuidelinesB3Title_label_de" xlink:role="http://www.xbrl.org/2003/role/label" xml:lang="de" id="rj_AnnualReportingGuidelinesB3Title_label_de">B3 - Finanzanlagen und Konsolidierung</link:label>
    <link:labelArc xlink:type="arc" xlink:arcrole="http://www.xbrl.org/2003/arcrole/concept-label" xlink:from="rj_AnnualReportingGuidelinesB3Title_loc" xlink:to="rj_AnnualReportingGuidelinesB3Title_label_de" use="optional" priority="0" order="1.0"/>
    <link:loc xlink:type="locator" xlink:href="rjk-all.xsd#rj_AnnualReportingGuidelinesB4Title" xlink:label="rj_AnnualReportingGuidelinesB4Title_loc"/>
    <link:label xlink:type="resource" xlink:label="rj_AnnualReportingGuidelinesB4Title_label_de" xlink:role="http://www.xbrl.org/2003/role/label" xml:lang="de" id="rj_AnnualReportingGuidelinesB4Title_label_de">B4 - Vorräte</link:label>
    <link:labelArc xlink:type="arc" xlink:arcrole="http://www.xbrl.org/2003/arcrole/concept-label" xlink:from="rj_AnnualReportingGuidelinesB4Title_loc" xlink:to="rj_AnnualReportingGuidelinesB4Title_label_de" use="optional" priority="0" order="1.0"/>
    <link:loc xlink:type="locator" xlink:href="rjk-all.xsd#rj_AnnualReportingGuidelinesB5Title" xlink:label="rj_AnnualReportingGuidelinesB5Title_loc"/>
    <link:label xlink:type="resource" xlink:label="rj_AnnualReportingGuidelinesB5Title_label_de" xlink:role="http://www.xbrl.org/2003/role/label" xml:lang="de" id="rj_AnnualReportingGuidelinesB5Title_label_de">B5 - Forderungen und aktive Rechnungsabgrenzungsposten</link:label>
    <link:labelArc xlink:type="arc" xlink:arcrole="http://www.xbrl.org/2003/arcrole/concept-label" xlink:from="rj_AnnualReportingGuidelinesB5Title_loc" xlink:to="rj_AnnualReportingGuidelinesB5Title_label_de" use="optional" priority="0" order="1.0"/>
    <link:loc xlink:type="locator" xlink:href="rjk-all.xsd#rj_AnnualReportingGuidelinesB6Title" xlink:label="rj_AnnualReportingGuidelinesB6Title_loc"/>
    <link:label xlink:type="resource" xlink:label="rj_AnnualReportingGuidelinesB6Title_label_de" xlink:role="http://www.xbrl.org/2003/role/label" xml:lang="de" id="rj_AnnualReportingGuidelinesB6Title_label_de">B6 - Wertpapiere</link:label>
    <link:labelArc xlink:type="arc" xlink:arcrole="http://www.xbrl.org/2003/arcrole/concept-label" xlink:from="rj_AnnualReportingGuidelinesB6Title_loc" xlink:to="rj_AnnualReportingGuidelinesB6Title_label_de" use="optional" priority="0" order="1.0"/>
    <link:loc xlink:type="locator" xlink:href="rjk-all.xsd#rj_AnnualReportingGuidelinesB7Title" xlink:label="rj_AnnualReportingGuidelinesB7Title_loc"/>
    <link:label xlink:type="resource" xlink:label="rj_AnnualReportingGuidelinesB7Title_label_de" xlink:role="http://www.xbrl.org/2003/role/label" xml:lang="de" id="rj_AnnualReportingGuidelinesB7Title_label_de">B7 - Liquide Mittel</link:label>
    <link:labelArc xlink:type="arc" xlink:arcrole="http://www.xbrl.org/2003/arcrole/concept-label" xlink:from="rj_AnnualReportingGuidelinesB7Title_loc" xlink:to="rj_AnnualReportingGuidelinesB7Title_label_de" use="optional" priority="0" order="1.0"/>
    <link:loc xlink:type="locator" xlink:href="rjk-all.xsd#rj_AnnualReportingGuidelinesB8Title" xlink:label="rj_AnnualReportingGuidelinesB8Title_loc"/>
    <link:label xlink:type="resource" xlink:label="rj_AnnualReportingGuidelinesB8Title_label_de" xlink:role="http://www.xbrl.org/2003/role/label" xml:lang="de" id="rj_AnnualReportingGuidelinesB8Title_label_de">B8 - Eigenkapital</link:label>
    <link:labelArc xlink:type="arc" xlink:arcrole="http://www.xbrl.org/2003/arcrole/concept-label" xlink:from="rj_AnnualReportingGuidelinesB8Title_loc" xlink:to="rj_AnnualReportingGuidelinesB8Title_label_de" use="optional" priority="0" order="1.0"/>
    <link:loc xlink:type="locator" xlink:href="rjk-all.xsd#rj_AnnualReportingGuidelinesB9Title" xlink:label="rj_AnnualReportingGuidelinesB9Title_loc"/>
    <link:label xlink:type="resource" xlink:label="rj_AnnualReportingGuidelinesB9Title_label_de" xlink:role="http://www.xbrl.org/2003/role/label" xml:lang="de" id="rj_AnnualReportingGuidelinesB9Title_label_de">B9 - Verbindlichkeiten/Schulden</link:label>
    <link:labelArc xlink:type="arc" xlink:arcrole="http://www.xbrl.org/2003/arcrole/concept-label" xlink:from="rj_AnnualReportingGuidelinesB9Title_loc" xlink:to="rj_AnnualReportingGuidelinesB9Title_label_de" use="optional" priority="0" order="1.0"/>
    <link:loc xlink:type="locator" xlink:href="rjk-all.xsd#rj_AnnualReportingGuidelinesB10Title" xlink:label="rj_AnnualReportingGuidelinesB10Title_loc"/>
    <link:label xlink:type="resource" xlink:label="rj_AnnualReportingGuidelinesB10Title_label_de" xlink:role="http://www.xbrl.org/2003/role/label" xml:lang="de" id="rj_AnnualReportingGuidelinesB10Title_label_de">B10 - Rückstellungen und nicht in der Bilanz enthaltenen Verbindlichkeiten</link:label>
    <link:labelArc xlink:type="arc" xlink:arcrole="http://www.xbrl.org/2003/arcrole/concept-label" xlink:from="rj_AnnualReportingGuidelinesB10Title_loc" xlink:to="rj_AnnualReportingGuidelinesB10Title_label_de" use="optional" priority="0" order="1.0"/>
    <link:loc xlink:type="locator" xlink:href="rjk-all.xsd#rj_AnnualReportingGuidelinesB11Title" xlink:label="rj_AnnualReportingGuidelinesB11Title_loc"/>
    <link:label xlink:type="resource" xlink:label="rj_AnnualReportingGuidelinesB11Title_label_de" xlink:role="http://www.xbrl.org/2003/role/label" xml:lang="de" id="rj_AnnualReportingGuidelinesB11Title_label_de">B11 - Leasing</link:label>
    <link:labelArc xlink:type="arc" xlink:arcrole="http://www.xbrl.org/2003/arcrole/concept-label" xlink:from="rj_AnnualReportingGuidelinesB11Title_loc" xlink:to="rj_AnnualReportingGuidelinesB11Title_label_de" use="optional" priority="0" order="1.0"/>
    <link:loc xlink:type="locator" xlink:href="rjk-all.xsd#rj_AnnualReportingGuidelinesB12Title" xlink:label="rj_AnnualReportingGuidelinesB12Title_loc"/>
    <link:label xlink:type="resource" xlink:label="rj_AnnualReportingGuidelinesB12Title_label_de" xlink:role="http://www.xbrl.org/2003/role/label" xml:lang="de" id="rj_AnnualReportingGuidelinesB12Title_label_de">B12 - Finanzinstrumente</link:label>
    <link:labelArc xlink:type="arc" xlink:arcrole="http://www.xbrl.org/2003/arcrole/concept-label" xlink:from="rj_AnnualReportingGuidelinesB12Title_loc" xlink:to="rj_AnnualReportingGuidelinesB12Title_label_de" use="optional" priority="0" order="1.0"/>
    <link:loc xlink:type="locator" xlink:href="rjk-all.xsd#rj_AnnualReportingGuidelinesB13Title" xlink:label="rj_AnnualReportingGuidelinesB13Title_loc"/>
    <link:label xlink:type="resource" xlink:label="rj_AnnualReportingGuidelinesB13Title_label_de" xlink:role="http://www.xbrl.org/2003/role/label" xml:lang="de" id="rj_AnnualReportingGuidelinesB13Title_label_de">B13 - Gewinn- und Verlustrechnung</link:label>
    <link:labelArc xlink:type="arc" xlink:arcrole="http://www.xbrl.org/2003/arcrole/concept-label" xlink:from="rj_AnnualReportingGuidelinesB13Title_loc" xlink:to="rj_AnnualReportingGuidelinesB13Title_label_de" use="optional" priority="0" order="1.0"/>
    <link:loc xlink:type="locator" xlink:href="rjk-all.xsd#rj_AnnualReportingGuidelinesB14Title" xlink:label="rj_AnnualReportingGuidelinesB14Title_loc"/>
    <link:label xlink:type="resource" xlink:label="rj_AnnualReportingGuidelinesB14Title_label_de" xlink:role="http://www.xbrl.org/2003/role/label" xml:lang="de" id="rj_AnnualReportingGuidelinesB14Title_label_de">B14 - Personalvergütungen</link:label>
    <link:labelArc xlink:type="arc" xlink:arcrole="http://www.xbrl.org/2003/arcrole/concept-label" xlink:from="rj_AnnualReportingGuidelinesB14Title_loc" xlink:to="rj_AnnualReportingGuidelinesB14Title_label_de" use="optional" priority="0" order="1.0"/>
    <link:loc xlink:type="locator" xlink:href="rjk-all.xsd#rj_AnnualReportingGuidelinesB15Title" xlink:label="rj_AnnualReportingGuidelinesB15Title_loc"/>
    <link:label xlink:type="resource" xlink:label="rj_AnnualReportingGuidelinesB15Title_label_de" xlink:role="http://www.xbrl.org/2003/role/label" xml:lang="de" id="rj_AnnualReportingGuidelinesB15Title_label_de">B15 - Gewerbeertragssteuer</link:label>
    <link:labelArc xlink:type="arc" xlink:arcrole="http://www.xbrl.org/2003/arcrole/concept-label" xlink:from="rj_AnnualReportingGuidelinesB15Title_loc" xlink:to="rj_AnnualReportingGuidelinesB15Title_label_de" use="optional" priority="0" order="1.0"/>
    <link:loc xlink:type="locator" xlink:href="rjk-all.xsd#rj_AnnualReportingGuidelinesB16Title" xlink:label="rj_AnnualReportingGuidelinesB16Title_loc"/>
    <link:label xlink:type="resource" xlink:label="rj_AnnualReportingGuidelinesB16Title_label_de" xlink:role="http://www.xbrl.org/2003/role/label" xml:lang="de" id="rj_AnnualReportingGuidelinesB16Title_label_de">B16 - Zinsen</link:label>
    <link:labelArc xlink:type="arc" xlink:arcrole="http://www.xbrl.org/2003/arcrole/concept-label" xlink:from="rj_AnnualReportingGuidelinesB16Title_loc" xlink:to="rj_AnnualReportingGuidelinesB16Title_label_de" use="optional" priority="0" order="1.0"/>
    <link:loc xlink:type="locator" xlink:href="rjk-all.xsd#rj_AnnualReportingGuidelinesB17Title" xlink:label="rj_AnnualReportingGuidelinesB17Title_loc"/>
    <link:label xlink:type="resource" xlink:label="rj_AnnualReportingGuidelinesB17Title_label_de" xlink:role="http://www.xbrl.org/2003/role/label" xml:lang="de" id="rj_AnnualReportingGuidelinesB17Title_label_de">B17 - Öffentliche Zuschüsse</link:label>
    <link:labelArc xlink:type="arc" xlink:arcrole="http://www.xbrl.org/2003/arcrole/concept-label" xlink:from="rj_AnnualReportingGuidelinesB17Title_loc" xlink:to="rj_AnnualReportingGuidelinesB17Title_label_de" use="optional" priority="0" order="1.0"/>
    <link:loc xlink:type="locator" xlink:href="rjk-all.xsd#rj_AnnualReportingGuidelinesB18Title" xlink:label="rj_AnnualReportingGuidelinesB18Title_loc"/>
    <link:label xlink:type="resource" xlink:label="rj_AnnualReportingGuidelinesB18Title_label_de" xlink:role="http://www.xbrl.org/2003/role/label" xml:lang="de" id="rj_AnnualReportingGuidelinesB18Title_label_de">B18 - Erläuterung</link:label>
    <link:labelArc xlink:type="arc" xlink:arcrole="http://www.xbrl.org/2003/arcrole/concept-label" xlink:from="rj_AnnualReportingGuidelinesB18Title_loc" xlink:to="rj_AnnualReportingGuidelinesB18Title_label_de" use="optional" priority="0" order="1.0"/>
    <link:loc xlink:type="locator" xlink:href="rjk-all.xsd#rj_AnnualReportingGuidelinesC1Title" xlink:label="rj_AnnualReportingGuidelinesC1Title_loc"/>
    <link:label xlink:type="resource" xlink:label="rj_AnnualReportingGuidelinesC1Title_label_de" xlink:role="http://www.xbrl.org/2003/role/label" xml:lang="de" id="rj_AnnualReportingGuidelinesC1Title_label_de">C1 - Kleine Organisationen ohne Gewinnerzielungsabsicht</link:label>
    <link:labelArc xlink:type="arc" xlink:arcrole="http://www.xbrl.org/2003/arcrole/concept-label" xlink:from="rj_AnnualReportingGuidelinesC1Title_loc" xlink:to="rj_AnnualReportingGuidelinesC1Title_label_de" use="optional" priority="0" order="1.0"/>
    <link:loc xlink:type="locator" xlink:href="rjk-all.xsd#rj_AnnualReportingGuidelinesC2Title" xlink:label="rj_AnnualReportingGuidelinesC2Title_loc"/>
    <link:label xlink:type="resource" xlink:label="rj_AnnualReportingGuidelinesC2Title_label_de" xlink:role="http://www.xbrl.org/2003/role/label" xml:lang="de" id="rj_AnnualReportingGuidelinesC2Title_label_de">C2 - Kleine Spenden-Institutionen</link:label>
    <link:labelArc xlink:type="arc" xlink:arcrole="http://www.xbrl.org/2003/arcrole/concept-label" xlink:from="rj_AnnualReportingGuidelinesC2Title_loc" xlink:to="rj_AnnualReportingGuidelinesC2Title_label_de" use="optional" priority="0" order="1.0"/>
    <link:loc xlink:type="locator" xlink:href="rjk-all.xsd#rj_AnnualReportingGuidelinesD3Title" xlink:label="rj_AnnualReportingGuidelinesD3Title_loc"/>
    <link:label xlink:type="resource" xlink:label="rj_AnnualReportingGuidelinesD3Title_label_de" xlink:role="http://www.xbrl.org/2003/role/label" xml:lang="de" id="rj_AnnualReportingGuidelinesD3Title_label_de">A1 - Einführung, Status, Zielstellungen und Ausgangspunkte</link:label>
    <link:labelArc xlink:type="arc" xlink:arcrole="http://www.xbrl.org/2003/arcrole/concept-label" xlink:from="rj_AnnualReportingGuidelinesD3Title_loc" xlink:to="rj_AnnualReportingGuidelinesD3Title_label_de" use="optional" priority="0" order="1.0"/>
    <link:loc xlink:type="locator" xlink:href="rjk-all.xsd#rj_AnnualReportingGuidelinesM1Title" xlink:label="rj_AnnualReportingGuidelinesM1Title_loc"/>
    <link:label xlink:type="resource" xlink:label="rj_AnnualReportingGuidelinesM1Title_label_de" xlink:role="http://www.xbrl.org/2003/role/label" xml:lang="de" id="rj_AnnualReportingGuidelinesM1Title_label_de">M1 - Mikro-Rechtssubjekte</link:label>
    <link:labelArc xlink:type="arc" xlink:arcrole="http://www.xbrl.org/2003/arcrole/concept-label" xlink:from="rj_AnnualReportingGuidelinesM1Title_loc" xlink:to="rj_AnnualReportingGuidelinesM1Title_label_de" use="optional" priority="0" order="1.0"/>
  </link:labelLink>
</link:linkbase>
