<?xml version="1.0" encoding="UTF-8"?>

<link:linkbase xmlns:link="http://www.xbrl.org/2003/linkbase" xmlns:xlink="http://www.w3.org/1999/xlink" xmlns:xbrldt="http://xbrl.org/2005/xbrldt">
  <link:roleRef roleURI="https://www.nltaxonomie.nl/kvk/role/items-separate-fs" xlink:type="simple" xlink:href="https://www.nltaxonomie.nl/kvk/2024-03-31/kvk-annual-report-nlgaap-ext.xsd#kvk-role-items-separate-fs"/>
  <link:roleRef roleURI="https://www.demiddelgrotebv.nl/role/Anchoring" xlink:type="simple" xlink:href="demiddelgrotebv-2023-12-31.xsd#Anchoring"/>
  <link:roleRef roleURI="https://www.demiddelgrotebv.nl/role/EquityStatementOfChanges" xlink:type="simple" xlink:href="demiddelgrotebv-2023-12-31.xsd#EquityStatementOfChanges"/>
  <link:roleRef roleURI="https://www.nltaxonomie.nl/kvk/role/items-consolidated-fs" xlink:type="simple" xlink:href="https://www.nltaxonomie.nl/kvk/2024-03-31/kvk-annual-report-nlgaap-ext.xsd#kvk-role-items-consolidated-fs"/>
  <link:arcroleRef arcroleURI="http://xbrl.org/int/dim/arcrole/dimension-domain" xlink:type="simple" xlink:href="http://www.xbrl.org/2005/xbrldt-2005.xsd#dimension-domain"/>
  <link:arcroleRef arcroleURI="http://xbrl.org/int/dim/arcrole/domain-member" xlink:type="simple" xlink:href="http://www.xbrl.org/2005/xbrldt-2005.xsd#domain-member"/>
  <link:arcroleRef arcroleURI="http://xbrl.org/int/dim/arcrole/hypercube-dimension" xlink:type="simple" xlink:href="http://www.xbrl.org/2005/xbrldt-2005.xsd#hypercube-dimension"/>
  <link:arcroleRef arcroleURI="http://xbrl.org/int/dim/arcrole/all" xlink:type="simple" xlink:href="http://www.xbrl.org/2005/xbrldt-2005.xsd#all"/>
  <link:arcroleRef arcroleURI="http://www.esma.europa.eu/xbrl/esef/arcrole/wider-narrower" xlink:type="simple" xlink:href="http://www.xbrl.org/lrr/arcrole/esma-arcrole-2018-11-21.xsd#wider-narrower"/>
  <link:definitionLink xlink:type="extended" xlink:role="https://www.nltaxonomie.nl/kvk/role/items-separate-fs">
    <link:loc xlink:type="locator" xlink:href="https://www.nltaxonomie.nl/kvk/2024-03-31/kvk-cor.xsd#kvk_ItemsInSeparateFinancialStatementsPlaceholder" xlink:label="kvk_ItemsInSeparateFinancialStatementsPlaceholder_loc"/>
    <link:loc xlink:type="locator" xlink:href="https://www.nltaxonomie.nl/jenv/2024-03-31/bw2-titel9-cor.xsd#bw2-titel9_Equity" xlink:label="bw2-titel9_Equity_loc"/>
    <link:definitionArc xlink:type="arc" xlink:arcrole="http://xbrl.org/int/dim/arcrole/domain-member" xlink:from="kvk_ItemsInSeparateFinancialStatementsPlaceholder_loc" xlink:to="bw2-titel9_Equity_loc" order="2.0"/>
    <link:loc xlink:type="locator" xlink:href="https://www.nltaxonomie.nl/rj/2024-03-31/rj-cor.xsd#rj_EquityDividendDistribution" xlink:label="rj_EquityDividendDistribution_loc"/>
    <link:definitionArc xlink:type="arc" xlink:arcrole="http://xbrl.org/int/dim/arcrole/domain-member" xlink:from="kvk_ItemsInSeparateFinancialStatementsPlaceholder_loc" xlink:to="rj_EquityDividendDistribution_loc" order="4.0"/>
    <link:loc xlink:type="locator" xlink:href="https://www.nltaxonomie.nl/rj/2024-03-31/rj-cor.xsd#rj_EquityResultAllocation" xlink:label="rj_EquityResultAllocation_loc"/>
    <link:definitionArc xlink:type="arc" xlink:arcrole="http://xbrl.org/int/dim/arcrole/domain-member" xlink:from="kvk_ItemsInSeparateFinancialStatementsPlaceholder_loc" xlink:to="rj_EquityResultAllocation_loc" order="3.0"/>
    <link:loc xlink:type="locator" xlink:href="https://www.nltaxonomie.nl/rj/2024-03-31/rj-cor.xsd#rj_EquityShareBasedArrangementsGranted" xlink:label="rj_EquityShareBasedArrangementsGranted_loc"/>
    <link:definitionArc xlink:type="arc" xlink:arcrole="http://xbrl.org/int/dim/arcrole/domain-member" xlink:from="kvk_ItemsInSeparateFinancialStatementsPlaceholder_loc" xlink:to="rj_EquityShareBasedArrangementsGranted_loc" order="6.0"/>
    <link:loc xlink:type="locator" xlink:href="https://www.nltaxonomie.nl/rj/2024-03-31/rj-cor.xsd#rj_EquityShareBasedArrangementsExercised" xlink:label="rj_EquityShareBasedArrangementsExercised_loc"/>
    <link:definitionArc xlink:type="arc" xlink:arcrole="http://xbrl.org/int/dim/arcrole/domain-member" xlink:from="kvk_ItemsInSeparateFinancialStatementsPlaceholder_loc" xlink:to="rj_EquityShareBasedArrangementsExercised_loc" order="7.0"/>
    <link:loc xlink:type="locator" xlink:href="https://www.nltaxonomie.nl/rj/2024-03-31/rj-cor.xsd#rj_EquityMovementOther" xlink:label="rj_EquityMovementOther_loc"/>
    <link:definitionArc xlink:type="arc" xlink:arcrole="http://xbrl.org/int/dim/arcrole/domain-member" xlink:from="kvk_ItemsInSeparateFinancialStatementsPlaceholder_loc" xlink:to="rj_EquityMovementOther_loc" order="8.0"/>
    <link:loc xlink:type="locator" xlink:href="demiddelgrotebv-2023-12-31.xsd#middelgroot_EquityResultFinancialYear" xlink:label="middelgroot_EquityProfitAllocation_loc"/>
    <link:definitionArc xlink:type="arc" xlink:arcrole="http://xbrl.org/int/dim/arcrole/domain-member" xlink:from="kvk_ItemsInSeparateFinancialStatementsPlaceholder_loc" xlink:to="middelgroot_EquityProfitAllocation_loc" order="5.0"/>
    <link:loc xlink:type="locator" xlink:href="https://www.nltaxonomie.nl/jenv/2024-03-31/bw2-titel9-cor.xsd#bw2-titel9_ShareCapital" xlink:label="bw2-titel9_ShareCapital_loc"/>
    <link:definitionArc xlink:type="arc" xlink:arcrole="http://xbrl.org/int/dim/arcrole/domain-member" xlink:from="kvk_ItemsInSeparateFinancialStatementsPlaceholder_loc" xlink:to="bw2-titel9_ShareCapital_loc" order="9.0"/>
    <link:loc xlink:type="locator" xlink:href="https://www.nltaxonomie.nl/jenv/2024-03-31/bw2-titel9-cor.xsd#bw2-titel9_SharePremium" xlink:label="bw2-titel9_SharePremium_loc"/>
    <link:definitionArc xlink:type="arc" xlink:arcrole="http://xbrl.org/int/dim/arcrole/domain-member" xlink:from="kvk_ItemsInSeparateFinancialStatementsPlaceholder_loc" xlink:to="bw2-titel9_SharePremium_loc" order="10.0"/>
    <link:loc xlink:type="locator" xlink:href="https://www.nltaxonomie.nl/jenv/2024-03-31/bw2-titel9-cor.xsd#bw2-titel9_RevaluationReserve" xlink:label="bw2-titel9_RevaluationReserve_loc"/>
    <link:definitionArc xlink:type="arc" xlink:arcrole="http://xbrl.org/int/dim/arcrole/domain-member" xlink:from="kvk_ItemsInSeparateFinancialStatementsPlaceholder_loc" xlink:to="bw2-titel9_RevaluationReserve_loc" order="11.0"/>
    <link:loc xlink:type="locator" xlink:href="https://www.nltaxonomie.nl/jenv/2024-03-31/bw2-titel9-cor.xsd#bw2-titel9_ForeignCurrencyTranslationReserve" xlink:label="bw2-titel9_ForeignCurrencyTranslationReserve_loc"/>
    <link:definitionArc xlink:type="arc" xlink:arcrole="http://xbrl.org/int/dim/arcrole/domain-member" xlink:from="kvk_ItemsInSeparateFinancialStatementsPlaceholder_loc" xlink:to="bw2-titel9_ForeignCurrencyTranslationReserve_loc" order="12.0"/>
    <link:loc xlink:type="locator" xlink:href="https://www.nltaxonomie.nl/jenv/2024-03-31/bw2-titel9-cor.xsd#bw2-titel9_LegalReserves" xlink:label="bw2-titel9_LegalReserves_loc"/>
    <link:definitionArc xlink:type="arc" xlink:arcrole="http://xbrl.org/int/dim/arcrole/domain-member" xlink:from="kvk_ItemsInSeparateFinancialStatementsPlaceholder_loc" xlink:to="bw2-titel9_LegalReserves_loc" order="13.0"/>
    <link:loc xlink:type="locator" xlink:href="https://www.nltaxonomie.nl/jenv/2024-03-31/bw2-titel9-cor.xsd#bw2-titel9_ReservesOther" xlink:label="bw2-titel9_ReservesOther_loc"/>
    <link:definitionArc xlink:type="arc" xlink:arcrole="http://xbrl.org/int/dim/arcrole/domain-member" xlink:from="kvk_ItemsInSeparateFinancialStatementsPlaceholder_loc" xlink:to="bw2-titel9_ReservesOther_loc" order="14.0"/>
    <link:loc xlink:type="locator" xlink:href="https://www.nltaxonomie.nl/jenv/2024-03-31/bw2-titel9-cor.xsd#bw2-titel9_ResultForTheYear" xlink:label="bw2-titel9_ResultForTheYear_loc"/>
    <link:definitionArc xlink:type="arc" xlink:arcrole="http://xbrl.org/int/dim/arcrole/domain-member" xlink:from="kvk_ItemsInSeparateFinancialStatementsPlaceholder_loc" xlink:to="bw2-titel9_ResultForTheYear_loc" order="16.0"/>
    <link:loc xlink:type="locator" xlink:href="https://www.nltaxonomie.nl/rj/2024-03-31/rj-cor.xsd#rj_PreferredDividendDeductedFromResultForTheYear" xlink:label="rj_PreferredDividendDeductedFromResultForTheYear_loc"/>
    <link:definitionArc xlink:type="arc" xlink:arcrole="http://xbrl.org/int/dim/arcrole/domain-member" xlink:from="kvk_ItemsInSeparateFinancialStatementsPlaceholder_loc" xlink:to="rj_PreferredDividendDeductedFromResultForTheYear_loc" order="17.0"/>
    <link:loc xlink:type="locator" xlink:href="demiddelgrotebv-2023-12-31.xsd#middelgroot_TransferToLegalReserveDeductedFromResultForTheYear" xlink:label="middelgroot_TransferToLegalReserveDeductedFromResultForTheYear_loc"/>
    <link:definitionArc xlink:type="arc" xlink:arcrole="http://xbrl.org/int/dim/arcrole/domain-member" xlink:from="kvk_ItemsInSeparateFinancialStatementsPlaceholder_loc" xlink:to="middelgroot_TransferToLegalReserveDeductedFromResultForTheYear_loc" order="18.0"/>
    <link:loc xlink:type="locator" xlink:href="https://www.nltaxonomie.nl/jenv/2024-03-31/bw2-titel9-cor.xsd#bw2-titel9_RetainedEarnings" xlink:label="bw2-titel9_RetainedEarnings_loc"/>
    <link:definitionArc xlink:type="arc" xlink:arcrole="http://xbrl.org/int/dim/arcrole/domain-member" xlink:from="kvk_ItemsInSeparateFinancialStatementsPlaceholder_loc" xlink:to="bw2-titel9_RetainedEarnings_loc" order="19.0"/>
    <link:loc xlink:type="locator" xlink:href="demiddelgrotebv-2023-12-31.xsd#middelgroot_EquitySubtotal" xlink:label="middelgroot_EquitySubtotal_loc"/>
    <link:definitionArc xlink:type="arc" xlink:arcrole="http://xbrl.org/int/dim/arcrole/domain-member" xlink:from="kvk_ItemsInSeparateFinancialStatementsPlaceholder_loc" xlink:to="middelgroot_EquitySubtotal_loc" order="15.0"/>
  </link:definitionLink>
  <link:definitionLink xlink:type="extended" xlink:role="https://www.demiddelgrotebv.nl/role/Anchoring">
    <link:loc xlink:type="locator" xlink:href="https://www.nltaxonomie.nl/jenv/2024-03-31/bw2-titel9-cor.xsd#bw2-titel9_Receivables" xlink:label="bw2-titel9_Receivables_loc"/>
    <link:loc xlink:type="locator" xlink:href="demiddelgrotebv-2023-12-31.xsd#middelgroot_NOWReceivables" xlink:label="middelgroot_NOWReceivables_loc"/>
    <link:definitionArc xlink:type="arc" xlink:arcrole="http://www.esma.europa.eu/xbrl/esef/arcrole/wider-narrower" xlink:from="bw2-titel9_Receivables_loc" xlink:to="middelgroot_NOWReceivables_loc" order="1.0"/>
    <link:loc xlink:type="locator" xlink:href="demiddelgrotebv-2023-12-31.xsd#middelgroot_ReceivablesOtherAccruedIncome" xlink:label="middelgroot_ReceivablesOtherAccruedIncome_loc"/>
    <link:definitionArc xlink:type="arc" xlink:arcrole="http://www.esma.europa.eu/xbrl/esef/arcrole/wider-narrower" xlink:from="bw2-titel9_Receivables_loc" xlink:to="middelgroot_ReceivablesOtherAccruedIncome_loc" order="2.0"/>
    <link:loc xlink:type="locator" xlink:href="https://www.nltaxonomie.nl/jenv/2024-03-31/bw2-titel9-cor.xsd#bw2-titel9_ReceivablesOther" xlink:label="bw2-titel9_ReceivablesOther_loc"/>
    <link:definitionArc xlink:type="arc" xlink:arcrole="http://www.esma.europa.eu/xbrl/esef/arcrole/wider-narrower" xlink:from="middelgroot_ReceivablesOtherAccruedIncome_loc" xlink:to="bw2-titel9_ReceivablesOther_loc" order="1.0"/>
    <link:loc xlink:type="locator" xlink:href="https://www.nltaxonomie.nl/jenv/2024-03-31/bw2-titel9-cor.xsd#bw2-titel9_AccruedIncome" xlink:label="bw2-titel9_AccruedIncome_loc"/>
    <link:definitionArc xlink:type="arc" xlink:arcrole="http://www.esma.europa.eu/xbrl/esef/arcrole/wider-narrower" xlink:from="middelgroot_ReceivablesOtherAccruedIncome_loc" xlink:to="bw2-titel9_AccruedIncome_loc" order="2.0"/>
    <link:loc xlink:type="locator" xlink:href="https://www.nltaxonomie.nl/jenv/2024-03-31/bw2-titel9-cor.xsd#bw2-titel9_Equity" xlink:label="bw2-titel9_Equity_loc"/>
    <link:loc xlink:type="locator" xlink:href="demiddelgrotebv-2023-12-31.xsd#middelgroot_TransferToLegalReserveDeductedFromResultForTheYear" xlink:label="middelgroot_TransferToLegalReserveDeductedFromResultForTheYear_loc"/>
    <link:definitionArc xlink:type="arc" xlink:arcrole="http://www.esma.europa.eu/xbrl/esef/arcrole/wider-narrower" xlink:from="bw2-titel9_Equity_loc" xlink:to="middelgroot_TransferToLegalReserveDeductedFromResultForTheYear_loc" order="1.0"/>
    <link:loc xlink:type="locator" xlink:href="https://www.nltaxonomie.nl/jenv/2024-03-31/bw2-titel9-cor.xsd#bw2-titel9_LiabilitiesCurrent" xlink:label="bw2-titel9_LiabilitiesCurrent_loc"/>
    <link:loc xlink:type="locator" xlink:href="demiddelgrotebv-2023-12-31.xsd#middelgroot_PayablesOtherAccrualsAndDeferredIncomeCurrent" xlink:label="middelgroot_PayablesOtherAccrualsAndDeferredIncomeCurrent_loc"/>
    <link:definitionArc xlink:type="arc" xlink:arcrole="http://www.esma.europa.eu/xbrl/esef/arcrole/wider-narrower" xlink:from="bw2-titel9_LiabilitiesCurrent_loc" xlink:to="middelgroot_PayablesOtherAccrualsAndDeferredIncomeCurrent_loc" order="1.0"/>
    <link:loc xlink:type="locator" xlink:href="https://www.nltaxonomie.nl/jenv/2024-03-31/bw2-titel9-cor.xsd#bw2-titel9_PayablesOtherCurrent" xlink:label="bw2-titel9_PayablesOtherCurrent_loc"/>
    <link:definitionArc xlink:type="arc" xlink:arcrole="http://www.esma.europa.eu/xbrl/esef/arcrole/wider-narrower" xlink:from="middelgroot_PayablesOtherAccrualsAndDeferredIncomeCurrent_loc" xlink:to="bw2-titel9_PayablesOtherCurrent_loc" order="1.0"/>
    <link:loc xlink:type="locator" xlink:href="https://www.nltaxonomie.nl/jenv/2024-03-31/bw2-titel9-cor.xsd#bw2-titel9_AccrualsAndDeferredIncomeCurrent" xlink:label="bw2-titel9_AccrualsAndDeferredIncomeCurrent_loc"/>
    <link:definitionArc xlink:type="arc" xlink:arcrole="http://www.esma.europa.eu/xbrl/esef/arcrole/wider-narrower" xlink:from="middelgroot_PayablesOtherAccrualsAndDeferredIncomeCurrent_loc" xlink:to="bw2-titel9_AccrualsAndDeferredIncomeCurrent_loc" order="2.0"/>
    <link:loc xlink:type="locator" xlink:href="demiddelgrotebv-2023-12-31.xsd#middelgroot_ProceedsFromLiabilitiesNonCurrent" xlink:label="middelgroot_ProceedsFromLiabilitiesNonCurrent_loc"/>
    <link:loc xlink:type="locator" xlink:href="https://www.nltaxonomie.nl/rj/2024-03-31/rj-cor.xsd#rj_ProceedsFromBorrowings" xlink:label="rj_ProceedsFromBorrowings_loc"/>
    <link:definitionArc xlink:type="arc" xlink:arcrole="http://www.esma.europa.eu/xbrl/esef/arcrole/wider-narrower" xlink:from="middelgroot_ProceedsFromLiabilitiesNonCurrent_loc" xlink:to="rj_ProceedsFromBorrowings_loc" order="1.0"/>
    <link:loc xlink:type="locator" xlink:href="https://www.nltaxonomie.nl/jenv/2024-03-31/bw2-titel9-cor.xsd#bw2-titel9_EquityMovement" xlink:label="bw2-titel9_EquityMovement_loc"/>
    <link:loc xlink:type="locator" xlink:href="demiddelgrotebv-2023-12-31.xsd#middelgroot_EquityResultFinancialYear" xlink:label="middelgroot_EquityResultFinancialYear_loc"/>
    <link:definitionArc xlink:type="arc" xlink:arcrole="http://www.esma.europa.eu/xbrl/esef/arcrole/wider-narrower" xlink:from="bw2-titel9_EquityMovement_loc" xlink:to="middelgroot_EquityResultFinancialYear_loc" order="1.0"/>
    <link:loc xlink:type="locator" xlink:href="https://www.nltaxonomie.nl/rj/2024-03-31/rj-cor.xsd#rj_IncreaseDecreaseInOtherPayables" xlink:label="rj_IncreaseDecreaseInOtherPayables_loc"/>
    <link:loc xlink:type="locator" xlink:href="demiddelgrotebv-2023-12-31.xsd#middelgroot_IncreaseDecreaseLiabilitiesCurrent" xlink:label="middelgroot_IncreaseDecreaseLiabilitiesCurrent_loc"/>
    <link:definitionArc xlink:type="arc" xlink:arcrole="http://www.esma.europa.eu/xbrl/esef/arcrole/wider-narrower" xlink:from="rj_IncreaseDecreaseInOtherPayables_loc" xlink:to="middelgroot_IncreaseDecreaseLiabilitiesCurrent_loc" order="1.0"/>
  </link:definitionLink>
  <link:definitionLink xlink:type="extended" xlink:role="https://www.demiddelgrotebv.nl/role/EquityStatementOfChanges">
    <link:loc xlink:type="locator" xlink:href="https://www.nltaxonomie.nl/jenv/2024-03-31/bw2-titel9-cor.xsd#bw2-titel9_EquityStatementOfChangesLineItems" xlink:label="bw2-titel9_EquityStatementOfChangesLineItems_loc"/>
    <link:loc xlink:type="locator" xlink:href="https://www.nltaxonomie.nl/jenv/2024-03-31/bw2-titel9-cor.xsd#bw2-titel9_Equity" xlink:label="bw2-titel9_Equity_loc"/>
    <link:definitionArc xlink:type="arc" xlink:arcrole="http://xbrl.org/int/dim/arcrole/domain-member" xlink:from="bw2-titel9_EquityStatementOfChangesLineItems_loc" xlink:to="bw2-titel9_Equity_loc" order="1.0"/>
    <link:loc xlink:type="locator" xlink:href="https://www.nltaxonomie.nl/rj/2024-03-31/rj-cor.xsd#rj_EquityDividendDistribution" xlink:label="rj_EquityDividendDistribution_loc"/>
    <link:definitionArc xlink:type="arc" xlink:arcrole="http://xbrl.org/int/dim/arcrole/domain-member" xlink:from="bw2-titel9_EquityStatementOfChangesLineItems_loc" xlink:to="rj_EquityDividendDistribution_loc" order="3.0"/>
    <link:loc xlink:type="locator" xlink:href="https://www.nltaxonomie.nl/rj/2024-03-31/rj-cor.xsd#rj_EquityResultAllocation" xlink:label="rj_EquityResultAllocation_loc"/>
    <link:definitionArc xlink:type="arc" xlink:arcrole="http://xbrl.org/int/dim/arcrole/domain-member" xlink:from="bw2-titel9_EquityStatementOfChangesLineItems_loc" xlink:to="rj_EquityResultAllocation_loc" order="2.0"/>
    <link:loc xlink:type="locator" xlink:href="https://www.nltaxonomie.nl/rj/2024-03-31/rj-cor.xsd#rj_EquityShareBasedArrangementsGranted" xlink:label="rj_EquityShareBasedArrangementsGranted_loc"/>
    <link:definitionArc xlink:type="arc" xlink:arcrole="http://xbrl.org/int/dim/arcrole/domain-member" xlink:from="bw2-titel9_EquityStatementOfChangesLineItems_loc" xlink:to="rj_EquityShareBasedArrangementsGranted_loc" order="5.0"/>
    <link:loc xlink:type="locator" xlink:href="https://www.nltaxonomie.nl/rj/2024-03-31/rj-cor.xsd#rj_EquityShareBasedArrangementsExercised" xlink:label="rj_EquityShareBasedArrangementsExercised_loc"/>
    <link:definitionArc xlink:type="arc" xlink:arcrole="http://xbrl.org/int/dim/arcrole/domain-member" xlink:from="bw2-titel9_EquityStatementOfChangesLineItems_loc" xlink:to="rj_EquityShareBasedArrangementsExercised_loc" order="6.0"/>
    <link:loc xlink:type="locator" xlink:href="https://www.nltaxonomie.nl/rj/2024-03-31/rj-cor.xsd#rj_EquityMovementOther" xlink:label="rj_EquityMovementOther_loc"/>
    <link:definitionArc xlink:type="arc" xlink:arcrole="http://xbrl.org/int/dim/arcrole/domain-member" xlink:from="bw2-titel9_EquityStatementOfChangesLineItems_loc" xlink:to="rj_EquityMovementOther_loc" order="7.0"/>
    <link:loc xlink:type="locator" xlink:href="https://www.nltaxonomie.nl/jenv/2024-03-31/bw2-titel9-cor.xsd#bw2-titel9_EquityStatementOfChangesTable" xlink:label="bw2-titel9_EquityStatementOfChangesTable_loc"/>
    <link:definitionArc xlink:type="arc" xlink:arcrole="http://xbrl.org/int/dim/arcrole/all" xlink:from="bw2-titel9_EquityStatementOfChangesLineItems_loc" xlink:to="bw2-titel9_EquityStatementOfChangesTable_loc" order="0.0" xbrldt:contextElement="scenario"/>
    <link:loc xlink:type="locator" xlink:href="https://www.nltaxonomie.nl/jenv/2024-03-31/bw2-titel9-cor.xsd#bw2-titel9_ClassesOfEquityAxis" xlink:label="bw2-titel9_ClassesOfEquityAxis_loc"/>
    <link:definitionArc xlink:type="arc" xlink:arcrole="http://xbrl.org/int/dim/arcrole/hypercube-dimension" xlink:from="bw2-titel9_EquityStatementOfChangesTable_loc" xlink:to="bw2-titel9_ClassesOfEquityAxis_loc" order="1.0"/>
    <link:loc xlink:type="locator" xlink:href="https://www.nltaxonomie.nl/jenv/2024-03-31/bw2-titel9-cor.xsd#bw2-titel9_EquityMember" xlink:label="bw2-titel9_EquityMember_loc"/>
    <link:definitionArc xlink:type="arc" xlink:arcrole="http://xbrl.org/int/dim/arcrole/dimension-domain" xlink:from="bw2-titel9_ClassesOfEquityAxis_loc" xlink:to="bw2-titel9_EquityMember_loc" order="7.0"/>
    <link:loc xlink:type="locator" xlink:href="https://www.nltaxonomie.nl/jenv/2024-03-31/bw2-titel9-cor.xsd#bw2-titel9_ShareCapitalMember" xlink:label="bw2-titel9_ShareCapitalMember_loc"/>
    <link:definitionArc xlink:type="arc" xlink:arcrole="http://xbrl.org/int/dim/arcrole/dimension-domain" xlink:from="bw2-titel9_ClassesOfEquityAxis_loc" xlink:to="bw2-titel9_ShareCapitalMember_loc" order="1.0"/>
    <link:loc xlink:type="locator" xlink:href="https://www.nltaxonomie.nl/jenv/2024-03-31/bw2-titel9-cor.xsd#bw2-titel9_SharePremiumMember" xlink:label="bw2-titel9_SharePremiumMember_loc"/>
    <link:definitionArc xlink:type="arc" xlink:arcrole="http://xbrl.org/int/dim/arcrole/dimension-domain" xlink:from="bw2-titel9_ClassesOfEquityAxis_loc" xlink:to="bw2-titel9_SharePremiumMember_loc" order="2.0"/>
    <link:loc xlink:type="locator" xlink:href="https://www.nltaxonomie.nl/jenv/2024-03-31/bw2-titel9-cor.xsd#bw2-titel9_RevaluationReserveMember" xlink:label="bw2-titel9_RevaluationReserveMember_loc"/>
    <link:definitionArc xlink:type="arc" xlink:arcrole="http://xbrl.org/int/dim/arcrole/dimension-domain" xlink:from="bw2-titel9_ClassesOfEquityAxis_loc" xlink:to="bw2-titel9_RevaluationReserveMember_loc" order="3.0"/>
    <link:loc xlink:type="locator" xlink:href="https://www.nltaxonomie.nl/jenv/2024-03-31/bw2-titel9-cor.xsd#bw2-titel9_LegalReservesMember" xlink:label="bw2-titel9_LegalReservesMember_loc"/>
    <link:definitionArc xlink:type="arc" xlink:arcrole="http://xbrl.org/int/dim/arcrole/dimension-domain" xlink:from="bw2-titel9_ClassesOfEquityAxis_loc" xlink:to="bw2-titel9_LegalReservesMember_loc" order="4.0"/>
    <link:loc xlink:type="locator" xlink:href="https://www.nltaxonomie.nl/jenv/2024-03-31/bw2-titel9-cor.xsd#bw2-titel9_ReservesOtherMember" xlink:label="bw2-titel9_ReservesOtherMember_loc"/>
    <link:definitionArc xlink:type="arc" xlink:arcrole="http://xbrl.org/int/dim/arcrole/dimension-domain" xlink:from="bw2-titel9_ClassesOfEquityAxis_loc" xlink:to="bw2-titel9_ReservesOtherMember_loc" order="5.0"/>
    <link:loc xlink:type="locator" xlink:href="https://www.nltaxonomie.nl/jenv/2024-03-31/bw2-titel9-cor.xsd#bw2-titel9_RetainedEarningsMember" xlink:label="bw2-titel9_RetainedEarningsMember_loc"/>
    <link:definitionArc xlink:type="arc" xlink:arcrole="http://xbrl.org/int/dim/arcrole/dimension-domain" xlink:from="bw2-titel9_ClassesOfEquityAxis_loc" xlink:to="bw2-titel9_RetainedEarningsMember_loc" order="6.0"/>
    <link:loc xlink:type="locator" xlink:href="demiddelgrotebv-2023-12-31.xsd#middelgroot_EquityResultFinancialYear" xlink:label="middelgroot_EquityProfitAllocation_loc"/>
    <link:definitionArc xlink:type="arc" xlink:arcrole="http://xbrl.org/int/dim/arcrole/domain-member" xlink:from="bw2-titel9_EquityStatementOfChangesLineItems_loc" xlink:to="middelgroot_EquityProfitAllocation_loc" order="4.0"/>
  </link:definitionLink>
  <link:definitionLink xlink:type="extended" xlink:role="https://www.nltaxonomie.nl/kvk/role/items-consolidated-fs">
    <link:loc xlink:type="locator" xlink:href="https://www.nltaxonomie.nl/kvk/2024-03-31/kvk-cor.xsd#kvk_ItemsInConsolidatedFinancialStatementsPlaceholder" xlink:label="kvk_ItemsInConsolidatedFinancialStatementsPlaceholder_loc"/>
    <link:loc xlink:type="locator" xlink:href="https://www.nltaxonomie.nl/jenv/2024-03-31/bw2-titel9-cor.xsd#bw2-titel9_BalanceSheetBeforeAppropriationResults" xlink:label="bw2-titel9_BalanceSheetBeforeAppropriationResults_loc"/>
    <link:definitionArc xlink:type="arc" xlink:arcrole="http://xbrl.org/int/dim/arcrole/domain-member" xlink:from="kvk_ItemsInConsolidatedFinancialStatementsPlaceholder_loc" xlink:to="bw2-titel9_BalanceSheetBeforeAppropriationResults_loc" order="2.0"/>
    <link:loc xlink:type="locator" xlink:href="https://www.nltaxonomie.nl/jenv/2024-03-31/bw2-titel9-cor.xsd#bw2-titel9_IntangibleAssets" xlink:label="bw2-titel9_IntangibleAssets_loc"/>
    <link:definitionArc xlink:type="arc" xlink:arcrole="http://xbrl.org/int/dim/arcrole/domain-member" xlink:from="kvk_ItemsInConsolidatedFinancialStatementsPlaceholder_loc" xlink:to="bw2-titel9_IntangibleAssets_loc" order="3.0"/>
    <link:loc xlink:type="locator" xlink:href="https://www.nltaxonomie.nl/jenv/2024-03-31/bw2-titel9-cor.xsd#bw2-titel9_DevelopmentCosts" xlink:label="bw2-titel9_DevelopmentCosts_loc"/>
    <link:definitionArc xlink:type="arc" xlink:arcrole="http://xbrl.org/int/dim/arcrole/domain-member" xlink:from="kvk_ItemsInConsolidatedFinancialStatementsPlaceholder_loc" xlink:to="bw2-titel9_DevelopmentCosts_loc" order="4.0"/>
    <link:loc xlink:type="locator" xlink:href="https://www.nltaxonomie.nl/jenv/2024-03-31/bw2-titel9-cor.xsd#bw2-titel9_PatentsTrademarksOtherRights" xlink:label="bw2-titel9_PatentsTrademarksOtherRights_loc"/>
    <link:definitionArc xlink:type="arc" xlink:arcrole="http://xbrl.org/int/dim/arcrole/domain-member" xlink:from="kvk_ItemsInConsolidatedFinancialStatementsPlaceholder_loc" xlink:to="bw2-titel9_PatentsTrademarksOtherRights_loc" order="5.0"/>
    <link:loc xlink:type="locator" xlink:href="https://www.nltaxonomie.nl/jenv/2024-03-31/bw2-titel9-cor.xsd#bw2-titel9_Goodwill" xlink:label="bw2-titel9_Goodwill_loc"/>
    <link:definitionArc xlink:type="arc" xlink:arcrole="http://xbrl.org/int/dim/arcrole/domain-member" xlink:from="kvk_ItemsInConsolidatedFinancialStatementsPlaceholder_loc" xlink:to="bw2-titel9_Goodwill_loc" order="6.0"/>
    <link:loc xlink:type="locator" xlink:href="https://www.nltaxonomie.nl/jenv/2024-03-31/bw2-titel9-cor.xsd#bw2-titel9_PropertyPlantEquipment" xlink:label="bw2-titel9_PropertyPlantEquipment_loc"/>
    <link:definitionArc xlink:type="arc" xlink:arcrole="http://xbrl.org/int/dim/arcrole/domain-member" xlink:from="kvk_ItemsInConsolidatedFinancialStatementsPlaceholder_loc" xlink:to="bw2-titel9_PropertyPlantEquipment_loc" order="7.0"/>
    <link:loc xlink:type="locator" xlink:href="https://www.nltaxonomie.nl/jenv/2024-03-31/bw2-titel9-cor.xsd#bw2-titel9_LandAndBuildings" xlink:label="bw2-titel9_LandAndBuildings_loc"/>
    <link:definitionArc xlink:type="arc" xlink:arcrole="http://xbrl.org/int/dim/arcrole/domain-member" xlink:from="kvk_ItemsInConsolidatedFinancialStatementsPlaceholder_loc" xlink:to="bw2-titel9_LandAndBuildings_loc" order="8.0"/>
    <link:loc xlink:type="locator" xlink:href="https://www.nltaxonomie.nl/jenv/2024-03-31/bw2-titel9-cor.xsd#bw2-titel9_Machinery" xlink:label="bw2-titel9_Machinery_loc"/>
    <link:definitionArc xlink:type="arc" xlink:arcrole="http://xbrl.org/int/dim/arcrole/domain-member" xlink:from="kvk_ItemsInConsolidatedFinancialStatementsPlaceholder_loc" xlink:to="bw2-titel9_Machinery_loc" order="9.0"/>
    <link:loc xlink:type="locator" xlink:href="https://www.nltaxonomie.nl/jenv/2024-03-31/bw2-titel9-cor.xsd#bw2-titel9_TangibleAssetsOther" xlink:label="bw2-titel9_TangibleAssetsOther_loc"/>
    <link:definitionArc xlink:type="arc" xlink:arcrole="http://xbrl.org/int/dim/arcrole/domain-member" xlink:from="kvk_ItemsInConsolidatedFinancialStatementsPlaceholder_loc" xlink:to="bw2-titel9_TangibleAssetsOther_loc" order="10.0"/>
    <link:loc xlink:type="locator" xlink:href="https://www.nltaxonomie.nl/jenv/2024-03-31/bw2-titel9-cor.xsd#bw2-titel9_ConstructionInProgressPrepaymentsPropertyPlantEquipment" xlink:label="bw2-titel9_ConstructionInProgressPrepaymentsPropertyPlantEquipment_loc"/>
    <link:definitionArc xlink:type="arc" xlink:arcrole="http://xbrl.org/int/dim/arcrole/domain-member" xlink:from="kvk_ItemsInConsolidatedFinancialStatementsPlaceholder_loc" xlink:to="bw2-titel9_ConstructionInProgressPrepaymentsPropertyPlantEquipment_loc" order="11.0"/>
    <link:loc xlink:type="locator" xlink:href="https://www.nltaxonomie.nl/rj/2024-03-31/rj-cor.xsd#rj_InvestmentProperties" xlink:label="rj_InvestmentProperties_loc"/>
    <link:definitionArc xlink:type="arc" xlink:arcrole="http://xbrl.org/int/dim/arcrole/domain-member" xlink:from="kvk_ItemsInConsolidatedFinancialStatementsPlaceholder_loc" xlink:to="rj_InvestmentProperties_loc" order="12.0"/>
    <link:loc xlink:type="locator" xlink:href="https://www.nltaxonomie.nl/rj/2024-03-31/rj-cor.xsd#rj_InvestmentPropertiesInExploitation" xlink:label="rj_InvestmentPropertiesInExploitation_loc"/>
    <link:definitionArc xlink:type="arc" xlink:arcrole="http://xbrl.org/int/dim/arcrole/domain-member" xlink:from="kvk_ItemsInConsolidatedFinancialStatementsPlaceholder_loc" xlink:to="rj_InvestmentPropertiesInExploitation_loc" order="13.0"/>
    <link:loc xlink:type="locator" xlink:href="https://www.nltaxonomie.nl/rj/2024-03-31/rj-cor.xsd#rj_InvestmentPropertiesInDevelopment" xlink:label="rj_InvestmentPropertiesInDevelopment_loc"/>
    <link:definitionArc xlink:type="arc" xlink:arcrole="http://xbrl.org/int/dim/arcrole/domain-member" xlink:from="kvk_ItemsInConsolidatedFinancialStatementsPlaceholder_loc" xlink:to="rj_InvestmentPropertiesInDevelopment_loc" order="14.0"/>
    <link:loc xlink:type="locator" xlink:href="https://www.nltaxonomie.nl/jenv/2024-03-31/bw2-titel9-cor.xsd#bw2-titel9_FinancialAssets" xlink:label="bw2-titel9_FinancialAssets_loc"/>
    <link:definitionArc xlink:type="arc" xlink:arcrole="http://xbrl.org/int/dim/arcrole/domain-member" xlink:from="kvk_ItemsInConsolidatedFinancialStatementsPlaceholder_loc" xlink:to="bw2-titel9_FinancialAssets_loc" order="15.0"/>
    <link:loc xlink:type="locator" xlink:href="https://www.nltaxonomie.nl/jenv/2024-03-31/bw2-titel9-cor.xsd#bw2-titel9_SecuritiesOtherNoncurrent" xlink:label="bw2-titel9_SecuritiesOtherNoncurrent_loc"/>
    <link:definitionArc xlink:type="arc" xlink:arcrole="http://xbrl.org/int/dim/arcrole/domain-member" xlink:from="kvk_ItemsInConsolidatedFinancialStatementsPlaceholder_loc" xlink:to="bw2-titel9_SecuritiesOtherNoncurrent_loc" order="18.0"/>
    <link:loc xlink:type="locator" xlink:href="https://www.nltaxonomie.nl/rj/2024-03-31/rj-cor.xsd#rj_DeferredTaxAssetsNoncurrent" xlink:label="rj_DeferredTaxAssetsNoncurrent_loc"/>
    <link:definitionArc xlink:type="arc" xlink:arcrole="http://xbrl.org/int/dim/arcrole/domain-member" xlink:from="kvk_ItemsInConsolidatedFinancialStatementsPlaceholder_loc" xlink:to="rj_DeferredTaxAssetsNoncurrent_loc" order="19.0"/>
    <link:loc xlink:type="locator" xlink:href="https://www.nltaxonomie.nl/jenv/2024-03-31/bw2-titel9-cor.xsd#bw2-titel9_ReceivablesOtherNoncurrent" xlink:label="bw2-titel9_ReceivablesOtherNoncurrent_loc"/>
    <link:definitionArc xlink:type="arc" xlink:arcrole="http://xbrl.org/int/dim/arcrole/domain-member" xlink:from="kvk_ItemsInConsolidatedFinancialStatementsPlaceholder_loc" xlink:to="bw2-titel9_ReceivablesOtherNoncurrent_loc" order="20.0"/>
    <link:loc xlink:type="locator" xlink:href="https://www.nltaxonomie.nl/jenv/2024-03-31/bw2-titel9-cor.xsd#bw2-titel9_AssetsNoncurrent" xlink:label="bw2-titel9_AssetsNoncurrent_loc"/>
    <link:definitionArc xlink:type="arc" xlink:arcrole="http://xbrl.org/int/dim/arcrole/domain-member" xlink:from="kvk_ItemsInConsolidatedFinancialStatementsPlaceholder_loc" xlink:to="bw2-titel9_AssetsNoncurrent_loc" order="21.0"/>
    <link:loc xlink:type="locator" xlink:href="https://www.nltaxonomie.nl/jenv/2024-03-31/bw2-titel9-cor.xsd#bw2-titel9_Inventories" xlink:label="bw2-titel9_Inventories_loc"/>
    <link:definitionArc xlink:type="arc" xlink:arcrole="http://xbrl.org/int/dim/arcrole/domain-member" xlink:from="kvk_ItemsInConsolidatedFinancialStatementsPlaceholder_loc" xlink:to="bw2-titel9_Inventories_loc" order="22.0"/>
    <link:loc xlink:type="locator" xlink:href="https://www.nltaxonomie.nl/jenv/2024-03-31/bw2-titel9-cor.xsd#bw2-titel9_InventoryRawMaterialsConsumables" xlink:label="bw2-titel9_InventoryRawMaterialsConsumables_loc"/>
    <link:definitionArc xlink:type="arc" xlink:arcrole="http://xbrl.org/int/dim/arcrole/domain-member" xlink:from="kvk_ItemsInConsolidatedFinancialStatementsPlaceholder_loc" xlink:to="bw2-titel9_InventoryRawMaterialsConsumables_loc" order="23.0"/>
    <link:loc xlink:type="locator" xlink:href="https://www.nltaxonomie.nl/jenv/2024-03-31/bw2-titel9-cor.xsd#bw2-titel9_WorkInProgress" xlink:label="bw2-titel9_WorkInProgress_loc"/>
    <link:definitionArc xlink:type="arc" xlink:arcrole="http://xbrl.org/int/dim/arcrole/domain-member" xlink:from="kvk_ItemsInConsolidatedFinancialStatementsPlaceholder_loc" xlink:to="bw2-titel9_WorkInProgress_loc" order="24.0"/>
    <link:loc xlink:type="locator" xlink:href="https://www.nltaxonomie.nl/jenv/2024-03-31/bw2-titel9-cor.xsd#bw2-titel9_InventoryFinishedTradeGoods" xlink:label="bw2-titel9_InventoryFinishedTradeGoods_loc"/>
    <link:definitionArc xlink:type="arc" xlink:arcrole="http://xbrl.org/int/dim/arcrole/domain-member" xlink:from="kvk_ItemsInConsolidatedFinancialStatementsPlaceholder_loc" xlink:to="bw2-titel9_InventoryFinishedTradeGoods_loc" order="25.0"/>
    <link:loc xlink:type="locator" xlink:href="https://www.nltaxonomie.nl/jenv/2024-03-31/bw2-titel9-cor.xsd#bw2-titel9_PrepaymentsInventories" xlink:label="bw2-titel9_PrepaymentsInventories_loc"/>
    <link:definitionArc xlink:type="arc" xlink:arcrole="http://xbrl.org/int/dim/arcrole/domain-member" xlink:from="kvk_ItemsInConsolidatedFinancialStatementsPlaceholder_loc" xlink:to="bw2-titel9_PrepaymentsInventories_loc" order="26.0"/>
    <link:loc xlink:type="locator" xlink:href="https://www.nltaxonomie.nl/rj/2024-03-31/rj-cor.xsd#rj_ConstructionContractsAssets" xlink:label="rj_ConstructionContractsAssets_loc"/>
    <link:definitionArc xlink:type="arc" xlink:arcrole="http://xbrl.org/int/dim/arcrole/domain-member" xlink:from="kvk_ItemsInConsolidatedFinancialStatementsPlaceholder_loc" xlink:to="rj_ConstructionContractsAssets_loc" order="27.0"/>
    <link:loc xlink:type="locator" xlink:href="https://www.nltaxonomie.nl/jenv/2024-03-31/bw2-titel9-cor.xsd#bw2-titel9_Receivables" xlink:label="bw2-titel9_Receivables_loc"/>
    <link:definitionArc xlink:type="arc" xlink:arcrole="http://xbrl.org/int/dim/arcrole/domain-member" xlink:from="kvk_ItemsInConsolidatedFinancialStatementsPlaceholder_loc" xlink:to="bw2-titel9_Receivables_loc" order="28.0"/>
    <link:loc xlink:type="locator" xlink:href="https://www.nltaxonomie.nl/jenv/2024-03-31/bw2-titel9-cor.xsd#bw2-titel9_TradeReceivables" xlink:label="bw2-titel9_TradeReceivables_loc"/>
    <link:definitionArc xlink:type="arc" xlink:arcrole="http://xbrl.org/int/dim/arcrole/domain-member" xlink:from="kvk_ItemsInConsolidatedFinancialStatementsPlaceholder_loc" xlink:to="bw2-titel9_TradeReceivables_loc" order="29.0"/>
    <link:loc xlink:type="locator" xlink:href="https://www.nltaxonomie.nl/jenv/2024-03-31/bw2-titel9-cor.xsd#bw2-titel9_ReceivablesGroupCompaniesCurrent" xlink:label="bw2-titel9_ReceivablesGroupCompaniesCurrent_loc"/>
    <link:definitionArc xlink:type="arc" xlink:arcrole="http://xbrl.org/int/dim/arcrole/domain-member" xlink:from="kvk_ItemsInConsolidatedFinancialStatementsPlaceholder_loc" xlink:to="bw2-titel9_ReceivablesGroupCompaniesCurrent_loc" order="30.0"/>
    <link:loc xlink:type="locator" xlink:href="https://www.nltaxonomie.nl/jenv/2024-03-31/bw2-titel9-cor.xsd#bw2-titel9_ReceivablesShareholdersParticipatingInterestsCurrent" xlink:label="bw2-titel9_ReceivablesShareholdersParticipatingInterestsCurrent_loc"/>
    <link:definitionArc xlink:type="arc" xlink:arcrole="http://xbrl.org/int/dim/arcrole/domain-member" xlink:from="kvk_ItemsInConsolidatedFinancialStatementsPlaceholder_loc" xlink:to="bw2-titel9_ReceivablesShareholdersParticipatingInterestsCurrent_loc" order="31.0"/>
    <link:loc xlink:type="locator" xlink:href="https://www.nltaxonomie.nl/rj/2024-03-31/rj-cor.xsd#rj_TaxReceivables" xlink:label="rj_TaxReceivables_loc"/>
    <link:definitionArc xlink:type="arc" xlink:arcrole="http://xbrl.org/int/dim/arcrole/domain-member" xlink:from="kvk_ItemsInConsolidatedFinancialStatementsPlaceholder_loc" xlink:to="rj_TaxReceivables_loc" order="32.0"/>
    <link:loc xlink:type="locator" xlink:href="demiddelgrotebv-2023-12-31.xsd#middelgroot_NOWReceivables" xlink:label="middelgroot_NOWReceivables_loc"/>
    <link:definitionArc xlink:type="arc" xlink:arcrole="http://xbrl.org/int/dim/arcrole/domain-member" xlink:from="kvk_ItemsInConsolidatedFinancialStatementsPlaceholder_loc" xlink:to="middelgroot_NOWReceivables_loc" order="33.0"/>
    <link:loc xlink:type="locator" xlink:href="demiddelgrotebv-2023-12-31.xsd#middelgroot_ReceivablesOtherAccruedIncome" xlink:label="middelgroot_ReceivablesOtherAccruedIncome_loc"/>
    <link:definitionArc xlink:type="arc" xlink:arcrole="http://xbrl.org/int/dim/arcrole/domain-member" xlink:from="kvk_ItemsInConsolidatedFinancialStatementsPlaceholder_loc" xlink:to="middelgroot_ReceivablesOtherAccruedIncome_loc" order="34.0"/>
    <link:loc xlink:type="locator" xlink:href="https://www.nltaxonomie.nl/jenv/2024-03-31/bw2-titel9-cor.xsd#bw2-titel9_SecuritiesCurrent" xlink:label="bw2-titel9_SecuritiesCurrent_loc"/>
    <link:definitionArc xlink:type="arc" xlink:arcrole="http://xbrl.org/int/dim/arcrole/domain-member" xlink:from="kvk_ItemsInConsolidatedFinancialStatementsPlaceholder_loc" xlink:to="bw2-titel9_SecuritiesCurrent_loc" order="35.0"/>
    <link:loc xlink:type="locator" xlink:href="https://www.nltaxonomie.nl/jenv/2024-03-31/bw2-titel9-cor.xsd#bw2-titel9_CashAndCashEquivalents" xlink:label="bw2-titel9_CashAndCashEquivalents_loc"/>
    <link:definitionArc xlink:type="arc" xlink:arcrole="http://xbrl.org/int/dim/arcrole/domain-member" xlink:from="kvk_ItemsInConsolidatedFinancialStatementsPlaceholder_loc" xlink:to="bw2-titel9_CashAndCashEquivalents_loc" order="36.0"/>
    <link:loc xlink:type="locator" xlink:href="https://www.nltaxonomie.nl/jenv/2024-03-31/bw2-titel9-cor.xsd#bw2-titel9_AssetsCurrent" xlink:label="bw2-titel9_AssetsCurrent_loc"/>
    <link:definitionArc xlink:type="arc" xlink:arcrole="http://xbrl.org/int/dim/arcrole/domain-member" xlink:from="kvk_ItemsInConsolidatedFinancialStatementsPlaceholder_loc" xlink:to="bw2-titel9_AssetsCurrent_loc" order="37.0"/>
    <link:loc xlink:type="locator" xlink:href="https://www.nltaxonomie.nl/jenv/2024-03-31/bw2-titel9-cor.xsd#bw2-titel9_Assets" xlink:label="bw2-titel9_Assets_loc"/>
    <link:definitionArc xlink:type="arc" xlink:arcrole="http://xbrl.org/int/dim/arcrole/domain-member" xlink:from="kvk_ItemsInConsolidatedFinancialStatementsPlaceholder_loc" xlink:to="bw2-titel9_Assets_loc" order="38.0"/>
    <link:loc xlink:type="locator" xlink:href="https://www.nltaxonomie.nl/jenv/2024-03-31/bw2-titel9-cor.xsd#bw2-titel9_Equity" xlink:label="bw2-titel9_Equity_loc"/>
    <link:definitionArc xlink:type="arc" xlink:arcrole="http://xbrl.org/int/dim/arcrole/domain-member" xlink:from="kvk_ItemsInConsolidatedFinancialStatementsPlaceholder_loc" xlink:to="bw2-titel9_Equity_loc" order="39.0"/>
    <link:loc xlink:type="locator" xlink:href="https://www.nltaxonomie.nl/jenv/2024-03-31/bw2-titel9-cor.xsd#bw2-titel9_NoncontrollingInterest" xlink:label="bw2-titel9_NoncontrollingInterest_loc"/>
    <link:definitionArc xlink:type="arc" xlink:arcrole="http://xbrl.org/int/dim/arcrole/domain-member" xlink:from="kvk_ItemsInConsolidatedFinancialStatementsPlaceholder_loc" xlink:to="bw2-titel9_NoncontrollingInterest_loc" order="40.0"/>
    <link:loc xlink:type="locator" xlink:href="https://www.nltaxonomie.nl/jenv/2024-03-31/bw2-titel9-cor.xsd#bw2-titel9_EquityGroup" xlink:label="bw2-titel9_EquityGroup_loc"/>
    <link:definitionArc xlink:type="arc" xlink:arcrole="http://xbrl.org/int/dim/arcrole/domain-member" xlink:from="kvk_ItemsInConsolidatedFinancialStatementsPlaceholder_loc" xlink:to="bw2-titel9_EquityGroup_loc" order="41.0"/>
    <link:loc xlink:type="locator" xlink:href="https://www.nltaxonomie.nl/jenv/2024-03-31/bw2-titel9-cor.xsd#bw2-titel9_Provisions" xlink:label="bw2-titel9_Provisions_loc"/>
    <link:definitionArc xlink:type="arc" xlink:arcrole="http://xbrl.org/int/dim/arcrole/domain-member" xlink:from="kvk_ItemsInConsolidatedFinancialStatementsPlaceholder_loc" xlink:to="bw2-titel9_Provisions_loc" order="42.0"/>
    <link:loc xlink:type="locator" xlink:href="https://www.nltaxonomie.nl/jenv/2024-03-31/bw2-titel9-cor.xsd#bw2-titel9_ProvisionPensionObligations" xlink:label="bw2-titel9_ProvisionPensionObligations_loc"/>
    <link:definitionArc xlink:type="arc" xlink:arcrole="http://xbrl.org/int/dim/arcrole/domain-member" xlink:from="kvk_ItemsInConsolidatedFinancialStatementsPlaceholder_loc" xlink:to="bw2-titel9_ProvisionPensionObligations_loc" order="43.0"/>
    <link:loc xlink:type="locator" xlink:href="https://www.nltaxonomie.nl/rj/2024-03-31/rj-cor.xsd#rj_DeferredTaxLiabilities" xlink:label="rj_DeferredTaxLiabilities_loc"/>
    <link:definitionArc xlink:type="arc" xlink:arcrole="http://xbrl.org/int/dim/arcrole/domain-member" xlink:from="kvk_ItemsInConsolidatedFinancialStatementsPlaceholder_loc" xlink:to="rj_DeferredTaxLiabilities_loc" order="44.0"/>
    <link:loc xlink:type="locator" xlink:href="https://www.nltaxonomie.nl/jenv/2024-03-31/bw2-titel9-cor.xsd#bw2-titel9_ProvisionsOther" xlink:label="bw2-titel9_ProvisionsOther_loc"/>
    <link:definitionArc xlink:type="arc" xlink:arcrole="http://xbrl.org/int/dim/arcrole/domain-member" xlink:from="kvk_ItemsInConsolidatedFinancialStatementsPlaceholder_loc" xlink:to="bw2-titel9_ProvisionsOther_loc" order="45.0"/>
    <link:loc xlink:type="locator" xlink:href="https://www.nltaxonomie.nl/jenv/2024-03-31/bw2-titel9-cor.xsd#bw2-titel9_LiabilitiesNoncurrent" xlink:label="bw2-titel9_LiabilitiesNoncurrent_loc"/>
    <link:definitionArc xlink:type="arc" xlink:arcrole="http://xbrl.org/int/dim/arcrole/domain-member" xlink:from="kvk_ItemsInConsolidatedFinancialStatementsPlaceholder_loc" xlink:to="bw2-titel9_LiabilitiesNoncurrent_loc" order="46.0"/>
    <link:loc xlink:type="locator" xlink:href="https://www.nltaxonomie.nl/rj/2024-03-31/rj-cor.xsd#rj_SubordinatedLoans" xlink:label="rj_SubordinatedLoans_loc"/>
    <link:definitionArc xlink:type="arc" xlink:arcrole="http://xbrl.org/int/dim/arcrole/domain-member" xlink:from="kvk_ItemsInConsolidatedFinancialStatementsPlaceholder_loc" xlink:to="rj_SubordinatedLoans_loc" order="47.0"/>
    <link:loc xlink:type="locator" xlink:href="https://www.nltaxonomie.nl/jenv/2024-03-31/bw2-titel9-cor.xsd#bw2-titel9_ConvertibleBorrowingsNoncurrent" xlink:label="bw2-titel9_ConvertibleBorrowingsNoncurrent_loc"/>
    <link:definitionArc xlink:type="arc" xlink:arcrole="http://xbrl.org/int/dim/arcrole/domain-member" xlink:from="kvk_ItemsInConsolidatedFinancialStatementsPlaceholder_loc" xlink:to="bw2-titel9_ConvertibleBorrowingsNoncurrent_loc" order="48.0"/>
    <link:loc xlink:type="locator" xlink:href="https://www.nltaxonomie.nl/jenv/2024-03-31/bw2-titel9-cor.xsd#bw2-titel9_PayablesBanksNoncurrent" xlink:label="bw2-titel9_PayablesBanksNoncurrent_loc"/>
    <link:definitionArc xlink:type="arc" xlink:arcrole="http://xbrl.org/int/dim/arcrole/domain-member" xlink:from="kvk_ItemsInConsolidatedFinancialStatementsPlaceholder_loc" xlink:to="bw2-titel9_PayablesBanksNoncurrent_loc" order="49.0"/>
    <link:loc xlink:type="locator" xlink:href="https://www.nltaxonomie.nl/rj/2024-03-31/rj-cor.xsd#rj_FinanceLeaseLiabilitiesNoncurrent" xlink:label="rj_FinanceLeaseLiabilitiesNoncurrent_loc"/>
    <link:definitionArc xlink:type="arc" xlink:arcrole="http://xbrl.org/int/dim/arcrole/domain-member" xlink:from="kvk_ItemsInConsolidatedFinancialStatementsPlaceholder_loc" xlink:to="rj_FinanceLeaseLiabilitiesNoncurrent_loc" order="50.0"/>
    <link:loc xlink:type="locator" xlink:href="https://www.nltaxonomie.nl/jenv/2024-03-31/bw2-titel9-cor.xsd#bw2-titel9_LiabilitiesCurrent" xlink:label="bw2-titel9_LiabilitiesCurrent_loc"/>
    <link:definitionArc xlink:type="arc" xlink:arcrole="http://xbrl.org/int/dim/arcrole/domain-member" xlink:from="kvk_ItemsInConsolidatedFinancialStatementsPlaceholder_loc" xlink:to="bw2-titel9_LiabilitiesCurrent_loc" order="51.0"/>
    <link:loc xlink:type="locator" xlink:href="https://www.nltaxonomie.nl/jenv/2024-03-31/bw2-titel9-cor.xsd#bw2-titel9_PayablesBanksCurrent" xlink:label="bw2-titel9_PayablesBanksCurrent_loc"/>
    <link:definitionArc xlink:type="arc" xlink:arcrole="http://xbrl.org/int/dim/arcrole/domain-member" xlink:from="kvk_ItemsInConsolidatedFinancialStatementsPlaceholder_loc" xlink:to="bw2-titel9_PayablesBanksCurrent_loc" order="52.0"/>
    <link:loc xlink:type="locator" xlink:href="https://www.nltaxonomie.nl/jenv/2024-03-31/bw2-titel9-cor.xsd#bw2-titel9_RepaymentObligationsOfNoncurrentBorrowings" xlink:label="bw2-titel9_RepaymentObligationsOfNoncurrentBorrowings_loc"/>
    <link:definitionArc xlink:type="arc" xlink:arcrole="http://xbrl.org/int/dim/arcrole/domain-member" xlink:from="kvk_ItemsInConsolidatedFinancialStatementsPlaceholder_loc" xlink:to="bw2-titel9_RepaymentObligationsOfNoncurrentBorrowings_loc" order="53.0"/>
    <link:loc xlink:type="locator" xlink:href="https://www.nltaxonomie.nl/rj/2024-03-31/rj-cor.xsd#rj_ConstructionContractsLiabilities" xlink:label="rj_ConstructionContractsLiabilities_loc"/>
    <link:definitionArc xlink:type="arc" xlink:arcrole="http://xbrl.org/int/dim/arcrole/domain-member" xlink:from="kvk_ItemsInConsolidatedFinancialStatementsPlaceholder_loc" xlink:to="rj_ConstructionContractsLiabilities_loc" order="54.0"/>
    <link:loc xlink:type="locator" xlink:href="https://www.nltaxonomie.nl/rj/2024-03-31/rj-cor.xsd#rj_FinanceLeaseLiabilitiesCurrent" xlink:label="rj_FinanceLeaseLiabilitiesCurrent_loc"/>
    <link:definitionArc xlink:type="arc" xlink:arcrole="http://xbrl.org/int/dim/arcrole/domain-member" xlink:from="kvk_ItemsInConsolidatedFinancialStatementsPlaceholder_loc" xlink:to="rj_FinanceLeaseLiabilitiesCurrent_loc" order="55.0"/>
    <link:loc xlink:type="locator" xlink:href="https://www.nltaxonomie.nl/jenv/2024-03-31/bw2-titel9-cor.xsd#bw2-titel9_TradePayablesCurrent" xlink:label="bw2-titel9_TradePayablesCurrent_loc"/>
    <link:definitionArc xlink:type="arc" xlink:arcrole="http://xbrl.org/int/dim/arcrole/domain-member" xlink:from="kvk_ItemsInConsolidatedFinancialStatementsPlaceholder_loc" xlink:to="bw2-titel9_TradePayablesCurrent_loc" order="56.0"/>
    <link:loc xlink:type="locator" xlink:href="https://www.nltaxonomie.nl/jenv/2024-03-31/bw2-titel9-cor.xsd#bw2-titel9_PayablesGroupCompaniesCurrent" xlink:label="bw2-titel9_PayablesGroupCompaniesCurrent_loc"/>
    <link:definitionArc xlink:type="arc" xlink:arcrole="http://xbrl.org/int/dim/arcrole/domain-member" xlink:from="kvk_ItemsInConsolidatedFinancialStatementsPlaceholder_loc" xlink:to="bw2-titel9_PayablesGroupCompaniesCurrent_loc" order="57.0"/>
    <link:loc xlink:type="locator" xlink:href="https://www.nltaxonomie.nl/jenv/2024-03-31/bw2-titel9-cor.xsd#bw2-titel9_TaxesSocialSecurityContributionsPayableCurrent" xlink:label="bw2-titel9_TaxesSocialSecurityContributionsPayableCurrent_loc"/>
    <link:definitionArc xlink:type="arc" xlink:arcrole="http://xbrl.org/int/dim/arcrole/domain-member" xlink:from="kvk_ItemsInConsolidatedFinancialStatementsPlaceholder_loc" xlink:to="bw2-titel9_TaxesSocialSecurityContributionsPayableCurrent_loc" order="58.0"/>
    <link:loc xlink:type="locator" xlink:href="demiddelgrotebv-2023-12-31.xsd#middelgroot_PayablesOtherAccrualsAndDeferredIncomeCurrent" xlink:label="middelgroot_PayablesOtherAccrualsAndDeferredIncomeCurrent_loc"/>
    <link:definitionArc xlink:type="arc" xlink:arcrole="http://xbrl.org/int/dim/arcrole/domain-member" xlink:from="kvk_ItemsInConsolidatedFinancialStatementsPlaceholder_loc" xlink:to="middelgroot_PayablesOtherAccrualsAndDeferredIncomeCurrent_loc" order="59.0"/>
    <link:loc xlink:type="locator" xlink:href="https://www.nltaxonomie.nl/jenv/2024-03-31/bw2-titel9-cor.xsd#bw2-titel9_EquityAndLiabilities" xlink:label="bw2-titel9_EquityAndLiabilities_loc"/>
    <link:definitionArc xlink:type="arc" xlink:arcrole="http://xbrl.org/int/dim/arcrole/domain-member" xlink:from="kvk_ItemsInConsolidatedFinancialStatementsPlaceholder_loc" xlink:to="bw2-titel9_EquityAndLiabilities_loc" order="60.0"/>
    <link:loc xlink:type="locator" xlink:href="https://www.nltaxonomie.nl/jenv/2024-03-31/bw2-titel9-cor.xsd#bw2-titel9_NetRevenue" xlink:label="bw2-titel9_NetRevenue_loc"/>
    <link:definitionArc xlink:type="arc" xlink:arcrole="http://xbrl.org/int/dim/arcrole/domain-member" xlink:from="kvk_ItemsInConsolidatedFinancialStatementsPlaceholder_loc" xlink:to="bw2-titel9_NetRevenue_loc" order="61.0"/>
    <link:loc xlink:type="locator" xlink:href="https://www.nltaxonomie.nl/jenv/2024-03-31/bw2-titel9-cor.xsd#bw2-titel9_GrossOperatingResult" xlink:label="bw2-titel9_GrossOperatingResult_loc"/>
    <link:definitionArc xlink:type="arc" xlink:arcrole="http://xbrl.org/int/dim/arcrole/domain-member" xlink:from="kvk_ItemsInConsolidatedFinancialStatementsPlaceholder_loc" xlink:to="bw2-titel9_GrossOperatingResult_loc" order="62.0"/>
    <link:loc xlink:type="locator" xlink:href="https://www.nltaxonomie.nl/jenv/2024-03-31/bw2-titel9-cor.xsd#bw2-titel9_SellingExpenses" xlink:label="bw2-titel9_SellingExpenses_loc"/>
    <link:definitionArc xlink:type="arc" xlink:arcrole="http://xbrl.org/int/dim/arcrole/domain-member" xlink:from="kvk_ItemsInConsolidatedFinancialStatementsPlaceholder_loc" xlink:to="bw2-titel9_SellingExpenses_loc" order="63.0"/>
    <link:loc xlink:type="locator" xlink:href="https://www.nltaxonomie.nl/jenv/2024-03-31/bw2-titel9-cor.xsd#bw2-titel9_GeneralAdministrativeExpenses" xlink:label="bw2-titel9_GeneralAdministrativeExpenses_loc"/>
    <link:definitionArc xlink:type="arc" xlink:arcrole="http://xbrl.org/int/dim/arcrole/domain-member" xlink:from="kvk_ItemsInConsolidatedFinancialStatementsPlaceholder_loc" xlink:to="bw2-titel9_GeneralAdministrativeExpenses_loc" order="64.0"/>
    <link:loc xlink:type="locator" xlink:href="https://www.nltaxonomie.nl/jenv/2024-03-31/bw2-titel9-cor.xsd#bw2-titel9_SumOfExpenses" xlink:label="bw2-titel9_SumOfExpenses_loc"/>
    <link:definitionArc xlink:type="arc" xlink:arcrole="http://xbrl.org/int/dim/arcrole/domain-member" xlink:from="kvk_ItemsInConsolidatedFinancialStatementsPlaceholder_loc" xlink:to="bw2-titel9_SumOfExpenses_loc" order="65.0"/>
    <link:loc xlink:type="locator" xlink:href="https://www.nltaxonomie.nl/jenv/2024-03-31/bw2-titel9-cor.xsd#bw2-titel9_NetOperatingResult" xlink:label="bw2-titel9_NetOperatingResult_loc"/>
    <link:definitionArc xlink:type="arc" xlink:arcrole="http://xbrl.org/int/dim/arcrole/domain-member" xlink:from="kvk_ItemsInConsolidatedFinancialStatementsPlaceholder_loc" xlink:to="bw2-titel9_NetOperatingResult_loc" order="66.0"/>
    <link:loc xlink:type="locator" xlink:href="https://www.nltaxonomie.nl/rj/2024-03-31/rj-cor.xsd#rj_ChangesValueInvestmentProperties" xlink:label="rj_ChangesValueInvestmentProperties_loc"/>
    <link:definitionArc xlink:type="arc" xlink:arcrole="http://xbrl.org/int/dim/arcrole/domain-member" xlink:from="kvk_ItemsInConsolidatedFinancialStatementsPlaceholder_loc" xlink:to="rj_ChangesValueInvestmentProperties_loc" order="67.0"/>
    <link:loc xlink:type="locator" xlink:href="https://www.nltaxonomie.nl/jenv/2024-03-31/bw2-titel9-cor.xsd#bw2-titel9_RevaluationReserveRelease" xlink:label="bw2-titel9_RevaluationReserveRelease_loc"/>
    <link:definitionArc xlink:type="arc" xlink:arcrole="http://xbrl.org/int/dim/arcrole/domain-member" xlink:from="kvk_ItemsInConsolidatedFinancialStatementsPlaceholder_loc" xlink:to="bw2-titel9_RevaluationReserveRelease_loc" order="68.0"/>
    <link:loc xlink:type="locator" xlink:href="https://www.nltaxonomie.nl/jenv/2024-03-31/bw2-titel9-cor.xsd#bw2-titel9_IncomeReceivablesNoncurrentSecurities" xlink:label="bw2-titel9_IncomeReceivablesNoncurrentSecurities_loc"/>
    <link:definitionArc xlink:type="arc" xlink:arcrole="http://xbrl.org/int/dim/arcrole/domain-member" xlink:from="kvk_ItemsInConsolidatedFinancialStatementsPlaceholder_loc" xlink:to="bw2-titel9_IncomeReceivablesNoncurrentSecurities_loc" order="70.0"/>
    <link:loc xlink:type="locator" xlink:href="https://www.nltaxonomie.nl/rj/2024-03-31/rj-cor.xsd#rj_FinancialIncome" xlink:label="rj_FinancialIncome_loc"/>
    <link:definitionArc xlink:type="arc" xlink:arcrole="http://xbrl.org/int/dim/arcrole/domain-member" xlink:from="kvk_ItemsInConsolidatedFinancialStatementsPlaceholder_loc" xlink:to="rj_FinancialIncome_loc" order="71.0"/>
    <link:loc xlink:type="locator" xlink:href="https://www.nltaxonomie.nl/jenv/2024-03-31/bw2-titel9-cor.xsd#bw2-titel9_InterestIncomeRelatedIncome" xlink:label="bw2-titel9_InterestIncomeRelatedIncome_loc"/>
    <link:definitionArc xlink:type="arc" xlink:arcrole="http://xbrl.org/int/dim/arcrole/domain-member" xlink:from="kvk_ItemsInConsolidatedFinancialStatementsPlaceholder_loc" xlink:to="bw2-titel9_InterestIncomeRelatedIncome_loc" order="72.0"/>
    <link:loc xlink:type="locator" xlink:href="https://www.nltaxonomie.nl/jenv/2024-03-31/bw2-titel9-cor.xsd#bw2-titel9_ChangesValueFinancialAssetsSecurities" xlink:label="bw2-titel9_ChangesValueFinancialAssetsSecurities_loc"/>
    <link:definitionArc xlink:type="arc" xlink:arcrole="http://xbrl.org/int/dim/arcrole/domain-member" xlink:from="kvk_ItemsInConsolidatedFinancialStatementsPlaceholder_loc" xlink:to="bw2-titel9_ChangesValueFinancialAssetsSecurities_loc" order="73.0"/>
    <link:loc xlink:type="locator" xlink:href="https://www.nltaxonomie.nl/rj/2024-03-31/rj-cor.xsd#rj_FinancialExpenses" xlink:label="rj_FinancialExpenses_loc"/>
    <link:definitionArc xlink:type="arc" xlink:arcrole="http://xbrl.org/int/dim/arcrole/domain-member" xlink:from="kvk_ItemsInConsolidatedFinancialStatementsPlaceholder_loc" xlink:to="rj_FinancialExpenses_loc" order="74.0"/>
    <link:loc xlink:type="locator" xlink:href="https://www.nltaxonomie.nl/jenv/2024-03-31/bw2-titel9-cor.xsd#bw2-titel9_InterestExpensesRelatedExpenses" xlink:label="bw2-titel9_InterestExpensesRelatedExpenses_loc"/>
    <link:definitionArc xlink:type="arc" xlink:arcrole="http://xbrl.org/int/dim/arcrole/domain-member" xlink:from="kvk_ItemsInConsolidatedFinancialStatementsPlaceholder_loc" xlink:to="bw2-titel9_InterestExpensesRelatedExpenses_loc" order="75.0"/>
    <link:loc xlink:type="locator" xlink:href="https://www.nltaxonomie.nl/rj/2024-03-31/rj-cor.xsd#rj_ForeignCurrencyExchangeRateResults" xlink:label="rj_ForeignCurrencyExchangeRateResults_loc"/>
    <link:definitionArc xlink:type="arc" xlink:arcrole="http://xbrl.org/int/dim/arcrole/domain-member" xlink:from="kvk_ItemsInConsolidatedFinancialStatementsPlaceholder_loc" xlink:to="rj_ForeignCurrencyExchangeRateResults_loc" order="76.0"/>
    <link:loc xlink:type="locator" xlink:href="https://www.nltaxonomie.nl/jenv/2024-03-31/bw2-titel9-cor.xsd#bw2-titel9_ResultBeforeTax" xlink:label="bw2-titel9_ResultBeforeTax_loc"/>
    <link:definitionArc xlink:type="arc" xlink:arcrole="http://xbrl.org/int/dim/arcrole/domain-member" xlink:from="kvk_ItemsInConsolidatedFinancialStatementsPlaceholder_loc" xlink:to="bw2-titel9_ResultBeforeTax_loc" order="77.0"/>
    <link:loc xlink:type="locator" xlink:href="https://www.nltaxonomie.nl/jenv/2024-03-31/bw2-titel9-cor.xsd#bw2-titel9_IncomeTaxExpense" xlink:label="bw2-titel9_IncomeTaxExpense_loc"/>
    <link:definitionArc xlink:type="arc" xlink:arcrole="http://xbrl.org/int/dim/arcrole/domain-member" xlink:from="kvk_ItemsInConsolidatedFinancialStatementsPlaceholder_loc" xlink:to="bw2-titel9_IncomeTaxExpense_loc" order="78.0"/>
    <link:loc xlink:type="locator" xlink:href="https://www.nltaxonomie.nl/jenv/2024-03-31/bw2-titel9-cor.xsd#bw2-titel9_ShareInResultsParticipatingInterests" xlink:label="bw2-titel9_ShareInResultsParticipatingInterests_loc"/>
    <link:definitionArc xlink:type="arc" xlink:arcrole="http://xbrl.org/int/dim/arcrole/domain-member" xlink:from="kvk_ItemsInConsolidatedFinancialStatementsPlaceholder_loc" xlink:to="bw2-titel9_ShareInResultsParticipatingInterests_loc" order="79.0"/>
    <link:loc xlink:type="locator" xlink:href="https://www.nltaxonomie.nl/jenv/2024-03-31/bw2-titel9-cor.xsd#bw2-titel9_ResultAfterTax" xlink:label="bw2-titel9_ResultAfterTax_loc"/>
    <link:definitionArc xlink:type="arc" xlink:arcrole="http://xbrl.org/int/dim/arcrole/domain-member" xlink:from="kvk_ItemsInConsolidatedFinancialStatementsPlaceholder_loc" xlink:to="bw2-titel9_ResultAfterTax_loc" order="80.0"/>
    <link:loc xlink:type="locator" xlink:href="https://www.nltaxonomie.nl/jenv/2024-03-31/bw2-titel9-cor.xsd#bw2-titel9_ResultAttributableNoncontrollingInterest" xlink:label="bw2-titel9_ResultAttributableNoncontrollingInterest_loc"/>
    <link:definitionArc xlink:type="arc" xlink:arcrole="http://xbrl.org/int/dim/arcrole/domain-member" xlink:from="kvk_ItemsInConsolidatedFinancialStatementsPlaceholder_loc" xlink:to="bw2-titel9_ResultAttributableNoncontrollingInterest_loc" order="81.0"/>
    <link:loc xlink:type="locator" xlink:href="https://www.nltaxonomie.nl/jenv/2024-03-31/bw2-titel9-cor.xsd#bw2-titel9_NetResultAfterTax" xlink:label="bw2-titel9_NetResultAfterTax_loc"/>
    <link:definitionArc xlink:type="arc" xlink:arcrole="http://xbrl.org/int/dim/arcrole/domain-member" xlink:from="kvk_ItemsInConsolidatedFinancialStatementsPlaceholder_loc" xlink:to="bw2-titel9_NetResultAfterTax_loc" order="82.0"/>
    <link:loc xlink:type="locator" xlink:href="https://www.nltaxonomie.nl/rj/2024-03-31/rj-cor.xsd#rj_OperatingResultCashFlow" xlink:label="rj_OperatingResultCashFlow_loc"/>
    <link:definitionArc xlink:type="arc" xlink:arcrole="http://xbrl.org/int/dim/arcrole/domain-member" xlink:from="kvk_ItemsInConsolidatedFinancialStatementsPlaceholder_loc" xlink:to="rj_OperatingResultCashFlow_loc" order="83.0"/>
    <link:loc xlink:type="locator" xlink:href="https://www.nltaxonomie.nl/rj/2024-03-31/rj-cor.xsd#rj_AdjustmentsDepreciationAndAmortisationExpense" xlink:label="rj_AdjustmentsDepreciationAndAmortisationExpense_loc"/>
    <link:definitionArc xlink:type="arc" xlink:arcrole="http://xbrl.org/int/dim/arcrole/domain-member" xlink:from="kvk_ItemsInConsolidatedFinancialStatementsPlaceholder_loc" xlink:to="rj_AdjustmentsDepreciationAndAmortisationExpense_loc" order="84.0"/>
    <link:loc xlink:type="locator" xlink:href="https://www.nltaxonomie.nl/rj/2024-03-31/rj-cor.xsd#rj_IncreaseDecreaseProvisions" xlink:label="rj_IncreaseDecreaseProvisions_loc"/>
    <link:definitionArc xlink:type="arc" xlink:arcrole="http://xbrl.org/int/dim/arcrole/domain-member" xlink:from="kvk_ItemsInConsolidatedFinancialStatementsPlaceholder_loc" xlink:to="rj_IncreaseDecreaseProvisions_loc" order="85.0"/>
    <link:loc xlink:type="locator" xlink:href="https://www.nltaxonomie.nl/rj/2024-03-31/rj-cor.xsd#rj_AdjustmentsReconcileOperatingResult" xlink:label="rj_AdjustmentsReconcileOperatingResult_loc"/>
    <link:definitionArc xlink:type="arc" xlink:arcrole="http://xbrl.org/int/dim/arcrole/domain-member" xlink:from="kvk_ItemsInConsolidatedFinancialStatementsPlaceholder_loc" xlink:to="rj_AdjustmentsReconcileOperatingResult_loc" order="86.0"/>
    <link:loc xlink:type="locator" xlink:href="https://www.nltaxonomie.nl/rj/2024-03-31/rj-cor.xsd#rj_IncreaseDecreaseInInventories" xlink:label="rj_IncreaseDecreaseInInventories_loc"/>
    <link:definitionArc xlink:type="arc" xlink:arcrole="http://xbrl.org/int/dim/arcrole/domain-member" xlink:from="kvk_ItemsInConsolidatedFinancialStatementsPlaceholder_loc" xlink:to="rj_IncreaseDecreaseInInventories_loc" order="87.0"/>
    <link:loc xlink:type="locator" xlink:href="https://www.nltaxonomie.nl/rj/2024-03-31/rj-cor.xsd#rj_IncreaseDecreaseInConstructionContracts" xlink:label="rj_IncreaseDecreaseInConstructionContracts_loc"/>
    <link:definitionArc xlink:type="arc" xlink:arcrole="http://xbrl.org/int/dim/arcrole/domain-member" xlink:from="kvk_ItemsInConsolidatedFinancialStatementsPlaceholder_loc" xlink:to="rj_IncreaseDecreaseInConstructionContracts_loc" order="88.0"/>
    <link:loc xlink:type="locator" xlink:href="https://www.nltaxonomie.nl/rj/2024-03-31/rj-cor.xsd#rj_IncreaseDecreaseInSecurities" xlink:label="rj_IncreaseDecreaseInSecurities_loc"/>
    <link:definitionArc xlink:type="arc" xlink:arcrole="http://xbrl.org/int/dim/arcrole/domain-member" xlink:from="kvk_ItemsInConsolidatedFinancialStatementsPlaceholder_loc" xlink:to="rj_IncreaseDecreaseInSecurities_loc" order="90.0"/>
    <link:loc xlink:type="locator" xlink:href="demiddelgrotebv-2023-12-31.xsd#middelgroot_IncreaseDecreaseLiabilitiesCurrent" xlink:label="middelgroot_IncreaseDecreaseLiabilitiesCurrent_loc"/>
    <link:definitionArc xlink:type="arc" xlink:arcrole="http://xbrl.org/int/dim/arcrole/domain-member" xlink:from="kvk_ItemsInConsolidatedFinancialStatementsPlaceholder_loc" xlink:to="middelgroot_IncreaseDecreaseLiabilitiesCurrent_loc" order="91.0"/>
    <link:loc xlink:type="locator" xlink:href="https://www.nltaxonomie.nl/rj/2024-03-31/rj-cor.xsd#rj_ChangesWorkingCapital" xlink:label="rj_ChangesWorkingCapital_loc"/>
    <link:definitionArc xlink:type="arc" xlink:arcrole="http://xbrl.org/int/dim/arcrole/domain-member" xlink:from="kvk_ItemsInConsolidatedFinancialStatementsPlaceholder_loc" xlink:to="rj_ChangesWorkingCapital_loc" order="92.0"/>
    <link:loc xlink:type="locator" xlink:href="https://www.nltaxonomie.nl/rj/2024-03-31/rj-cor.xsd#rj_CashFlowFromOperations" xlink:label="rj_CashFlowFromOperations_loc"/>
    <link:definitionArc xlink:type="arc" xlink:arcrole="http://xbrl.org/int/dim/arcrole/domain-member" xlink:from="kvk_ItemsInConsolidatedFinancialStatementsPlaceholder_loc" xlink:to="rj_CashFlowFromOperations_loc" order="93.0"/>
    <link:loc xlink:type="locator" xlink:href="https://www.nltaxonomie.nl/rj/2024-03-31/rj-cor.xsd#rj_InterestReceivedClassifiedAsOperatingActivities" xlink:label="rj_InterestReceivedClassifiedAsOperatingActivities_loc"/>
    <link:definitionArc xlink:type="arc" xlink:arcrole="http://xbrl.org/int/dim/arcrole/domain-member" xlink:from="kvk_ItemsInConsolidatedFinancialStatementsPlaceholder_loc" xlink:to="rj_InterestReceivedClassifiedAsOperatingActivities_loc" order="94.0"/>
    <link:loc xlink:type="locator" xlink:href="https://www.nltaxonomie.nl/rj/2024-03-31/rj-cor.xsd#rj_IncomeTaxPaidClassifiedAsOperatingActivities" xlink:label="rj_IncomeTaxPaidClassifiedAsOperatingActivities_loc"/>
    <link:definitionArc xlink:type="arc" xlink:arcrole="http://xbrl.org/int/dim/arcrole/domain-member" xlink:from="kvk_ItemsInConsolidatedFinancialStatementsPlaceholder_loc" xlink:to="rj_IncomeTaxPaidClassifiedAsOperatingActivities_loc" order="95.0"/>
    <link:loc xlink:type="locator" xlink:href="https://www.nltaxonomie.nl/rj/2024-03-31/rj-cor.xsd#rj_InterestPaidClassifiedAsOperatingActivities" xlink:label="rj_InterestPaidClassifiedAsOperatingActivities_loc"/>
    <link:definitionArc xlink:type="arc" xlink:arcrole="http://xbrl.org/int/dim/arcrole/domain-member" xlink:from="kvk_ItemsInConsolidatedFinancialStatementsPlaceholder_loc" xlink:to="rj_InterestPaidClassifiedAsOperatingActivities_loc" order="96.0"/>
    <link:loc xlink:type="locator" xlink:href="https://www.nltaxonomie.nl/rj/2024-03-31/rj-cor.xsd#rj_DividendsReceivedClassifiedAsOperatingActivities" xlink:label="rj_DividendsReceivedClassifiedAsOperatingActivities_loc"/>
    <link:definitionArc xlink:type="arc" xlink:arcrole="http://xbrl.org/int/dim/arcrole/domain-member" xlink:from="kvk_ItemsInConsolidatedFinancialStatementsPlaceholder_loc" xlink:to="rj_DividendsReceivedClassifiedAsOperatingActivities_loc" order="97.0"/>
    <link:loc xlink:type="locator" xlink:href="demiddelgrotebv-2023-12-31.xsd#middelgroot_CashFlowOperatingActivitiesSubtotal" xlink:label="middelgroot_CashFlowFromInterestDividend_loc"/>
    <link:definitionArc xlink:type="arc" xlink:arcrole="http://xbrl.org/int/dim/arcrole/domain-member" xlink:from="kvk_ItemsInConsolidatedFinancialStatementsPlaceholder_loc" xlink:to="middelgroot_CashFlowFromInterestDividend_loc" order="98.0"/>
    <link:loc xlink:type="locator" xlink:href="https://www.nltaxonomie.nl/rj/2024-03-31/rj-cor.xsd#rj_CashFlowOperatingActivities" xlink:label="rj_CashFlowOperatingActivities_loc"/>
    <link:definitionArc xlink:type="arc" xlink:arcrole="http://xbrl.org/int/dim/arcrole/domain-member" xlink:from="kvk_ItemsInConsolidatedFinancialStatementsPlaceholder_loc" xlink:to="rj_CashFlowOperatingActivities_loc" order="99.0"/>
    <link:loc xlink:type="locator" xlink:href="https://www.nltaxonomie.nl/rj/2024-03-31/rj-cor.xsd#rj_PurchaseGroupCompanies" xlink:label="rj_PurchaseGroupCompanies_loc"/>
    <link:definitionArc xlink:type="arc" xlink:arcrole="http://xbrl.org/int/dim/arcrole/domain-member" xlink:from="kvk_ItemsInConsolidatedFinancialStatementsPlaceholder_loc" xlink:to="rj_PurchaseGroupCompanies_loc" order="100.0"/>
    <link:loc xlink:type="locator" xlink:href="https://www.nltaxonomie.nl/rj/2024-03-31/rj-cor.xsd#rj_PurchaseIntangibleAssets" xlink:label="rj_PurchaseIntangibleAssets_loc"/>
    <link:definitionArc xlink:type="arc" xlink:arcrole="http://xbrl.org/int/dim/arcrole/domain-member" xlink:from="kvk_ItemsInConsolidatedFinancialStatementsPlaceholder_loc" xlink:to="rj_PurchaseIntangibleAssets_loc" order="101.0"/>
    <link:loc xlink:type="locator" xlink:href="https://www.nltaxonomie.nl/rj/2024-03-31/rj-cor.xsd#rj_PurchasePropertyPlantEquipment" xlink:label="rj_PurchasePropertyPlantEquipment_loc"/>
    <link:definitionArc xlink:type="arc" xlink:arcrole="http://xbrl.org/int/dim/arcrole/domain-member" xlink:from="kvk_ItemsInConsolidatedFinancialStatementsPlaceholder_loc" xlink:to="rj_PurchasePropertyPlantEquipment_loc" order="102.0"/>
    <link:loc xlink:type="locator" xlink:href="https://www.nltaxonomie.nl/rj/2024-03-31/rj-cor.xsd#rj_PurchaseInvestmentProperties" xlink:label="rj_PurchaseInvestmentProperties_loc"/>
    <link:definitionArc xlink:type="arc" xlink:arcrole="http://xbrl.org/int/dim/arcrole/domain-member" xlink:from="kvk_ItemsInConsolidatedFinancialStatementsPlaceholder_loc" xlink:to="rj_PurchaseInvestmentProperties_loc" order="103.0"/>
    <link:loc xlink:type="locator" xlink:href="https://www.nltaxonomie.nl/rj/2024-03-31/rj-cor.xsd#rj_ProceedsSalesGroupCompanies" xlink:label="rj_ProceedsSalesGroupCompanies_loc"/>
    <link:definitionArc xlink:type="arc" xlink:arcrole="http://xbrl.org/int/dim/arcrole/domain-member" xlink:from="kvk_ItemsInConsolidatedFinancialStatementsPlaceholder_loc" xlink:to="rj_ProceedsSalesGroupCompanies_loc" order="104.0"/>
    <link:loc xlink:type="locator" xlink:href="https://www.nltaxonomie.nl/rj/2024-03-31/rj-cor.xsd#rj_ProceedsSalesPropertyPlantAndEquipment" xlink:label="rj_ProceedsSalesPropertyPlantAndEquipment_loc"/>
    <link:definitionArc xlink:type="arc" xlink:arcrole="http://xbrl.org/int/dim/arcrole/domain-member" xlink:from="kvk_ItemsInConsolidatedFinancialStatementsPlaceholder_loc" xlink:to="rj_ProceedsSalesPropertyPlantAndEquipment_loc" order="105.0"/>
    <link:loc xlink:type="locator" xlink:href="https://www.nltaxonomie.nl/rj/2024-03-31/rj-cor.xsd#rj_ProceedsSalesInvestmentProperties" xlink:label="rj_ProceedsSalesInvestmentProperties_loc"/>
    <link:definitionArc xlink:type="arc" xlink:arcrole="http://xbrl.org/int/dim/arcrole/domain-member" xlink:from="kvk_ItemsInConsolidatedFinancialStatementsPlaceholder_loc" xlink:to="rj_ProceedsSalesInvestmentProperties_loc" order="106.0"/>
    <link:loc xlink:type="locator" xlink:href="https://www.nltaxonomie.nl/rj/2024-03-31/rj-cor.xsd#rj_CashFlowInvestingActivities" xlink:label="rj_CashFlowInvestingActivities_loc"/>
    <link:definitionArc xlink:type="arc" xlink:arcrole="http://xbrl.org/int/dim/arcrole/domain-member" xlink:from="kvk_ItemsInConsolidatedFinancialStatementsPlaceholder_loc" xlink:to="rj_CashFlowInvestingActivities_loc" order="107.0"/>
    <link:loc xlink:type="locator" xlink:href="https://www.nltaxonomie.nl/rj/2024-03-31/rj-cor.xsd#rj_ProceedsIssueShares" xlink:label="rj_ProceedsIssueShares_loc"/>
    <link:definitionArc xlink:type="arc" xlink:arcrole="http://xbrl.org/int/dim/arcrole/domain-member" xlink:from="kvk_ItemsInConsolidatedFinancialStatementsPlaceholder_loc" xlink:to="rj_ProceedsIssueShares_loc" order="108.0"/>
    <link:loc xlink:type="locator" xlink:href="https://www.nltaxonomie.nl/rj/2024-03-31/rj-cor.xsd#rj_DividendsPaidClassifiedAsFinancingActivities" xlink:label="rj_DividendsPaidClassifiedAsFinancingActivities_loc"/>
    <link:definitionArc xlink:type="arc" xlink:arcrole="http://xbrl.org/int/dim/arcrole/domain-member" xlink:from="kvk_ItemsInConsolidatedFinancialStatementsPlaceholder_loc" xlink:to="rj_DividendsPaidClassifiedAsFinancingActivities_loc" order="109.0"/>
    <link:loc xlink:type="locator" xlink:href="demiddelgrotebv-2023-12-31.xsd#middelgroot_ProceedsFromLiabilitiesNonCurrent" xlink:label="middelgroot_ProceedsFromLiabilitiesNonCurrent_loc"/>
    <link:definitionArc xlink:type="arc" xlink:arcrole="http://xbrl.org/int/dim/arcrole/domain-member" xlink:from="kvk_ItemsInConsolidatedFinancialStatementsPlaceholder_loc" xlink:to="middelgroot_ProceedsFromLiabilitiesNonCurrent_loc" order="110.0"/>
    <link:loc xlink:type="locator" xlink:href="https://www.nltaxonomie.nl/rj/2024-03-31/rj-cor.xsd#rj_CashFlowFinancingActivities" xlink:label="rj_CashFlowFinancingActivities_loc"/>
    <link:definitionArc xlink:type="arc" xlink:arcrole="http://xbrl.org/int/dim/arcrole/domain-member" xlink:from="kvk_ItemsInConsolidatedFinancialStatementsPlaceholder_loc" xlink:to="rj_CashFlowFinancingActivities_loc" order="112.0"/>
    <link:loc xlink:type="locator" xlink:href="https://www.nltaxonomie.nl/rj/2024-03-31/rj-cor.xsd#rj_NetCashFlows" xlink:label="rj_NetCashFlows_loc"/>
    <link:definitionArc xlink:type="arc" xlink:arcrole="http://xbrl.org/int/dim/arcrole/domain-member" xlink:from="kvk_ItemsInConsolidatedFinancialStatementsPlaceholder_loc" xlink:to="rj_NetCashFlows_loc" order="113.0"/>
    <link:loc xlink:type="locator" xlink:href="https://www.nltaxonomie.nl/rj/2024-03-31/rj-cor.xsd#rj_EffectExchangeRateChangesCashAndCashEquivalents" xlink:label="rj_EffectExchangeRateChangesCashAndCashEquivalents_loc"/>
    <link:definitionArc xlink:type="arc" xlink:arcrole="http://xbrl.org/int/dim/arcrole/domain-member" xlink:from="kvk_ItemsInConsolidatedFinancialStatementsPlaceholder_loc" xlink:to="rj_EffectExchangeRateChangesCashAndCashEquivalents_loc" order="114.0"/>
    <link:loc xlink:type="locator" xlink:href="https://www.nltaxonomie.nl/rj/2024-03-31/rj-cor.xsd#rj_IncreaseDecreaseCashAndCashEquivalents" xlink:label="rj_IncreaseDecreaseCashAndCashEquivalents_loc"/>
    <link:definitionArc xlink:type="arc" xlink:arcrole="http://xbrl.org/int/dim/arcrole/domain-member" xlink:from="kvk_ItemsInConsolidatedFinancialStatementsPlaceholder_loc" xlink:to="rj_IncreaseDecreaseCashAndCashEquivalents_loc" order="115.0"/>
    <link:loc xlink:type="locator" xlink:href="https://www.nltaxonomie.nl/rj/2024-03-31/rj-cor.xsd#rj_CashAndCashEquivalentsCashFlow" xlink:label="rj_CashAndCashEquivalentsCashFlow_loc"/>
    <link:definitionArc xlink:type="arc" xlink:arcrole="http://xbrl.org/int/dim/arcrole/domain-member" xlink:from="kvk_ItemsInConsolidatedFinancialStatementsPlaceholder_loc" xlink:to="rj_CashAndCashEquivalentsCashFlow_loc" order="116.0"/>
    <link:loc xlink:type="locator" xlink:href="https://www.nltaxonomie.nl/rj/2024-03-31/rj-cor.xsd#rj_FinancialIncomeExpenses" xlink:label="rj_FinancialIncomeExpenses_loc"/>
    <link:definitionArc xlink:type="arc" xlink:arcrole="http://xbrl.org/int/dim/arcrole/domain-member" xlink:from="kvk_ItemsInConsolidatedFinancialStatementsPlaceholder_loc" xlink:to="rj_FinancialIncomeExpenses_loc" order="69.0"/>
    <link:loc xlink:type="locator" xlink:href="https://www.nltaxonomie.nl/rj/2024-03-31/rj-cor.xsd#rj_IncreaseDecreaseInReceivables" xlink:label="rj_IncreaseDecreaseInReceivables_loc"/>
    <link:definitionArc xlink:type="arc" xlink:arcrole="http://xbrl.org/int/dim/arcrole/domain-member" xlink:from="kvk_ItemsInConsolidatedFinancialStatementsPlaceholder_loc" xlink:to="rj_IncreaseDecreaseInReceivables_loc" order="89.0"/>
    <link:loc xlink:type="locator" xlink:href="https://www.nltaxonomie.nl/rj/2024-03-31/rj-cor.xsd#rj_IncreaseDecreasePayablesCreditInstitutions" xlink:label="rj_IncreaseDecreasePayablesCreditInstitutions_loc"/>
    <link:definitionArc xlink:type="arc" xlink:arcrole="http://xbrl.org/int/dim/arcrole/domain-member" xlink:from="kvk_ItemsInConsolidatedFinancialStatementsPlaceholder_loc" xlink:to="rj_IncreaseDecreasePayablesCreditInstitutions_loc" order="111.0"/>
    <link:loc xlink:type="locator" xlink:href="https://www.nltaxonomie.nl/jenv/2024-03-31/bw2-titel9-cor.xsd#bw2-titel9_InvestmentsOtherAffiliatedCompanies" xlink:label="bw2-titel9_InvestmentsOtherAffiliatedCompanies_loc"/>
    <link:definitionArc xlink:type="arc" xlink:arcrole="http://xbrl.org/int/dim/arcrole/domain-member" xlink:from="kvk_ItemsInConsolidatedFinancialStatementsPlaceholder_loc" xlink:to="bw2-titel9_InvestmentsOtherAffiliatedCompanies_loc" order="16.0"/>
    <link:loc xlink:type="locator" xlink:href="https://www.nltaxonomie.nl/jenv/2024-03-31/bw2-titel9-cor.xsd#bw2-titel9_ReceivablesOtherAffiliatedCompaniesNoncurrent" xlink:label="bw2-titel9_ReceivablesOtherAffiliatedCompaniesNoncurrent_loc"/>
    <link:definitionArc xlink:type="arc" xlink:arcrole="http://xbrl.org/int/dim/arcrole/domain-member" xlink:from="kvk_ItemsInConsolidatedFinancialStatementsPlaceholder_loc" xlink:to="bw2-titel9_ReceivablesOtherAffiliatedCompaniesNoncurrent_loc" order="17.0"/>
  </link:definitionLink>
</link:linkbase>
