<?xml version="1.0" encoding="UTF-8" standalone="yes"?>

<link:linkbase xmlns:link="http://www.xbrl.org/2003/linkbase" xmlns:xlink="http://www.w3.org/1999/xlink">
  <link:labelLink xlink:role="http://www.xbrl.org/2003/role/link" xlink:type="extended">
    <link:label id="wnt_RemunerationExecutiveSeniorOfficialsWithEmploymentWithoutEmploymentFrom13MonthSpecificationTitle_label_nl" xlink:label="wnt_RemunerationExecutiveSeniorOfficialsWithEmploymentWithoutEmploymentFrom13MonthSpecificationTitle_label_nl" xlink:role="http://www.xbrl.org/2003/role/label" xlink:type="resource" xml:lang="nl">Bezoldiging van leidinggevende topfunctionarissen met dienstbetrekking en zonder dienstbetrekking vanaf de 13e maand: Specificatie</link:label>
    <link:label id="wnt_RemunerationOfExecutiveSeniorOfficialsWithoutEmploymentUpTo12MonthsSpecificationTitle_label_nl" xlink:label="wnt_RemunerationOfExecutiveSeniorOfficialsWithoutEmploymentUpTo12MonthsSpecificationTitle_label_nl" xlink:role="http://www.xbrl.org/2003/role/label" xlink:type="resource" xml:lang="nl">Bezoldiging van leidinggevende topfunctionarissen zonder dienstbetrekking in periode tot en met de 12e maand: Specificatie</link:label>
    <link:label id="wnt_RemunerationOfNonSeniorOfficialsSpecificationTitle_label_nl" xlink:label="wnt_RemunerationOfNonSeniorOfficialsSpecificationTitle_label_nl" xlink:role="http://www.xbrl.org/2003/role/label" xlink:type="resource" xml:lang="nl">Bezoldiging van niet-topfunctionarissen: Specificatie</link:label>
    <link:label id="wnt_RemunerationOfSupervisorySeniorOfficialsSpecificationTitle_label_nl" xlink:label="wnt_RemunerationOfSupervisorySeniorOfficialsSpecificationTitle_label_nl" xlink:role="http://www.xbrl.org/2003/role/label" xlink:type="resource" xml:lang="nl">Bezoldiging van toezichthoudende topfunctionarissen: Specificatie</link:label>
    <link:label id="wnt_SeniorOfficialsRemuneration1700OrMoreAccumulatedTitle_label_nl" xlink:label="wnt_SeniorOfficialsRemuneration1700OrMoreAccumulatedTitle_label_nl" xlink:role="http://www.xbrl.org/2003/role/label" xlink:type="resource" xml:lang="nl">Bezoldiging van topfunctionaris met een totale bezoldiging van meer dan € 1.900 waarop de anticumulatie bepaling van toepassing is - Gecumuleerd</link:label>
    <link:label id="wnt_SeniorOfficialsRemuneration1700OrMoreInstitutionTitle_label_nl" xlink:label="wnt_SeniorOfficialsRemuneration1700OrMoreInstitutionTitle_label_nl" xlink:role="http://www.xbrl.org/2003/role/label" xlink:type="resource" xml:lang="nl">Bezoldiging van topfunctionaris met een totale bezoldiging van meer dan € 1.900 waarop de anticumulatie bepaling van toepassing is - WNT instelling</link:label>
    <link:label id="wnt_ExecutiveSeniorOfficialsFormerSeniorOfficialsRemuneration1700OrLessSpecificationTitle_label_nl" xlink:label="wnt_ExecutiveSeniorOfficialsFormerSeniorOfficialsRemuneration1700OrLessSpecificationTitle_label_nl" xlink:role="http://www.xbrl.org/2003/role/label" xlink:type="resource" xml:lang="nl">Bezoldiging van topfunctionarissen en degenen die nog 4 jaar als topfunctionaris worden aangemerkt met een bezoldiging van € 1.900 of minder: Specificatie</link:label>
    <link:label id="wnt_RemunerationOfExecutiveSeniorOfficialsConsideredFourYearsSpecificationTitle_label_nl" xlink:label="wnt_RemunerationOfExecutiveSeniorOfficialsConsideredFourYearsSpecificationTitle_label_nl" xlink:role="http://www.xbrl.org/2003/role/label" xlink:type="resource" xml:lang="nl">Topfunctionaris met een totale bezoldiging van meer dan € 1.900</link:label>
    <link:label id="wnt_SeniorOfficialRemuneration1700OrLessAntiCumulationApproachTitle_label_nl" xlink:label="wnt_SeniorOfficialRemuneration1700OrLessAntiCumulationApproachTitle_label_nl" xlink:role="http://www.xbrl.org/2003/role/label" xlink:type="resource" xml:lang="nl">Topfunctionaris met een totale bezoldiging van € 1.900 of minder waarop de anticumulatiebepaling van toepassing is</link:label>
    <link:label id="wnt_PaymentsDueToTerminationEmploymentSeniorOfficialsWithWithoutEmploymentSpecificationTitle_label_nl" xlink:label="wnt_PaymentsDueToTerminationEmploymentSeniorOfficialsWithWithoutEmploymentSpecificationTitle_label_nl" xlink:role="http://www.xbrl.org/2003/role/label" xlink:type="resource" xml:lang="nl">Uitkeringen wegens beëindiging van het dienstverband aan topfunctionarissen met of zonder dienstbetrekking: Specificatie</link:label>
    <link:labelArc xlink:arcrole="http://www.xbrl.org/2003/arcrole/concept-label" xlink:from="wnt_ExecutiveSeniorOfficialsFormerSeniorOfficialsRemuneration1700OrLessSpecificationTitle_loc" xlink:to="wnt_ExecutiveSeniorOfficialsFormerSeniorOfficialsRemuneration1700OrLessSpecificationTitle_label_nl" xlink:type="arc"/>
    <link:labelArc xlink:arcrole="http://www.xbrl.org/2003/arcrole/concept-label" xlink:from="wnt_PaymentsDueToTerminationEmploymentSeniorOfficialsWithWithoutEmploymentSpecificationTitle_loc" xlink:to="wnt_PaymentsDueToTerminationEmploymentSeniorOfficialsWithWithoutEmploymentSpecificationTitle_label_nl" xlink:type="arc"/>
    <link:labelArc xlink:arcrole="http://www.xbrl.org/2003/arcrole/concept-label" xlink:from="wnt_RemunerationExecutiveSeniorOfficialsWithEmploymentWithoutEmploymentFrom13MonthSpecificationTitle_loc" xlink:to="wnt_RemunerationExecutiveSeniorOfficialsWithEmploymentWithoutEmploymentFrom13MonthSpecificationTitle_label_nl" xlink:type="arc"/>
    <link:labelArc xlink:arcrole="http://www.xbrl.org/2003/arcrole/concept-label" xlink:from="wnt_RemunerationOfExecutiveSeniorOfficialsConsideredFourYearsSpecificationTitle_loc" xlink:to="wnt_RemunerationOfExecutiveSeniorOfficialsConsideredFourYearsSpecificationTitle_label_nl" xlink:type="arc"/>
    <link:labelArc xlink:arcrole="http://www.xbrl.org/2003/arcrole/concept-label" xlink:from="wnt_RemunerationOfExecutiveSeniorOfficialsWithoutEmploymentUpTo12MonthsSpecificationTitle_loc" xlink:to="wnt_RemunerationOfExecutiveSeniorOfficialsWithoutEmploymentUpTo12MonthsSpecificationTitle_label_nl" xlink:type="arc"/>
    <link:labelArc xlink:arcrole="http://www.xbrl.org/2003/arcrole/concept-label" xlink:from="wnt_RemunerationOfNonSeniorOfficialsSpecificationTitle_loc" xlink:to="wnt_RemunerationOfNonSeniorOfficialsSpecificationTitle_label_nl" xlink:type="arc"/>
    <link:labelArc xlink:arcrole="http://www.xbrl.org/2003/arcrole/concept-label" xlink:from="wnt_RemunerationOfSupervisorySeniorOfficialsSpecificationTitle_loc" xlink:to="wnt_RemunerationOfSupervisorySeniorOfficialsSpecificationTitle_label_nl" xlink:type="arc"/>
    <link:labelArc xlink:arcrole="http://www.xbrl.org/2003/arcrole/concept-label" xlink:from="wnt_SeniorOfficialRemuneration1700OrLessAntiCumulationApproachTitle_loc" xlink:to="wnt_SeniorOfficialRemuneration1700OrLessAntiCumulationApproachTitle_label_nl" xlink:type="arc"/>
    <link:labelArc xlink:arcrole="http://www.xbrl.org/2003/arcrole/concept-label" xlink:from="wnt_SeniorOfficialsRemuneration1700OrMoreAccumulatedTitle_loc" xlink:to="wnt_SeniorOfficialsRemuneration1700OrMoreAccumulatedTitle_label_nl" xlink:type="arc"/>
    <link:labelArc xlink:arcrole="http://www.xbrl.org/2003/arcrole/concept-label" xlink:from="wnt_SeniorOfficialsRemuneration1700OrMoreInstitutionTitle_loc" xlink:to="wnt_SeniorOfficialsRemuneration1700OrMoreInstitutionTitle_label_nl" xlink:type="arc"/>
    <link:loc xlink:href="wnt-verantwoordingsmodel-2023.xsd#wnt_ExecutiveSeniorOfficialsFormerSeniorOfficialsRemuneration1700OrLessSpecificationTitle" xlink:label="wnt_ExecutiveSeniorOfficialsFormerSeniorOfficialsRemuneration1700OrLessSpecificationTitle_loc" xlink:type="locator"/>
    <link:loc xlink:href="wnt-verantwoordingsmodel-2023.xsd#wnt_PaymentsDueToTerminationEmploymentSeniorOfficialsWithWithoutEmploymentSpecificationTitle" xlink:label="wnt_PaymentsDueToTerminationEmploymentSeniorOfficialsWithWithoutEmploymentSpecificationTitle_loc" xlink:type="locator"/>
    <link:loc xlink:href="wnt-verantwoordingsmodel-2023.xsd#wnt_RemunerationExecutiveSeniorOfficialsWithEmploymentWithoutEmploymentFrom13MonthSpecificationTitle" xlink:label="wnt_RemunerationExecutiveSeniorOfficialsWithEmploymentWithoutEmploymentFrom13MonthSpecificationTitle_loc" xlink:type="locator"/>
    <link:loc xlink:href="wnt-verantwoordingsmodel-2023.xsd#wnt_RemunerationOfExecutiveSeniorOfficialsConsideredFourYearsSpecificationTitle" xlink:label="wnt_RemunerationOfExecutiveSeniorOfficialsConsideredFourYearsSpecificationTitle_loc" xlink:type="locator"/>
    <link:loc xlink:href="wnt-verantwoordingsmodel-2023.xsd#wnt_RemunerationOfExecutiveSeniorOfficialsWithoutEmploymentUpTo12MonthsSpecificationTitle" xlink:label="wnt_RemunerationOfExecutiveSeniorOfficialsWithoutEmploymentUpTo12MonthsSpecificationTitle_loc" xlink:type="locator"/>
    <link:loc xlink:href="wnt-verantwoordingsmodel-2023.xsd#wnt_RemunerationOfNonSeniorOfficialsSpecificationTitle" xlink:label="wnt_RemunerationOfNonSeniorOfficialsSpecificationTitle_loc" xlink:type="locator"/>
    <link:loc xlink:href="wnt-verantwoordingsmodel-2023.xsd#wnt_RemunerationOfSupervisorySeniorOfficialsSpecificationTitle" xlink:label="wnt_RemunerationOfSupervisorySeniorOfficialsSpecificationTitle_loc" xlink:type="locator"/>
    <link:loc xlink:href="wnt-verantwoordingsmodel-2023.xsd#wnt_SeniorOfficialRemuneration1700OrLessAntiCumulationApproachTitle" xlink:label="wnt_SeniorOfficialRemuneration1700OrLessAntiCumulationApproachTitle_loc" xlink:type="locator"/>
    <link:loc xlink:href="wnt-verantwoordingsmodel-2023.xsd#wnt_SeniorOfficialsRemuneration1700OrMoreAccumulatedTitle" xlink:label="wnt_SeniorOfficialsRemuneration1700OrMoreAccumulatedTitle_loc" xlink:type="locator"/>
    <link:loc xlink:href="wnt-verantwoordingsmodel-2023.xsd#wnt_SeniorOfficialsRemuneration1700OrMoreInstitutionTitle" xlink:label="wnt_SeniorOfficialsRemuneration1700OrMoreInstitutionTitle_loc" xlink:type="locator"/>
  </link:labelLink>
</link:linkbase>
