<?xml version="1.0" encoding="UTF-8" standalone="yes"?>

<link:linkbase xmlns:gen="http://xbrl.org/2008/generic" xmlns:label="http://xbrl.org/2008/label" xmlns:link="http://www.xbrl.org/2003/linkbase" xmlns:xlink="http://www.w3.org/1999/xlink" xmlns:xsi="http://www.w3.org/2001/XMLSchema-instance" xsi:schemaLocation="http://xbrl.org/2008/generic http://www.xbrl.org/2008/generic-link.xsd http://xbrl.org/2008/label http://www.xbrl.org/2008/generic-label.xsd">
  <link:roleRef roleURI="http://www.xbrl.org/2008/role/label" xlink:href="http://www.xbrl.org/2008/generic-label.xsd#standard-label" xlink:type="simple"/>
  <link:roleRef roleURI="http://www.xbrl.org/2008/role/link" xlink:href="http://www.xbrl.org/2008/generic-link.xsd#standard-link-role" xlink:type="simple"/>
  <link:arcroleRef arcroleURI="http://xbrl.org/arcrole/2008/element-label" xlink:href="http://www.xbrl.org/2008/generic-label.xsd#element-label" xlink:type="simple"/>
  <gen:link xlink:role="http://www.xbrl.org/2008/role/link" xlink:type="extended">
    <gen:arc xlink:arcrole="http://xbrl.org/arcrole/2008/element-label" xlink:from="wnt_ExecutiveSeniorOfficialsFormerSeniorOfficialsRemuneration1700OrLess_loc" xlink:to="wnt_ExecutiveSeniorOfficialsFormerSeniorOfficialsRemuneration1700OrLess_label_de" xlink:type="arc"/>
    <gen:arc xlink:arcrole="http://xbrl.org/arcrole/2008/element-label" xlink:from="wnt_PaymentsDueToTerminationOfEmploymentToSeniorOfficials_loc" xlink:to="wnt_PaymentsDueToTerminationOfEmploymentToSeniorOfficials_label_de" xlink:type="arc"/>
    <gen:arc xlink:arcrole="http://xbrl.org/arcrole/2008/element-label" xlink:from="wnt_RemunerationOfExecutiveSeniorOfficialsConsideredFourYears_loc" xlink:to="wnt_RemunerationOfExecutiveSeniorOfficialsConsideredFourYears_label_de" xlink:type="arc"/>
    <gen:arc xlink:arcrole="http://xbrl.org/arcrole/2008/element-label" xlink:from="wnt_RemunerationOfExecutiveSeniorOfficialsFormerSeniorOfficialsWithEmploymentRelationship_loc" xlink:to="wnt_RemunerationOfExecutiveSeniorOfficialsFormerSeniorOfficialsWithEmploymentRelationship_label_de" xlink:type="arc"/>
    <gen:arc xlink:arcrole="http://xbrl.org/arcrole/2008/element-label" xlink:from="wnt_RemunerationOfExecutiveSeniorOfficialsWithoutEmploymentRelationship_loc" xlink:to="wnt_RemunerationOfExecutiveSeniorOfficialsWithoutEmploymentRelationship_label_de" xlink:type="arc"/>
    <gen:arc xlink:arcrole="http://xbrl.org/arcrole/2008/element-label" xlink:from="wnt_RemunerationOfNonSeniorOfficials_loc" xlink:to="wnt_RemunerationOfNonSeniorOfficials_label_de" xlink:type="arc"/>
    <gen:arc xlink:arcrole="http://xbrl.org/arcrole/2008/element-label" xlink:from="wnt_RemunerationOfSupervisorySeniorOfficials_loc" xlink:to="wnt_RemunerationOfSupervisorySeniorOfficials_label_de" xlink:type="arc"/>
    <gen:arc xlink:arcrole="http://xbrl.org/arcrole/2008/element-label" xlink:from="wnt_SeniorOfficialRemuneration1700OrLessAntiCumulationApproach_loc" xlink:to="wnt_SeniorOfficialRemuneration1700OrLessAntiCumulationApproach_label_de" xlink:type="arc"/>
    <gen:arc xlink:arcrole="http://xbrl.org/arcrole/2008/element-label" xlink:from="wnt_SeniorOfficialsRemuneration1700OrMoreAccumulated_loc" xlink:to="wnt_SeniorOfficialsRemuneration1700OrMoreAccumulated_label_de" xlink:type="arc"/>
    <gen:arc xlink:arcrole="http://xbrl.org/arcrole/2008/element-label" xlink:from="wnt_SeniorOfficialsRemuneration1700OrMoreInstitution_loc" xlink:to="wnt_SeniorOfficialsRemuneration1700OrMoreInstitution_label_de" xlink:type="arc"/>
    <label:label id="wnt_RemunerationOfExecutiveSeniorOfficialsFormerSeniorOfficialsWithEmploymentRelationship_label_de" xlink:label="wnt_RemunerationOfExecutiveSeniorOfficialsFormerSeniorOfficialsWithEmploymentRelationship_label_de" xlink:role="http://www.xbrl.org/2008/role/label" xlink:type="resource" xml:lang="de">1a - Rémunération des dirigeants avec emploi et sans emploi à partir du 13ème mois</label:label>
    <label:label id="wnt_RemunerationOfExecutiveSeniorOfficialsWithoutEmploymentRelationship_label_de" xlink:label="wnt_RemunerationOfExecutiveSeniorOfficialsWithoutEmploymentRelationship_label_de" xlink:role="http://www.xbrl.org/2008/role/label" xlink:type="resource" xml:lang="de">1b - Vergütung von Führungskräften ohne Beschäftigung in der Zeit bis einschließlich des 12. Monats</label:label>
    <label:label id="wnt_RemunerationOfSupervisorySeniorOfficials_label_de" xlink:label="wnt_RemunerationOfSupervisorySeniorOfficials_label_de" xlink:role="http://www.xbrl.org/2008/role/label" xlink:type="resource" xml:lang="de">1c - Vergütung von aufsichtsführenden Spitzenfunktionären</label:label>
    <label:label id="wnt_ExecutiveSeniorOfficialsFormerSeniorOfficialsRemuneration1700OrLess_label_de" xlink:label="wnt_ExecutiveSeniorOfficialsFormerSeniorOfficialsRemuneration1700OrLess_label_de" xlink:role="http://www.xbrl.org/2008/role/label" xlink:type="resource" xml:lang="de">1d - Leitenden Spitzenfunktionären und diejenigen, die für weitere 4 Jahre als Top-Führungskräfte gelten mit einer Vergütung von 1.900 € oder weniger</label:label>
    <label:label id="wnt_RemunerationOfExecutiveSeniorOfficialsConsideredFourYears_label_de" xlink:label="wnt_RemunerationOfExecutiveSeniorOfficialsConsideredFourYears_label_de" xlink:role="http://www.xbrl.org/2008/role/label" xlink:type="resource" xml:lang="de">1e - Leitender Beamter mit einer Gesamtvergütung von mehr als € 1.900</label:label>
    <label:label id="wnt_SeniorOfficialsRemuneration1700OrMoreAccumulated_label_de" xlink:label="wnt_SeniorOfficialsRemuneration1700OrMoreAccumulated_label_de" xlink:role="http://www.xbrl.org/2008/role/label" xlink:type="resource" xml:lang="de">1f - Vergütung eines leitenden Beamten mit einer Gesamtvergütung von mindestens 1.900 € für die Kumulierung - kumuliert</label:label>
    <label:label id="wnt_SeniorOfficialsRemuneration1700OrMoreInstitution_label_de" xlink:label="wnt_SeniorOfficialsRemuneration1700OrMoreInstitution_label_de" xlink:role="http://www.xbrl.org/2008/role/label" xlink:type="resource" xml:lang="de">1f - Vergütung eines leitenden Beamten mit einer Gesamtvergütung von mindestens € 1.900 für die Kumulierung - WNT-Einrichtung</label:label>
    <label:label id="wnt_SeniorOfficialRemuneration1700OrLessAntiCumulationApproach_label_de" xlink:label="wnt_SeniorOfficialRemuneration1700OrLessAntiCumulationApproach_label_de" xlink:role="http://www.xbrl.org/2008/role/label" xlink:type="resource" xml:lang="de">1g - Leitender Beamter mit einer Gesamtvergütung von höchstens € 1.900 in Bezug auf den Anti-Kumulations-Ansatz</label:label>
    <label:label id="wnt_PaymentsDueToTerminationOfEmploymentToSeniorOfficials_label_de" xlink:label="wnt_PaymentsDueToTerminationOfEmploymentToSeniorOfficials_label_de" xlink:role="http://www.xbrl.org/2008/role/label" xlink:type="resource" xml:lang="de">2 - Auszahlungen an Spitzenfunktionäre aufgrund der Beendigung des Dienstverhältnisses mit oder ohne Beschäftigung: Spezifikation</label:label>
    <label:label id="wnt_RemunerationOfNonSeniorOfficials_label_de" xlink:label="wnt_RemunerationOfNonSeniorOfficials_label_de" xlink:role="http://www.xbrl.org/2008/role/label" xlink:type="resource" xml:lang="de">3 - Vergütung von Nicht-Spitzenfunktionären</label:label>
    <link:loc xlink:href="wnt-verantwoordingsmodel-2023.xsd#wnt_ExecutiveSeniorOfficialsFormerSeniorOfficialsRemuneration1700OrLess" xlink:label="wnt_ExecutiveSeniorOfficialsFormerSeniorOfficialsRemuneration1700OrLess_loc" xlink:type="locator"/>
    <link:loc xlink:href="wnt-verantwoordingsmodel-2023.xsd#wnt_PaymentsDueToTerminationOfEmploymentToSeniorOfficials" xlink:label="wnt_PaymentsDueToTerminationOfEmploymentToSeniorOfficials_loc" xlink:type="locator"/>
    <link:loc xlink:href="wnt-verantwoordingsmodel-2023.xsd#wnt_RemunerationOfExecutiveSeniorOfficialsConsideredFourYears" xlink:label="wnt_RemunerationOfExecutiveSeniorOfficialsConsideredFourYears_loc" xlink:type="locator"/>
    <link:loc xlink:href="wnt-verantwoordingsmodel-2023.xsd#wnt_RemunerationOfExecutiveSeniorOfficialsFormerSeniorOfficialsWithEmploymentRelationship" xlink:label="wnt_RemunerationOfExecutiveSeniorOfficialsFormerSeniorOfficialsWithEmploymentRelationship_loc" xlink:type="locator"/>
    <link:loc xlink:href="wnt-verantwoordingsmodel-2023.xsd#wnt_RemunerationOfExecutiveSeniorOfficialsWithoutEmploymentRelationship" xlink:label="wnt_RemunerationOfExecutiveSeniorOfficialsWithoutEmploymentRelationship_loc" xlink:type="locator"/>
    <link:loc xlink:href="wnt-verantwoordingsmodel-2023.xsd#wnt_RemunerationOfNonSeniorOfficials" xlink:label="wnt_RemunerationOfNonSeniorOfficials_loc" xlink:type="locator"/>
    <link:loc xlink:href="wnt-verantwoordingsmodel-2023.xsd#wnt_RemunerationOfSupervisorySeniorOfficials" xlink:label="wnt_RemunerationOfSupervisorySeniorOfficials_loc" xlink:type="locator"/>
    <link:loc xlink:href="wnt-verantwoordingsmodel-2023.xsd#wnt_SeniorOfficialRemuneration1700OrLessAntiCumulationApproach" xlink:label="wnt_SeniorOfficialRemuneration1700OrLessAntiCumulationApproach_loc" xlink:type="locator"/>
    <link:loc xlink:href="wnt-verantwoordingsmodel-2023.xsd#wnt_SeniorOfficialsRemuneration1700OrMoreAccumulated" xlink:label="wnt_SeniorOfficialsRemuneration1700OrMoreAccumulated_loc" xlink:type="locator"/>
    <link:loc xlink:href="wnt-verantwoordingsmodel-2023.xsd#wnt_SeniorOfficialsRemuneration1700OrMoreInstitution" xlink:label="wnt_SeniorOfficialsRemuneration1700OrMoreInstitution_loc" xlink:type="locator"/>
  </gen:link>
</link:linkbase>
