<?xml version="1.0" encoding="UTF-8" standalone="yes"?>

<link:linkbase xmlns:link="http://www.xbrl.org/2003/linkbase" xmlns:xlink="http://www.w3.org/1999/xlink">
  <link:roleRef roleURI="urn:wnt:linkrole:remuneration-of-executive-senior-officials-former-senior-officials-with-employment-relationship" xlink:href="wnt-verantwoordingsmodel-2023.xsd#wnt_RemunerationOfExecutiveSeniorOfficialsFormerSeniorOfficialsWithEmploymentRelationship" xlink:type="simple"/>
  <link:roleRef roleURI="urn:wnt:linkrole:remuneration-of-senior-officials-without-employment-relationship" xlink:href="wnt-verantwoordingsmodel-2023.xsd#wnt_RemunerationOfExecutiveSeniorOfficialsWithoutEmploymentRelationship" xlink:type="simple"/>
  <link:roleRef roleURI="urn:wnt:linkrole:remuneration-of-supervisory-senior-officials" xlink:href="wnt-verantwoordingsmodel-2023.xsd#wnt_RemunerationOfSupervisorySeniorOfficials" xlink:type="simple"/>
  <link:roleRef roleURI="urn:wnt:linkrole:payments-due-to-termination-of-the-employment-to-senior-officials" xlink:href="wnt-verantwoordingsmodel-2023.xsd#wnt_PaymentsDueToTerminationOfEmploymentToSeniorOfficials" xlink:type="simple"/>
  <link:roleRef roleURI="urn:wnt:linkrole:executive-senior-officials-former-senior-officials-remuneration1700or-less" xlink:href="wnt-verantwoordingsmodel-2023.xsd#wnt_ExecutiveSeniorOfficialsFormerSeniorOfficialsRemuneration1700OrLess" xlink:type="simple"/>
  <link:roleRef roleURI="urn:wnt:linkrole:remuneration-of-executive-senior-officials-considered-four-years" xlink:href="wnt-verantwoordingsmodel-2023.xsd#wnt_RemunerationOfExecutiveSeniorOfficialsConsideredFourYears" xlink:type="simple"/>
  <link:roleRef roleURI="urn:wnt:linkrole:remuneration-of-non-senior-officials" xlink:href="wnt-verantwoordingsmodel-2023.xsd#wnt_RemunerationOfNonSeniorOfficials" xlink:type="simple"/>
  <link:roleRef roleURI="urn:wnt:linkrole:senior-officials-remuneration1700or-more-institution" xlink:href="wnt-verantwoordingsmodel-2023.xsd#wnt_SeniorOfficialsRemuneration1700OrMoreInstitution" xlink:type="simple"/>
  <link:roleRef roleURI="urn:wnt:linkrole:senior-officials-remuneration1700or-more-accumulated" xlink:href="wnt-verantwoordingsmodel-2023.xsd#wnt_SeniorOfficialsRemuneration1700OrMoreAccumulated" xlink:type="simple"/>
  <link:roleRef roleURI="urn:wnt:linkrole:senior-official-remuneration1700or-less-anti-cumulation-approach" xlink:href="wnt-verantwoordingsmodel-2023.xsd#wnt_SeniorOfficialRemuneration1700OrLessAntiCumulationApproach" xlink:type="simple"/>
  <link:presentationLink xlink:role="urn:wnt:linkrole:remuneration-of-executive-senior-officials-former-senior-officials-with-employment-relationship" xlink:type="extended">
    <link:loc xlink:href="wnt-verantwoordingsmodel-2023.xsd#wnt_RemunerationExecutiveSeniorOfficialsWithEmploymentWithoutEmploymentFrom13MonthSpecificationTitle" xlink:label="wnt_RemunerationExecutiveSeniorOfficialsWithEmploymentWithoutEmploymentFrom13MonthSpecificationTitle_loc" xlink:type="locator"/>
    <link:loc xlink:href="wnt-cor.xsd#wnt_AmountExceedingMaximumRemuneration" xlink:label="wnt_AmountExceedingMaximumRemuneration_loc" xlink:type="locator"/>
    <link:loc xlink:href="wnt-cor.xsd#wnt_Consideration" xlink:label="wnt_Consideration_loc" xlink:type="locator"/>
    <link:loc xlink:href="wnt-cor.xsd#wnt_DurationOfTheEmploymentDuringTheFinancialYearEndDate" xlink:label="wnt_DurationOfTheEmploymentDuringTheFinancialYearEndDate_loc" xlink:type="locator"/>
    <link:loc xlink:href="wnt-cor.xsd#wnt_DurationOfTheEmploymentDuringTheFinancialYearStartDate" xlink:label="wnt_DurationOfTheEmploymentDuringTheFinancialYearStartDate_loc" xlink:type="locator"/>
    <link:loc xlink:href="wnt-cor.xsd#wnt_ExistenceOfAnEmploymentRelationship" xlink:label="wnt_ExistenceOfAnEmploymentRelationship_loc" xlink:type="locator"/>
    <link:loc xlink:href="wnt-cor.xsd#wnt_InclusionErrorsInRemunerationSeniorOfficials" xlink:label="wnt_InclusionErrorsInRemunerationSeniorOfficials_loc" xlink:type="locator"/>
    <link:loc xlink:href="wnt-cor.xsd#wnt_IndividualMaximumRemuneration" xlink:label="wnt_IndividualMaximumRemuneration_loc" xlink:type="locator"/>
    <link:loc xlink:href="wnt-cor.xsd#wnt_PositionOrPositions" xlink:label="wnt_PositionOrPositions_loc" xlink:type="locator"/>
    <link:loc xlink:href="wnt-cor.xsd#wnt_ProvisionsForPostEmploymentBenefits" xlink:label="wnt_ProvisionsForPostEmploymentBenefits_loc" xlink:type="locator"/>
    <link:loc xlink:href="wnt-cor.xsd#wnt_ReasonsAndCauseErrorsInRemuneration" xlink:label="wnt_ReasonsAndCauseErrorsInRemuneration_loc" xlink:type="locator"/>
    <link:loc xlink:href="wnt-cor.xsd#wnt_ReasonsForExceedingMaximumAmountOfRemuneration" xlink:label="wnt_ReasonsForExceedingMaximumAmountOfRemuneration_loc" xlink:type="locator"/>
    <link:loc xlink:href="wnt-cor.xsd#wnt_ReceivableUnduePaymentsExplanation" xlink:label="wnt_ReceivableUnduePaymentsExplanation_loc" xlink:type="locator"/>
    <link:loc xlink:href="wnt-cor.xsd#wnt_RemunerationUnduePayments" xlink:label="wnt_RemunerationUnduePayments_loc" xlink:type="locator"/>
    <link:loc xlink:href="wnt-cor.xsd#wnt_Remuneration" xlink:label="wnt_Remuneration_loc" xlink:type="locator"/>
    <link:loc xlink:href="wnt-cor.xsd#wnt_ScopeOfTheEmploymentDuringTheFinancialYearInFTE" xlink:label="wnt_ScopeOfTheEmploymentDuringTheFinancialYearInFTE_loc" xlink:type="locator"/>
    <link:loc xlink:href="wnt-cor.xsd#wnt_UnduePayments" xlink:label="wnt_UnduePayments_loc" xlink:type="locator"/>
    <link:presentationArc order="1" xlink:arcrole="http://www.xbrl.org/2003/arcrole/parent-child" xlink:from="wnt_RemunerationExecutiveSeniorOfficialsWithEmploymentWithoutEmploymentFrom13MonthSpecificationTitle_loc" xlink:to="wnt_PositionOrPositions_loc" xlink:type="arc"/>
    <link:presentationArc order="2" xlink:arcrole="http://www.xbrl.org/2003/arcrole/parent-child" xlink:from="wnt_RemunerationExecutiveSeniorOfficialsWithEmploymentWithoutEmploymentFrom13MonthSpecificationTitle_loc" xlink:to="wnt_DurationOfTheEmploymentDuringTheFinancialYearStartDate_loc" xlink:type="arc"/>
    <link:presentationArc order="3" xlink:arcrole="http://www.xbrl.org/2003/arcrole/parent-child" xlink:from="wnt_RemunerationExecutiveSeniorOfficialsWithEmploymentWithoutEmploymentFrom13MonthSpecificationTitle_loc" xlink:to="wnt_DurationOfTheEmploymentDuringTheFinancialYearEndDate_loc" xlink:type="arc"/>
    <link:presentationArc order="4" xlink:arcrole="http://www.xbrl.org/2003/arcrole/parent-child" xlink:from="wnt_RemunerationExecutiveSeniorOfficialsWithEmploymentWithoutEmploymentFrom13MonthSpecificationTitle_loc" xlink:to="wnt_ScopeOfTheEmploymentDuringTheFinancialYearInFTE_loc" xlink:type="arc"/>
    <link:presentationArc order="5" xlink:arcrole="http://www.xbrl.org/2003/arcrole/parent-child" xlink:from="wnt_RemunerationExecutiveSeniorOfficialsWithEmploymentWithoutEmploymentFrom13MonthSpecificationTitle_loc" xlink:to="wnt_ExistenceOfAnEmploymentRelationship_loc" xlink:type="arc"/>
    <link:presentationArc order="6" preferredLabel="http://www.xbrl.org/2003/role/totalLabel" xlink:arcrole="http://www.xbrl.org/2003/arcrole/parent-child" xlink:from="wnt_RemunerationExecutiveSeniorOfficialsWithEmploymentWithoutEmploymentFrom13MonthSpecificationTitle_loc" xlink:to="wnt_RemunerationUnduePayments_loc" xlink:type="arc"/>
    <link:presentationArc order="7" xlink:arcrole="http://www.xbrl.org/2003/arcrole/parent-child" xlink:from="wnt_RemunerationExecutiveSeniorOfficialsWithEmploymentWithoutEmploymentFrom13MonthSpecificationTitle_loc" xlink:to="wnt_IndividualMaximumRemuneration_loc" xlink:type="arc"/>
    <link:presentationArc order="8" xlink:arcrole="http://www.xbrl.org/2003/arcrole/parent-child" xlink:from="wnt_RemunerationExecutiveSeniorOfficialsWithEmploymentWithoutEmploymentFrom13MonthSpecificationTitle_loc" xlink:to="wnt_UnduePayments_loc" xlink:type="arc"/>
    <link:presentationArc order="9" xlink:arcrole="http://www.xbrl.org/2003/arcrole/parent-child" xlink:from="wnt_RemunerationExecutiveSeniorOfficialsWithEmploymentWithoutEmploymentFrom13MonthSpecificationTitle_loc" xlink:to="wnt_Remuneration_loc" xlink:type="arc"/>
    <link:presentationArc order="10" xlink:arcrole="http://www.xbrl.org/2003/arcrole/parent-child" xlink:from="wnt_RemunerationExecutiveSeniorOfficialsWithEmploymentWithoutEmploymentFrom13MonthSpecificationTitle_loc" xlink:to="wnt_AmountExceedingMaximumRemuneration_loc" xlink:type="arc"/>
    <link:presentationArc order="11" xlink:arcrole="http://www.xbrl.org/2003/arcrole/parent-child" xlink:from="wnt_RemunerationExecutiveSeniorOfficialsWithEmploymentWithoutEmploymentFrom13MonthSpecificationTitle_loc" xlink:to="wnt_ReasonsForExceedingMaximumAmountOfRemuneration_loc" xlink:type="arc"/>
    <link:presentationArc order="12" xlink:arcrole="http://www.xbrl.org/2003/arcrole/parent-child" xlink:from="wnt_RemunerationExecutiveSeniorOfficialsWithEmploymentWithoutEmploymentFrom13MonthSpecificationTitle_loc" xlink:to="wnt_ReceivableUnduePaymentsExplanation_loc" xlink:type="arc"/>
    <link:presentationArc order="13" xlink:arcrole="http://www.xbrl.org/2003/arcrole/parent-child" xlink:from="wnt_RemunerationExecutiveSeniorOfficialsWithEmploymentWithoutEmploymentFrom13MonthSpecificationTitle_loc" xlink:to="wnt_InclusionErrorsInRemunerationSeniorOfficials_loc" xlink:type="arc"/>
    <link:presentationArc order="14" xlink:arcrole="http://www.xbrl.org/2003/arcrole/parent-child" xlink:from="wnt_RemunerationExecutiveSeniorOfficialsWithEmploymentWithoutEmploymentFrom13MonthSpecificationTitle_loc" xlink:to="wnt_ReasonsAndCauseErrorsInRemuneration_loc" xlink:type="arc"/>
    <link:presentationArc order="1" xlink:arcrole="http://www.xbrl.org/2003/arcrole/parent-child" xlink:from="wnt_RemunerationUnduePayments_loc" xlink:to="wnt_Consideration_loc" xlink:type="arc"/>
    <link:presentationArc order="2" xlink:arcrole="http://www.xbrl.org/2003/arcrole/parent-child" xlink:from="wnt_RemunerationUnduePayments_loc" xlink:to="wnt_ProvisionsForPostEmploymentBenefits_loc" xlink:type="arc"/>
  </link:presentationLink>
  <link:presentationLink xlink:role="urn:wnt:linkrole:remuneration-of-senior-officials-without-employment-relationship" xlink:type="extended">
    <link:loc xlink:href="wnt-verantwoordingsmodel-2023.xsd#wnt_RemunerationOfExecutiveSeniorOfficialsWithoutEmploymentUpTo12MonthsSpecificationTitle" xlink:label="wnt_RemunerationOfExecutiveSeniorOfficialsWithoutEmploymentUpTo12MonthsSpecificationTitle_loc" xlink:type="locator"/>
    <link:loc xlink:href="wnt-cor.xsd#wnt_AmountExceedingMaximumRemuneration" xlink:label="wnt_AmountExceedingMaximumRemuneration_loc" xlink:type="locator"/>
    <link:loc xlink:href="wnt-cor.xsd#wnt_CalendarYear" xlink:label="wnt_CalendarYear_loc" xlink:type="locator"/>
    <link:loc xlink:href="wnt-cor.xsd#wnt_DurationOfTheEmploymentDuringTheCalendarYearEndDate" xlink:label="wnt_DurationOfTheEmploymentDuringTheCalendarYearEndDate_loc" xlink:type="locator"/>
    <link:loc xlink:href="wnt-cor.xsd#wnt_DurationOfTheEmploymentDuringTheCalendarYearStartDate" xlink:label="wnt_DurationOfTheEmploymentDuringTheCalendarYearStartDate_loc" xlink:type="locator"/>
    <link:loc xlink:href="wnt-cor.xsd#wnt_InclusionErrorsInRemunerationSeniorOfficials" xlink:label="wnt_InclusionErrorsInRemunerationSeniorOfficials_loc" xlink:type="locator"/>
    <link:loc xlink:href="wnt-cor.xsd#wnt_IndividualMaximumDuringFinancialYear" xlink:label="wnt_IndividualMaximumDuringFinancialYear_loc" xlink:type="locator"/>
    <link:loc xlink:href="wnt-cor.xsd#wnt_IndividualMaximumRemunerationNormAmountsPerMonth" xlink:label="wnt_IndividualMaximumRemunerationNormAmountsPerMonth_loc" xlink:type="locator"/>
    <link:loc xlink:href="wnt-cor.xsd#wnt_IndividualMaximumRemunerationPerHour" xlink:label="wnt_IndividualMaximumRemunerationPerHour_loc" xlink:type="locator"/>
    <link:loc xlink:href="wnt-cor.xsd#wnt_MonthsEmploymentDuringFinancialYear" xlink:label="wnt_MonthsEmploymentDuringFinancialYear_loc" xlink:type="locator"/>
    <link:loc xlink:href="wnt-cor.xsd#wnt_PositionOrPositions" xlink:label="wnt_PositionOrPositions_loc" xlink:type="locator"/>
    <link:loc xlink:href="wnt-cor.xsd#wnt_ReasonsAndCauseErrorsInRemuneration" xlink:label="wnt_ReasonsAndCauseErrorsInRemuneration_loc" xlink:type="locator"/>
    <link:loc xlink:href="wnt-cor.xsd#wnt_ReasonsForExceedingMaximumAmountOfRemuneration" xlink:label="wnt_ReasonsForExceedingMaximumAmountOfRemuneration_loc" xlink:type="locator"/>
    <link:loc xlink:href="wnt-cor.xsd#wnt_ReceivableUnduePaymentsExplanation" xlink:label="wnt_ReceivableUnduePaymentsExplanation_loc" xlink:type="locator"/>
    <link:loc xlink:href="wnt-cor.xsd#wnt_RemunerationPaidDuringFinancialYear" xlink:label="wnt_RemunerationPaidDuringFinancialYear_loc" xlink:type="locator"/>
    <link:loc xlink:href="wnt-cor.xsd#wnt_Remuneration" xlink:label="wnt_Remuneration_loc" xlink:type="locator"/>
    <link:loc xlink:href="wnt-cor.xsd#wnt_ScopeOfTheEmploymentDuringTheCalendarYearInHours" xlink:label="wnt_ScopeOfTheEmploymentDuringTheCalendarYearInHours_loc" xlink:type="locator"/>
    <link:loc xlink:href="wnt-cor.xsd#wnt_TotalRemunerationDuringFinancialYear" xlink:label="wnt_TotalRemunerationDuringFinancialYear_loc" xlink:type="locator"/>
    <link:loc xlink:href="wnt-cor.xsd#wnt_UnduePayments" xlink:label="wnt_UnduePayments_loc" xlink:type="locator"/>
    <link:presentationArc order="1" xlink:arcrole="http://www.xbrl.org/2003/arcrole/parent-child" xlink:from="wnt_RemunerationOfExecutiveSeniorOfficialsWithoutEmploymentUpTo12MonthsSpecificationTitle_loc" xlink:to="wnt_PositionOrPositions_loc" xlink:type="arc"/>
    <link:presentationArc order="2" xlink:arcrole="http://www.xbrl.org/2003/arcrole/parent-child" xlink:from="wnt_RemunerationOfExecutiveSeniorOfficialsWithoutEmploymentUpTo12MonthsSpecificationTitle_loc" xlink:to="wnt_CalendarYear_loc" xlink:type="arc"/>
    <link:presentationArc order="3" xlink:arcrole="http://www.xbrl.org/2003/arcrole/parent-child" xlink:from="wnt_RemunerationOfExecutiveSeniorOfficialsWithoutEmploymentUpTo12MonthsSpecificationTitle_loc" xlink:to="wnt_DurationOfTheEmploymentDuringTheCalendarYearStartDate_loc" xlink:type="arc"/>
    <link:presentationArc order="4" xlink:arcrole="http://www.xbrl.org/2003/arcrole/parent-child" xlink:from="wnt_RemunerationOfExecutiveSeniorOfficialsWithoutEmploymentUpTo12MonthsSpecificationTitle_loc" xlink:to="wnt_DurationOfTheEmploymentDuringTheCalendarYearEndDate_loc" xlink:type="arc"/>
    <link:presentationArc order="5" xlink:arcrole="http://www.xbrl.org/2003/arcrole/parent-child" xlink:from="wnt_RemunerationOfExecutiveSeniorOfficialsWithoutEmploymentUpTo12MonthsSpecificationTitle_loc" xlink:to="wnt_MonthsEmploymentDuringFinancialYear_loc" xlink:type="arc"/>
    <link:presentationArc order="6" xlink:arcrole="http://www.xbrl.org/2003/arcrole/parent-child" xlink:from="wnt_RemunerationOfExecutiveSeniorOfficialsWithoutEmploymentUpTo12MonthsSpecificationTitle_loc" xlink:to="wnt_ScopeOfTheEmploymentDuringTheCalendarYearInHours_loc" xlink:type="arc"/>
    <link:presentationArc order="8" xlink:arcrole="http://www.xbrl.org/2003/arcrole/parent-child" xlink:from="wnt_RemunerationOfExecutiveSeniorOfficialsWithoutEmploymentUpTo12MonthsSpecificationTitle_loc" xlink:to="wnt_IndividualMaximumRemunerationPerHour_loc" xlink:type="arc"/>
    <link:presentationArc order="9" xlink:arcrole="http://www.xbrl.org/2003/arcrole/parent-child" xlink:from="wnt_RemunerationOfExecutiveSeniorOfficialsWithoutEmploymentUpTo12MonthsSpecificationTitle_loc" xlink:to="wnt_IndividualMaximumRemunerationNormAmountsPerMonth_loc" xlink:type="arc"/>
    <link:presentationArc order="10" xlink:arcrole="http://www.xbrl.org/2003/arcrole/parent-child" xlink:from="wnt_RemunerationOfExecutiveSeniorOfficialsWithoutEmploymentUpTo12MonthsSpecificationTitle_loc" xlink:to="wnt_IndividualMaximumDuringFinancialYear_loc" xlink:type="arc"/>
    <link:presentationArc order="13" xlink:arcrole="http://www.xbrl.org/2003/arcrole/parent-child" xlink:from="wnt_RemunerationOfExecutiveSeniorOfficialsWithoutEmploymentUpTo12MonthsSpecificationTitle_loc" xlink:to="wnt_RemunerationPaidDuringFinancialYear_loc" xlink:type="arc"/>
    <link:presentationArc order="14" xlink:arcrole="http://www.xbrl.org/2003/arcrole/parent-child" xlink:from="wnt_RemunerationOfExecutiveSeniorOfficialsWithoutEmploymentUpTo12MonthsSpecificationTitle_loc" xlink:to="wnt_TotalRemunerationDuringFinancialYear_loc" xlink:type="arc"/>
    <link:presentationArc order="15" xlink:arcrole="http://www.xbrl.org/2003/arcrole/parent-child" xlink:from="wnt_RemunerationOfExecutiveSeniorOfficialsWithoutEmploymentUpTo12MonthsSpecificationTitle_loc" xlink:to="wnt_UnduePayments_loc" xlink:type="arc"/>
    <link:presentationArc order="16" xlink:arcrole="http://www.xbrl.org/2003/arcrole/parent-child" xlink:from="wnt_RemunerationOfExecutiveSeniorOfficialsWithoutEmploymentUpTo12MonthsSpecificationTitle_loc" xlink:to="wnt_Remuneration_loc" xlink:type="arc"/>
    <link:presentationArc order="17" xlink:arcrole="http://www.xbrl.org/2003/arcrole/parent-child" xlink:from="wnt_RemunerationOfExecutiveSeniorOfficialsWithoutEmploymentUpTo12MonthsSpecificationTitle_loc" xlink:to="wnt_AmountExceedingMaximumRemuneration_loc" xlink:type="arc"/>
    <link:presentationArc order="18" xlink:arcrole="http://www.xbrl.org/2003/arcrole/parent-child" xlink:from="wnt_RemunerationOfExecutiveSeniorOfficialsWithoutEmploymentUpTo12MonthsSpecificationTitle_loc" xlink:to="wnt_ReasonsForExceedingMaximumAmountOfRemuneration_loc" xlink:type="arc"/>
    <link:presentationArc order="19" xlink:arcrole="http://www.xbrl.org/2003/arcrole/parent-child" xlink:from="wnt_RemunerationOfExecutiveSeniorOfficialsWithoutEmploymentUpTo12MonthsSpecificationTitle_loc" xlink:to="wnt_ReceivableUnduePaymentsExplanation_loc" xlink:type="arc"/>
    <link:presentationArc order="20" xlink:arcrole="http://www.xbrl.org/2003/arcrole/parent-child" xlink:from="wnt_RemunerationOfExecutiveSeniorOfficialsWithoutEmploymentUpTo12MonthsSpecificationTitle_loc" xlink:to="wnt_InclusionErrorsInRemunerationSeniorOfficials_loc" xlink:type="arc"/>
    <link:presentationArc order="21" xlink:arcrole="http://www.xbrl.org/2003/arcrole/parent-child" xlink:from="wnt_RemunerationOfExecutiveSeniorOfficialsWithoutEmploymentUpTo12MonthsSpecificationTitle_loc" xlink:to="wnt_ReasonsAndCauseErrorsInRemuneration_loc" xlink:type="arc"/>
  </link:presentationLink>
  <link:presentationLink xlink:role="urn:wnt:linkrole:remuneration-of-supervisory-senior-officials" xlink:type="extended">
    <link:loc xlink:href="wnt-verantwoordingsmodel-2023.xsd#wnt_RemunerationOfSupervisorySeniorOfficialsSpecificationTitle" xlink:label="wnt_RemunerationOfSupervisorySeniorOfficialsSpecificationTitle_loc" xlink:type="locator"/>
    <link:loc xlink:href="wnt-cor.xsd#wnt_AmountExceedingMaximumRemuneration" xlink:label="wnt_AmountExceedingMaximumRemuneration_loc" xlink:type="locator"/>
    <link:loc xlink:href="wnt-cor.xsd#wnt_DurationOfTheEmploymentDuringTheFinancialYearEndDate" xlink:label="wnt_DurationOfTheEmploymentDuringTheFinancialYearEndDate_loc" xlink:type="locator"/>
    <link:loc xlink:href="wnt-cor.xsd#wnt_DurationOfTheEmploymentDuringTheFinancialYearStartDate" xlink:label="wnt_DurationOfTheEmploymentDuringTheFinancialYearStartDate_loc" xlink:type="locator"/>
    <link:loc xlink:href="wnt-cor.xsd#wnt_InclusionErrorsInRemunerationSeniorOfficials" xlink:label="wnt_InclusionErrorsInRemunerationSeniorOfficials_loc" xlink:type="locator"/>
    <link:loc xlink:href="wnt-cor.xsd#wnt_IndividualMaximumRemuneration" xlink:label="wnt_IndividualMaximumRemuneration_loc" xlink:type="locator"/>
    <link:loc xlink:href="wnt-cor.xsd#wnt_PositionOrPositions" xlink:label="wnt_PositionOrPositions_loc" xlink:type="locator"/>
    <link:loc xlink:href="wnt-cor.xsd#wnt_ReasonsAndCauseErrorsInRemuneration" xlink:label="wnt_ReasonsAndCauseErrorsInRemuneration_loc" xlink:type="locator"/>
    <link:loc xlink:href="wnt-cor.xsd#wnt_ReasonsForExceedingMaximumAmountOfRemuneration" xlink:label="wnt_ReasonsForExceedingMaximumAmountOfRemuneration_loc" xlink:type="locator"/>
    <link:loc xlink:href="wnt-cor.xsd#wnt_ReceivableUnduePaymentsExplanation" xlink:label="wnt_ReceivableUnduePaymentsExplanation_loc" xlink:type="locator"/>
    <link:loc xlink:href="wnt-cor.xsd#wnt_RemunerationUnduePayments" xlink:label="wnt_RemunerationUnduePayments_loc" xlink:type="locator"/>
    <link:loc xlink:href="wnt-cor.xsd#wnt_Remuneration" xlink:label="wnt_Remuneration_loc" xlink:type="locator"/>
    <link:loc xlink:href="wnt-cor.xsd#wnt_UnduePayments" xlink:label="wnt_UnduePayments_loc" xlink:type="locator"/>
    <link:presentationArc order="1" xlink:arcrole="http://www.xbrl.org/2003/arcrole/parent-child" xlink:from="wnt_RemunerationOfSupervisorySeniorOfficialsSpecificationTitle_loc" xlink:to="wnt_PositionOrPositions_loc" xlink:type="arc"/>
    <link:presentationArc order="2" xlink:arcrole="http://www.xbrl.org/2003/arcrole/parent-child" xlink:from="wnt_RemunerationOfSupervisorySeniorOfficialsSpecificationTitle_loc" xlink:to="wnt_DurationOfTheEmploymentDuringTheFinancialYearStartDate_loc" xlink:type="arc"/>
    <link:presentationArc order="3" xlink:arcrole="http://www.xbrl.org/2003/arcrole/parent-child" xlink:from="wnt_RemunerationOfSupervisorySeniorOfficialsSpecificationTitle_loc" xlink:to="wnt_DurationOfTheEmploymentDuringTheFinancialYearEndDate_loc" xlink:type="arc"/>
    <link:presentationArc order="4" xlink:arcrole="http://www.xbrl.org/2003/arcrole/parent-child" xlink:from="wnt_RemunerationOfSupervisorySeniorOfficialsSpecificationTitle_loc" xlink:to="wnt_RemunerationUnduePayments_loc" xlink:type="arc"/>
    <link:presentationArc order="5" xlink:arcrole="http://www.xbrl.org/2003/arcrole/parent-child" xlink:from="wnt_RemunerationOfSupervisorySeniorOfficialsSpecificationTitle_loc" xlink:to="wnt_IndividualMaximumRemuneration_loc" xlink:type="arc"/>
    <link:presentationArc order="6" xlink:arcrole="http://www.xbrl.org/2003/arcrole/parent-child" xlink:from="wnt_RemunerationOfSupervisorySeniorOfficialsSpecificationTitle_loc" xlink:to="wnt_UnduePayments_loc" xlink:type="arc"/>
    <link:presentationArc order="7" xlink:arcrole="http://www.xbrl.org/2003/arcrole/parent-child" xlink:from="wnt_RemunerationOfSupervisorySeniorOfficialsSpecificationTitle_loc" xlink:to="wnt_Remuneration_loc" xlink:type="arc"/>
    <link:presentationArc order="8" xlink:arcrole="http://www.xbrl.org/2003/arcrole/parent-child" xlink:from="wnt_RemunerationOfSupervisorySeniorOfficialsSpecificationTitle_loc" xlink:to="wnt_AmountExceedingMaximumRemuneration_loc" xlink:type="arc"/>
    <link:presentationArc order="9" xlink:arcrole="http://www.xbrl.org/2003/arcrole/parent-child" xlink:from="wnt_RemunerationOfSupervisorySeniorOfficialsSpecificationTitle_loc" xlink:to="wnt_ReasonsForExceedingMaximumAmountOfRemuneration_loc" xlink:type="arc"/>
    <link:presentationArc order="10" xlink:arcrole="http://www.xbrl.org/2003/arcrole/parent-child" xlink:from="wnt_RemunerationOfSupervisorySeniorOfficialsSpecificationTitle_loc" xlink:to="wnt_ReceivableUnduePaymentsExplanation_loc" xlink:type="arc"/>
    <link:presentationArc order="11" xlink:arcrole="http://www.xbrl.org/2003/arcrole/parent-child" xlink:from="wnt_RemunerationOfSupervisorySeniorOfficialsSpecificationTitle_loc" xlink:to="wnt_InclusionErrorsInRemunerationSeniorOfficials_loc" xlink:type="arc"/>
    <link:presentationArc order="12" xlink:arcrole="http://www.xbrl.org/2003/arcrole/parent-child" xlink:from="wnt_RemunerationOfSupervisorySeniorOfficialsSpecificationTitle_loc" xlink:to="wnt_ReasonsAndCauseErrorsInRemuneration_loc" xlink:type="arc"/>
  </link:presentationLink>  
  <link:presentationLink xlink:role="urn:wnt:linkrole:payments-due-to-termination-of-the-employment-to-senior-officials" xlink:type="extended">
    <link:loc xlink:href="wnt-verantwoordingsmodel-2023.xsd#wnt_PaymentsDueToTerminationEmploymentSeniorOfficialsWithWithoutEmploymentSpecificationTitle" xlink:label="wnt_PaymentsDueToTerminationEmploymentSeniorOfficialsWithWithoutEmploymentSpecificationTitle_loc" xlink:type="locator"/>
    <link:loc xlink:href="wnt-cor.xsd#wnt_AgreedPaymentsDueToTermination" xlink:label="wnt_AgreedPaymentsDueToTermination_loc" xlink:type="locator"/>
    <link:loc xlink:href="wnt-cor.xsd#wnt_AmountExceedingMaximumRemuneration" xlink:label="wnt_AmountExceedingMaximumRemuneration_loc" xlink:type="locator"/>
    <link:loc xlink:href="wnt-cor.xsd#wnt_InclusionErrorsInRemunerationSeniorOfficials" xlink:label="wnt_InclusionErrorsInRemunerationSeniorOfficials_loc" xlink:type="locator"/>
    <link:loc xlink:href="wnt-cor.xsd#wnt_IndividualMaximumPaymentDueToTerminationOfTheEmployment" xlink:label="wnt_IndividualMaximumPaymentDueToTerminationOfTheEmployment_loc" xlink:type="locator"/>
    <link:loc xlink:href="wnt-cor.xsd#wnt_PaymentsDueToTerminationOfTheEmploymentIncludingUnduePayments" xlink:label="wnt_PaymentsDueToTerminationOfTheEmploymentIncludingUnduePayments_loc" xlink:type="locator"/>
    <link:loc xlink:href="wnt-cor.xsd#wnt_PaymentsMadeInTheFinancialYearDueToTerminationOfTheEmployment" xlink:label="wnt_PaymentsMadeInTheFinancialYearDueToTerminationOfTheEmployment_loc" xlink:type="locator"/>
    <link:loc xlink:href="wnt-cor.xsd#wnt_PositionOrPositions" xlink:label="wnt_PositionOrPositions_loc" xlink:type="locator"/>
    <link:loc xlink:href="wnt-cor.xsd#wnt_ReasonsAndCauseErrorsInRemuneration" xlink:label="wnt_ReasonsAndCauseErrorsInRemuneration_loc" xlink:type="locator"/>
    <link:loc xlink:href="wnt-cor.xsd#wnt_ReasonsForExceedingMaximumAmountOfRemuneration" xlink:label="wnt_ReasonsForExceedingMaximumAmountOfRemuneration_loc" xlink:type="locator"/>
    <link:loc xlink:href="wnt-cor.xsd#wnt_ReceivableUnduePaymentsExplanation" xlink:label="wnt_ReceivableUnduePaymentsExplanation_loc" xlink:type="locator"/>
    <link:loc xlink:href="wnt-cor.xsd#wnt_ScopeOfTheEmploymentDuringTheFinancialYearInFTE" xlink:label="wnt_ScopeOfTheEmploymentDuringTheFinancialYearInFTE_loc" xlink:type="locator"/>
    <link:loc xlink:href="wnt-cor.xsd#wnt_UnduePayments" xlink:label="wnt_UnduePayments_loc" xlink:type="locator"/>
    <link:loc xlink:href="wnt-cor.xsd#wnt_YearOfTerminationOfTheEmployment" xlink:label="wnt_YearOfTerminationOfTheEmployment_loc" xlink:type="locator"/>
    <link:presentationArc order="1" xlink:arcrole="http://www.xbrl.org/2003/arcrole/parent-child" xlink:from="wnt_PaymentsDueToTerminationEmploymentSeniorOfficialsWithWithoutEmploymentSpecificationTitle_loc" xlink:to="wnt_PositionOrPositions_loc" xlink:type="arc"/>
    <link:presentationArc order="2" xlink:arcrole="http://www.xbrl.org/2003/arcrole/parent-child" xlink:from="wnt_PaymentsDueToTerminationEmploymentSeniorOfficialsWithWithoutEmploymentSpecificationTitle_loc" xlink:to="wnt_ScopeOfTheEmploymentDuringTheFinancialYearInFTE_loc" xlink:type="arc"/>
    <link:presentationArc order="3" xlink:arcrole="http://www.xbrl.org/2003/arcrole/parent-child" xlink:from="wnt_PaymentsDueToTerminationEmploymentSeniorOfficialsWithWithoutEmploymentSpecificationTitle_loc" xlink:to="wnt_YearOfTerminationOfTheEmployment_loc" xlink:type="arc"/>
    <link:presentationArc order="4" xlink:arcrole="http://www.xbrl.org/2003/arcrole/parent-child" xlink:from="wnt_PaymentsDueToTerminationEmploymentSeniorOfficialsWithWithoutEmploymentSpecificationTitle_loc" xlink:to="wnt_AgreedPaymentsDueToTermination_loc" xlink:type="arc"/>
    <link:presentationArc order="5" xlink:arcrole="http://www.xbrl.org/2003/arcrole/parent-child" xlink:from="wnt_PaymentsDueToTerminationEmploymentSeniorOfficialsWithWithoutEmploymentSpecificationTitle_loc" xlink:to="wnt_IndividualMaximumPaymentDueToTerminationOfTheEmployment_loc" xlink:type="arc"/>
    <link:presentationArc order="6" preferredLabel="http://www.xbrl.org/2003/role/totalLabel" xlink:arcrole="http://www.xbrl.org/2003/arcrole/parent-child" xlink:from="wnt_PaymentsDueToTerminationEmploymentSeniorOfficialsWithWithoutEmploymentSpecificationTitle_loc" xlink:to="wnt_PaymentsDueToTerminationOfTheEmploymentIncludingUnduePayments_loc" xlink:type="arc"/>
    <link:presentationArc order="7" xlink:arcrole="http://www.xbrl.org/2003/arcrole/parent-child" xlink:from="wnt_PaymentsDueToTerminationEmploymentSeniorOfficialsWithWithoutEmploymentSpecificationTitle_loc" xlink:to="wnt_PaymentsMadeInTheFinancialYearDueToTerminationOfTheEmployment_loc" xlink:type="arc"/>
    <link:presentationArc order="8" xlink:arcrole="http://www.xbrl.org/2003/arcrole/parent-child" xlink:from="wnt_PaymentsDueToTerminationEmploymentSeniorOfficialsWithWithoutEmploymentSpecificationTitle_loc" xlink:to="wnt_UnduePayments_loc" xlink:type="arc"/>
    <link:presentationArc order="9" xlink:arcrole="http://www.xbrl.org/2003/arcrole/parent-child" xlink:from="wnt_PaymentsDueToTerminationEmploymentSeniorOfficialsWithWithoutEmploymentSpecificationTitle_loc" xlink:to="wnt_AmountExceedingMaximumRemuneration_loc" xlink:type="arc"/>
    <link:presentationArc order="10" xlink:arcrole="http://www.xbrl.org/2003/arcrole/parent-child" xlink:from="wnt_PaymentsDueToTerminationEmploymentSeniorOfficialsWithWithoutEmploymentSpecificationTitle_loc" xlink:to="wnt_ReasonsForExceedingMaximumAmountOfRemuneration_loc" xlink:type="arc"/>
    <link:presentationArc order="11" xlink:arcrole="http://www.xbrl.org/2003/arcrole/parent-child" xlink:from="wnt_PaymentsDueToTerminationEmploymentSeniorOfficialsWithWithoutEmploymentSpecificationTitle_loc" xlink:to="wnt_ReceivableUnduePaymentsExplanation_loc" xlink:type="arc"/>
    <link:presentationArc order="12" xlink:arcrole="http://www.xbrl.org/2003/arcrole/parent-child" xlink:from="wnt_PaymentsDueToTerminationEmploymentSeniorOfficialsWithWithoutEmploymentSpecificationTitle_loc" xlink:to="wnt_InclusionErrorsInRemunerationSeniorOfficials_loc" xlink:type="arc"/>
    <link:presentationArc order="13" xlink:arcrole="http://www.xbrl.org/2003/arcrole/parent-child" xlink:from="wnt_PaymentsDueToTerminationEmploymentSeniorOfficialsWithWithoutEmploymentSpecificationTitle_loc" xlink:to="wnt_ReasonsAndCauseErrorsInRemuneration_loc" xlink:type="arc"/>
  </link:presentationLink>  
  <link:presentationLink xlink:role="urn:wnt:linkrole:executive-senior-officials-former-senior-officials-remuneration1700or-less" xlink:type="extended">
    <link:loc xlink:href="wnt-verantwoordingsmodel-2023.xsd#wnt_ExecutiveSeniorOfficialsFormerSeniorOfficialsRemuneration1700OrLessSpecificationTitle" xlink:label="wnt_ExecutiveSeniorOfficialsFormerSeniorOfficialsRemuneration1700OrLessSpecificationTitle_loc" xlink:type="locator"/>
    <link:loc xlink:href="wnt-cor.xsd#wnt_PositionOrPositions" xlink:label="wnt_PositionOrPositions_loc" xlink:type="locator"/>
    <link:presentationArc order="1" xlink:arcrole="http://www.xbrl.org/2003/arcrole/parent-child" xlink:from="wnt_ExecutiveSeniorOfficialsFormerSeniorOfficialsRemuneration1700OrLessSpecificationTitle_loc" xlink:to="wnt_PositionOrPositions_loc" xlink:type="arc"/>
  </link:presentationLink>  
  <link:presentationLink xlink:role="urn:wnt:linkrole:remuneration-of-executive-senior-officials-considered-four-years" xlink:type="extended">
    <link:loc xlink:href="wnt-verantwoordingsmodel-2023.xsd#wnt_RemunerationOfExecutiveSeniorOfficialsConsideredFourYearsSpecificationTitle" xlink:label="wnt_RemunerationOfExecutiveSeniorOfficialsConsideredFourYearsSpecificationTitle_loc" xlink:type="locator"/>
    <link:loc xlink:href="wnt-cor.xsd#wnt_AmountExceedingMaximumRemuneration" xlink:label="wnt_AmountExceedingMaximumRemuneration_loc" xlink:type="locator"/>
    <link:loc xlink:href="wnt-cor.xsd#wnt_DoubleCounting" xlink:label="wnt_DoubleCounting_loc" xlink:type="locator"/>
    <link:loc xlink:href="wnt-cor.xsd#wnt_InclusionErrorsInRemunerationSeniorOfficials" xlink:label="wnt_InclusionErrorsInRemunerationSeniorOfficials_loc" xlink:type="locator"/>
    <link:loc xlink:href="wnt-cor.xsd#wnt_ReasonsAndCauseErrorsInRemuneration" xlink:label="wnt_ReasonsAndCauseErrorsInRemuneration_loc" xlink:type="locator"/>
    <link:loc xlink:href="wnt-cor.xsd#wnt_ReasonsForExceedingMaximumAmountOfRemuneration" xlink:label="wnt_ReasonsForExceedingMaximumAmountOfRemuneration_loc" xlink:type="locator"/>
    <link:loc xlink:href="wnt-cor.xsd#wnt_ReceivableUnduePaymentsExplanation" xlink:label="wnt_ReceivableUnduePaymentsExplanation_loc" xlink:type="locator"/>
    <link:loc xlink:href="wnt-cor.xsd#wnt_RemunerationActivitiesAffiliatedCompanies" xlink:label="wnt_RemunerationActivitiesAffiliatedCompanies_loc" xlink:type="locator"/>
    <link:loc xlink:href="wnt-cor.xsd#wnt_RemunerationActivitiesSeniorOfficer" xlink:label="wnt_RemunerationActivitiesSeniorOfficer_loc" xlink:type="locator"/>
    <link:loc xlink:href="wnt-cor.xsd#wnt_RemunerationMaximumOrHigherIndividualRemunerationSeniorOfficer" xlink:label="wnt_RemunerationMaximumOrHigherIndividualRemunerationSeniorOfficer_loc" xlink:type="locator"/>
    <link:loc xlink:href="wnt-cor.xsd#wnt_RemunerationOtherActivitiesSeniorOfficer" xlink:label="wnt_RemunerationOtherActivitiesSeniorOfficer_loc" xlink:type="locator"/>
    <link:loc xlink:href="wnt-cor.xsd#wnt_Remuneration" xlink:label="wnt_Remuneration_loc" xlink:type="locator"/>
    <link:loc xlink:href="wnt-cor.xsd#wnt_SubtotalRemuneration" xlink:label="wnt_SubtotalRemuneration_loc" xlink:type="locator"/>
    <link:loc xlink:href="wnt-cor.xsd#wnt_UnduePayments" xlink:label="wnt_UnduePayments_loc" xlink:type="locator"/>
    <link:loc xlink:href="wnt-cor.xsd#wnt_WntInstitutionActivitiesSeniorOfficer" xlink:label="wnt_WntInstitutionActivitiesSeniorOfficer_loc" xlink:type="locator"/>
    <link:loc xlink:href="wnt-cor.xsd#wnt_WntInstitutionAffiliatedCompanies" xlink:label="wnt_WntInstitutionAffiliatedCompanies_loc" xlink:type="locator"/>
    <link:loc xlink:href="wnt-cor.xsd#wnt_WntInstitutionOtherActivitiesSeniorOfficer" xlink:label="wnt_WntInstitutionOtherActivitiesSeniorOfficer_loc" xlink:type="locator"/>
    <link:presentationArc order="1" preferredLabel="http://www.xbrl.org/2003/role/totalLabel" xlink:arcrole="http://www.xbrl.org/2003/arcrole/parent-child" xlink:from="wnt_RemunerationOfExecutiveSeniorOfficialsConsideredFourYearsSpecificationTitle_loc" xlink:to="wnt_SubtotalRemuneration_loc" xlink:type="arc"/>
    <link:presentationArc order="2" xlink:arcrole="http://www.xbrl.org/2003/arcrole/parent-child" xlink:from="wnt_RemunerationOfExecutiveSeniorOfficialsConsideredFourYearsSpecificationTitle_loc" xlink:to="wnt_WntInstitutionActivitiesSeniorOfficer_loc" xlink:type="arc"/>
    <link:presentationArc order="3" xlink:arcrole="http://www.xbrl.org/2003/arcrole/parent-child" xlink:from="wnt_RemunerationOfExecutiveSeniorOfficialsConsideredFourYearsSpecificationTitle_loc" xlink:to="wnt_WntInstitutionOtherActivitiesSeniorOfficer_loc" xlink:type="arc"/>
    <link:presentationArc order="4" xlink:arcrole="http://www.xbrl.org/2003/arcrole/parent-child" xlink:from="wnt_RemunerationOfExecutiveSeniorOfficialsConsideredFourYearsSpecificationTitle_loc" xlink:to="wnt_WntInstitutionAffiliatedCompanies_loc" xlink:type="arc"/>
    <link:presentationArc order="5" xlink:arcrole="http://www.xbrl.org/2003/arcrole/parent-child" xlink:from="wnt_RemunerationOfExecutiveSeniorOfficialsConsideredFourYearsSpecificationTitle_loc" xlink:to="wnt_RemunerationMaximumOrHigherIndividualRemunerationSeniorOfficer_loc" xlink:type="arc"/>
    <link:presentationArc order="6" xlink:arcrole="http://www.xbrl.org/2003/arcrole/parent-child" xlink:from="wnt_RemunerationOfExecutiveSeniorOfficialsConsideredFourYearsSpecificationTitle_loc" xlink:to="wnt_UnduePayments_loc" xlink:type="arc"/>
    <link:presentationArc order="7" preferredLabel="http://www.xbrl.org/2003/role/terseLabel" xlink:arcrole="http://www.xbrl.org/2003/arcrole/parent-child" xlink:from="wnt_RemunerationOfExecutiveSeniorOfficialsConsideredFourYearsSpecificationTitle_loc" xlink:to="wnt_Remuneration_loc" xlink:type="arc"/>
    <link:presentationArc order="8" xlink:arcrole="http://www.xbrl.org/2003/arcrole/parent-child" xlink:from="wnt_RemunerationOfExecutiveSeniorOfficialsConsideredFourYearsSpecificationTitle_loc" xlink:to="wnt_AmountExceedingMaximumRemuneration_loc" xlink:type="arc"/>
    <link:presentationArc order="9" xlink:arcrole="http://www.xbrl.org/2003/arcrole/parent-child" xlink:from="wnt_RemunerationOfExecutiveSeniorOfficialsConsideredFourYearsSpecificationTitle_loc" xlink:to="wnt_ReasonsForExceedingMaximumAmountOfRemuneration_loc" xlink:type="arc"/>
    <link:presentationArc order="10" xlink:arcrole="http://www.xbrl.org/2003/arcrole/parent-child" xlink:from="wnt_RemunerationOfExecutiveSeniorOfficialsConsideredFourYearsSpecificationTitle_loc" xlink:to="wnt_ReceivableUnduePaymentsExplanation_loc" xlink:type="arc"/>
    <link:presentationArc order="11" xlink:arcrole="http://www.xbrl.org/2003/arcrole/parent-child" xlink:from="wnt_RemunerationOfExecutiveSeniorOfficialsConsideredFourYearsSpecificationTitle_loc" xlink:to="wnt_InclusionErrorsInRemunerationSeniorOfficials_loc" xlink:type="arc"/>
    <link:presentationArc order="12" xlink:arcrole="http://www.xbrl.org/2003/arcrole/parent-child" xlink:from="wnt_RemunerationOfExecutiveSeniorOfficialsConsideredFourYearsSpecificationTitle_loc" xlink:to="wnt_ReasonsAndCauseErrorsInRemuneration_loc" xlink:type="arc"/>
    <link:presentationArc order="1" xlink:arcrole="http://www.xbrl.org/2003/arcrole/parent-child" xlink:from="wnt_SubtotalRemuneration_loc" xlink:to="wnt_RemunerationActivitiesSeniorOfficer_loc" xlink:type="arc"/>
    <link:presentationArc order="2" xlink:arcrole="http://www.xbrl.org/2003/arcrole/parent-child" xlink:from="wnt_SubtotalRemuneration_loc" xlink:to="wnt_RemunerationOtherActivitiesSeniorOfficer_loc" xlink:type="arc"/>
    <link:presentationArc order="3" xlink:arcrole="http://www.xbrl.org/2003/arcrole/parent-child" xlink:from="wnt_SubtotalRemuneration_loc" xlink:to="wnt_RemunerationActivitiesAffiliatedCompanies_loc" xlink:type="arc"/>
    <link:presentationArc order="4" xlink:arcrole="http://www.xbrl.org/2003/arcrole/parent-child" xlink:from="wnt_SubtotalRemuneration_loc" xlink:to="wnt_DoubleCounting_loc" xlink:type="arc"/>
  </link:presentationLink>
  <link:presentationLink xlink:role="urn:wnt:linkrole:remuneration-of-non-senior-officials" xlink:type="extended">
    <link:loc xlink:href="wnt-verantwoordingsmodel-2023.xsd#wnt_RemunerationOfNonSeniorOfficialsSpecificationTitle" xlink:label="wnt_RemunerationOfNonSeniorOfficialsSpecificationTitle_loc" xlink:type="locator"/>
    <link:loc xlink:href="wnt-cor.xsd#wnt_Consideration" xlink:label="wnt_Consideration_loc" xlink:type="locator"/>
    <link:loc xlink:href="wnt-cor.xsd#wnt_InclusionErrorsInRemunerationSeniorOfficials" xlink:label="wnt_InclusionErrorsInRemunerationSeniorOfficials_loc" xlink:type="locator"/>
    <link:loc xlink:href="wnt-cor.xsd#wnt_IndividualMaximumRemuneration" xlink:label="wnt_IndividualMaximumRemuneration_loc" xlink:type="locator"/>
    <link:loc xlink:href="wnt-cor.xsd#wnt_JustificationExceedingMaximumRemuneration" xlink:label="wnt_JustificationExceedingMaximumRemuneration_loc" xlink:type="locator"/>
    <link:loc xlink:href="wnt-cor.xsd#wnt_ProvisionsForPostEmploymentBenefits" xlink:label="wnt_ProvisionsForPostEmploymentBenefits_loc" xlink:type="locator"/>
    <link:loc xlink:href="wnt-cor.xsd#wnt_ReasonsAndCauseErrorsInRemuneration" xlink:label="wnt_ReasonsAndCauseErrorsInRemuneration_loc" xlink:type="locator"/>
    <link:loc xlink:href="wnt-cor.xsd#wnt_Remuneration" xlink:label="wnt_Remuneration_loc" xlink:type="locator"/>
    <link:loc xlink:href="wnt-cor.xsd#wnt_ScopeOfTheEmploymentDuringTheFinancialYearInFTE" xlink:label="wnt_ScopeOfTheEmploymentDuringTheFinancialYearInFTE_loc" xlink:type="locator"/>
    <link:presentationArc order="3" xlink:arcrole="http://www.xbrl.org/2003/arcrole/parent-child" xlink:from="wnt_RemunerationOfNonSeniorOfficialsSpecificationTitle_loc" xlink:to="wnt_ScopeOfTheEmploymentDuringTheFinancialYearInFTE_loc" xlink:type="arc"/>
    <link:presentationArc order="4" preferredLabel="http://www.xbrl.org/2003/role/totalLabel" xlink:arcrole="http://www.xbrl.org/2003/arcrole/parent-child" xlink:from="wnt_RemunerationOfNonSeniorOfficialsSpecificationTitle_loc" xlink:to="wnt_Remuneration_loc" xlink:type="arc"/>
    <link:presentationArc order="5" xlink:arcrole="http://www.xbrl.org/2003/arcrole/parent-child" xlink:from="wnt_RemunerationOfNonSeniorOfficialsSpecificationTitle_loc" xlink:to="wnt_IndividualMaximumRemuneration_loc" xlink:type="arc"/>
    <link:presentationArc order="6" xlink:arcrole="http://www.xbrl.org/2003/arcrole/parent-child" xlink:from="wnt_RemunerationOfNonSeniorOfficialsSpecificationTitle_loc" xlink:to="wnt_JustificationExceedingMaximumRemuneration_loc" xlink:type="arc"/>
    <link:presentationArc order="7" xlink:arcrole="http://www.xbrl.org/2003/arcrole/parent-child" xlink:from="wnt_RemunerationOfNonSeniorOfficialsSpecificationTitle_loc" xlink:to="wnt_InclusionErrorsInRemunerationSeniorOfficials_loc" xlink:type="arc"/>
    <link:presentationArc order="8" xlink:arcrole="http://www.xbrl.org/2003/arcrole/parent-child" xlink:from="wnt_RemunerationOfNonSeniorOfficialsSpecificationTitle_loc" xlink:to="wnt_ReasonsAndCauseErrorsInRemuneration_loc" xlink:type="arc"/>
    <link:presentationArc order="1" xlink:arcrole="http://www.xbrl.org/2003/arcrole/parent-child" xlink:from="wnt_Remuneration_loc" xlink:to="wnt_Consideration_loc" xlink:type="arc"/>
    <link:presentationArc order="2" preferredLabel="http://www.xbrl.org/2003/role/terseLabel" xlink:arcrole="http://www.xbrl.org/2003/arcrole/parent-child" xlink:from="wnt_Remuneration_loc" xlink:to="wnt_ProvisionsForPostEmploymentBenefits_loc" xlink:type="arc"/>
  </link:presentationLink>
  <link:presentationLink xlink:role="urn:wnt:linkrole:senior-officials-remuneration1700or-more-institution" xlink:type="extended">
    <link:loc xlink:href="wnt-verantwoordingsmodel-2023.xsd#wnt_SeniorOfficialsRemuneration1700OrMoreInstitutionTitle" xlink:label="wnt_SeniorOfficialsRemuneration1700OrMoreInstitutionTitle_loc" xlink:type="locator"/>
    <link:loc xlink:href="wnt-cor.xsd#wnt_StartDateEmployment" xlink:label="wnt_StartDateEmployment_loc" xlink:type="locator"/>
    <link:loc xlink:href="wnt-cor.xsd#wnt_TotalRemunerationPerInstitution" xlink:label="wnt_TotalRemunerationPerInstitution_loc" xlink:type="locator"/>
    <link:presentationArc order="1" xlink:arcrole="http://www.xbrl.org/2003/arcrole/parent-child" xlink:from="wnt_SeniorOfficialsRemuneration1700OrMoreInstitutionTitle_loc" xlink:to="wnt_StartDateEmployment_loc" xlink:type="arc"/>
    <link:presentationArc order="2" xlink:arcrole="http://www.xbrl.org/2003/arcrole/parent-child" xlink:from="wnt_SeniorOfficialsRemuneration1700OrMoreInstitutionTitle_loc" xlink:to="wnt_TotalRemunerationPerInstitution_loc" xlink:type="arc"/>
  </link:presentationLink>
  <link:presentationLink xlink:role="urn:wnt:linkrole:senior-officials-remuneration1700or-more-accumulated" xlink:type="extended">
    <link:loc xlink:href="wnt-verantwoordingsmodel-2023.xsd#wnt_SeniorOfficialsRemuneration1700OrMoreAccumulatedTitle" xlink:label="wnt_SeniorOfficialsRemuneration1700OrMoreAccumulatedTitle_loc" xlink:type="locator"/>
    <link:loc xlink:href="wnt-cor.xsd#wnt_AmountExceedingMaximumRemuneration" xlink:label="wnt_AmountExceedingMaximumRemuneration_loc" xlink:type="locator"/>
    <link:loc xlink:href="wnt-cor.xsd#wnt_CumulatedRemunerationAntiCumulationApproach" xlink:label="wnt_CumulatedRemunerationAntiCumulationApproach_loc" xlink:type="locator"/>
    <link:loc xlink:href="wnt-cor.xsd#wnt_InclusionErrorsInRemunerationSeniorOfficials" xlink:label="wnt_InclusionErrorsInRemunerationSeniorOfficials_loc" xlink:type="locator"/>
    <link:loc xlink:href="wnt-cor.xsd#wnt_ReasonsAndCauseErrorsInRemuneration" xlink:label="wnt_ReasonsAndCauseErrorsInRemuneration_loc" xlink:type="locator"/>
    <link:loc xlink:href="wnt-cor.xsd#wnt_ReasonsForExceedingMaximumAmountOfRemuneration" xlink:label="wnt_ReasonsForExceedingMaximumAmountOfRemuneration_loc" xlink:type="locator"/>
    <link:loc xlink:href="wnt-cor.xsd#wnt_ReceivableUnduePaymentsExplanation" xlink:label="wnt_ReceivableUnduePaymentsExplanation_loc" xlink:type="locator"/>
    <link:loc xlink:href="wnt-cor.xsd#wnt_RemunerationMaximumOrHigherIndividualRemunerationSeniorOfficerAntiAccumulation" xlink:label="wnt_RemunerationMaximumOrHigherIndividualRemunerationSeniorOfficerAntiAccumulation_loc" xlink:type="locator"/>
    <link:loc xlink:href="wnt-cor.xsd#wnt_UnduePayments" xlink:label="wnt_UnduePayments_loc" xlink:type="locator"/>
    <link:presentationArc order="1" xlink:arcrole="http://www.xbrl.org/2003/arcrole/parent-child" xlink:from="wnt_SeniorOfficialsRemuneration1700OrMoreAccumulatedTitle_loc" xlink:to="wnt_CumulatedRemunerationAntiCumulationApproach_loc" xlink:type="arc"/>
    <link:presentationArc order="2" xlink:arcrole="http://www.xbrl.org/2003/arcrole/parent-child" xlink:from="wnt_SeniorOfficialsRemuneration1700OrMoreAccumulatedTitle_loc" xlink:to="wnt_RemunerationMaximumOrHigherIndividualRemunerationSeniorOfficerAntiAccumulation_loc" xlink:type="arc"/>
    <link:presentationArc order="3" xlink:arcrole="http://www.xbrl.org/2003/arcrole/parent-child" xlink:from="wnt_SeniorOfficialsRemuneration1700OrMoreAccumulatedTitle_loc" xlink:to="wnt_UnduePayments_loc" xlink:type="arc"/>
    <link:presentationArc order="4" xlink:arcrole="http://www.xbrl.org/2003/arcrole/parent-child" xlink:from="wnt_SeniorOfficialsRemuneration1700OrMoreAccumulatedTitle_loc" xlink:to="wnt_AmountExceedingMaximumRemuneration_loc" xlink:type="arc"/>
    <link:presentationArc order="5" xlink:arcrole="http://www.xbrl.org/2003/arcrole/parent-child" xlink:from="wnt_SeniorOfficialsRemuneration1700OrMoreAccumulatedTitle_loc" xlink:to="wnt_ReasonsForExceedingMaximumAmountOfRemuneration_loc" xlink:type="arc"/>
    <link:presentationArc order="6" xlink:arcrole="http://www.xbrl.org/2003/arcrole/parent-child" xlink:from="wnt_SeniorOfficialsRemuneration1700OrMoreAccumulatedTitle_loc" xlink:to="wnt_ReceivableUnduePaymentsExplanation_loc" xlink:type="arc"/>
    <link:presentationArc order="7" xlink:arcrole="http://www.xbrl.org/2003/arcrole/parent-child" xlink:from="wnt_SeniorOfficialsRemuneration1700OrMoreAccumulatedTitle_loc" xlink:to="wnt_InclusionErrorsInRemunerationSeniorOfficials_loc" xlink:type="arc"/>
    <link:presentationArc order="8" xlink:arcrole="http://www.xbrl.org/2003/arcrole/parent-child" xlink:from="wnt_SeniorOfficialsRemuneration1700OrMoreAccumulatedTitle_loc" xlink:to="wnt_ReasonsAndCauseErrorsInRemuneration_loc" xlink:type="arc"/>
  </link:presentationLink>
  <link:presentationLink xlink:role="urn:wnt:linkrole:senior-official-remuneration1700or-less-anti-cumulation-approach" xlink:type="extended">
    <link:loc xlink:href="wnt-verantwoordingsmodel-2023.xsd#wnt_SeniorOfficialRemuneration1700OrLessAntiCumulationApproachTitle" xlink:label="wnt_SeniorOfficialRemuneration1700OrLessAntiCumulationApproachTitle_loc" xlink:type="locator"/>
    <link:loc xlink:href="wnt-cor.xsd#wnt_AmountExceedingMaximumRemuneration" xlink:label="wnt_AmountExceedingMaximumRemuneration_loc" xlink:type="locator"/>
    <link:loc xlink:href="wnt-cor.xsd#wnt_InclusionErrorsInRemunerationSeniorOfficials" xlink:label="wnt_InclusionErrorsInRemunerationSeniorOfficials_loc" xlink:type="locator"/>
    <link:loc xlink:href="wnt-cor.xsd#wnt_OtherWNTInstitutionsManagingSeniorOfficialsEmployment" xlink:label="wnt_OtherWNTInstitutionsManagingSeniorOfficialsEmployment_loc" xlink:type="locator"/>
    <link:loc xlink:href="wnt-cor.xsd#wnt_PositionOrPositions" xlink:label="wnt_PositionOrPositions_loc" xlink:type="locator"/>
    <link:loc xlink:href="wnt-cor.xsd#wnt_ReasonsAndCauseErrorsInRemuneration" xlink:label="wnt_ReasonsAndCauseErrorsInRemuneration_loc" xlink:type="locator"/>
    <link:loc xlink:href="wnt-cor.xsd#wnt_ReasonsForExceedingMaximumAmountOfRemuneration" xlink:label="wnt_ReasonsForExceedingMaximumAmountOfRemuneration_loc" xlink:type="locator"/>
    <link:loc xlink:href="wnt-cor.xsd#wnt_ReceivableUnduePaymentsExplanation" xlink:label="wnt_ReceivableUnduePaymentsExplanation_loc" xlink:type="locator"/>
    <link:loc xlink:href="wnt-cor.xsd#wnt_UnduePayments" xlink:label="wnt_UnduePayments_loc" xlink:type="locator"/>
    <link:presentationArc order="1" preferredLabel="http://www.xbrl.org/2003/role/terseLabel" xlink:arcrole="http://www.xbrl.org/2003/arcrole/parent-child" xlink:from="wnt_SeniorOfficialRemuneration1700OrLessAntiCumulationApproachTitle_loc" xlink:to="wnt_PositionOrPositions_loc" xlink:type="arc"/>
    <link:presentationArc order="2" xlink:arcrole="http://www.xbrl.org/2003/arcrole/parent-child" xlink:from="wnt_SeniorOfficialRemuneration1700OrLessAntiCumulationApproachTitle_loc" xlink:to="wnt_OtherWNTInstitutionsManagingSeniorOfficialsEmployment_loc" xlink:type="arc"/>
    <link:presentationArc order="3" xlink:arcrole="http://www.xbrl.org/2003/arcrole/parent-child" xlink:from="wnt_SeniorOfficialRemuneration1700OrLessAntiCumulationApproachTitle_loc" xlink:to="wnt_UnduePayments_loc" xlink:type="arc"/>
    <link:presentationArc order="4" xlink:arcrole="http://www.xbrl.org/2003/arcrole/parent-child" xlink:from="wnt_SeniorOfficialRemuneration1700OrLessAntiCumulationApproachTitle_loc" xlink:to="wnt_AmountExceedingMaximumRemuneration_loc" xlink:type="arc"/>
    <link:presentationArc order="5" xlink:arcrole="http://www.xbrl.org/2003/arcrole/parent-child" xlink:from="wnt_SeniorOfficialRemuneration1700OrLessAntiCumulationApproachTitle_loc" xlink:to="wnt_ReasonsForExceedingMaximumAmountOfRemuneration_loc" xlink:type="arc"/>
    <link:presentationArc order="6" xlink:arcrole="http://www.xbrl.org/2003/arcrole/parent-child" xlink:from="wnt_SeniorOfficialRemuneration1700OrLessAntiCumulationApproachTitle_loc" xlink:to="wnt_ReceivableUnduePaymentsExplanation_loc" xlink:type="arc"/>
    <link:presentationArc order="7" xlink:arcrole="http://www.xbrl.org/2003/arcrole/parent-child" xlink:from="wnt_SeniorOfficialRemuneration1700OrLessAntiCumulationApproachTitle_loc" xlink:to="wnt_InclusionErrorsInRemunerationSeniorOfficials_loc" xlink:type="arc"/>
    <link:presentationArc order="8" xlink:arcrole="http://www.xbrl.org/2003/arcrole/parent-child" xlink:from="wnt_SeniorOfficialRemuneration1700OrLessAntiCumulationApproachTitle_loc" xlink:to="wnt_ReasonsAndCauseErrorsInRemuneration_loc" xlink:type="arc"/>
  </link:presentationLink>
</link:linkbase>
