<?xml version="1.0" encoding="UTF-8" standalone="yes"?>

<link:linkbase xmlns:gen="http://xbrl.org/2008/generic" xmlns:link="http://www.xbrl.org/2003/linkbase" xmlns:ref="http://www.xbrl.org/2006/ref" xmlns:reference="http://xbrl.org/2008/reference" xmlns:xlink="http://www.w3.org/1999/xlink" xmlns:xsi="http://www.w3.org/2001/XMLSchema-instance" xsi:schemaLocation="http://www.xbrl.org/2006/ref http://www.xbrl.org/2006/ref-2006-02-27.xsd http://xbrl.org/2008/generic http://www.xbrl.org/2008/generic-link.xsd http://xbrl.org/2008/reference http://www.xbrl.org/2008/generic-reference.xsd">
  <link:roleRef roleURI="http://www.xbrl.org/2008/role/link" xlink:href="http://www.xbrl.org/2008/generic-link.xsd#standard-link-role" xlink:type="simple"/>
  <link:roleRef roleURI="http://www.xbrl.org/2008/role/reference" xlink:href="http://www.xbrl.org/2008/generic-reference.xsd#standard-reference" xlink:type="simple"/>
  <link:arcroleRef arcroleURI="http://xbrl.org/arcrole/2008/element-reference" xlink:href="http://www.xbrl.org/2008/generic-reference.xsd#element-reference" xlink:type="simple"/>
  <gen:link xlink:role="http://www.xbrl.org/2008/role/link" xlink:type="extended">
    <gen:arc xlink:arcrole="http://xbrl.org/arcrole/2008/element-reference" xlink:from="wnt_NameOfSeniorOfficialRemuneration1700OrLessAntiCumulationTypedMember_loc" xlink:to="wnt_UWNT_2018-01-01_5_1_A_ref" xlink:type="arc"/>
    <gen:arc xlink:arcrole="http://xbrl.org/arcrole/2008/element-reference" xlink:from="wnt_NameOfSeniorOfficialRemuneration1700OrLessAntiCumulationTypedMember_loc" xlink:to="wnt_UWNT_2018-01-01_5_4_A_ref" xlink:type="arc"/>
    <gen:arc xlink:arcrole="http://xbrl.org/arcrole/2008/element-reference" xlink:from="wnt_NameOfSeniorOfficialRemuneration1700OrLessAntiCumulationTypedMember_loc" xlink:to="wnt_UWNT_2018-01-01_5_5_A_ref" xlink:type="arc"/>
    <gen:arc xlink:arcrole="http://xbrl.org/arcrole/2008/element-reference" xlink:from="wnt_NameOfSeniorOfficialRemuneration1700OrMoreAccumulatedTypedMember_loc" xlink:to="wnt_UWNT_2018-01-01_5_1_A_ref" xlink:type="arc"/>
    <gen:arc xlink:arcrole="http://xbrl.org/arcrole/2008/element-reference" xlink:from="wnt_NameOfSeniorOfficialRemuneration1700OrMoreAccumulatedTypedMember_loc" xlink:to="wnt_UWNT_2018-01-01_5_4_A_ref" xlink:type="arc"/>
    <gen:arc xlink:arcrole="http://xbrl.org/arcrole/2008/element-reference" xlink:from="wnt_NameOfSeniorOfficialRemuneration1700OrMoreAccumulatedTypedMember_loc" xlink:to="wnt_UWNT_2018-01-01_5_5_A_ref" xlink:type="arc"/>
    <gen:arc xlink:arcrole="http://xbrl.org/arcrole/2008/element-reference" xlink:from="wnt_NameOfSeniorOfficialTypedMember_loc" xlink:to="wnt_UWNT_2018-01-01_5_1_A_ref" xlink:type="arc"/>
    <gen:arc xlink:arcrole="http://xbrl.org/arcrole/2008/element-reference" xlink:from="wnt_NameOfSeniorOfficialTypedMember_loc" xlink:to="wnt_UWNT_2018-01-01_5_4_A_ref" xlink:type="arc"/>
    <gen:arc xlink:arcrole="http://xbrl.org/arcrole/2008/element-reference" xlink:from="wnt_NameOfSeniorOfficialTypedMember_loc" xlink:to="wnt_UWNT_2018-01-01_5_5_A_ref" xlink:type="arc"/>
    <gen:arc xlink:arcrole="http://xbrl.org/arcrole/2008/element-reference" xlink:from="wnt_NameOfSupervisorySeniorOfficialWithoutEmploymentTypedMember_loc" xlink:to="wnt_UWNT_2018-01-01_5_1_A_ref" xlink:type="arc"/>
    <gen:arc xlink:arcrole="http://xbrl.org/arcrole/2008/element-reference" xlink:from="wnt_PositionOfNonSeniorOfficialsTypedMember_loc" xlink:to="wnt_UWNT_2018-01-01_5a_1_A_ref" xlink:type="arc"/>
    <link:loc xlink:href="wnt-cor.xsd#wnt_NameOfSeniorOfficialRemuneration1700OrLessAntiCumulationTypedMember" xlink:label="wnt_NameOfSeniorOfficialRemuneration1700OrLessAntiCumulationTypedMember_loc" xlink:type="locator"/>
    <link:loc xlink:href="wnt-cor.xsd#wnt_NameOfSeniorOfficialRemuneration1700OrMoreAccumulatedTypedMember" xlink:label="wnt_NameOfSeniorOfficialRemuneration1700OrMoreAccumulatedTypedMember_loc" xlink:type="locator"/>
    <link:loc xlink:href="wnt-cor.xsd#wnt_NameOfSeniorOfficialTypedMember" xlink:label="wnt_NameOfSeniorOfficialTypedMember_loc" xlink:type="locator"/>
    <link:loc xlink:href="wnt-cor.xsd#wnt_NameOfSupervisorySeniorOfficialWithoutEmploymentTypedMember" xlink:label="wnt_NameOfSupervisorySeniorOfficialWithoutEmploymentTypedMember_loc" xlink:type="locator"/>
    <link:loc xlink:href="wnt-cor.xsd#wnt_PositionOfNonSeniorOfficialsTypedMember" xlink:label="wnt_PositionOfNonSeniorOfficialsTypedMember_loc" xlink:type="locator"/>
    <reference:reference id="wnt_UWNT_2018-01-01_5_1_A_ref" xlink:label="wnt_UWNT_2018-01-01_5_1_A_ref" xlink:role="http://www.xbrl.org/2008/role/reference" xlink:type="resource">
      <ref:Article>5</ref:Article>
      <ref:IssueDate>2018-01-01</ref:IssueDate>
      <ref:Name>Uitvoeringsregeling WNT</ref:Name>
      <ref:Paragraph>1</ref:Paragraph>
      <ref:Subparagraph>a</ref:Subparagraph>
    </reference:reference>
    <reference:reference id="wnt_UWNT_2018-01-01_5_4_A_ref" xlink:label="wnt_UWNT_2018-01-01_5_4_A_ref" xlink:role="http://www.xbrl.org/2008/role/reference" xlink:type="resource">
      <ref:Article>5</ref:Article>
      <ref:IssueDate>2018-01-01</ref:IssueDate>
      <ref:Name>Uitvoeringsregeling WNT</ref:Name>
      <ref:Paragraph>4</ref:Paragraph>
      <ref:Subparagraph>a</ref:Subparagraph>
    </reference:reference>
    <reference:reference id="wnt_UWNT_2018-01-01_5_5_A_ref" xlink:label="wnt_UWNT_2018-01-01_5_5_A_ref" xlink:role="http://www.xbrl.org/2008/role/reference" xlink:type="resource">
      <ref:Article>5</ref:Article>
      <ref:IssueDate>2018-01-01</ref:IssueDate>
      <ref:Name>Uitvoeringsregeling WNT</ref:Name>
      <ref:Paragraph>5</ref:Paragraph>
      <ref:Subparagraph>a</ref:Subparagraph>
    </reference:reference>
    <reference:reference id="wnt_UWNT_2018-01-01_5a_1_A_ref" xlink:label="wnt_UWNT_2018-01-01_5a_1_A_ref" xlink:role="http://www.xbrl.org/2008/role/reference" xlink:type="resource">
      <ref:Article>5a</ref:Article>
      <ref:IssueDate>2018-01-01</ref:IssueDate>
      <ref:Name>Uitvoeringsregeling WNT</ref:Name>
      <ref:Paragraph>1</ref:Paragraph>
      <ref:Subparagraph>a</ref:Subparagraph>
    </reference:reference>
  </gen:link>
</link:linkbase>
