<?xml version="1.0" encoding="UTF-8" standalone="yes"?>

<link:linkbase xmlns:link="http://www.xbrl.org/2003/linkbase" xmlns:xlink="http://www.w3.org/1999/xlink">
  <link:labelLink xlink:role="http://www.xbrl.org/2003/role/link" xlink:type="extended">
    <link:label id="wnt_Article5_2Title_label_de" xlink:label="wnt_Article5_2Title_label_de" xlink:role="http://www.xbrl.org/2003/role/label" xlink:type="resource" xml:lang="de">Artikel 1.7</link:label>
    <link:label id="wnt_Article2_1Title_label_de" xlink:label="wnt_Article2_1Title_label_de" xlink:role="http://www.xbrl.org/2003/role/label" xlink:type="resource" xml:lang="de">Artikel 2.1</link:label>
    <link:label id="wnt_Article2_6Title_label_de" xlink:label="wnt_Article2_6Title_label_de" xlink:role="http://www.xbrl.org/2003/role/label" xlink:type="resource" xml:lang="de">Artikel 2.6</link:label>
    <link:label id="wnt_Article2_10Title_label_de" xlink:label="wnt_Article2_10Title_label_de" xlink:role="http://www.xbrl.org/2003/role/label" xlink:type="resource" xml:lang="de">Artikel 2.10</link:label>
    <link:label id="wnt_ImplementationRegulationWNTTitle_label_de" xlink:label="wnt_ImplementationRegulationWNTTitle_label_de" xlink:role="http://www.xbrl.org/2003/role/label" xlink:type="resource" xml:lang="de">Durchführungsverordnung WNT</link:label>
    <link:label id="wnt_StandardsForRemunerationActTitle_label_de" xlink:label="wnt_StandardsForRemunerationActTitle_label_de" xlink:role="http://www.xbrl.org/2003/role/label" xlink:type="resource" xml:lang="de">Gesetz zur Normierung der Vergütung von Spitzenfunktionären im öffentlichen und teilöffentlichen Sektor</link:label>
    <link:label id="wnt_AccountabilityModelAdditionalElementsTitle_label_de" xlink:label="wnt_AccountabilityModelAdditionalElementsTitle_label_de" xlink:role="http://www.xbrl.org/2003/role/label" xlink:type="resource" xml:lang="de">Rechenschaftsmodell WNT - Zusätzliche Elemente</link:label>
    <link:labelArc xlink:arcrole="http://www.xbrl.org/2003/arcrole/concept-label" xlink:from="wnt_AccountabilityModelAdditionalElementsTitle_loc" xlink:to="wnt_AccountabilityModelAdditionalElementsTitle_label_de" xlink:type="arc"/>
    <link:labelArc xlink:arcrole="http://www.xbrl.org/2003/arcrole/concept-label" xlink:from="wnt_Article2_1Title_loc" xlink:to="wnt_Article2_1Title_label_de" xlink:type="arc"/>
    <link:labelArc xlink:arcrole="http://www.xbrl.org/2003/arcrole/concept-label" xlink:from="wnt_Article2_6Title_loc" xlink:to="wnt_Article2_6Title_label_de" xlink:type="arc"/>
    <link:labelArc xlink:arcrole="http://www.xbrl.org/2003/arcrole/concept-label" xlink:from="wnt_Article2_10Title_loc" xlink:to="wnt_Article2_10Title_label_de" xlink:type="arc"/>
    <link:labelArc xlink:arcrole="http://www.xbrl.org/2003/arcrole/concept-label" xlink:from="wnt_Article5_2Title_loc" xlink:to="wnt_Article5_2Title_label_de" xlink:type="arc"/>
    <link:labelArc xlink:arcrole="http://www.xbrl.org/2003/arcrole/concept-label" xlink:from="wnt_ImplementationRegulationWNTTitle_loc" xlink:to="wnt_ImplementationRegulationWNTTitle_label_de" xlink:type="arc"/>
    <link:labelArc xlink:arcrole="http://www.xbrl.org/2003/arcrole/concept-label" xlink:from="wnt_StandardsForRemunerationActTitle_loc" xlink:to="wnt_StandardsForRemunerationActTitle_label_de" xlink:type="arc"/>
    <link:loc xlink:href="wnt-all.xsd#wnt_AccountabilityModelAdditionalElementsTitle" xlink:label="wnt_AccountabilityModelAdditionalElementsTitle_loc" xlink:type="locator"/>
    <link:loc xlink:href="wnt-all.xsd#wnt_Article2_1Title" xlink:label="wnt_Article2_1Title_loc" xlink:type="locator"/>
    <link:loc xlink:href="wnt-all.xsd#wnt_Article2_6Title" xlink:label="wnt_Article2_6Title_loc" xlink:type="locator"/>
    <link:loc xlink:href="wnt-all.xsd#wnt_Article2_10Title" xlink:label="wnt_Article2_10Title_loc" xlink:type="locator"/>
    <link:loc xlink:href="wnt-all.xsd#wnt_Article5_2Title" xlink:label="wnt_Article5_2Title_loc" xlink:type="locator"/>
    <link:loc xlink:href="wnt-all.xsd#wnt_ImplementationRegulationWNTTitle" xlink:label="wnt_ImplementationRegulationWNTTitle_loc" xlink:type="locator"/>
    <link:loc xlink:href="wnt-all.xsd#wnt_StandardsForRemunerationActTitle" xlink:label="wnt_StandardsForRemunerationActTitle_loc" xlink:type="locator"/>
  </link:labelLink>
</link:linkbase>
