<?xml version="1.0" encoding="UTF-8" standalone="yes"?>

<link:linkbase xmlns:link="http://www.xbrl.org/2003/linkbase" xmlns:xlink="http://www.w3.org/1999/xlink">
  <link:roleRef roleURI="http://www.xbrl.org/2009/role/negatedLabel" xlink:href="http://www.xbrl.org/lrr/role/negated-2009-12-16.xsd#negatedLabel" xlink:type="simple"/>
  <link:labelLink xlink:role="http://www.xbrl.org/2003/role/link" xlink:type="extended">
    <link:label id="wnt_OtherWNTInstitutionsManagingSeniorOfficialsEmployment_label_de" xlink:label="wnt_OtherWNTInstitutionsManagingSeniorOfficialsEmployment_label_de" xlink:role="http://www.xbrl.org/2003/role/label" xlink:type="resource" xml:lang="de">Alle anderen WNT-Institutionen, bei denen der angestellte leitende leitende Angestellte ebenfalls ein leitender leitender Angestellter ist</link:label>
    <link:label id="wnt_MonthsEmploymentDuringFinancialYear_label_de" xlink:label="wnt_MonthsEmploymentDuringFinancialYear_label_de" xlink:role="http://www.xbrl.org/2003/role/label" xlink:type="resource" xml:lang="de">Anzahl Monate der Arbeitsleistung im Kalenderjahr</link:label>
    <link:label id="wnt_NumberOfNonSeniorOfficialsForWhomTotalAmountStatedOfPremiumsContributionsEmployerPaidDeferredFinancingFormOfPurchasingPensionAgreements_label_de" xlink:label="wnt_NumberOfNonSeniorOfficialsForWhomTotalAmountStatedOfPremiumsContributionsEmployerPaidDeferredFinancingFormOfPurchasingPensionAgreements_label_de" xlink:role="http://www.xbrl.org/2003/role/label" xlink:type="resource" xml:lang="de">Anzahl der nicht hochrangigen Beamten, für die der Gesamtbetrag der Prämien oder Beiträge des Arbeitgebers angegeben wird, die als aufgeschobene Finanzierung in Form von Pensionskäufen gezahlt werden</link:label>
    <link:label id="wnt_JustificationExceedingMaximumRemuneration_label_de" xlink:label="wnt_JustificationExceedingMaximumRemuneration_label_de" xlink:role="http://www.xbrl.org/2003/role/label" xlink:type="resource" xml:lang="de">Begründung der Überschreitung der Höchstvergütung</link:label>
    <link:label id="wnt_ScopeOfTheEmploymentDuringTheFinancialYearInFTE_label_de" xlink:label="wnt_ScopeOfTheEmploymentDuringTheFinancialYearInFTE_label_de" xlink:role="http://www.xbrl.org/2003/role/label" xlink:type="resource" xml:lang="de">Beschäftigungsgrad als Teilzeitfaktor in FTE</link:label>
    <link:label id="wnt_ScopeOfTheEmploymentDuringTheCalendarYearInHours_label_de" xlink:label="wnt_ScopeOfTheEmploymentDuringTheCalendarYearInHours_label_de" xlink:role="http://www.xbrl.org/2003/role/label" xlink:type="resource" xml:lang="de">Beschäftigungsumfang in Stunden pro Kalenderjahr</link:label>
    <link:label id="wnt_AmountExceedingMaximumRemuneration_label_de" xlink:label="wnt_AmountExceedingMaximumRemuneration_label_de" xlink:role="http://www.xbrl.org/2003/role/label" xlink:type="resource" xml:lang="de">Betrag, der die maximale Vergütung überschreitet</link:label>
    <link:label id="wnt_YearOfTerminationOfTheEmployment_label_de" xlink:label="wnt_YearOfTerminationOfTheEmployment_label_de" xlink:role="http://www.xbrl.org/2003/role/label" xlink:type="resource" xml:lang="de">Das Jahr, in dem das Dienstverhältnis beendet wurde</link:label>
    <link:label id="wnt_RemunerationMaximumOrHigherIndividualRemunerationSeniorOfficerAntiAccumulation_label_de" xlink:label="wnt_RemunerationMaximumOrHigherIndividualRemunerationSeniorOfficerAntiAccumulation_label_de" xlink:role="http://www.xbrl.org/2003/role/label" xlink:type="resource" xml:lang="de">Das maximale Vergütungsentgelt oder eine höhere Einzelvergütung als das maximale Vergütungsentgelt</link:label>
    <link:label id="wnt_TotalRemunerationPerInstitution_label_de" xlink:label="wnt_TotalRemunerationPerInstitution_label_de" xlink:role="http://www.xbrl.org/2003/role/label" xlink:type="resource" xml:lang="de">Die Gesamtvergütung pro Institut beträgt x € 1</link:label>
    <link:label id="wnt_ApplicableMaximumRemunerationInstitution_label_de" xlink:label="wnt_ApplicableMaximumRemunerationInstitution_label_de" xlink:role="http://www.xbrl.org/2003/role/label" xlink:type="resource" xml:lang="de">Die anwendbare Vergütungsobergrenze für das Institut</link:label>
    <link:label id="wnt_DoubleCounting_label_de" xlink:label="wnt_DoubleCounting_label_de" xlink:role="http://www.xbrl.org/2003/role/label" xlink:type="resource" xml:lang="de">Doppelzählung durch Gebühren</link:label>
    <link:label id="wnt_DurationOfTheEmploymentDuringTheFinancialYearEndDate_label_de" xlink:label="wnt_DurationOfTheEmploymentDuringTheFinancialYearEndDate_label_de" xlink:role="http://www.xbrl.org/2003/role/label" xlink:type="resource" xml:lang="de">Ende der Arbeitsleistung im Geschäftsjahr</link:label>
    <link:label id="wnt_DurationOfTheEmploymentDuringTheCalendarYearEndDate_label_de" xlink:label="wnt_DurationOfTheEmploymentDuringTheCalendarYearEndDate_label_de" xlink:role="http://www.xbrl.org/2003/role/label" xlink:type="resource" xml:lang="de">Ende der Arbeitsleistung im Kalenderjahr</link:label>
    <link:label id="wnt_ReceivableUnduePaymentsExplanation_label_de" xlink:label="wnt_ReceivableUnduePaymentsExplanation_label_de" xlink:role="http://www.xbrl.org/2003/role/label" xlink:type="resource" xml:lang="de">Erläuterung des Anspruchs auf Zahlung zu Unrecht</link:label>
    <link:label id="wnt_ReasonsAndCauseErrorsInRemuneration_label_de" xlink:label="wnt_ReasonsAndCauseErrorsInRemuneration_label_de" xlink:role="http://www.xbrl.org/2003/role/label" xlink:type="resource" xml:lang="de">Erläuterung des Unterschieds und der Fehlerursache</link:label>
    <link:label id="wnt_InclusionErrorsInRemunerationSeniorOfficials_label_de" xlink:label="wnt_InclusionErrorsInRemunerationSeniorOfficials_label_de" xlink:role="http://www.xbrl.org/2003/role/label" xlink:type="resource" xml:lang="de">Fehlerbehandlung in der WNT-Verantwortlichkeit</link:label>
    <link:label id="wnt_PositionOrPositions_label_de" xlink:label="wnt_PositionOrPositions_label_de" xlink:role="http://www.xbrl.org/2003/role/label" xlink:type="resource" xml:lang="de">Funktion oder Funktionen</link:label>
    <link:label id="wnt_TotalAmountPremiumsContributionsEmployerPaidDeferredFinancingFormOfPurchasingPensionAgreements_label_de" xlink:label="wnt_TotalAmountPremiumsContributionsEmployerPaidDeferredFinancingFormOfPurchasingPensionAgreements_label_de" xlink:role="http://www.xbrl.org/2003/role/label" xlink:type="resource" xml:lang="de">Gesamtbetrag der Prämien oder Beiträge des Arbeitgebers, die als aufgeschobene Finanzierung in Form von Pensionskäufen gezahlt werden</link:label>
    <link:label id="wnt_TotalRemunerationDuringFinancialYear_label_de" xlink:label="wnt_TotalRemunerationDuringFinancialYear_label_de" xlink:role="http://www.xbrl.org/2003/role/label" xlink:type="resource" xml:lang="de">Gesamtvergütung für den gesamten Zeitraum Kalendermonat 1 bis 12</link:label>
    <link:label id="wnt_PaymentsMadeInTheFinancialYearDueToTerminationOfTheEmployment_label_de" xlink:label="wnt_PaymentsMadeInTheFinancialYearDueToTerminationOfTheEmployment_label_de" xlink:role="http://www.xbrl.org/2003/role/label" xlink:type="resource" xml:lang="de">Im Geschäftsjahr geleistete Auszahlungen aufgrund der Beendigung des Dienstverhältnisses</link:label>
    <link:label id="wnt_IndividualMaximumPaymentDueToTerminationOfTheEmployment_label_de" xlink:label="wnt_IndividualMaximumPaymentDueToTerminationOfTheEmployment_label_de" xlink:role="http://www.xbrl.org/2003/role/label" xlink:type="resource" xml:lang="de">Individuell anwendbare Höchstleistungen bei Beendigung des Arbeitsverhältnisses</link:label>
    <link:label id="wnt_IndividualMaximumDuringFinancialYear_label_de" xlink:label="wnt_IndividualMaximumDuringFinancialYear_label_de" xlink:role="http://www.xbrl.org/2003/role/label" xlink:type="resource" xml:lang="de">Individuell anwendbare Vergütung maximal</link:label>
    <link:label id="wnt_IndividualMaximumRemunerationPerHour_label_de" xlink:label="wnt_IndividualMaximumRemunerationPerHour_label_de" xlink:role="http://www.xbrl.org/2003/role/label" xlink:type="resource" xml:lang="de">Individuelle Maximalvergütung pro Stunde</link:label>
    <link:label id="wnt_IndividualMaximumRemunerationNormAmountsPerMonth_label_de" xlink:label="wnt_IndividualMaximumRemunerationNormAmountsPerMonth_label_de" xlink:role="http://www.xbrl.org/2003/role/label" xlink:type="resource" xml:lang="de">Individuelles Maximum basierend auf den Standardbeträgen pro Monat</link:label>
    <link:label id="wnt_IndividualMaximumRemuneration_label_de" xlink:label="wnt_IndividualMaximumRemuneration_label_de" xlink:role="http://www.xbrl.org/2003/role/label" xlink:type="resource" xml:lang="de">Individuelles anwendbare Höchstgehalt</link:label>
    <link:label id="wnt_CalendarYear_label_de" xlink:label="wnt_CalendarYear_label_de" xlink:role="http://www.xbrl.org/2003/role/label" xlink:type="resource" xml:lang="de">Kalenderjahr</link:label>
    <link:label id="wnt_CumulatedRemunerationAntiCumulationApproach_label_de" xlink:label="wnt_CumulatedRemunerationAntiCumulationApproach_label_de" xlink:role="http://www.xbrl.org/2003/role/label" xlink:type="resource" xml:lang="de">Kumulierte Gesamtvergütung aller Institute in Bezug auf den Anti-Kumalisierungs-Ansatz</link:label>
    <link:label id="wnt_PaymentsDueToTerminationOfTheEmploymentIncludingUnduePayments_label_de" xlink:label="wnt_PaymentsDueToTerminationOfTheEmploymentIncludingUnduePayments_label_de" xlink:role="http://www.xbrl.org/2003/role/label" xlink:type="resource" xml:lang="de">Leistungen aufgrund der Beendigung des Dienstverhältnisses, einschließlich unberechtigter Zahlungen</link:label>
    <link:label id="wnt_RemunerationMaximumOrHigherIndividualRemunerationSeniorOfficer_label_de" xlink:label="wnt_RemunerationMaximumOrHigherIndividualRemunerationSeniorOfficer_label_de" xlink:role="http://www.xbrl.org/2003/role/label" xlink:type="resource" xml:lang="de">Maximale Vergütung des Instituts oder höhere Einzelvergütung als leitender Angestellter</link:label>
    <link:label id="wnt_ReasonsForExceedingMaximumAmountOfRemuneration_label_de" xlink:label="wnt_ReasonsForExceedingMaximumAmountOfRemuneration_label_de" xlink:role="http://www.xbrl.org/2003/role/label" xlink:type="resource" xml:lang="de">Motivation für die Überschreitung der maximalen Höhe der Vergütung</link:label>
    <link:label id="wnt_WntInstitutionActivitiesSeniorOfficer_label_de" xlink:label="wnt_WntInstitutionActivitiesSeniorOfficer_label_de" xlink:role="http://www.xbrl.org/2003/role/label" xlink:type="resource" xml:lang="de">Name WNT-Institution für Tätigkeiten als leitender Angestellter</link:label>
    <link:label id="wnt_WntInstitutionAffiliatedCompanies_label_de" xlink:label="wnt_WntInstitutionAffiliatedCompanies_label_de" xlink:role="http://www.xbrl.org/2003/role/label" xlink:type="resource" xml:lang="de">Name WNT-Institution für Tätigkeiten verbundener Unternehmen</link:label>
    <link:label id="wnt_WntInstitutionOtherActivitiesSeniorOfficer_label_de" xlink:label="wnt_WntInstitutionOtherActivitiesSeniorOfficer_label_de" xlink:role="http://www.xbrl.org/2003/role/label" xlink:type="resource" xml:lang="de">Name WNT-Institution für andere Tätigkeiten als leitender Angestellter</link:label>
    <link:label id="wnt_NameOtherWNTInstitution_label_de" xlink:label="wnt_NameOtherWNTInstitution_label_de" xlink:role="http://www.xbrl.org/2003/role/label" xlink:type="resource" xml:lang="de">Name der anderen WNT-Einrichtung(en), an denen der / die oberste Beamte / in beschäftigt ist</link:label>
    <link:label id="wnt_ProvisionsForPostEmploymentBenefits_label_de" xlink:label="wnt_ProvisionsForPostEmploymentBenefits_label_de" xlink:role="http://www.xbrl.org/2003/role/label" xlink:type="resource" xml:lang="de">Rückstellungen für langfristig fällige Vergütungen</link:label>
    <link:label id="wnt_DurationOfTheEmploymentDuringTheFinancialYearStartDate_label_de" xlink:label="wnt_DurationOfTheEmploymentDuringTheFinancialYearStartDate_label_de" xlink:role="http://www.xbrl.org/2003/role/label" xlink:type="resource" xml:lang="de">Start der Arbeitsleistung im Geschäftsjahr</link:label>
    <link:label id="wnt_DurationOfTheEmploymentDuringTheCalendarYearStartDate_label_de" xlink:label="wnt_DurationOfTheEmploymentDuringTheCalendarYearStartDate_label_de" xlink:role="http://www.xbrl.org/2003/role/label" xlink:type="resource" xml:lang="de">Start der Zeitspanne der Arbeitsleistung im Kalenderjahr</link:label>
    <link:label id="wnt_StartDateEmployment_label_de" xlink:label="wnt_StartDateEmployment_label_de" xlink:role="http://www.xbrl.org/2003/role/label" xlink:type="resource" xml:lang="de">Startdatum Beschäftigung</link:label>
    <link:label id="wnt_UnduePayments_label_de" xlink:label="wnt_UnduePayments_label_de" xlink:role="http://www.xbrl.org/2003/role/label" xlink:type="resource" xml:lang="de">Unbezahlter bezahlt und Betrag noch nicht zurückgegeben</link:label>
    <link:label id="wnt_AgreedPaymentsDueToTermination_label_de" xlink:label="wnt_AgreedPaymentsDueToTermination_label_de" xlink:role="http://www.xbrl.org/2003/role/label" xlink:type="resource" xml:lang="de">Vereinbarte Leistungen für die Beendigung des Arbeitsverhältnisses mit Ausnahme von Leistungen aufgrund einer gerichtlichen Entscheidung</link:label>
    <link:label id="wnt_RemunerationActivitiesSeniorOfficer_label_de" xlink:label="wnt_RemunerationActivitiesSeniorOfficer_label_de" xlink:role="http://www.xbrl.org/2003/role/label" xlink:type="resource" xml:lang="de">Vergütung für Tätigkeiten als leitender Angestellter</link:label>
    <link:label id="wnt_RemunerationActivitiesAffiliatedCompanies_label_de" xlink:label="wnt_RemunerationActivitiesAffiliatedCompanies_label_de" xlink:role="http://www.xbrl.org/2003/role/label" xlink:type="resource" xml:lang="de">Vergütung für Tätigkeiten verbundener Unternehmen</link:label>
    <link:label id="wnt_RemunerationOtherActivitiesSeniorOfficer_label_de" xlink:label="wnt_RemunerationOtherActivitiesSeniorOfficer_label_de" xlink:role="http://www.xbrl.org/2003/role/label" xlink:type="resource" xml:lang="de">Vergütung für andere Tätigkeiten als leitender Angestellter</link:label>
    <link:label id="wnt_RemunerationPaidDuringFinancialYear_label_de" xlink:label="wnt_RemunerationPaidDuringFinancialYear_label_de" xlink:role="http://www.xbrl.org/2003/role/label" xlink:type="resource" xml:lang="de">Vergütung im relevanten Zeitraum</link:label>
    <link:label id="wnt_RemunerationUnduePayments_label_de" xlink:label="wnt_RemunerationUnduePayments_label_de" xlink:role="http://www.xbrl.org/2003/role/label" xlink:type="resource" xml:lang="de">Vergütung inklusive nicht-fälliger Bezahlungen</link:label>
    <link:label id="wnt_Consideration_label_de" xlink:label="wnt_Consideration_label_de" xlink:role="http://www.xbrl.org/2003/role/label" xlink:type="resource" xml:lang="de">Vergütung zuzüglich steuerpflichtiger Aufwandsentschädigungen</link:label>
    <link:label id="wnt_Remuneration_label_de" xlink:label="wnt_Remuneration_label_de" xlink:role="http://www.xbrl.org/2003/role/label" xlink:type="resource" xml:lang="de">Vergütung</link:label>
    <link:label id="wnt_PublicationWNTInTheConsolidatedStatutoryAccounts_label_de" xlink:label="wnt_PublicationWNTInTheConsolidatedStatutoryAccounts_label_de" xlink:role="http://www.xbrl.org/2003/role/label" xlink:type="resource" xml:lang="de">Veröffentlichung WNT im konsolidierten und / oder im statutarischen Jahresabschluss oder Jahresabschlüsse einer der anderen juristischen Personen innerhalb der Gruppe</link:label>
    <link:label id="wnt_ReferenceToTheSeniorOfficialsAndCorrespondingStatutoryEntities_label_de" xlink:label="wnt_ReferenceToTheSeniorOfficialsAndCorrespondingStatutoryEntities_label_de" xlink:role="http://www.xbrl.org/2003/role/label" xlink:type="resource" xml:lang="de">Weitergabe der verantwortlichen WNT-Daten an leitende Beamte und verbundene juristische Person (en)</link:label>
    <link:label id="wnt_ExistenceOfAnEmploymentRelationship_label_de" xlink:label="wnt_ExistenceOfAnEmploymentRelationship_label_de" xlink:role="http://www.xbrl.org/2003/role/label" xlink:type="resource" xml:lang="de">Wird von einem Dienstverhältnis gesprochen? (Ja/Nein)</link:label>
    <link:label id="wnt_SubtotalRemuneration_label_de" xlink:label="wnt_SubtotalRemuneration_label_de" xlink:role="http://www.xbrl.org/2003/role/label" xlink:type="resource" xml:lang="de">Zwischensummenvergütung</link:label>
    <link:labelArc xlink:arcrole="http://www.xbrl.org/2003/arcrole/concept-label" xlink:from="wnt_AgreedPaymentsDueToTermination_loc" xlink:to="wnt_AgreedPaymentsDueToTermination_label_de" xlink:type="arc"/>
    <link:labelArc xlink:arcrole="http://www.xbrl.org/2003/arcrole/concept-label" xlink:from="wnt_AmountExceedingMaximumRemuneration_loc" xlink:to="wnt_AmountExceedingMaximumRemuneration_label_de" xlink:type="arc"/>
    <link:labelArc xlink:arcrole="http://www.xbrl.org/2003/arcrole/concept-label" xlink:from="wnt_ApplicableMaximumRemunerationInstitution_loc" xlink:to="wnt_ApplicableMaximumRemunerationInstitution_label_de" xlink:type="arc"/>
    <link:labelArc xlink:arcrole="http://www.xbrl.org/2003/arcrole/concept-label" xlink:from="wnt_CalendarYear_loc" xlink:to="wnt_CalendarYear_label_de" xlink:type="arc"/>
    <link:labelArc xlink:arcrole="http://www.xbrl.org/2003/arcrole/concept-label" xlink:from="wnt_Consideration_loc" xlink:to="wnt_Consideration_label_de" xlink:type="arc"/>
    <link:labelArc xlink:arcrole="http://www.xbrl.org/2003/arcrole/concept-label" xlink:from="wnt_CumulatedRemunerationAntiCumulationApproach_loc" xlink:to="wnt_CumulatedRemunerationAntiCumulationApproach_label_de" xlink:type="arc"/>
    <link:labelArc xlink:arcrole="http://www.xbrl.org/2003/arcrole/concept-label" xlink:from="wnt_DoubleCounting_loc" xlink:to="wnt_DoubleCounting_label_de" xlink:type="arc"/>
    <link:labelArc xlink:arcrole="http://www.xbrl.org/2003/arcrole/concept-label" xlink:from="wnt_DurationOfTheEmploymentDuringTheCalendarYearEndDate_loc" xlink:to="wnt_DurationOfTheEmploymentDuringTheCalendarYearEndDate_label_de" xlink:type="arc"/>
    <link:labelArc xlink:arcrole="http://www.xbrl.org/2003/arcrole/concept-label" xlink:from="wnt_DurationOfTheEmploymentDuringTheCalendarYearStartDate_loc" xlink:to="wnt_DurationOfTheEmploymentDuringTheCalendarYearStartDate_label_de" xlink:type="arc"/>
    <link:labelArc xlink:arcrole="http://www.xbrl.org/2003/arcrole/concept-label" xlink:from="wnt_DurationOfTheEmploymentDuringTheFinancialYearEndDate_loc" xlink:to="wnt_DurationOfTheEmploymentDuringTheFinancialYearEndDate_label_de" xlink:type="arc"/>
    <link:labelArc xlink:arcrole="http://www.xbrl.org/2003/arcrole/concept-label" xlink:from="wnt_DurationOfTheEmploymentDuringTheFinancialYearStartDate_loc" xlink:to="wnt_DurationOfTheEmploymentDuringTheFinancialYearStartDate_label_de" xlink:type="arc"/>
    <link:labelArc xlink:arcrole="http://www.xbrl.org/2003/arcrole/concept-label" xlink:from="wnt_ExistenceOfAnEmploymentRelationship_loc" xlink:to="wnt_ExistenceOfAnEmploymentRelationship_label_de" xlink:type="arc"/>
    <link:labelArc xlink:arcrole="http://www.xbrl.org/2003/arcrole/concept-label" xlink:from="wnt_InclusionErrorsInRemunerationSeniorOfficials_loc" xlink:to="wnt_InclusionErrorsInRemunerationSeniorOfficials_label_de" xlink:type="arc"/>
    <link:labelArc xlink:arcrole="http://www.xbrl.org/2003/arcrole/concept-label" xlink:from="wnt_IndividualMaximumDuringFinancialYear_loc" xlink:to="wnt_IndividualMaximumDuringFinancialYear_label_de" xlink:type="arc"/>
    <link:labelArc xlink:arcrole="http://www.xbrl.org/2003/arcrole/concept-label" xlink:from="wnt_IndividualMaximumPaymentDueToTerminationOfTheEmployment_loc" xlink:to="wnt_IndividualMaximumPaymentDueToTerminationOfTheEmployment_label_de" xlink:type="arc"/>
    <link:labelArc xlink:arcrole="http://www.xbrl.org/2003/arcrole/concept-label" xlink:from="wnt_IndividualMaximumRemunerationNormAmountsPerMonth_loc" xlink:to="wnt_IndividualMaximumRemunerationNormAmountsPerMonth_label_de" xlink:type="arc"/>
    <link:labelArc xlink:arcrole="http://www.xbrl.org/2003/arcrole/concept-label" xlink:from="wnt_IndividualMaximumRemunerationPerHour_loc" xlink:to="wnt_IndividualMaximumRemunerationPerHour_label_de" xlink:type="arc"/>
    <link:labelArc xlink:arcrole="http://www.xbrl.org/2003/arcrole/concept-label" xlink:from="wnt_IndividualMaximumRemuneration_loc" xlink:to="wnt_IndividualMaximumRemuneration_label_de" xlink:type="arc"/>
    <link:labelArc xlink:arcrole="http://www.xbrl.org/2003/arcrole/concept-label" xlink:from="wnt_JustificationExceedingMaximumRemuneration_loc" xlink:to="wnt_JustificationExceedingMaximumRemuneration_label_de" xlink:type="arc"/>
    <link:labelArc xlink:arcrole="http://www.xbrl.org/2003/arcrole/concept-label" xlink:from="wnt_MonthsEmploymentDuringFinancialYear_loc" xlink:to="wnt_MonthsEmploymentDuringFinancialYear_label_de" xlink:type="arc"/>
    <link:labelArc xlink:arcrole="http://www.xbrl.org/2003/arcrole/concept-label" xlink:from="wnt_NameOtherWNTInstitution_loc" xlink:to="wnt_NameOtherWNTInstitution_label_de" xlink:type="arc"/>
    <link:labelArc xlink:arcrole="http://www.xbrl.org/2003/arcrole/concept-label" xlink:from="wnt_NumberOfNonSeniorOfficialsForWhomTotalAmountStatedOfPremiumsContributionsEmployerPaidDeferredFinancingFormOfPurchasingPensionAgreements_loc" xlink:to="wnt_NumberOfNonSeniorOfficialsForWhomTotalAmountStatedOfPremiumsContributionsEmployerPaidDeferredFinancingFormOfPurchasingPensionAgreements_label_de" xlink:type="arc"/>
    <link:labelArc xlink:arcrole="http://www.xbrl.org/2003/arcrole/concept-label" xlink:from="wnt_OtherWNTInstitutionsManagingSeniorOfficialsEmployment_loc" xlink:to="wnt_OtherWNTInstitutionsManagingSeniorOfficialsEmployment_label_de" xlink:type="arc"/>
    <link:labelArc xlink:arcrole="http://www.xbrl.org/2003/arcrole/concept-label" xlink:from="wnt_PaymentsDueToTerminationOfTheEmploymentIncludingUnduePayments_loc" xlink:to="wnt_PaymentsDueToTerminationOfTheEmploymentIncludingUnduePayments_label_de" xlink:type="arc"/>
    <link:labelArc xlink:arcrole="http://www.xbrl.org/2003/arcrole/concept-label" xlink:from="wnt_PaymentsMadeInTheFinancialYearDueToTerminationOfTheEmployment_loc" xlink:to="wnt_PaymentsMadeInTheFinancialYearDueToTerminationOfTheEmployment_label_de" xlink:type="arc"/>
    <link:labelArc xlink:arcrole="http://www.xbrl.org/2003/arcrole/concept-label" xlink:from="wnt_PositionOrPositions_loc" xlink:to="wnt_PositionOrPositions_label_de" xlink:type="arc"/>
    <link:labelArc xlink:arcrole="http://www.xbrl.org/2003/arcrole/concept-label" xlink:from="wnt_ProvisionsForPostEmploymentBenefits_loc" xlink:to="wnt_ProvisionsForPostEmploymentBenefits_label_de" xlink:type="arc"/>
    <link:labelArc xlink:arcrole="http://www.xbrl.org/2003/arcrole/concept-label" xlink:from="wnt_PublicationWNTInTheConsolidatedStatutoryAccounts_loc" xlink:to="wnt_PublicationWNTInTheConsolidatedStatutoryAccounts_label_de" xlink:type="arc"/>
    <link:labelArc xlink:arcrole="http://www.xbrl.org/2003/arcrole/concept-label" xlink:from="wnt_ReasonsAndCauseErrorsInRemuneration_loc" xlink:to="wnt_ReasonsAndCauseErrorsInRemuneration_label_de" xlink:type="arc"/>
    <link:labelArc xlink:arcrole="http://www.xbrl.org/2003/arcrole/concept-label" xlink:from="wnt_ReasonsForExceedingMaximumAmountOfRemuneration_loc" xlink:to="wnt_ReasonsForExceedingMaximumAmountOfRemuneration_label_de" xlink:type="arc"/>
    <link:labelArc xlink:arcrole="http://www.xbrl.org/2003/arcrole/concept-label" xlink:from="wnt_ReceivableUnduePaymentsExplanation_loc" xlink:to="wnt_ReceivableUnduePaymentsExplanation_label_de" xlink:type="arc"/>
    <link:labelArc xlink:arcrole="http://www.xbrl.org/2003/arcrole/concept-label" xlink:from="wnt_ReferenceToTheSeniorOfficialsAndCorrespondingStatutoryEntities_loc" xlink:to="wnt_ReferenceToTheSeniorOfficialsAndCorrespondingStatutoryEntities_label_de" xlink:type="arc"/>
    <link:labelArc xlink:arcrole="http://www.xbrl.org/2003/arcrole/concept-label" xlink:from="wnt_RemunerationActivitiesAffiliatedCompanies_loc" xlink:to="wnt_RemunerationActivitiesAffiliatedCompanies_label_de" xlink:type="arc"/>
    <link:labelArc xlink:arcrole="http://www.xbrl.org/2003/arcrole/concept-label" xlink:from="wnt_RemunerationActivitiesSeniorOfficer_loc" xlink:to="wnt_RemunerationActivitiesSeniorOfficer_label_de" xlink:type="arc"/>
    <link:labelArc xlink:arcrole="http://www.xbrl.org/2003/arcrole/concept-label" xlink:from="wnt_RemunerationMaximumOrHigherIndividualRemunerationSeniorOfficerAntiAccumulation_loc" xlink:to="wnt_RemunerationMaximumOrHigherIndividualRemunerationSeniorOfficerAntiAccumulation_label_de" xlink:type="arc"/>
    <link:labelArc xlink:arcrole="http://www.xbrl.org/2003/arcrole/concept-label" xlink:from="wnt_RemunerationMaximumOrHigherIndividualRemunerationSeniorOfficer_loc" xlink:to="wnt_RemunerationMaximumOrHigherIndividualRemunerationSeniorOfficer_label_de" xlink:type="arc"/>
    <link:labelArc xlink:arcrole="http://www.xbrl.org/2003/arcrole/concept-label" xlink:from="wnt_RemunerationOtherActivitiesSeniorOfficer_loc" xlink:to="wnt_RemunerationOtherActivitiesSeniorOfficer_label_de" xlink:type="arc"/>
    <link:labelArc xlink:arcrole="http://www.xbrl.org/2003/arcrole/concept-label" xlink:from="wnt_RemunerationPaidDuringFinancialYear_loc" xlink:to="wnt_RemunerationPaidDuringFinancialYear_label_de" xlink:type="arc"/>
    <link:labelArc xlink:arcrole="http://www.xbrl.org/2003/arcrole/concept-label" xlink:from="wnt_RemunerationUnduePayments_loc" xlink:to="wnt_RemunerationUnduePayments_label_de" xlink:type="arc"/>
    <link:labelArc xlink:arcrole="http://www.xbrl.org/2003/arcrole/concept-label" xlink:from="wnt_Remuneration_loc" xlink:to="wnt_Remuneration_label_de" xlink:type="arc"/>
    <link:labelArc xlink:arcrole="http://www.xbrl.org/2003/arcrole/concept-label" xlink:from="wnt_ScopeOfTheEmploymentDuringTheCalendarYearInHours_loc" xlink:to="wnt_ScopeOfTheEmploymentDuringTheCalendarYearInHours_label_de" xlink:type="arc"/>
    <link:labelArc xlink:arcrole="http://www.xbrl.org/2003/arcrole/concept-label" xlink:from="wnt_ScopeOfTheEmploymentDuringTheFinancialYearInFTE_loc" xlink:to="wnt_ScopeOfTheEmploymentDuringTheFinancialYearInFTE_label_de" xlink:type="arc"/>
    <link:labelArc xlink:arcrole="http://www.xbrl.org/2003/arcrole/concept-label" xlink:from="wnt_StartDateEmployment_loc" xlink:to="wnt_StartDateEmployment_label_de" xlink:type="arc"/>
    <link:labelArc xlink:arcrole="http://www.xbrl.org/2003/arcrole/concept-label" xlink:from="wnt_SubtotalRemuneration_loc" xlink:to="wnt_SubtotalRemuneration_label_de" xlink:type="arc"/>
    <link:labelArc xlink:arcrole="http://www.xbrl.org/2003/arcrole/concept-label" xlink:from="wnt_TotalAmountPremiumsContributionsEmployerPaidDeferredFinancingFormOfPurchasingPensionAgreements_loc" xlink:to="wnt_TotalAmountPremiumsContributionsEmployerPaidDeferredFinancingFormOfPurchasingPensionAgreements_label_de" xlink:type="arc"/>
    <link:labelArc xlink:arcrole="http://www.xbrl.org/2003/arcrole/concept-label" xlink:from="wnt_TotalRemunerationDuringFinancialYear_loc" xlink:to="wnt_TotalRemunerationDuringFinancialYear_label_de" xlink:type="arc"/>
    <link:labelArc xlink:arcrole="http://www.xbrl.org/2003/arcrole/concept-label" xlink:from="wnt_TotalRemunerationPerInstitution_loc" xlink:to="wnt_TotalRemunerationPerInstitution_label_de" xlink:type="arc"/>
    <link:labelArc xlink:arcrole="http://www.xbrl.org/2003/arcrole/concept-label" xlink:from="wnt_UnduePayments_loc" xlink:to="wnt_UnduePayments_label_de" xlink:type="arc"/>
    <link:labelArc xlink:arcrole="http://www.xbrl.org/2003/arcrole/concept-label" xlink:from="wnt_WntInstitutionActivitiesSeniorOfficer_loc" xlink:to="wnt_WntInstitutionActivitiesSeniorOfficer_label_de" xlink:type="arc"/>
    <link:labelArc xlink:arcrole="http://www.xbrl.org/2003/arcrole/concept-label" xlink:from="wnt_WntInstitutionAffiliatedCompanies_loc" xlink:to="wnt_WntInstitutionAffiliatedCompanies_label_de" xlink:type="arc"/>
    <link:labelArc xlink:arcrole="http://www.xbrl.org/2003/arcrole/concept-label" xlink:from="wnt_WntInstitutionOtherActivitiesSeniorOfficer_loc" xlink:to="wnt_WntInstitutionOtherActivitiesSeniorOfficer_label_de" xlink:type="arc"/>
    <link:labelArc xlink:arcrole="http://www.xbrl.org/2003/arcrole/concept-label" xlink:from="wnt_YearOfTerminationOfTheEmployment_loc" xlink:to="wnt_YearOfTerminationOfTheEmployment_label_de" xlink:type="arc"/>
    <link:loc xlink:href="wnt-cor.xsd#wnt_AgreedPaymentsDueToTermination" xlink:label="wnt_AgreedPaymentsDueToTermination_loc" xlink:type="locator"/>
    <link:loc xlink:href="wnt-cor.xsd#wnt_AmountExceedingMaximumRemuneration" xlink:label="wnt_AmountExceedingMaximumRemuneration_loc" xlink:type="locator"/>
    <link:loc xlink:href="wnt-cor.xsd#wnt_ApplicableMaximumRemunerationInstitution" xlink:label="wnt_ApplicableMaximumRemunerationInstitution_loc" xlink:type="locator"/>
    <link:loc xlink:href="wnt-cor.xsd#wnt_CalendarYear" xlink:label="wnt_CalendarYear_loc" xlink:type="locator"/>
    <link:loc xlink:href="wnt-cor.xsd#wnt_Consideration" xlink:label="wnt_Consideration_loc" xlink:type="locator"/>
    <link:loc xlink:href="wnt-cor.xsd#wnt_CumulatedRemunerationAntiCumulationApproach" xlink:label="wnt_CumulatedRemunerationAntiCumulationApproach_loc" xlink:type="locator"/>
    <link:loc xlink:href="wnt-cor.xsd#wnt_DoubleCounting" xlink:label="wnt_DoubleCounting_loc" xlink:type="locator"/>
    <link:loc xlink:href="wnt-cor.xsd#wnt_DurationOfTheEmploymentDuringTheCalendarYearEndDate" xlink:label="wnt_DurationOfTheEmploymentDuringTheCalendarYearEndDate_loc" xlink:type="locator"/>
    <link:loc xlink:href="wnt-cor.xsd#wnt_DurationOfTheEmploymentDuringTheCalendarYearStartDate" xlink:label="wnt_DurationOfTheEmploymentDuringTheCalendarYearStartDate_loc" xlink:type="locator"/>
    <link:loc xlink:href="wnt-cor.xsd#wnt_DurationOfTheEmploymentDuringTheFinancialYearEndDate" xlink:label="wnt_DurationOfTheEmploymentDuringTheFinancialYearEndDate_loc" xlink:type="locator"/>
    <link:loc xlink:href="wnt-cor.xsd#wnt_DurationOfTheEmploymentDuringTheFinancialYearStartDate" xlink:label="wnt_DurationOfTheEmploymentDuringTheFinancialYearStartDate_loc" xlink:type="locator"/>
    <link:loc xlink:href="wnt-cor.xsd#wnt_ExistenceOfAnEmploymentRelationship" xlink:label="wnt_ExistenceOfAnEmploymentRelationship_loc" xlink:type="locator"/>
    <link:loc xlink:href="wnt-cor.xsd#wnt_InclusionErrorsInRemunerationSeniorOfficials" xlink:label="wnt_InclusionErrorsInRemunerationSeniorOfficials_loc" xlink:type="locator"/>
    <link:loc xlink:href="wnt-cor.xsd#wnt_IndividualMaximumDuringFinancialYear" xlink:label="wnt_IndividualMaximumDuringFinancialYear_loc" xlink:type="locator"/>
    <link:loc xlink:href="wnt-cor.xsd#wnt_IndividualMaximumPaymentDueToTerminationOfTheEmployment" xlink:label="wnt_IndividualMaximumPaymentDueToTerminationOfTheEmployment_loc" xlink:type="locator"/>
    <link:loc xlink:href="wnt-cor.xsd#wnt_IndividualMaximumRemunerationNormAmountsPerMonth" xlink:label="wnt_IndividualMaximumRemunerationNormAmountsPerMonth_loc" xlink:type="locator"/>
    <link:loc xlink:href="wnt-cor.xsd#wnt_IndividualMaximumRemunerationPerHour" xlink:label="wnt_IndividualMaximumRemunerationPerHour_loc" xlink:type="locator"/>
    <link:loc xlink:href="wnt-cor.xsd#wnt_IndividualMaximumRemuneration" xlink:label="wnt_IndividualMaximumRemuneration_loc" xlink:type="locator"/>
    <link:loc xlink:href="wnt-cor.xsd#wnt_JustificationExceedingMaximumRemuneration" xlink:label="wnt_JustificationExceedingMaximumRemuneration_loc" xlink:type="locator"/>
    <link:loc xlink:href="wnt-cor.xsd#wnt_MonthsEmploymentDuringFinancialYear" xlink:label="wnt_MonthsEmploymentDuringFinancialYear_loc" xlink:type="locator"/>
    <link:loc xlink:href="wnt-cor.xsd#wnt_NameOtherWNTInstitution" xlink:label="wnt_NameOtherWNTInstitution_loc" xlink:type="locator"/>
    <link:loc xlink:href="wnt-cor.xsd#wnt_NumberOfNonSeniorOfficialsForWhomTotalAmountStatedOfPremiumsContributionsEmployerPaidDeferredFinancingFormOfPurchasingPensionAgreements" xlink:label="wnt_NumberOfNonSeniorOfficialsForWhomTotalAmountStatedOfPremiumsContributionsEmployerPaidDeferredFinancingFormOfPurchasingPensionAgreements_loc" xlink:type="locator"/>
    <link:loc xlink:href="wnt-cor.xsd#wnt_OtherWNTInstitutionsManagingSeniorOfficialsEmployment" xlink:label="wnt_OtherWNTInstitutionsManagingSeniorOfficialsEmployment_loc" xlink:type="locator"/>
    <link:loc xlink:href="wnt-cor.xsd#wnt_PaymentsDueToTerminationOfTheEmploymentIncludingUnduePayments" xlink:label="wnt_PaymentsDueToTerminationOfTheEmploymentIncludingUnduePayments_loc" xlink:type="locator"/>
    <link:loc xlink:href="wnt-cor.xsd#wnt_PaymentsMadeInTheFinancialYearDueToTerminationOfTheEmployment" xlink:label="wnt_PaymentsMadeInTheFinancialYearDueToTerminationOfTheEmployment_loc" xlink:type="locator"/>
    <link:loc xlink:href="wnt-cor.xsd#wnt_PositionOrPositions" xlink:label="wnt_PositionOrPositions_loc" xlink:type="locator"/>
    <link:loc xlink:href="wnt-cor.xsd#wnt_ProvisionsForPostEmploymentBenefits" xlink:label="wnt_ProvisionsForPostEmploymentBenefits_loc" xlink:type="locator"/>
    <link:loc xlink:href="wnt-cor.xsd#wnt_PublicationWNTInTheConsolidatedStatutoryAccounts" xlink:label="wnt_PublicationWNTInTheConsolidatedStatutoryAccounts_loc" xlink:type="locator"/>
    <link:loc xlink:href="wnt-cor.xsd#wnt_ReasonsAndCauseErrorsInRemuneration" xlink:label="wnt_ReasonsAndCauseErrorsInRemuneration_loc" xlink:type="locator"/>
    <link:loc xlink:href="wnt-cor.xsd#wnt_ReasonsForExceedingMaximumAmountOfRemuneration" xlink:label="wnt_ReasonsForExceedingMaximumAmountOfRemuneration_loc" xlink:type="locator"/>
    <link:loc xlink:href="wnt-cor.xsd#wnt_ReceivableUnduePaymentsExplanation" xlink:label="wnt_ReceivableUnduePaymentsExplanation_loc" xlink:type="locator"/>
    <link:loc xlink:href="wnt-cor.xsd#wnt_ReferenceToTheSeniorOfficialsAndCorrespondingStatutoryEntities" xlink:label="wnt_ReferenceToTheSeniorOfficialsAndCorrespondingStatutoryEntities_loc" xlink:type="locator"/>
    <link:loc xlink:href="wnt-cor.xsd#wnt_RemunerationActivitiesAffiliatedCompanies" xlink:label="wnt_RemunerationActivitiesAffiliatedCompanies_loc" xlink:type="locator"/>
    <link:loc xlink:href="wnt-cor.xsd#wnt_RemunerationActivitiesSeniorOfficer" xlink:label="wnt_RemunerationActivitiesSeniorOfficer_loc" xlink:type="locator"/>
    <link:loc xlink:href="wnt-cor.xsd#wnt_RemunerationMaximumOrHigherIndividualRemunerationSeniorOfficerAntiAccumulation" xlink:label="wnt_RemunerationMaximumOrHigherIndividualRemunerationSeniorOfficerAntiAccumulation_loc" xlink:type="locator"/>
    <link:loc xlink:href="wnt-cor.xsd#wnt_RemunerationMaximumOrHigherIndividualRemunerationSeniorOfficer" xlink:label="wnt_RemunerationMaximumOrHigherIndividualRemunerationSeniorOfficer_loc" xlink:type="locator"/>
    <link:loc xlink:href="wnt-cor.xsd#wnt_RemunerationOtherActivitiesSeniorOfficer" xlink:label="wnt_RemunerationOtherActivitiesSeniorOfficer_loc" xlink:type="locator"/>
    <link:loc xlink:href="wnt-cor.xsd#wnt_RemunerationPaidDuringFinancialYear" xlink:label="wnt_RemunerationPaidDuringFinancialYear_loc" xlink:type="locator"/>
    <link:loc xlink:href="wnt-cor.xsd#wnt_RemunerationUnduePayments" xlink:label="wnt_RemunerationUnduePayments_loc" xlink:type="locator"/>
    <link:loc xlink:href="wnt-cor.xsd#wnt_Remuneration" xlink:label="wnt_Remuneration_loc" xlink:type="locator"/>
    <link:loc xlink:href="wnt-cor.xsd#wnt_ScopeOfTheEmploymentDuringTheCalendarYearInHours" xlink:label="wnt_ScopeOfTheEmploymentDuringTheCalendarYearInHours_loc" xlink:type="locator"/>
    <link:loc xlink:href="wnt-cor.xsd#wnt_ScopeOfTheEmploymentDuringTheFinancialYearInFTE" xlink:label="wnt_ScopeOfTheEmploymentDuringTheFinancialYearInFTE_loc" xlink:type="locator"/>
    <link:loc xlink:href="wnt-cor.xsd#wnt_StartDateEmployment" xlink:label="wnt_StartDateEmployment_loc" xlink:type="locator"/>
    <link:loc xlink:href="wnt-cor.xsd#wnt_SubtotalRemuneration" xlink:label="wnt_SubtotalRemuneration_loc" xlink:type="locator"/>
    <link:loc xlink:href="wnt-cor.xsd#wnt_TotalAmountPremiumsContributionsEmployerPaidDeferredFinancingFormOfPurchasingPensionAgreements" xlink:label="wnt_TotalAmountPremiumsContributionsEmployerPaidDeferredFinancingFormOfPurchasingPensionAgreements_loc" xlink:type="locator"/>
    <link:loc xlink:href="wnt-cor.xsd#wnt_TotalRemunerationDuringFinancialYear" xlink:label="wnt_TotalRemunerationDuringFinancialYear_loc" xlink:type="locator"/>
    <link:loc xlink:href="wnt-cor.xsd#wnt_TotalRemunerationPerInstitution" xlink:label="wnt_TotalRemunerationPerInstitution_loc" xlink:type="locator"/>
    <link:loc xlink:href="wnt-cor.xsd#wnt_UnduePayments" xlink:label="wnt_UnduePayments_loc" xlink:type="locator"/>
    <link:loc xlink:href="wnt-cor.xsd#wnt_WntInstitutionActivitiesSeniorOfficer" xlink:label="wnt_WntInstitutionActivitiesSeniorOfficer_loc" xlink:type="locator"/>
    <link:loc xlink:href="wnt-cor.xsd#wnt_WntInstitutionAffiliatedCompanies" xlink:label="wnt_WntInstitutionAffiliatedCompanies_loc" xlink:type="locator"/>
    <link:loc xlink:href="wnt-cor.xsd#wnt_WntInstitutionOtherActivitiesSeniorOfficer" xlink:label="wnt_WntInstitutionOtherActivitiesSeniorOfficer_loc" xlink:type="locator"/>
    <link:loc xlink:href="wnt-cor.xsd#wnt_YearOfTerminationOfTheEmployment" xlink:label="wnt_YearOfTerminationOfTheEmployment_loc" xlink:type="locator"/>
	
    <link:label id="wnt_DoubleCounting_negatedLabel_de" xlink:label="wnt_DoubleCounting_negatedLabel_de" xlink:role="http://www.xbrl.org/2009/role/negatedLabel" xlink:type="resource" xml:lang="de">Doppelzählung durch Gebühren</link:label>
    <link:label id="wnt_UnduePayments_negatedLabel_de" xlink:label="wnt_UnduePayments_negatedLabel_de" xlink:role="http://www.xbrl.org/2009/role/negatedLabel" xlink:type="resource" xml:lang="de">Unbezahlter bezahlt und Betrag noch nicht zurückgegeben</link:label>
    <link:labelArc xlink:arcrole="http://www.xbrl.org/2003/arcrole/concept-label" xlink:from="wnt_DoubleCounting_loc" xlink:to="wnt_DoubleCounting_negatedLabel_de" xlink:type="arc"/>
    <link:labelArc xlink:arcrole="http://www.xbrl.org/2003/arcrole/concept-label" xlink:from="wnt_UnduePayments_loc" xlink:to="wnt_UnduePayments_negatedLabel_de" xlink:type="arc"/>

    <link:label id="wnt_ScopeOfTheEmploymentDuringTheFinancialYearInFTE_terseLabel_de" xlink:label="wnt_ScopeOfTheEmploymentDuringTheFinancialYearInFTE_terseLabel_de" xlink:role="http://www.xbrl.org/2003/role/terseLabel" xlink:type="resource" xml:lang="de">Beschäftigungsgrad (als Teilzeitfaktor in FTE)</link:label>
    <link:label id="wnt_ExistenceOfAnEmploymentRelationship_terseLabel_de" xlink:label="wnt_ExistenceOfAnEmploymentRelationship_terseLabel_de" xlink:role="http://www.xbrl.org/2003/role/terseLabel" xlink:type="resource" xml:lang="de">Dienstverhältnis?</link:label>
    <link:label id="wnt_DurationOfTheEmploymentDuringTheCalendarYearEndDate_terseLabel_de" xlink:label="wnt_DurationOfTheEmploymentDuringTheCalendarYearEndDate_terseLabel_de" xlink:role="http://www.xbrl.org/2003/role/terseLabel" xlink:type="resource" xml:lang="de">Ende der Arbeitsleistung</link:label>
    <link:label id="wnt_DurationOfTheEmploymentDuringTheFinancialYearEndDate_terseLabel_de" xlink:label="wnt_DurationOfTheEmploymentDuringTheFinancialYearEndDate_terseLabel_de" xlink:role="http://www.xbrl.org/2003/role/terseLabel" xlink:type="resource" xml:lang="de">Ende der Arbeitsleistung</link:label>
    <link:label id="wnt_PositionOrPositions_terseLabel_de" xlink:label="wnt_PositionOrPositions_terseLabel_de" xlink:role="http://www.xbrl.org/2003/role/terseLabel" xlink:type="resource" xml:lang="de">Funktion(en)</link:label>
    <link:label id="wnt_PaymentsDueToTerminationOfTheEmploymentIncludingUnduePayments_terseLabel_de" xlink:label="wnt_PaymentsDueToTerminationOfTheEmploymentIncludingUnduePayments_terseLabel_de" xlink:role="http://www.xbrl.org/2003/role/terseLabel" xlink:type="resource" xml:lang="de">Gesamtsumme der Leistungen aufgrund der Beendigung des Dienstverhältnisses</link:label>
    <link:label id="wnt_Remuneration_terseLabel_de" xlink:label="wnt_Remuneration_terseLabel_de" xlink:role="http://www.xbrl.org/2003/role/terseLabel" xlink:type="resource" xml:lang="de">Gesamtvergütung</link:label>
    <link:label id="wnt_IndividualMaximumRemuneration_terseLabel_de" xlink:label="wnt_IndividualMaximumRemuneration_terseLabel_de" xlink:role="http://www.xbrl.org/2003/role/terseLabel" xlink:type="resource" xml:lang="de">Höchstgehalt</link:label>
    <link:label id="wnt_IndividualMaximumDuringFinancialYear_terseLabel_de" xlink:label="wnt_IndividualMaximumDuringFinancialYear_terseLabel_de" xlink:role="http://www.xbrl.org/2003/role/terseLabel" xlink:type="resource" xml:lang="de">Individuell anwendbarer maximaler Gesamtzeitraum Kalendermonat 1 bis 12</link:label>
    <link:label id="wnt_IndividualMaximumPaymentDueToTerminationOfTheEmployment_terseLabel_de" xlink:label="wnt_IndividualMaximumPaymentDueToTerminationOfTheEmployment_terseLabel_de" xlink:role="http://www.xbrl.org/2003/role/terseLabel" xlink:type="resource" xml:lang="de">Individuelles Höchstgehalt</link:label>
    <link:label id="wnt_YearOfTerminationOfTheEmployment_terseLabel_de" xlink:label="wnt_YearOfTerminationOfTheEmployment_terseLabel_de" xlink:role="http://www.xbrl.org/2003/role/terseLabel" xlink:type="resource" xml:lang="de">Jahr der Beendigung</link:label>
    <link:label id="wnt_ProvisionsForPostEmploymentBenefits_terseLabel_de" xlink:label="wnt_ProvisionsForPostEmploymentBenefits_terseLabel_de" xlink:role="http://www.xbrl.org/2003/role/terseLabel" xlink:type="resource" xml:lang="de">Langfristig fällige Vergütungen</link:label>
    <link:label id="wnt_IndividualMaximumRemunerationNormAmountsPerMonth_terseLabel_de" xlink:label="wnt_IndividualMaximumRemunerationNormAmountsPerMonth_terseLabel_de" xlink:role="http://www.xbrl.org/2003/role/terseLabel" xlink:type="resource" xml:lang="de">Maxima auf der Basis der Standardbeträge pro Monat</link:label>
    <link:label id="wnt_IndividualMaximumRemunerationPerHour_terseLabel_de" xlink:label="wnt_IndividualMaximumRemunerationPerHour_terseLabel_de" xlink:role="http://www.xbrl.org/2003/role/terseLabel" xlink:type="resource" xml:lang="de">Maximale Vergütung pro Stunde im Kalenderjahr</link:label>
    <link:label id="wnt_ReasonsForExceedingMaximumAmountOfRemuneration_terseLabel_de" xlink:label="wnt_ReasonsForExceedingMaximumAmountOfRemuneration_terseLabel_de" xlink:role="http://www.xbrl.org/2003/role/terseLabel" xlink:type="resource" xml:lang="de">Motivation für die Überschreitung</link:label>
    <link:label id="wnt_DurationOfTheEmploymentDuringTheCalendarYearStartDate_terseLabel_de" xlink:label="wnt_DurationOfTheEmploymentDuringTheCalendarYearStartDate_terseLabel_de" xlink:role="http://www.xbrl.org/2003/role/terseLabel" xlink:type="resource" xml:lang="de">Start der Arbeitsleistung</link:label>
    <link:label id="wnt_DurationOfTheEmploymentDuringTheFinancialYearStartDate_terseLabel_de" xlink:label="wnt_DurationOfTheEmploymentDuringTheFinancialYearStartDate_terseLabel_de" xlink:role="http://www.xbrl.org/2003/role/terseLabel" xlink:type="resource" xml:lang="de">Start der Arbeitsleistung</link:label>
    <link:label id="wnt_AgreedPaymentsDueToTermination_terseLabel_de" xlink:label="wnt_AgreedPaymentsDueToTermination_terseLabel_de" xlink:role="http://www.xbrl.org/2003/role/terseLabel" xlink:type="resource" xml:lang="de">Vereinbarte Leistungen für die Beendigung des Arbeitsverhältnisses</link:label>
    <link:label id="wnt_RemunerationUnduePayments_terseLabel_de" xlink:label="wnt_RemunerationUnduePayments_terseLabel_de" xlink:role="http://www.xbrl.org/2003/role/terseLabel" xlink:type="resource" xml:lang="de">Vergütung</link:label>
    <link:labelArc xlink:arcrole="http://www.xbrl.org/2003/arcrole/concept-label" xlink:from="wnt_AgreedPaymentsDueToTermination_loc" xlink:to="wnt_AgreedPaymentsDueToTermination_terseLabel_de" xlink:type="arc"/>
    <link:labelArc xlink:arcrole="http://www.xbrl.org/2003/arcrole/concept-label" xlink:from="wnt_DurationOfTheEmploymentDuringTheCalendarYearEndDate_loc" xlink:to="wnt_DurationOfTheEmploymentDuringTheCalendarYearEndDate_terseLabel_de" xlink:type="arc"/>
    <link:labelArc xlink:arcrole="http://www.xbrl.org/2003/arcrole/concept-label" xlink:from="wnt_DurationOfTheEmploymentDuringTheCalendarYearStartDate_loc" xlink:to="wnt_DurationOfTheEmploymentDuringTheCalendarYearStartDate_terseLabel_de" xlink:type="arc"/>
    <link:labelArc xlink:arcrole="http://www.xbrl.org/2003/arcrole/concept-label" xlink:from="wnt_DurationOfTheEmploymentDuringTheFinancialYearEndDate_loc" xlink:to="wnt_DurationOfTheEmploymentDuringTheFinancialYearEndDate_terseLabel_de" xlink:type="arc"/>
    <link:labelArc xlink:arcrole="http://www.xbrl.org/2003/arcrole/concept-label" xlink:from="wnt_DurationOfTheEmploymentDuringTheFinancialYearStartDate_loc" xlink:to="wnt_DurationOfTheEmploymentDuringTheFinancialYearStartDate_terseLabel_de" xlink:type="arc"/>
    <link:labelArc xlink:arcrole="http://www.xbrl.org/2003/arcrole/concept-label" xlink:from="wnt_ExistenceOfAnEmploymentRelationship_loc" xlink:to="wnt_ExistenceOfAnEmploymentRelationship_terseLabel_de" xlink:type="arc"/>
    <link:labelArc xlink:arcrole="http://www.xbrl.org/2003/arcrole/concept-label" xlink:from="wnt_IndividualMaximumDuringFinancialYear_loc" xlink:to="wnt_IndividualMaximumDuringFinancialYear_terseLabel_de" xlink:type="arc"/>
    <link:labelArc xlink:arcrole="http://www.xbrl.org/2003/arcrole/concept-label" xlink:from="wnt_IndividualMaximumPaymentDueToTerminationOfTheEmployment_loc" xlink:to="wnt_IndividualMaximumPaymentDueToTerminationOfTheEmployment_terseLabel_de" xlink:type="arc"/>
    <link:labelArc xlink:arcrole="http://www.xbrl.org/2003/arcrole/concept-label" xlink:from="wnt_IndividualMaximumRemunerationNormAmountsPerMonth_loc" xlink:to="wnt_IndividualMaximumRemunerationNormAmountsPerMonth_terseLabel_de" xlink:type="arc"/>
    <link:labelArc xlink:arcrole="http://www.xbrl.org/2003/arcrole/concept-label" xlink:from="wnt_IndividualMaximumRemunerationPerHour_loc" xlink:to="wnt_IndividualMaximumRemunerationPerHour_terseLabel_de" xlink:type="arc"/>
    <link:labelArc xlink:arcrole="http://www.xbrl.org/2003/arcrole/concept-label" xlink:from="wnt_IndividualMaximumRemuneration_loc" xlink:to="wnt_IndividualMaximumRemuneration_terseLabel_de" xlink:type="arc"/>
    <link:labelArc xlink:arcrole="http://www.xbrl.org/2003/arcrole/concept-label" xlink:from="wnt_PaymentsDueToTerminationOfTheEmploymentIncludingUnduePayments_loc" xlink:to="wnt_PaymentsDueToTerminationOfTheEmploymentIncludingUnduePayments_terseLabel_de" xlink:type="arc"/>
    <link:labelArc xlink:arcrole="http://www.xbrl.org/2003/arcrole/concept-label" xlink:from="wnt_PositionOrPositions_loc" xlink:to="wnt_PositionOrPositions_terseLabel_de" xlink:type="arc"/>
    <link:labelArc xlink:arcrole="http://www.xbrl.org/2003/arcrole/concept-label" xlink:from="wnt_ProvisionsForPostEmploymentBenefits_loc" xlink:to="wnt_ProvisionsForPostEmploymentBenefits_terseLabel_de" xlink:type="arc"/>
    <link:labelArc xlink:arcrole="http://www.xbrl.org/2003/arcrole/concept-label" xlink:from="wnt_ReasonsForExceedingMaximumAmountOfRemuneration_loc" xlink:to="wnt_ReasonsForExceedingMaximumAmountOfRemuneration_terseLabel_de" xlink:type="arc"/>
    <link:labelArc xlink:arcrole="http://www.xbrl.org/2003/arcrole/concept-label" xlink:from="wnt_RemunerationUnduePayments_loc" xlink:to="wnt_RemunerationUnduePayments_terseLabel_de" xlink:type="arc"/>
    <link:labelArc xlink:arcrole="http://www.xbrl.org/2003/arcrole/concept-label" xlink:from="wnt_Remuneration_loc" xlink:to="wnt_Remuneration_terseLabel_de" xlink:type="arc"/>
    <link:labelArc xlink:arcrole="http://www.xbrl.org/2003/arcrole/concept-label" xlink:from="wnt_ScopeOfTheEmploymentDuringTheFinancialYearInFTE_loc" xlink:to="wnt_ScopeOfTheEmploymentDuringTheFinancialYearInFTE_terseLabel_de" xlink:type="arc"/>
    <link:labelArc xlink:arcrole="http://www.xbrl.org/2003/arcrole/concept-label" xlink:from="wnt_YearOfTerminationOfTheEmployment_loc" xlink:to="wnt_YearOfTerminationOfTheEmployment_terseLabel_de" xlink:type="arc"/>

    <link:label id="wnt_PaymentsDueToTerminationOfTheEmploymentIncludingUnduePayments_totalLabel_de" xlink:label="wnt_PaymentsDueToTerminationOfTheEmploymentIncludingUnduePayments_totalLabel_de" xlink:role="http://www.xbrl.org/2003/role/totalLabel" xlink:type="resource" xml:lang="de">Gesamtsumme der Leistungen aufgrund der Beendigung des Dienstverhältnisses</link:label>
    <link:label id="wnt_Remuneration_totalLabel_de" xlink:label="wnt_Remuneration_totalLabel_de" xlink:role="http://www.xbrl.org/2003/role/totalLabel" xlink:type="resource" xml:lang="de">Gesamtvergütung</link:label>
    <link:label id="wnt_RemunerationUnduePayments_totalLabel_de" xlink:label="wnt_RemunerationUnduePayments_totalLabel_de" xlink:role="http://www.xbrl.org/2003/role/totalLabel" xlink:type="resource" xml:lang="de">Zwischensumme</link:label>
    <link:label id="wnt_SubtotalRemuneration_totalLabel_de" xlink:label="wnt_SubtotalRemuneration_totalLabel_de" xlink:role="http://www.xbrl.org/2003/role/totalLabel" xlink:type="resource" xml:lang="de">Zwischensummenvergütung</link:label>
    <link:labelArc xlink:arcrole="http://www.xbrl.org/2003/arcrole/concept-label" xlink:from="wnt_PaymentsDueToTerminationOfTheEmploymentIncludingUnduePayments_loc" xlink:to="wnt_PaymentsDueToTerminationOfTheEmploymentIncludingUnduePayments_totalLabel_de" xlink:type="arc"/>
    <link:labelArc xlink:arcrole="http://www.xbrl.org/2003/arcrole/concept-label" xlink:from="wnt_RemunerationUnduePayments_loc" xlink:to="wnt_RemunerationUnduePayments_totalLabel_de" xlink:type="arc"/>
    <link:labelArc xlink:arcrole="http://www.xbrl.org/2003/arcrole/concept-label" xlink:from="wnt_Remuneration_loc" xlink:to="wnt_Remuneration_totalLabel_de" xlink:type="arc"/>
    <link:labelArc xlink:arcrole="http://www.xbrl.org/2003/arcrole/concept-label" xlink:from="wnt_SubtotalRemuneration_loc" xlink:to="wnt_SubtotalRemuneration_totalLabel_de" xlink:type="arc"/>
    <link:label id="wnt_IndividualMaximumRemuneration_verboseLabel_de" xlink:label="wnt_IndividualMaximumRemuneration_verboseLabel_de" xlink:role="http://www.xbrl.org/2003/role/verboseLabel" xlink:type="resource" xml:lang="de">Individuell anwendbare Schwellenvergütung</link:label>
    <link:labelArc xlink:arcrole="http://www.xbrl.org/2003/arcrole/concept-label" xlink:from="wnt_IndividualMaximumRemuneration_loc" xlink:to="wnt_IndividualMaximumRemuneration_verboseLabel_de" xlink:type="arc"/>

    <link:label id="wnt_PositionOfNonSeniorOfficialsAxis_label_de" xlink:label="wnt_PositionOfNonSeniorOfficialsAxis_label_de" xlink:role="http://www.xbrl.org/2003/role/label" xlink:type="resource" xml:lang="de">Funktion des Nicht-Spitzenfunktionärs</link:label>
    <link:label id="wnt_WNTInstitutionAxis_label_de" xlink:label="wnt_WNTInstitutionAxis_label_de" xlink:role="http://www.xbrl.org/2003/role/label" xlink:type="resource" xml:lang="de">Name der WNT-Institution(en), in der der leitende Beamte beschäftigt ist (sind)</link:label>
    <link:label id="wnt_NameOfSupervisorySeniorOfficialWithoutEmploymentAxis_label_de" xlink:label="wnt_NameOfSupervisorySeniorOfficialWithoutEmploymentAxis_label_de" xlink:role="http://www.xbrl.org/2003/role/label" xlink:type="resource" xml:lang="de">Name des Aufsichts-Spitzenfunktionärs</link:label>
    <link:label id="wnt_NameOfSeniorOfficialAxis_label_de" xlink:label="wnt_NameOfSeniorOfficialAxis_label_de" xlink:role="http://www.xbrl.org/2003/role/label" xlink:type="resource" xml:lang="de">Name des Spitzenfunktionärs</link:label>
    <link:label id="wnt_NameOfSeniorOfficialConsideredFourYearsAxis_label_de" xlink:label="wnt_NameOfSeniorOfficialConsideredFourYearsAxis_label_de" xlink:role="http://www.xbrl.org/2003/role/label" xlink:type="resource" xml:lang="de">Name des Spitzenfunktionärs</link:label>
    <link:label id="wnt_NameOfSeniorOfficialRemuneration1700OrLessAntiCumulationAxis_label_de" xlink:label="wnt_NameOfSeniorOfficialRemuneration1700OrLessAntiCumulationAxis_label_de" xlink:role="http://www.xbrl.org/2003/role/label" xlink:type="resource" xml:lang="de">Name des Spitzenfunktionärs</link:label>
    <link:label id="wnt_NameOfSeniorOfficialRemuneration1700OrLessAxis_label_de" xlink:label="wnt_NameOfSeniorOfficialRemuneration1700OrLessAxis_label_de" xlink:role="http://www.xbrl.org/2003/role/label" xlink:type="resource" xml:lang="de">Name des Spitzenfunktionärs</link:label>
    <link:label id="wnt_NameOfSeniorOfficialTerminationOfEmploymentAxis_label_de" xlink:label="wnt_NameOfSeniorOfficialTerminationOfEmploymentAxis_label_de" xlink:role="http://www.xbrl.org/2003/role/label" xlink:type="resource" xml:lang="de">Name des Spitzenfunktionärs</link:label>
    <link:label id="wnt_NameOfSeniorOfficialWithoutEmploymentAxis_label_de" xlink:label="wnt_NameOfSeniorOfficialWithoutEmploymentAxis_label_de" xlink:role="http://www.xbrl.org/2003/role/label" xlink:type="resource" xml:lang="de">Name des Spitzenfunktionärs</link:label>
    <link:label id="wnt_NameOfSeniorOfficialRemuneration1700OrMoreAccumulatedAxis_label_de" xlink:label="wnt_NameOfSeniorOfficialRemuneration1700OrMoreAccumulatedAxis_label_de" xlink:role="http://www.xbrl.org/2003/role/label" xlink:type="resource" xml:lang="de">Name des nicht aufsichtsrechtlichen leitenden Beamten</link:label>
    <link:labelArc xlink:arcrole="http://www.xbrl.org/2003/arcrole/concept-label" xlink:from="wnt_NameOfSeniorOfficialAxis_loc" xlink:to="wnt_NameOfSeniorOfficialAxis_label_de" xlink:type="arc"/>
    <link:labelArc xlink:arcrole="http://www.xbrl.org/2003/arcrole/concept-label" xlink:from="wnt_NameOfSeniorOfficialConsideredFourYearsAxis_loc" xlink:to="wnt_NameOfSeniorOfficialConsideredFourYearsAxis_label_de" xlink:type="arc"/>
    <link:labelArc xlink:arcrole="http://www.xbrl.org/2003/arcrole/concept-label" xlink:from="wnt_NameOfSeniorOfficialRemuneration1700OrLessAntiCumulationAxis_loc" xlink:to="wnt_NameOfSeniorOfficialRemuneration1700OrLessAntiCumulationAxis_label_de" xlink:type="arc"/>
    <link:labelArc xlink:arcrole="http://www.xbrl.org/2003/arcrole/concept-label" xlink:from="wnt_NameOfSeniorOfficialRemuneration1700OrLessAxis_loc" xlink:to="wnt_NameOfSeniorOfficialRemuneration1700OrLessAxis_label_de" xlink:type="arc"/>
    <link:labelArc xlink:arcrole="http://www.xbrl.org/2003/arcrole/concept-label" xlink:from="wnt_NameOfSeniorOfficialRemuneration1700OrMoreAccumulatedAxis_loc" xlink:to="wnt_NameOfSeniorOfficialRemuneration1700OrMoreAccumulatedAxis_label_de" xlink:type="arc"/>
    <link:labelArc xlink:arcrole="http://www.xbrl.org/2003/arcrole/concept-label" xlink:from="wnt_NameOfSeniorOfficialTerminationOfEmploymentAxis_loc" xlink:to="wnt_NameOfSeniorOfficialTerminationOfEmploymentAxis_label_de" xlink:type="arc"/>
    <link:labelArc xlink:arcrole="http://www.xbrl.org/2003/arcrole/concept-label" xlink:from="wnt_NameOfSeniorOfficialWithoutEmploymentAxis_loc" xlink:to="wnt_NameOfSeniorOfficialWithoutEmploymentAxis_label_de" xlink:type="arc"/>
    <link:labelArc xlink:arcrole="http://www.xbrl.org/2003/arcrole/concept-label" xlink:from="wnt_NameOfSupervisorySeniorOfficialWithoutEmploymentAxis_loc" xlink:to="wnt_NameOfSupervisorySeniorOfficialWithoutEmploymentAxis_label_de" xlink:type="arc"/>
    <link:labelArc xlink:arcrole="http://www.xbrl.org/2003/arcrole/concept-label" xlink:from="wnt_PositionOfNonSeniorOfficialsAxis_loc" xlink:to="wnt_PositionOfNonSeniorOfficialsAxis_label_de" xlink:type="arc"/>
    <link:labelArc xlink:arcrole="http://www.xbrl.org/2003/arcrole/concept-label" xlink:from="wnt_WNTInstitutionAxis_loc" xlink:to="wnt_WNTInstitutionAxis_label_de" xlink:type="arc"/>
    <link:loc xlink:href="wnt-cor.xsd#wnt_NameOfSeniorOfficialAxis" xlink:label="wnt_NameOfSeniorOfficialAxis_loc" xlink:type="locator"/>
    <link:loc xlink:href="wnt-cor.xsd#wnt_NameOfSeniorOfficialConsideredFourYearsAxis" xlink:label="wnt_NameOfSeniorOfficialConsideredFourYearsAxis_loc" xlink:type="locator"/>
    <link:loc xlink:href="wnt-cor.xsd#wnt_NameOfSeniorOfficialRemuneration1700OrLessAntiCumulationAxis" xlink:label="wnt_NameOfSeniorOfficialRemuneration1700OrLessAntiCumulationAxis_loc" xlink:type="locator"/>
    <link:loc xlink:href="wnt-cor.xsd#wnt_NameOfSeniorOfficialRemuneration1700OrLessAxis" xlink:label="wnt_NameOfSeniorOfficialRemuneration1700OrLessAxis_loc" xlink:type="locator"/>
    <link:loc xlink:href="wnt-cor.xsd#wnt_NameOfSeniorOfficialRemuneration1700OrMoreAccumulatedAxis" xlink:label="wnt_NameOfSeniorOfficialRemuneration1700OrMoreAccumulatedAxis_loc" xlink:type="locator"/>
    <link:loc xlink:href="wnt-cor.xsd#wnt_NameOfSeniorOfficialTerminationOfEmploymentAxis" xlink:label="wnt_NameOfSeniorOfficialTerminationOfEmploymentAxis_loc" xlink:type="locator"/>
    <link:loc xlink:href="wnt-cor.xsd#wnt_NameOfSeniorOfficialWithoutEmploymentAxis" xlink:label="wnt_NameOfSeniorOfficialWithoutEmploymentAxis_loc" xlink:type="locator"/>
    <link:loc xlink:href="wnt-cor.xsd#wnt_NameOfSupervisorySeniorOfficialWithoutEmploymentAxis" xlink:label="wnt_NameOfSupervisorySeniorOfficialWithoutEmploymentAxis_loc" xlink:type="locator"/>
    <link:loc xlink:href="wnt-cor.xsd#wnt_PositionOfNonSeniorOfficialsAxis" xlink:label="wnt_PositionOfNonSeniorOfficialsAxis_loc" xlink:type="locator"/>
    <link:loc xlink:href="wnt-cor.xsd#wnt_WNTInstitutionAxis" xlink:label="wnt_WNTInstitutionAxis_loc" xlink:type="locator"/>


  </link:labelLink>
</link:linkbase>
