<?xml version="1.0" encoding="UTF-8" standalone="yes"?>

<link:linkbase xmlns:link="http://www.xbrl.org/2003/linkbase" xmlns:xlink="http://www.w3.org/1999/xlink">
  <link:roleRef roleURI="http://www.xbrl.org/2009/role/negatedLabel" xlink:href="http://www.xbrl.org/lrr/role/negated-2009-12-16.xsd#negatedLabel" xlink:type="simple"/>
  <link:labelLink xlink:role="http://www.xbrl.org/2003/role/link" xlink:type="extended">
    <link:label id="wnt_CalendarYear_label_fr" xlink:label="wnt_CalendarYear_label_fr" xlink:role="http://www.xbrl.org/2003/role/label" xlink:type="resource" xml:lang="fr">Année civile</link:label>
    <link:label id="wnt_YearOfTerminationOfTheEmployment_label_fr" xlink:label="wnt_YearOfTerminationOfTheEmployment_label_fr" xlink:role="http://www.xbrl.org/2003/role/label" xlink:type="resource" xml:lang="fr">Année pendant laquelle le contrat se termine</link:label>
    <link:label id="wnt_PaymentsMadeInTheFinancialYearDueToTerminationOfTheEmployment_label_fr" xlink:label="wnt_PaymentsMadeInTheFinancialYearDueToTerminationOfTheEmployment_label_fr" xlink:role="http://www.xbrl.org/2003/role/label" xlink:type="resource" xml:lang="fr">Dans l'exercice comptable, indemnités versées liées à une fin de contrat</link:label>
    <link:label id="wnt_StartDateEmployment_label_fr" xlink:label="wnt_StartDateEmployment_label_fr" xlink:role="http://www.xbrl.org/2003/role/label" xlink:type="resource" xml:lang="fr">Date de début d'emploi</link:label>
    <link:label id="wnt_DurationOfTheEmploymentDuringTheFinancialYearStartDate_label_fr" xlink:label="wnt_DurationOfTheEmploymentDuringTheFinancialYearStartDate_label_fr" xlink:role="http://www.xbrl.org/2003/role/label" xlink:type="resource" xml:lang="fr">Date de début de la fonction au cours de l'exercice comptable</link:label>
    <link:label id="wnt_DurationOfTheEmploymentDuringTheFinancialYearEndDate_label_fr" xlink:label="wnt_DurationOfTheEmploymentDuringTheFinancialYearEndDate_label_fr" xlink:role="http://www.xbrl.org/2003/role/label" xlink:type="resource" xml:lang="fr">Date de la fonction au cours de l'exercice comptable</link:label>
    <link:label id="wnt_DoubleCounting_label_fr" xlink:label="wnt_DoubleCounting_label_fr" xlink:role="http://www.xbrl.org/2003/role/label" xlink:type="resource" xml:lang="fr">Double comptage causé par les frais</link:label>
    <link:label id="wnt_DurationOfTheEmploymentDuringTheCalendarYearStartDate_label_fr" xlink:label="wnt_DurationOfTheEmploymentDuringTheCalendarYearStartDate_label_fr" xlink:role="http://www.xbrl.org/2003/role/label" xlink:type="resource" xml:lang="fr">Début de l'exécution du travail dans l'année civile</link:label>
    <link:label id="wnt_ReasonsAndCauseErrorsInRemuneration_label_fr" xlink:label="wnt_ReasonsAndCauseErrorsInRemuneration_label_fr" xlink:role="http://www.xbrl.org/2003/role/label" xlink:type="resource" xml:lang="fr">Explication de la différence et de la cause de la récupération d'erreur</link:label>
    <link:label id="wnt_ReceivableUnduePaymentsExplanation_label_fr" xlink:label="wnt_ReceivableUnduePaymentsExplanation_label_fr" xlink:role="http://www.xbrl.org/2003/role/label" xlink:type="resource" xml:lang="fr">Explication de la réclamation pour paiement indu</link:label>
    <link:label id="wnt_DurationOfTheEmploymentDuringTheCalendarYearEndDate_label_fr" xlink:label="wnt_DurationOfTheEmploymentDuringTheCalendarYearEndDate_label_fr" xlink:role="http://www.xbrl.org/2003/role/label" xlink:type="resource" xml:lang="fr">Fin de l'exécution du travail au cours de l'année civile</link:label>
    <link:label id="wnt_PositionOrPositions_label_fr" xlink:label="wnt_PositionOrPositions_label_fr" xlink:role="http://www.xbrl.org/2003/role/label" xlink:type="resource" xml:lang="fr">Fonction ou fonctions</link:label>
    <link:label id="wnt_UnduePayments_label_fr" xlink:label="wnt_UnduePayments_label_fr" xlink:role="http://www.xbrl.org/2003/role/label" xlink:type="resource" xml:lang="fr">Impayé payé et montant non encore retourné</link:label>
    <link:label id="wnt_PaymentsDueToTerminationOfTheEmploymentIncludingUnduePayments_label_fr" xlink:label="wnt_PaymentsDueToTerminationOfTheEmploymentIncludingUnduePayments_label_fr" xlink:role="http://www.xbrl.org/2003/role/label" xlink:type="resource" xml:lang="fr">Indemnités liées à une fin de contrat y compris les paiements indus</link:label>
    <link:label id="wnt_JustificationExceedingMaximumRemuneration_label_fr" xlink:label="wnt_JustificationExceedingMaximumRemuneration_label_fr" xlink:role="http://www.xbrl.org/2003/role/label" xlink:type="resource" xml:lang="fr">Justification du dépassement de la rémunération maximale</link:label>
    <link:label id="wnt_RemunerationMaximumOrHigherIndividualRemunerationSeniorOfficerAntiAccumulation_label_fr" xlink:label="wnt_RemunerationMaximumOrHigherIndividualRemunerationSeniorOfficerAntiAccumulation_label_fr" xlink:role="http://www.xbrl.org/2003/role/label" xlink:type="resource" xml:lang="fr">La rémunération maximale ou la rémunération individuelle supérieure à la rémunération maximale</link:label>
    <link:label id="wnt_ApplicableMaximumRemunerationInstitution_label_fr" xlink:label="wnt_ApplicableMaximumRemunerationInstitution_label_fr" xlink:role="http://www.xbrl.org/2003/role/label" xlink:type="resource" xml:lang="fr">Le plafond de rémunération applicable à l'institution</link:label>
    <link:label id="wnt_IndividualMaximumRemunerationNormAmountsPerMonth_label_fr" xlink:label="wnt_IndividualMaximumRemunerationNormAmountsPerMonth_label_fr" xlink:role="http://www.xbrl.org/2003/role/label" xlink:type="resource" xml:lang="fr">Maximum individuel basé sur les montants standard par mois</link:label>
    <link:label id="wnt_AmountExceedingMaximumRemuneration_label_fr" xlink:label="wnt_AmountExceedingMaximumRemuneration_label_fr" xlink:role="http://www.xbrl.org/2003/role/label" xlink:type="resource" xml:lang="fr">Montant supérieur à la rémunération maximale</link:label>
    <link:label id="wnt_TotalAmountPremiumsContributionsEmployerPaidDeferredFinancingFormOfPurchasingPensionAgreements_label_fr" xlink:label="wnt_TotalAmountPremiumsContributionsEmployerPaidDeferredFinancingFormOfPurchasingPensionAgreements_label_fr" xlink:role="http://www.xbrl.org/2003/role/label" xlink:type="resource" xml:lang="fr">Montant total des primes ou des cotisations de l'employeur payées à titre de financement différé sous forme de conclusion de contrats de pension</link:label>
    <link:label id="wnt_WntInstitutionActivitiesSeniorOfficer_label_fr" xlink:label="wnt_WntInstitutionActivitiesSeniorOfficer_label_fr" xlink:role="http://www.xbrl.org/2003/role/label" xlink:type="resource" xml:lang="fr">Nom Institution du WNT au titre des activités de cadre supérieur</link:label>
    <link:label id="wnt_WntInstitutionAffiliatedCompanies_label_fr" xlink:label="wnt_WntInstitutionAffiliatedCompanies_label_fr" xlink:role="http://www.xbrl.org/2003/role/label" xlink:type="resource" xml:lang="fr">Nom Institution du WNT au titre des activités des sociétés affiliées</link:label>
    <link:label id="wnt_WntInstitutionOtherActivitiesSeniorOfficer_label_fr" xlink:label="wnt_WntInstitutionOtherActivitiesSeniorOfficer_label_fr" xlink:role="http://www.xbrl.org/2003/role/label" xlink:type="resource" xml:lang="fr">Nom Institution du WNT au titre des autres activités de cadre supérieur</link:label>
    <link:label id="wnt_NameOtherWNTInstitution_label_fr" xlink:label="wnt_NameOtherWNTInstitution_label_fr" xlink:role="http://www.xbrl.org/2003/role/label" xlink:type="resource" xml:lang="fr">Nom de l'autre institution WNT où un haut fonctionnaire est employé</link:label>
    <link:label id="wnt_NumberOfNonSeniorOfficialsForWhomTotalAmountStatedOfPremiumsContributionsEmployerPaidDeferredFinancingFormOfPurchasingPensionAgreements_label_fr" xlink:label="wnt_NumberOfNonSeniorOfficialsForWhomTotalAmountStatedOfPremiumsContributionsEmployerPaidDeferredFinancingFormOfPurchasingPensionAgreements_label_fr" xlink:role="http://www.xbrl.org/2003/role/label" xlink:type="resource" xml:lang="fr">Nombre de hauts fonctionnaires pour lesquels le montant total est indiqué du montant des primes ou des contributions de l'employeur versées à titre de financement différé sous forme de conclusion d'accords de pension</link:label>
    <link:label id="wnt_MonthsEmploymentDuringFinancialYear_label_fr" xlink:label="wnt_MonthsEmploymentDuringFinancialYear_label_fr" xlink:role="http://www.xbrl.org/2003/role/label" xlink:type="resource" xml:lang="fr">Nombre du mois d'exécution du travail au cours de l'année civile</link:label>
    <link:label id="wnt_AgreedPaymentsDueToTermination_label_fr" xlink:label="wnt_AgreedPaymentsDueToTermination_label_fr" xlink:role="http://www.xbrl.org/2003/role/label" xlink:type="resource" xml:lang="fr">Prestations convenues pour la cessation d'emploi à l'exception des avantages découlant d'une décision de justice</link:label>
    <link:label id="wnt_IndividualMaximumPaymentDueToTerminationOfTheEmployment_label_fr" xlink:label="wnt_IndividualMaximumPaymentDueToTerminationOfTheEmployment_label_fr" xlink:role="http://www.xbrl.org/2003/role/label" xlink:type="resource" xml:lang="fr">Prestations maximales applicables individuellement pour la cessation d'emploi</link:label>
    <link:label id="wnt_ProvisionsForPostEmploymentBenefits_label_fr" xlink:label="wnt_ProvisionsForPostEmploymentBenefits_label_fr" xlink:role="http://www.xbrl.org/2003/role/label" xlink:type="resource" xml:lang="fr">Provisions en faveur des primes à payer à échéance</link:label>
    <link:label id="wnt_PublicationWNTInTheConsolidatedStatutoryAccounts_label_fr" xlink:label="wnt_PublicationWNTInTheConsolidatedStatutoryAccounts_label_fr" xlink:role="http://www.xbrl.org/2003/role/label" xlink:type="resource" xml:lang="fr">Publication WNT dans les comptes annuels consolidés et / ou statutaires ou états financiers de l'une des autres entités juridiques du groupe</link:label>
    <link:label id="wnt_ReasonsForExceedingMaximumAmountOfRemuneration_label_fr" xlink:label="wnt_ReasonsForExceedingMaximumAmountOfRemuneration_label_fr" xlink:role="http://www.xbrl.org/2003/role/label" xlink:type="resource" xml:lang="fr">Raison en cas de dépassement du montant maximal de la rémunération</link:label>
    <link:label id="wnt_ReferenceToTheSeniorOfficialsAndCorrespondingStatutoryEntities_label_fr" xlink:label="wnt_ReferenceToTheSeniorOfficialsAndCorrespondingStatutoryEntities_label_fr" xlink:role="http://www.xbrl.org/2003/role/label" xlink:type="resource" xml:lang="fr">Renvoi des données WNT responsables vers les hauts fonctionnaires et les personnes morales affiliées</link:label>
    <link:label id="wnt_InclusionErrorsInRemunerationSeniorOfficials_label_fr" xlink:label="wnt_InclusionErrorsInRemunerationSeniorOfficials_label_fr" xlink:role="http://www.xbrl.org/2003/role/label" xlink:type="resource" xml:lang="fr">Récupération d'erreur dans la responsabilité WNT</link:label>
    <link:label id="wnt_RemunerationPaidDuringFinancialYear_label_fr" xlink:label="wnt_RemunerationPaidDuringFinancialYear_label_fr" xlink:role="http://www.xbrl.org/2003/role/label" xlink:type="resource" xml:lang="fr">Rémunération au cours de la période pertinente</link:label>
    <link:label id="wnt_RemunerationActivitiesSeniorOfficer_label_fr" xlink:label="wnt_RemunerationActivitiesSeniorOfficer_label_fr" xlink:role="http://www.xbrl.org/2003/role/label" xlink:type="resource" xml:lang="fr">Rémunération au titre des activités de cadre supérieur</link:label>
    <link:label id="wnt_RemunerationActivitiesAffiliatedCompanies_label_fr" xlink:label="wnt_RemunerationActivitiesAffiliatedCompanies_label_fr" xlink:role="http://www.xbrl.org/2003/role/label" xlink:type="resource" xml:lang="fr">Rémunération au titre des activités des sociétés affiliées</link:label>
    <link:label id="wnt_RemunerationOtherActivitiesSeniorOfficer_label_fr" xlink:label="wnt_RemunerationOtherActivitiesSeniorOfficer_label_fr" xlink:role="http://www.xbrl.org/2003/role/label" xlink:type="resource" xml:lang="fr">Rémunération au titre des autres activités de cadre supérieur</link:label>
    <link:label id="wnt_RemunerationUnduePayments_label_fr" xlink:label="wnt_RemunerationUnduePayments_label_fr" xlink:role="http://www.xbrl.org/2003/role/label" xlink:type="resource" xml:lang="fr">Rémunération incluant les indus</link:label>
    <link:label id="wnt_IndividualMaximumRemunerationPerHour_label_fr" xlink:label="wnt_IndividualMaximumRemunerationPerHour_label_fr" xlink:role="http://www.xbrl.org/2003/role/label" xlink:type="resource" xml:lang="fr">Rémunération individuelle maximale à l'heure</link:label>
    <link:label id="wnt_IndividualMaximumDuringFinancialYear_label_fr" xlink:label="wnt_IndividualMaximumDuringFinancialYear_label_fr" xlink:role="http://www.xbrl.org/2003/role/label" xlink:type="resource" xml:lang="fr">Rémunération individuelle maximale</link:label>
    <link:label id="wnt_IndividualMaximumRemuneration_label_fr" xlink:label="wnt_IndividualMaximumRemuneration_label_fr" xlink:role="http://www.xbrl.org/2003/role/label" xlink:type="resource" xml:lang="fr">Rémunération individuelle maximale</link:label>
    <link:label id="wnt_RemunerationMaximumOrHigherIndividualRemunerationSeniorOfficer_label_fr" xlink:label="wnt_RemunerationMaximumOrHigherIndividualRemunerationSeniorOfficer_label_fr" xlink:role="http://www.xbrl.org/2003/role/label" xlink:type="resource" xml:lang="fr">Rémunération maximale de l'institution ou rémunération individuelle supérieure autorisée</link:label>
    <link:label id="wnt_SubtotalRemuneration_label_fr" xlink:label="wnt_SubtotalRemuneration_label_fr" xlink:role="http://www.xbrl.org/2003/role/label" xlink:type="resource" xml:lang="fr">Rémunération partielle</link:label>
    <link:label id="wnt_Consideration_label_fr" xlink:label="wnt_Consideration_label_fr" xlink:role="http://www.xbrl.org/2003/role/label" xlink:type="resource" xml:lang="fr">Rémunération plus allocations de frais taxables</link:label>
    <link:label id="wnt_CumulatedRemunerationAntiCumulationApproach_label_fr" xlink:label="wnt_CumulatedRemunerationAntiCumulationApproach_label_fr" xlink:role="http://www.xbrl.org/2003/role/label" xlink:type="resource" xml:lang="fr">Rémunération totale cumulée dans toutes les institutions concernant l'approche anti-cumul</link:label>
    <link:label id="wnt_TotalRemunerationPerInstitution_label_fr" xlink:label="wnt_TotalRemunerationPerInstitution_label_fr" xlink:role="http://www.xbrl.org/2003/role/label" xlink:type="resource" xml:lang="fr">Rémunération totale par établissement montants x € 1</link:label>
    <link:label id="wnt_TotalRemunerationDuringFinancialYear_label_fr" xlink:label="wnt_TotalRemunerationDuringFinancialYear_label_fr" xlink:role="http://www.xbrl.org/2003/role/label" xlink:type="resource" xml:lang="fr">Rémunération totale pour les mois civils de la période entière 1 à 12</link:label>
    <link:label id="wnt_Remuneration_label_fr" xlink:label="wnt_Remuneration_label_fr" xlink:role="http://www.xbrl.org/2003/role/label" xlink:type="resource" xml:lang="fr">Rémunération</link:label>
    <link:label id="wnt_OtherWNTInstitutionsManagingSeniorOfficialsEmployment_label_fr" xlink:label="wnt_OtherWNTInstitutionsManagingSeniorOfficialsEmployment_label_fr" xlink:role="http://www.xbrl.org/2003/role/label" xlink:type="resource" xml:lang="fr">Toutes les autres institutions du WNT où les cadres supérieurs employés sont également cadres supérieurs</link:label>
    <link:label id="wnt_ExistenceOfAnEmploymentRelationship_label_fr" xlink:label="wnt_ExistenceOfAnEmploymentRelationship_label_fr" xlink:role="http://www.xbrl.org/2003/role/label" xlink:type="resource" xml:lang="fr">Y a -t-il un rapport avec le travail ? (oui/non)</link:label>
    <link:label id="wnt_ScopeOfTheEmploymentDuringTheCalendarYearInHours_label_fr" xlink:label="wnt_ScopeOfTheEmploymentDuringTheCalendarYearInHours_label_fr" xlink:role="http://www.xbrl.org/2003/role/label" xlink:type="resource" xml:lang="fr">Étendue de l'emploi en heures par année civile</link:label>
    <link:label id="wnt_ScopeOfTheEmploymentDuringTheFinancialYearInFTE_label_fr" xlink:label="wnt_ScopeOfTheEmploymentDuringTheFinancialYearInFTE_label_fr" xlink:role="http://www.xbrl.org/2003/role/label" xlink:type="resource" xml:lang="fr">Étendue de l'emploi en tant que facteur temps partiel en ETP</link:label>
    <link:labelArc xlink:arcrole="http://www.xbrl.org/2003/arcrole/concept-label" xlink:from="wnt_AgreedPaymentsDueToTermination_loc" xlink:to="wnt_AgreedPaymentsDueToTermination_label_fr" xlink:type="arc"/>
    <link:labelArc xlink:arcrole="http://www.xbrl.org/2003/arcrole/concept-label" xlink:from="wnt_AmountExceedingMaximumRemuneration_loc" xlink:to="wnt_AmountExceedingMaximumRemuneration_label_fr" xlink:type="arc"/>
    <link:labelArc xlink:arcrole="http://www.xbrl.org/2003/arcrole/concept-label" xlink:from="wnt_ApplicableMaximumRemunerationInstitution_loc" xlink:to="wnt_ApplicableMaximumRemunerationInstitution_label_fr" xlink:type="arc"/>
    <link:labelArc xlink:arcrole="http://www.xbrl.org/2003/arcrole/concept-label" xlink:from="wnt_CalendarYear_loc" xlink:to="wnt_CalendarYear_label_fr" xlink:type="arc"/>
    <link:labelArc xlink:arcrole="http://www.xbrl.org/2003/arcrole/concept-label" xlink:from="wnt_Consideration_loc" xlink:to="wnt_Consideration_label_fr" xlink:type="arc"/>
    <link:labelArc xlink:arcrole="http://www.xbrl.org/2003/arcrole/concept-label" xlink:from="wnt_CumulatedRemunerationAntiCumulationApproach_loc" xlink:to="wnt_CumulatedRemunerationAntiCumulationApproach_label_fr" xlink:type="arc"/>
    <link:labelArc xlink:arcrole="http://www.xbrl.org/2003/arcrole/concept-label" xlink:from="wnt_DoubleCounting_loc" xlink:to="wnt_DoubleCounting_label_fr" xlink:type="arc"/>
    <link:labelArc xlink:arcrole="http://www.xbrl.org/2003/arcrole/concept-label" xlink:from="wnt_DurationOfTheEmploymentDuringTheCalendarYearEndDate_loc" xlink:to="wnt_DurationOfTheEmploymentDuringTheCalendarYearEndDate_label_fr" xlink:type="arc"/>
    <link:labelArc xlink:arcrole="http://www.xbrl.org/2003/arcrole/concept-label" xlink:from="wnt_DurationOfTheEmploymentDuringTheCalendarYearStartDate_loc" xlink:to="wnt_DurationOfTheEmploymentDuringTheCalendarYearStartDate_label_fr" xlink:type="arc"/>
    <link:labelArc xlink:arcrole="http://www.xbrl.org/2003/arcrole/concept-label" xlink:from="wnt_DurationOfTheEmploymentDuringTheFinancialYearEndDate_loc" xlink:to="wnt_DurationOfTheEmploymentDuringTheFinancialYearEndDate_label_fr" xlink:type="arc"/>
    <link:labelArc xlink:arcrole="http://www.xbrl.org/2003/arcrole/concept-label" xlink:from="wnt_DurationOfTheEmploymentDuringTheFinancialYearStartDate_loc" xlink:to="wnt_DurationOfTheEmploymentDuringTheFinancialYearStartDate_label_fr" xlink:type="arc"/>
    <link:labelArc xlink:arcrole="http://www.xbrl.org/2003/arcrole/concept-label" xlink:from="wnt_ExistenceOfAnEmploymentRelationship_loc" xlink:to="wnt_ExistenceOfAnEmploymentRelationship_label_fr" xlink:type="arc"/>
    <link:labelArc xlink:arcrole="http://www.xbrl.org/2003/arcrole/concept-label" xlink:from="wnt_InclusionErrorsInRemunerationSeniorOfficials_loc" xlink:to="wnt_InclusionErrorsInRemunerationSeniorOfficials_label_fr" xlink:type="arc"/>
    <link:labelArc xlink:arcrole="http://www.xbrl.org/2003/arcrole/concept-label" xlink:from="wnt_IndividualMaximumDuringFinancialYear_loc" xlink:to="wnt_IndividualMaximumDuringFinancialYear_label_fr" xlink:type="arc"/>
    <link:labelArc xlink:arcrole="http://www.xbrl.org/2003/arcrole/concept-label" xlink:from="wnt_IndividualMaximumPaymentDueToTerminationOfTheEmployment_loc" xlink:to="wnt_IndividualMaximumPaymentDueToTerminationOfTheEmployment_label_fr" xlink:type="arc"/>
    <link:labelArc xlink:arcrole="http://www.xbrl.org/2003/arcrole/concept-label" xlink:from="wnt_IndividualMaximumRemunerationNormAmountsPerMonth_loc" xlink:to="wnt_IndividualMaximumRemunerationNormAmountsPerMonth_label_fr" xlink:type="arc"/>
    <link:labelArc xlink:arcrole="http://www.xbrl.org/2003/arcrole/concept-label" xlink:from="wnt_IndividualMaximumRemunerationPerHour_loc" xlink:to="wnt_IndividualMaximumRemunerationPerHour_label_fr" xlink:type="arc"/>
    <link:labelArc xlink:arcrole="http://www.xbrl.org/2003/arcrole/concept-label" xlink:from="wnt_IndividualMaximumRemuneration_loc" xlink:to="wnt_IndividualMaximumRemuneration_label_fr" xlink:type="arc"/>
    <link:labelArc xlink:arcrole="http://www.xbrl.org/2003/arcrole/concept-label" xlink:from="wnt_JustificationExceedingMaximumRemuneration_loc" xlink:to="wnt_JustificationExceedingMaximumRemuneration_label_fr" xlink:type="arc"/>
    <link:labelArc xlink:arcrole="http://www.xbrl.org/2003/arcrole/concept-label" xlink:from="wnt_MonthsEmploymentDuringFinancialYear_loc" xlink:to="wnt_MonthsEmploymentDuringFinancialYear_label_fr" xlink:type="arc"/>
    <link:labelArc xlink:arcrole="http://www.xbrl.org/2003/arcrole/concept-label" xlink:from="wnt_NameOtherWNTInstitution_loc" xlink:to="wnt_NameOtherWNTInstitution_label_fr" xlink:type="arc"/>
    <link:labelArc xlink:arcrole="http://www.xbrl.org/2003/arcrole/concept-label" xlink:from="wnt_NumberOfNonSeniorOfficialsForWhomTotalAmountStatedOfPremiumsContributionsEmployerPaidDeferredFinancingFormOfPurchasingPensionAgreements_loc" xlink:to="wnt_NumberOfNonSeniorOfficialsForWhomTotalAmountStatedOfPremiumsContributionsEmployerPaidDeferredFinancingFormOfPurchasingPensionAgreements_label_fr" xlink:type="arc"/>
    <link:labelArc xlink:arcrole="http://www.xbrl.org/2003/arcrole/concept-label" xlink:from="wnt_OtherWNTInstitutionsManagingSeniorOfficialsEmployment_loc" xlink:to="wnt_OtherWNTInstitutionsManagingSeniorOfficialsEmployment_label_fr" xlink:type="arc"/>
    <link:labelArc xlink:arcrole="http://www.xbrl.org/2003/arcrole/concept-label" xlink:from="wnt_PaymentsDueToTerminationOfTheEmploymentIncludingUnduePayments_loc" xlink:to="wnt_PaymentsDueToTerminationOfTheEmploymentIncludingUnduePayments_label_fr" xlink:type="arc"/>
    <link:labelArc xlink:arcrole="http://www.xbrl.org/2003/arcrole/concept-label" xlink:from="wnt_PaymentsMadeInTheFinancialYearDueToTerminationOfTheEmployment_loc" xlink:to="wnt_PaymentsMadeInTheFinancialYearDueToTerminationOfTheEmployment_label_fr" xlink:type="arc"/>
    <link:labelArc xlink:arcrole="http://www.xbrl.org/2003/arcrole/concept-label" xlink:from="wnt_PositionOrPositions_loc" xlink:to="wnt_PositionOrPositions_label_fr" xlink:type="arc"/>
    <link:labelArc xlink:arcrole="http://www.xbrl.org/2003/arcrole/concept-label" xlink:from="wnt_ProvisionsForPostEmploymentBenefits_loc" xlink:to="wnt_ProvisionsForPostEmploymentBenefits_label_fr" xlink:type="arc"/>
    <link:labelArc xlink:arcrole="http://www.xbrl.org/2003/arcrole/concept-label" xlink:from="wnt_PublicationWNTInTheConsolidatedStatutoryAccounts_loc" xlink:to="wnt_PublicationWNTInTheConsolidatedStatutoryAccounts_label_fr" xlink:type="arc"/>
    <link:labelArc xlink:arcrole="http://www.xbrl.org/2003/arcrole/concept-label" xlink:from="wnt_ReasonsAndCauseErrorsInRemuneration_loc" xlink:to="wnt_ReasonsAndCauseErrorsInRemuneration_label_fr" xlink:type="arc"/>
    <link:labelArc xlink:arcrole="http://www.xbrl.org/2003/arcrole/concept-label" xlink:from="wnt_ReasonsForExceedingMaximumAmountOfRemuneration_loc" xlink:to="wnt_ReasonsForExceedingMaximumAmountOfRemuneration_label_fr" xlink:type="arc"/>
    <link:labelArc xlink:arcrole="http://www.xbrl.org/2003/arcrole/concept-label" xlink:from="wnt_ReceivableUnduePaymentsExplanation_loc" xlink:to="wnt_ReceivableUnduePaymentsExplanation_label_fr" xlink:type="arc"/>
    <link:labelArc xlink:arcrole="http://www.xbrl.org/2003/arcrole/concept-label" xlink:from="wnt_ReferenceToTheSeniorOfficialsAndCorrespondingStatutoryEntities_loc" xlink:to="wnt_ReferenceToTheSeniorOfficialsAndCorrespondingStatutoryEntities_label_fr" xlink:type="arc"/>
    <link:labelArc xlink:arcrole="http://www.xbrl.org/2003/arcrole/concept-label" xlink:from="wnt_RemunerationActivitiesAffiliatedCompanies_loc" xlink:to="wnt_RemunerationActivitiesAffiliatedCompanies_label_fr" xlink:type="arc"/>
    <link:labelArc xlink:arcrole="http://www.xbrl.org/2003/arcrole/concept-label" xlink:from="wnt_RemunerationActivitiesSeniorOfficer_loc" xlink:to="wnt_RemunerationActivitiesSeniorOfficer_label_fr" xlink:type="arc"/>
    <link:labelArc xlink:arcrole="http://www.xbrl.org/2003/arcrole/concept-label" xlink:from="wnt_RemunerationMaximumOrHigherIndividualRemunerationSeniorOfficerAntiAccumulation_loc" xlink:to="wnt_RemunerationMaximumOrHigherIndividualRemunerationSeniorOfficerAntiAccumulation_label_fr" xlink:type="arc"/>
    <link:labelArc xlink:arcrole="http://www.xbrl.org/2003/arcrole/concept-label" xlink:from="wnt_RemunerationMaximumOrHigherIndividualRemunerationSeniorOfficer_loc" xlink:to="wnt_RemunerationMaximumOrHigherIndividualRemunerationSeniorOfficer_label_fr" xlink:type="arc"/>
    <link:labelArc xlink:arcrole="http://www.xbrl.org/2003/arcrole/concept-label" xlink:from="wnt_RemunerationOtherActivitiesSeniorOfficer_loc" xlink:to="wnt_RemunerationOtherActivitiesSeniorOfficer_label_fr" xlink:type="arc"/>
    <link:labelArc xlink:arcrole="http://www.xbrl.org/2003/arcrole/concept-label" xlink:from="wnt_RemunerationPaidDuringFinancialYear_loc" xlink:to="wnt_RemunerationPaidDuringFinancialYear_label_fr" xlink:type="arc"/>
    <link:labelArc xlink:arcrole="http://www.xbrl.org/2003/arcrole/concept-label" xlink:from="wnt_RemunerationUnduePayments_loc" xlink:to="wnt_RemunerationUnduePayments_label_fr" xlink:type="arc"/>
    <link:labelArc xlink:arcrole="http://www.xbrl.org/2003/arcrole/concept-label" xlink:from="wnt_Remuneration_loc" xlink:to="wnt_Remuneration_label_fr" xlink:type="arc"/>
    <link:labelArc xlink:arcrole="http://www.xbrl.org/2003/arcrole/concept-label" xlink:from="wnt_ScopeOfTheEmploymentDuringTheCalendarYearInHours_loc" xlink:to="wnt_ScopeOfTheEmploymentDuringTheCalendarYearInHours_label_fr" xlink:type="arc"/>
    <link:labelArc xlink:arcrole="http://www.xbrl.org/2003/arcrole/concept-label" xlink:from="wnt_ScopeOfTheEmploymentDuringTheFinancialYearInFTE_loc" xlink:to="wnt_ScopeOfTheEmploymentDuringTheFinancialYearInFTE_label_fr" xlink:type="arc"/>
    <link:labelArc xlink:arcrole="http://www.xbrl.org/2003/arcrole/concept-label" xlink:from="wnt_StartDateEmployment_loc" xlink:to="wnt_StartDateEmployment_label_fr" xlink:type="arc"/>
    <link:labelArc xlink:arcrole="http://www.xbrl.org/2003/arcrole/concept-label" xlink:from="wnt_SubtotalRemuneration_loc" xlink:to="wnt_SubtotalRemuneration_label_fr" xlink:type="arc"/>
    <link:labelArc xlink:arcrole="http://www.xbrl.org/2003/arcrole/concept-label" xlink:from="wnt_TotalAmountPremiumsContributionsEmployerPaidDeferredFinancingFormOfPurchasingPensionAgreements_loc" xlink:to="wnt_TotalAmountPremiumsContributionsEmployerPaidDeferredFinancingFormOfPurchasingPensionAgreements_label_fr" xlink:type="arc"/>
    <link:labelArc xlink:arcrole="http://www.xbrl.org/2003/arcrole/concept-label" xlink:from="wnt_TotalRemunerationDuringFinancialYear_loc" xlink:to="wnt_TotalRemunerationDuringFinancialYear_label_fr" xlink:type="arc"/>
    <link:labelArc xlink:arcrole="http://www.xbrl.org/2003/arcrole/concept-label" xlink:from="wnt_TotalRemunerationPerInstitution_loc" xlink:to="wnt_TotalRemunerationPerInstitution_label_fr" xlink:type="arc"/>
    <link:labelArc xlink:arcrole="http://www.xbrl.org/2003/arcrole/concept-label" xlink:from="wnt_UnduePayments_loc" xlink:to="wnt_UnduePayments_label_fr" xlink:type="arc"/>
    <link:labelArc xlink:arcrole="http://www.xbrl.org/2003/arcrole/concept-label" xlink:from="wnt_WntInstitutionActivitiesSeniorOfficer_loc" xlink:to="wnt_WntInstitutionActivitiesSeniorOfficer_label_fr" xlink:type="arc"/>
    <link:labelArc xlink:arcrole="http://www.xbrl.org/2003/arcrole/concept-label" xlink:from="wnt_WntInstitutionAffiliatedCompanies_loc" xlink:to="wnt_WntInstitutionAffiliatedCompanies_label_fr" xlink:type="arc"/>
    <link:labelArc xlink:arcrole="http://www.xbrl.org/2003/arcrole/concept-label" xlink:from="wnt_WntInstitutionOtherActivitiesSeniorOfficer_loc" xlink:to="wnt_WntInstitutionOtherActivitiesSeniorOfficer_label_fr" xlink:type="arc"/>
    <link:labelArc xlink:arcrole="http://www.xbrl.org/2003/arcrole/concept-label" xlink:from="wnt_YearOfTerminationOfTheEmployment_loc" xlink:to="wnt_YearOfTerminationOfTheEmployment_label_fr" xlink:type="arc"/>
    <link:loc xlink:href="wnt-cor.xsd#wnt_AgreedPaymentsDueToTermination" xlink:label="wnt_AgreedPaymentsDueToTermination_loc" xlink:type="locator"/>
    <link:loc xlink:href="wnt-cor.xsd#wnt_AmountExceedingMaximumRemuneration" xlink:label="wnt_AmountExceedingMaximumRemuneration_loc" xlink:type="locator"/>
    <link:loc xlink:href="wnt-cor.xsd#wnt_ApplicableMaximumRemunerationInstitution" xlink:label="wnt_ApplicableMaximumRemunerationInstitution_loc" xlink:type="locator"/>
    <link:loc xlink:href="wnt-cor.xsd#wnt_CalendarYear" xlink:label="wnt_CalendarYear_loc" xlink:type="locator"/>
    <link:loc xlink:href="wnt-cor.xsd#wnt_Consideration" xlink:label="wnt_Consideration_loc" xlink:type="locator"/>
    <link:loc xlink:href="wnt-cor.xsd#wnt_CumulatedRemunerationAntiCumulationApproach" xlink:label="wnt_CumulatedRemunerationAntiCumulationApproach_loc" xlink:type="locator"/>
    <link:loc xlink:href="wnt-cor.xsd#wnt_DoubleCounting" xlink:label="wnt_DoubleCounting_loc" xlink:type="locator"/>
    <link:loc xlink:href="wnt-cor.xsd#wnt_DurationOfTheEmploymentDuringTheCalendarYearEndDate" xlink:label="wnt_DurationOfTheEmploymentDuringTheCalendarYearEndDate_loc" xlink:type="locator"/>
    <link:loc xlink:href="wnt-cor.xsd#wnt_DurationOfTheEmploymentDuringTheCalendarYearStartDate" xlink:label="wnt_DurationOfTheEmploymentDuringTheCalendarYearStartDate_loc" xlink:type="locator"/>
    <link:loc xlink:href="wnt-cor.xsd#wnt_DurationOfTheEmploymentDuringTheFinancialYearEndDate" xlink:label="wnt_DurationOfTheEmploymentDuringTheFinancialYearEndDate_loc" xlink:type="locator"/>
    <link:loc xlink:href="wnt-cor.xsd#wnt_DurationOfTheEmploymentDuringTheFinancialYearStartDate" xlink:label="wnt_DurationOfTheEmploymentDuringTheFinancialYearStartDate_loc" xlink:type="locator"/>
    <link:loc xlink:href="wnt-cor.xsd#wnt_ExistenceOfAnEmploymentRelationship" xlink:label="wnt_ExistenceOfAnEmploymentRelationship_loc" xlink:type="locator"/>
    <link:loc xlink:href="wnt-cor.xsd#wnt_InclusionErrorsInRemunerationSeniorOfficials" xlink:label="wnt_InclusionErrorsInRemunerationSeniorOfficials_loc" xlink:type="locator"/>
    <link:loc xlink:href="wnt-cor.xsd#wnt_IndividualMaximumDuringFinancialYear" xlink:label="wnt_IndividualMaximumDuringFinancialYear_loc" xlink:type="locator"/>
    <link:loc xlink:href="wnt-cor.xsd#wnt_IndividualMaximumPaymentDueToTerminationOfTheEmployment" xlink:label="wnt_IndividualMaximumPaymentDueToTerminationOfTheEmployment_loc" xlink:type="locator"/>
    <link:loc xlink:href="wnt-cor.xsd#wnt_IndividualMaximumRemunerationNormAmountsPerMonth" xlink:label="wnt_IndividualMaximumRemunerationNormAmountsPerMonth_loc" xlink:type="locator"/>
    <link:loc xlink:href="wnt-cor.xsd#wnt_IndividualMaximumRemunerationPerHour" xlink:label="wnt_IndividualMaximumRemunerationPerHour_loc" xlink:type="locator"/>
    <link:loc xlink:href="wnt-cor.xsd#wnt_IndividualMaximumRemuneration" xlink:label="wnt_IndividualMaximumRemuneration_loc" xlink:type="locator"/>
    <link:loc xlink:href="wnt-cor.xsd#wnt_JustificationExceedingMaximumRemuneration" xlink:label="wnt_JustificationExceedingMaximumRemuneration_loc" xlink:type="locator"/>
    <link:loc xlink:href="wnt-cor.xsd#wnt_MonthsEmploymentDuringFinancialYear" xlink:label="wnt_MonthsEmploymentDuringFinancialYear_loc" xlink:type="locator"/>
    <link:loc xlink:href="wnt-cor.xsd#wnt_NameOtherWNTInstitution" xlink:label="wnt_NameOtherWNTInstitution_loc" xlink:type="locator"/>
    <link:loc xlink:href="wnt-cor.xsd#wnt_NumberOfNonSeniorOfficialsForWhomTotalAmountStatedOfPremiumsContributionsEmployerPaidDeferredFinancingFormOfPurchasingPensionAgreements" xlink:label="wnt_NumberOfNonSeniorOfficialsForWhomTotalAmountStatedOfPremiumsContributionsEmployerPaidDeferredFinancingFormOfPurchasingPensionAgreements_loc" xlink:type="locator"/>
    <link:loc xlink:href="wnt-cor.xsd#wnt_OtherWNTInstitutionsManagingSeniorOfficialsEmployment" xlink:label="wnt_OtherWNTInstitutionsManagingSeniorOfficialsEmployment_loc" xlink:type="locator"/>
    <link:loc xlink:href="wnt-cor.xsd#wnt_PaymentsDueToTerminationOfTheEmploymentIncludingUnduePayments" xlink:label="wnt_PaymentsDueToTerminationOfTheEmploymentIncludingUnduePayments_loc" xlink:type="locator"/>
    <link:loc xlink:href="wnt-cor.xsd#wnt_PaymentsMadeInTheFinancialYearDueToTerminationOfTheEmployment" xlink:label="wnt_PaymentsMadeInTheFinancialYearDueToTerminationOfTheEmployment_loc" xlink:type="locator"/>
    <link:loc xlink:href="wnt-cor.xsd#wnt_PositionOrPositions" xlink:label="wnt_PositionOrPositions_loc" xlink:type="locator"/>
    <link:loc xlink:href="wnt-cor.xsd#wnt_ProvisionsForPostEmploymentBenefits" xlink:label="wnt_ProvisionsForPostEmploymentBenefits_loc" xlink:type="locator"/>
    <link:loc xlink:href="wnt-cor.xsd#wnt_PublicationWNTInTheConsolidatedStatutoryAccounts" xlink:label="wnt_PublicationWNTInTheConsolidatedStatutoryAccounts_loc" xlink:type="locator"/>
    <link:loc xlink:href="wnt-cor.xsd#wnt_ReasonsAndCauseErrorsInRemuneration" xlink:label="wnt_ReasonsAndCauseErrorsInRemuneration_loc" xlink:type="locator"/>
    <link:loc xlink:href="wnt-cor.xsd#wnt_ReasonsForExceedingMaximumAmountOfRemuneration" xlink:label="wnt_ReasonsForExceedingMaximumAmountOfRemuneration_loc" xlink:type="locator"/>
    <link:loc xlink:href="wnt-cor.xsd#wnt_ReceivableUnduePaymentsExplanation" xlink:label="wnt_ReceivableUnduePaymentsExplanation_loc" xlink:type="locator"/>
    <link:loc xlink:href="wnt-cor.xsd#wnt_ReferenceToTheSeniorOfficialsAndCorrespondingStatutoryEntities" xlink:label="wnt_ReferenceToTheSeniorOfficialsAndCorrespondingStatutoryEntities_loc" xlink:type="locator"/>
    <link:loc xlink:href="wnt-cor.xsd#wnt_RemunerationActivitiesAffiliatedCompanies" xlink:label="wnt_RemunerationActivitiesAffiliatedCompanies_loc" xlink:type="locator"/>
    <link:loc xlink:href="wnt-cor.xsd#wnt_RemunerationActivitiesSeniorOfficer" xlink:label="wnt_RemunerationActivitiesSeniorOfficer_loc" xlink:type="locator"/>
    <link:loc xlink:href="wnt-cor.xsd#wnt_RemunerationMaximumOrHigherIndividualRemunerationSeniorOfficerAntiAccumulation" xlink:label="wnt_RemunerationMaximumOrHigherIndividualRemunerationSeniorOfficerAntiAccumulation_loc" xlink:type="locator"/>
    <link:loc xlink:href="wnt-cor.xsd#wnt_RemunerationMaximumOrHigherIndividualRemunerationSeniorOfficer" xlink:label="wnt_RemunerationMaximumOrHigherIndividualRemunerationSeniorOfficer_loc" xlink:type="locator"/>
    <link:loc xlink:href="wnt-cor.xsd#wnt_RemunerationOtherActivitiesSeniorOfficer" xlink:label="wnt_RemunerationOtherActivitiesSeniorOfficer_loc" xlink:type="locator"/>
    <link:loc xlink:href="wnt-cor.xsd#wnt_RemunerationPaidDuringFinancialYear" xlink:label="wnt_RemunerationPaidDuringFinancialYear_loc" xlink:type="locator"/>
    <link:loc xlink:href="wnt-cor.xsd#wnt_RemunerationUnduePayments" xlink:label="wnt_RemunerationUnduePayments_loc" xlink:type="locator"/>
    <link:loc xlink:href="wnt-cor.xsd#wnt_Remuneration" xlink:label="wnt_Remuneration_loc" xlink:type="locator"/>
    <link:loc xlink:href="wnt-cor.xsd#wnt_ScopeOfTheEmploymentDuringTheCalendarYearInHours" xlink:label="wnt_ScopeOfTheEmploymentDuringTheCalendarYearInHours_loc" xlink:type="locator"/>
    <link:loc xlink:href="wnt-cor.xsd#wnt_ScopeOfTheEmploymentDuringTheFinancialYearInFTE" xlink:label="wnt_ScopeOfTheEmploymentDuringTheFinancialYearInFTE_loc" xlink:type="locator"/>
    <link:loc xlink:href="wnt-cor.xsd#wnt_StartDateEmployment" xlink:label="wnt_StartDateEmployment_loc" xlink:type="locator"/>
    <link:loc xlink:href="wnt-cor.xsd#wnt_SubtotalRemuneration" xlink:label="wnt_SubtotalRemuneration_loc" xlink:type="locator"/>
    <link:loc xlink:href="wnt-cor.xsd#wnt_TotalAmountPremiumsContributionsEmployerPaidDeferredFinancingFormOfPurchasingPensionAgreements" xlink:label="wnt_TotalAmountPremiumsContributionsEmployerPaidDeferredFinancingFormOfPurchasingPensionAgreements_loc" xlink:type="locator"/>
    <link:loc xlink:href="wnt-cor.xsd#wnt_TotalRemunerationDuringFinancialYear" xlink:label="wnt_TotalRemunerationDuringFinancialYear_loc" xlink:type="locator"/>
    <link:loc xlink:href="wnt-cor.xsd#wnt_TotalRemunerationPerInstitution" xlink:label="wnt_TotalRemunerationPerInstitution_loc" xlink:type="locator"/>
    <link:loc xlink:href="wnt-cor.xsd#wnt_UnduePayments" xlink:label="wnt_UnduePayments_loc" xlink:type="locator"/>
    <link:loc xlink:href="wnt-cor.xsd#wnt_WntInstitutionActivitiesSeniorOfficer" xlink:label="wnt_WntInstitutionActivitiesSeniorOfficer_loc" xlink:type="locator"/>
    <link:loc xlink:href="wnt-cor.xsd#wnt_WntInstitutionAffiliatedCompanies" xlink:label="wnt_WntInstitutionAffiliatedCompanies_loc" xlink:type="locator"/>
    <link:loc xlink:href="wnt-cor.xsd#wnt_WntInstitutionOtherActivitiesSeniorOfficer" xlink:label="wnt_WntInstitutionOtherActivitiesSeniorOfficer_loc" xlink:type="locator"/>
    <link:loc xlink:href="wnt-cor.xsd#wnt_YearOfTerminationOfTheEmployment" xlink:label="wnt_YearOfTerminationOfTheEmployment_loc" xlink:type="locator"/>
	
    <link:label id="wnt_DoubleCounting_negatedLabel_fr" xlink:label="wnt_DoubleCounting_negatedLabel_fr" xlink:role="http://www.xbrl.org/2009/role/negatedLabel" xlink:type="resource" xml:lang="fr">Double comptage causé par les frais</link:label>
    <link:label id="wnt_UnduePayments_negatedLabel_fr" xlink:label="wnt_UnduePayments_negatedLabel_fr" xlink:role="http://www.xbrl.org/2009/role/negatedLabel" xlink:type="resource" xml:lang="fr">Impayé payé et montant non encore retourné</link:label>
    <link:labelArc xlink:arcrole="http://www.xbrl.org/2003/arcrole/concept-label" xlink:from="wnt_DoubleCounting_loc" xlink:to="wnt_DoubleCounting_negatedLabel_fr" xlink:type="arc"/>
    <link:labelArc xlink:arcrole="http://www.xbrl.org/2003/arcrole/concept-label" xlink:from="wnt_UnduePayments_loc" xlink:to="wnt_UnduePayments_negatedLabel_fr" xlink:type="arc"/>
	
    <link:label id="wnt_YearOfTerminationOfTheEmployment_terseLabel_fr" xlink:label="wnt_YearOfTerminationOfTheEmployment_terseLabel_fr" xlink:role="http://www.xbrl.org/2003/role/terseLabel" xlink:type="resource" xml:lang="fr">Année de clôture</link:label>
    <link:label id="wnt_DurationOfTheEmploymentDuringTheCalendarYearStartDate_terseLabel_fr" xlink:label="wnt_DurationOfTheEmploymentDuringTheCalendarYearStartDate_terseLabel_fr" xlink:role="http://www.xbrl.org/2003/role/terseLabel" xlink:type="resource" xml:lang="fr">Date de début de l'exercice de la fonction</link:label>
    <link:label id="wnt_DurationOfTheEmploymentDuringTheCalendarYearEndDate_terseLabel_fr" xlink:label="wnt_DurationOfTheEmploymentDuringTheCalendarYearEndDate_terseLabel_fr" xlink:role="http://www.xbrl.org/2003/role/terseLabel" xlink:type="resource" xml:lang="fr">Date de début de la durée de la fonction</link:label>
    <link:label id="wnt_DurationOfTheEmploymentDuringTheFinancialYearStartDate_terseLabel_fr" xlink:label="wnt_DurationOfTheEmploymentDuringTheFinancialYearStartDate_terseLabel_fr" xlink:role="http://www.xbrl.org/2003/role/terseLabel" xlink:type="resource" xml:lang="fr">Date de début de la fonction</link:label>
    <link:label id="wnt_DurationOfTheEmploymentDuringTheFinancialYearEndDate_terseLabel_fr" xlink:label="wnt_DurationOfTheEmploymentDuringTheFinancialYearEndDate_terseLabel_fr" xlink:role="http://www.xbrl.org/2003/role/terseLabel" xlink:type="resource" xml:lang="fr">Date de la fonction</link:label>
    <link:label id="wnt_ExistenceOfAnEmploymentRelationship_terseLabel_fr" xlink:label="wnt_ExistenceOfAnEmploymentRelationship_terseLabel_fr" xlink:role="http://www.xbrl.org/2003/role/terseLabel" xlink:type="resource" xml:lang="fr">En rapport avec le travail ?</link:label>
    <link:label id="wnt_PositionOrPositions_terseLabel_fr" xlink:label="wnt_PositionOrPositions_terseLabel_fr" xlink:role="http://www.xbrl.org/2003/role/terseLabel" xlink:type="resource" xml:lang="fr">Fonction(s)</link:label>
    <link:label id="wnt_IndividualMaximumDuringFinancialYear_terseLabel_fr" xlink:label="wnt_IndividualMaximumDuringFinancialYear_terseLabel_fr" xlink:role="http://www.xbrl.org/2003/role/terseLabel" xlink:type="resource" xml:lang="fr">Individuel applicable maximum période entière calendrier mois 1 à 12</link:label>
    <link:label id="wnt_IndividualMaximumRemunerationNormAmountsPerMonth_terseLabel_fr" xlink:label="wnt_IndividualMaximumRemunerationNormAmountsPerMonth_terseLabel_fr" xlink:role="http://www.xbrl.org/2003/role/terseLabel" xlink:type="resource" xml:lang="fr">Maxima sur la base des montants standard par mois</link:label>
    <link:label id="wnt_AgreedPaymentsDueToTermination_terseLabel_fr" xlink:label="wnt_AgreedPaymentsDueToTermination_terseLabel_fr" xlink:role="http://www.xbrl.org/2003/role/terseLabel" xlink:type="resource" xml:lang="fr">Prestations convenues pour la cessation d'emploi</link:label>
    <link:label id="wnt_ProvisionsForPostEmploymentBenefits_terseLabel_fr" xlink:label="wnt_ProvisionsForPostEmploymentBenefits_terseLabel_fr" xlink:role="http://www.xbrl.org/2003/role/terseLabel" xlink:type="resource" xml:lang="fr">Primes à payer à échéance</link:label>
    <link:label id="wnt_ReasonsForExceedingMaximumAmountOfRemuneration_terseLabel_fr" xlink:label="wnt_ReasonsForExceedingMaximumAmountOfRemuneration_terseLabel_fr" xlink:role="http://www.xbrl.org/2003/role/terseLabel" xlink:type="resource" xml:lang="fr">Raison en cas de dépassement</link:label>
    <link:label id="wnt_IndividualMaximumPaymentDueToTerminationOfTheEmployment_terseLabel_fr" xlink:label="wnt_IndividualMaximumPaymentDueToTerminationOfTheEmployment_terseLabel_fr" xlink:role="http://www.xbrl.org/2003/role/terseLabel" xlink:type="resource" xml:lang="fr">Rémunération individuelle maximale</link:label>
    <link:label id="wnt_IndividualMaximumRemunerationPerHour_terseLabel_fr" xlink:label="wnt_IndividualMaximumRemunerationPerHour_terseLabel_fr" xlink:role="http://www.xbrl.org/2003/role/terseLabel" xlink:type="resource" xml:lang="fr">Rémunération maximale à l'heure dans l'année</link:label>
    <link:label id="wnt_IndividualMaximumRemuneration_terseLabel_fr" xlink:label="wnt_IndividualMaximumRemuneration_terseLabel_fr" xlink:role="http://www.xbrl.org/2003/role/terseLabel" xlink:type="resource" xml:lang="fr">Rémunération maximale</link:label>
    <link:label id="wnt_RemunerationUnduePayments_terseLabel_fr" xlink:label="wnt_RemunerationUnduePayments_terseLabel_fr" xlink:role="http://www.xbrl.org/2003/role/terseLabel" xlink:type="resource" xml:lang="fr">Rémunération</link:label>
    <link:label id="wnt_PaymentsDueToTerminationOfTheEmploymentIncludingUnduePayments_terseLabel_fr" xlink:label="wnt_PaymentsDueToTerminationOfTheEmploymentIncludingUnduePayments_terseLabel_fr" xlink:role="http://www.xbrl.org/2003/role/terseLabel" xlink:type="resource" xml:lang="fr">Total des indemnités liées à une fin de contrat</link:label>
    <link:label id="wnt_Remuneration_terseLabel_fr" xlink:label="wnt_Remuneration_terseLabel_fr" xlink:role="http://www.xbrl.org/2003/role/terseLabel" xlink:type="resource" xml:lang="fr">Total des rémunérations</link:label>
    <link:label id="wnt_ScopeOfTheEmploymentDuringTheFinancialYearInFTE_terseLabel_fr" xlink:label="wnt_ScopeOfTheEmploymentDuringTheFinancialYearInFTE_terseLabel_fr" xlink:role="http://www.xbrl.org/2003/role/terseLabel" xlink:type="resource" xml:lang="fr">Étendue emploi (en tant que facteur temps partiel en ETP)</link:label>
    <link:labelArc xlink:arcrole="http://www.xbrl.org/2003/arcrole/concept-label" xlink:from="wnt_AgreedPaymentsDueToTermination_loc" xlink:to="wnt_AgreedPaymentsDueToTermination_terseLabel_fr" xlink:type="arc"/>
    <link:labelArc xlink:arcrole="http://www.xbrl.org/2003/arcrole/concept-label" xlink:from="wnt_DurationOfTheEmploymentDuringTheCalendarYearEndDate_loc" xlink:to="wnt_DurationOfTheEmploymentDuringTheCalendarYearEndDate_terseLabel_fr" xlink:type="arc"/>
    <link:labelArc xlink:arcrole="http://www.xbrl.org/2003/arcrole/concept-label" xlink:from="wnt_DurationOfTheEmploymentDuringTheCalendarYearStartDate_loc" xlink:to="wnt_DurationOfTheEmploymentDuringTheCalendarYearStartDate_terseLabel_fr" xlink:type="arc"/>
    <link:labelArc xlink:arcrole="http://www.xbrl.org/2003/arcrole/concept-label" xlink:from="wnt_DurationOfTheEmploymentDuringTheFinancialYearEndDate_loc" xlink:to="wnt_DurationOfTheEmploymentDuringTheFinancialYearEndDate_terseLabel_fr" xlink:type="arc"/>
    <link:labelArc xlink:arcrole="http://www.xbrl.org/2003/arcrole/concept-label" xlink:from="wnt_DurationOfTheEmploymentDuringTheFinancialYearStartDate_loc" xlink:to="wnt_DurationOfTheEmploymentDuringTheFinancialYearStartDate_terseLabel_fr" xlink:type="arc"/>
    <link:labelArc xlink:arcrole="http://www.xbrl.org/2003/arcrole/concept-label" xlink:from="wnt_ExistenceOfAnEmploymentRelationship_loc" xlink:to="wnt_ExistenceOfAnEmploymentRelationship_terseLabel_fr" xlink:type="arc"/>
    <link:labelArc xlink:arcrole="http://www.xbrl.org/2003/arcrole/concept-label" xlink:from="wnt_IndividualMaximumDuringFinancialYear_loc" xlink:to="wnt_IndividualMaximumDuringFinancialYear_terseLabel_fr" xlink:type="arc"/>
    <link:labelArc xlink:arcrole="http://www.xbrl.org/2003/arcrole/concept-label" xlink:from="wnt_IndividualMaximumPaymentDueToTerminationOfTheEmployment_loc" xlink:to="wnt_IndividualMaximumPaymentDueToTerminationOfTheEmployment_terseLabel_fr" xlink:type="arc"/>
    <link:labelArc xlink:arcrole="http://www.xbrl.org/2003/arcrole/concept-label" xlink:from="wnt_IndividualMaximumRemunerationNormAmountsPerMonth_loc" xlink:to="wnt_IndividualMaximumRemunerationNormAmountsPerMonth_terseLabel_fr" xlink:type="arc"/>
    <link:labelArc xlink:arcrole="http://www.xbrl.org/2003/arcrole/concept-label" xlink:from="wnt_IndividualMaximumRemunerationPerHour_loc" xlink:to="wnt_IndividualMaximumRemunerationPerHour_terseLabel_fr" xlink:type="arc"/>
    <link:labelArc xlink:arcrole="http://www.xbrl.org/2003/arcrole/concept-label" xlink:from="wnt_IndividualMaximumRemuneration_loc" xlink:to="wnt_IndividualMaximumRemuneration_terseLabel_fr" xlink:type="arc"/>
    <link:labelArc xlink:arcrole="http://www.xbrl.org/2003/arcrole/concept-label" xlink:from="wnt_PaymentsDueToTerminationOfTheEmploymentIncludingUnduePayments_loc" xlink:to="wnt_PaymentsDueToTerminationOfTheEmploymentIncludingUnduePayments_terseLabel_fr" xlink:type="arc"/>
    <link:labelArc xlink:arcrole="http://www.xbrl.org/2003/arcrole/concept-label" xlink:from="wnt_PositionOrPositions_loc" xlink:to="wnt_PositionOrPositions_terseLabel_fr" xlink:type="arc"/>
    <link:labelArc xlink:arcrole="http://www.xbrl.org/2003/arcrole/concept-label" xlink:from="wnt_ProvisionsForPostEmploymentBenefits_loc" xlink:to="wnt_ProvisionsForPostEmploymentBenefits_terseLabel_fr" xlink:type="arc"/>
    <link:labelArc xlink:arcrole="http://www.xbrl.org/2003/arcrole/concept-label" xlink:from="wnt_ReasonsForExceedingMaximumAmountOfRemuneration_loc" xlink:to="wnt_ReasonsForExceedingMaximumAmountOfRemuneration_terseLabel_fr" xlink:type="arc"/>
    <link:labelArc xlink:arcrole="http://www.xbrl.org/2003/arcrole/concept-label" xlink:from="wnt_RemunerationUnduePayments_loc" xlink:to="wnt_RemunerationUnduePayments_terseLabel_fr" xlink:type="arc"/>
    <link:labelArc xlink:arcrole="http://www.xbrl.org/2003/arcrole/concept-label" xlink:from="wnt_Remuneration_loc" xlink:to="wnt_Remuneration_terseLabel_fr" xlink:type="arc"/>
    <link:labelArc xlink:arcrole="http://www.xbrl.org/2003/arcrole/concept-label" xlink:from="wnt_ScopeOfTheEmploymentDuringTheFinancialYearInFTE_loc" xlink:to="wnt_ScopeOfTheEmploymentDuringTheFinancialYearInFTE_terseLabel_fr" xlink:type="arc"/>
    <link:labelArc xlink:arcrole="http://www.xbrl.org/2003/arcrole/concept-label" xlink:from="wnt_YearOfTerminationOfTheEmployment_loc" xlink:to="wnt_YearOfTerminationOfTheEmployment_terseLabel_fr" xlink:type="arc"/>
	
    <link:label id="wnt_SubtotalRemuneration_totalLabel_fr" xlink:label="wnt_SubtotalRemuneration_totalLabel_fr" xlink:role="http://www.xbrl.org/2003/role/totalLabel" xlink:type="resource" xml:lang="fr">Rémunération partielle</link:label>
    <link:label id="wnt_RemunerationUnduePayments_totalLabel_fr" xlink:label="wnt_RemunerationUnduePayments_totalLabel_fr" xlink:role="http://www.xbrl.org/2003/role/totalLabel" xlink:type="resource" xml:lang="fr">Sous-total</link:label>
    <link:label id="wnt_PaymentsDueToTerminationOfTheEmploymentIncludingUnduePayments_totalLabel_fr" xlink:label="wnt_PaymentsDueToTerminationOfTheEmploymentIncludingUnduePayments_totalLabel_fr" xlink:role="http://www.xbrl.org/2003/role/totalLabel" xlink:type="resource" xml:lang="fr">Total des indemnités liées à une fin de contrat</link:label>
    <link:label id="wnt_Remuneration_totalLabel_fr" xlink:label="wnt_Remuneration_totalLabel_fr" xlink:role="http://www.xbrl.org/2003/role/totalLabel" xlink:type="resource" xml:lang="fr">Total des rémunérations</link:label>
    <link:labelArc xlink:arcrole="http://www.xbrl.org/2003/arcrole/concept-label" xlink:from="wnt_PaymentsDueToTerminationOfTheEmploymentIncludingUnduePayments_loc" xlink:to="wnt_PaymentsDueToTerminationOfTheEmploymentIncludingUnduePayments_totalLabel_fr" xlink:type="arc"/>
    <link:labelArc xlink:arcrole="http://www.xbrl.org/2003/arcrole/concept-label" xlink:from="wnt_RemunerationUnduePayments_loc" xlink:to="wnt_RemunerationUnduePayments_totalLabel_fr" xlink:type="arc"/>
    <link:labelArc xlink:arcrole="http://www.xbrl.org/2003/arcrole/concept-label" xlink:from="wnt_Remuneration_loc" xlink:to="wnt_Remuneration_totalLabel_fr" xlink:type="arc"/>
    <link:labelArc xlink:arcrole="http://www.xbrl.org/2003/arcrole/concept-label" xlink:from="wnt_SubtotalRemuneration_loc" xlink:to="wnt_SubtotalRemuneration_totalLabel_fr" xlink:type="arc"/>
	
    <link:label id="wnt_IndividualMaximumRemuneration_verboseLabel_fr" xlink:label="wnt_IndividualMaximumRemuneration_verboseLabel_fr" xlink:role="http://www.xbrl.org/2003/role/verboseLabel" xlink:type="resource" xml:lang="fr">Seuil de rémunération individuelle applicable</link:label>
    <link:labelArc xlink:arcrole="http://www.xbrl.org/2003/arcrole/concept-label" xlink:from="wnt_IndividualMaximumRemuneration_loc" xlink:to="wnt_IndividualMaximumRemuneration_verboseLabel_fr" xlink:type="arc"/>
	
    <link:label id="wnt_PositionOfNonSeniorOfficialsAxis_label_fr" xlink:label="wnt_PositionOfNonSeniorOfficialsAxis_label_fr" xlink:role="http://www.xbrl.org/2003/role/label" xlink:type="resource" xml:lang="fr">Fonction de la personne autre qu'un haut fonctionnaire</link:label>
    <link:label id="wnt_WNTInstitutionAxis_label_fr" xlink:label="wnt_WNTInstitutionAxis_label_fr" xlink:role="http://www.xbrl.org/2003/role/label" xlink:type="resource" xml:lang="fr">Nom de la ou des institution(s) du WNT où le haut fonctionnaire est employé</link:label>
    <link:label id="wnt_NameOfSupervisorySeniorOfficialWithoutEmploymentAxis_label_fr" xlink:label="wnt_NameOfSupervisorySeniorOfficialWithoutEmploymentAxis_label_fr" xlink:role="http://www.xbrl.org/2003/role/label" xlink:type="resource" xml:lang="fr">Nom du haut fonctionnaire de supervision</link:label>
    <link:label id="wnt_NameOfSeniorOfficialRemuneration1700OrMoreAccumulatedAxis_label_fr" xlink:label="wnt_NameOfSeniorOfficialRemuneration1700OrMoreAccumulatedAxis_label_fr" xlink:role="http://www.xbrl.org/2003/role/label" xlink:type="resource" xml:lang="fr">Nom du haut fonctionnaire non superviseur</link:label>
    <link:label id="wnt_NameOfSeniorOfficialAxis_label_fr" xlink:label="wnt_NameOfSeniorOfficialAxis_label_fr" xlink:role="http://www.xbrl.org/2003/role/label" xlink:type="resource" xml:lang="fr">Nom du haut fonctionnaire</link:label>
    <link:label id="wnt_NameOfSeniorOfficialConsideredFourYearsAxis_label_fr" xlink:label="wnt_NameOfSeniorOfficialConsideredFourYearsAxis_label_fr" xlink:role="http://www.xbrl.org/2003/role/label" xlink:type="resource" xml:lang="fr">Nom du haut fonctionnaire</link:label>
    <link:label id="wnt_NameOfSeniorOfficialRemuneration1700OrLessAntiCumulationAxis_label_fr" xlink:label="wnt_NameOfSeniorOfficialRemuneration1700OrLessAntiCumulationAxis_label_fr" xlink:role="http://www.xbrl.org/2003/role/label" xlink:type="resource" xml:lang="fr">Nom du haut fonctionnaire</link:label>
    <link:label id="wnt_NameOfSeniorOfficialRemuneration1700OrLessAxis_label_fr" xlink:label="wnt_NameOfSeniorOfficialRemuneration1700OrLessAxis_label_fr" xlink:role="http://www.xbrl.org/2003/role/label" xlink:type="resource" xml:lang="fr">Nom du haut fonctionnaire</link:label>
    <link:label id="wnt_NameOfSeniorOfficialTerminationOfEmploymentAxis_label_fr" xlink:label="wnt_NameOfSeniorOfficialTerminationOfEmploymentAxis_label_fr" xlink:role="http://www.xbrl.org/2003/role/label" xlink:type="resource" xml:lang="fr">Nom du haut fonctionnaire</link:label>
    <link:label id="wnt_NameOfSeniorOfficialWithoutEmploymentAxis_label_fr" xlink:label="wnt_NameOfSeniorOfficialWithoutEmploymentAxis_label_fr" xlink:role="http://www.xbrl.org/2003/role/label" xlink:type="resource" xml:lang="fr">Nom du haut fonctionnaire</link:label>
    <link:labelArc xlink:arcrole="http://www.xbrl.org/2003/arcrole/concept-label" xlink:from="wnt_NameOfSeniorOfficialAxis_loc" xlink:to="wnt_NameOfSeniorOfficialAxis_label_fr" xlink:type="arc"/>
    <link:labelArc xlink:arcrole="http://www.xbrl.org/2003/arcrole/concept-label" xlink:from="wnt_NameOfSeniorOfficialConsideredFourYearsAxis_loc" xlink:to="wnt_NameOfSeniorOfficialConsideredFourYearsAxis_label_fr" xlink:type="arc"/>
    <link:labelArc xlink:arcrole="http://www.xbrl.org/2003/arcrole/concept-label" xlink:from="wnt_NameOfSeniorOfficialRemuneration1700OrLessAntiCumulationAxis_loc" xlink:to="wnt_NameOfSeniorOfficialRemuneration1700OrLessAntiCumulationAxis_label_fr" xlink:type="arc"/>
    <link:labelArc xlink:arcrole="http://www.xbrl.org/2003/arcrole/concept-label" xlink:from="wnt_NameOfSeniorOfficialRemuneration1700OrLessAxis_loc" xlink:to="wnt_NameOfSeniorOfficialRemuneration1700OrLessAxis_label_fr" xlink:type="arc"/>
    <link:labelArc xlink:arcrole="http://www.xbrl.org/2003/arcrole/concept-label" xlink:from="wnt_NameOfSeniorOfficialRemuneration1700OrMoreAccumulatedAxis_loc" xlink:to="wnt_NameOfSeniorOfficialRemuneration1700OrMoreAccumulatedAxis_label_fr" xlink:type="arc"/>
    <link:labelArc xlink:arcrole="http://www.xbrl.org/2003/arcrole/concept-label" xlink:from="wnt_NameOfSeniorOfficialTerminationOfEmploymentAxis_loc" xlink:to="wnt_NameOfSeniorOfficialTerminationOfEmploymentAxis_label_fr" xlink:type="arc"/>
    <link:labelArc xlink:arcrole="http://www.xbrl.org/2003/arcrole/concept-label" xlink:from="wnt_NameOfSeniorOfficialWithoutEmploymentAxis_loc" xlink:to="wnt_NameOfSeniorOfficialWithoutEmploymentAxis_label_fr" xlink:type="arc"/>
    <link:labelArc xlink:arcrole="http://www.xbrl.org/2003/arcrole/concept-label" xlink:from="wnt_NameOfSupervisorySeniorOfficialWithoutEmploymentAxis_loc" xlink:to="wnt_NameOfSupervisorySeniorOfficialWithoutEmploymentAxis_label_fr" xlink:type="arc"/>
    <link:labelArc xlink:arcrole="http://www.xbrl.org/2003/arcrole/concept-label" xlink:from="wnt_PositionOfNonSeniorOfficialsAxis_loc" xlink:to="wnt_PositionOfNonSeniorOfficialsAxis_label_fr" xlink:type="arc"/>
    <link:labelArc xlink:arcrole="http://www.xbrl.org/2003/arcrole/concept-label" xlink:from="wnt_WNTInstitutionAxis_loc" xlink:to="wnt_WNTInstitutionAxis_label_fr" xlink:type="arc"/>
    <link:loc xlink:href="wnt-cor.xsd#wnt_NameOfSeniorOfficialAxis" xlink:label="wnt_NameOfSeniorOfficialAxis_loc" xlink:type="locator"/>
    <link:loc xlink:href="wnt-cor.xsd#wnt_NameOfSeniorOfficialConsideredFourYearsAxis" xlink:label="wnt_NameOfSeniorOfficialConsideredFourYearsAxis_loc" xlink:type="locator"/>
    <link:loc xlink:href="wnt-cor.xsd#wnt_NameOfSeniorOfficialRemuneration1700OrLessAntiCumulationAxis" xlink:label="wnt_NameOfSeniorOfficialRemuneration1700OrLessAntiCumulationAxis_loc" xlink:type="locator"/>
    <link:loc xlink:href="wnt-cor.xsd#wnt_NameOfSeniorOfficialRemuneration1700OrLessAxis" xlink:label="wnt_NameOfSeniorOfficialRemuneration1700OrLessAxis_loc" xlink:type="locator"/>
    <link:loc xlink:href="wnt-cor.xsd#wnt_NameOfSeniorOfficialRemuneration1700OrMoreAccumulatedAxis" xlink:label="wnt_NameOfSeniorOfficialRemuneration1700OrMoreAccumulatedAxis_loc" xlink:type="locator"/>
    <link:loc xlink:href="wnt-cor.xsd#wnt_NameOfSeniorOfficialTerminationOfEmploymentAxis" xlink:label="wnt_NameOfSeniorOfficialTerminationOfEmploymentAxis_loc" xlink:type="locator"/>
    <link:loc xlink:href="wnt-cor.xsd#wnt_NameOfSeniorOfficialWithoutEmploymentAxis" xlink:label="wnt_NameOfSeniorOfficialWithoutEmploymentAxis_loc" xlink:type="locator"/>
    <link:loc xlink:href="wnt-cor.xsd#wnt_NameOfSupervisorySeniorOfficialWithoutEmploymentAxis" xlink:label="wnt_NameOfSupervisorySeniorOfficialWithoutEmploymentAxis_loc" xlink:type="locator"/>
    <link:loc xlink:href="wnt-cor.xsd#wnt_PositionOfNonSeniorOfficialsAxis" xlink:label="wnt_PositionOfNonSeniorOfficialsAxis_loc" xlink:type="locator"/>
    <link:loc xlink:href="wnt-cor.xsd#wnt_WNTInstitutionAxis" xlink:label="wnt_WNTInstitutionAxis_loc" xlink:type="locator"/>
	
	
  </link:labelLink>
</link:linkbase>
