<?xml version="1.0" encoding="UTF-8" standalone="yes"?>

<link:linkbase xmlns:link="http://www.xbrl.org/2003/linkbase" xmlns:xlink="http://www.w3.org/1999/xlink">
  <link:roleRef roleURI="http://www.xbrl.org/2009/role/negatedLabel" xlink:href="http://www.xbrl.org/lrr/role/negated-2009-12-16.xsd#negatedLabel" xlink:type="simple"/>
 
  <link:labelLink xlink:role="http://www.xbrl.org/2003/role/link" xlink:type="extended">
    <link:label id="wnt_MonthsEmploymentDuringFinancialYear_label_nl" xlink:label="wnt_MonthsEmploymentDuringFinancialYear_label_nl" xlink:role="http://www.xbrl.org/2003/role/label" xlink:type="resource" xml:lang="nl">Aantal maanden van functievervulling in het kalenderjaar</link:label>
    <link:label id="wnt_DurationOfTheEmploymentDuringTheCalendarYearStartDate_label_nl" xlink:label="wnt_DurationOfTheEmploymentDuringTheCalendarYearStartDate_label_nl" xlink:role="http://www.xbrl.org/2003/role/label" xlink:type="resource" xml:lang="nl">Aanvang functievervulling in het kalenderjaar</link:label>
    <link:label id="wnt_DurationOfTheEmploymentDuringTheFinancialYearStartDate_label_nl" xlink:label="wnt_DurationOfTheEmploymentDuringTheFinancialYearStartDate_label_nl" xlink:role="http://www.xbrl.org/2003/role/label" xlink:type="resource" xml:lang="nl">Aanvangsdatum van de duur van de functievervulling in het boekjaar</link:label>
    <link:label id="wnt_OtherWNTInstitutionsManagingSeniorOfficialsEmployment_label_nl" xlink:label="wnt_OtherWNTInstitutionsManagingSeniorOfficialsEmployment_label_nl" xlink:role="http://www.xbrl.org/2003/role/label" xlink:type="resource" xml:lang="nl">Alle andere WNT-instellingen waarbij de leidinggevende topfunctionaris eveneens in dienstbetrekking is als leidinggevende topfunctionaris</link:label>
    <link:label id="wnt_Consideration_label_nl" xlink:label="wnt_Consideration_label_nl" xlink:role="http://www.xbrl.org/2003/role/label" xlink:type="resource" xml:lang="nl">Beloning plus belastbare onkostenvergoedingen</link:label>
    <link:label id="wnt_RemunerationPaidDuringFinancialYear_label_nl" xlink:label="wnt_RemunerationPaidDuringFinancialYear_label_nl" xlink:role="http://www.xbrl.org/2003/role/label" xlink:type="resource" xml:lang="nl">Bezoldiging in de betreffende periode</link:label>
    <link:label id="wnt_RemunerationUnduePayments_label_nl" xlink:label="wnt_RemunerationUnduePayments_label_nl" xlink:role="http://www.xbrl.org/2003/role/label" xlink:type="resource" xml:lang="nl">Bezoldiging inclusief onverschuldigde betalingen</link:label>
    <link:label id="wnt_RemunerationOtherActivitiesSeniorOfficer_label_nl" xlink:label="wnt_RemunerationOtherActivitiesSeniorOfficer_label_nl" xlink:role="http://www.xbrl.org/2003/role/label" xlink:type="resource" xml:lang="nl">Bezoldiging voor andere werkzaamheden dan die als topfunctionaris</link:label>
    <link:label id="wnt_RemunerationActivitiesSeniorOfficer_label_nl" xlink:label="wnt_RemunerationActivitiesSeniorOfficer_label_nl" xlink:role="http://www.xbrl.org/2003/role/label" xlink:type="resource" xml:lang="nl">Bezoldiging voor de werkzaamheden als topfunctionaris</link:label>
    <link:label id="wnt_RemunerationActivitiesAffiliatedCompanies_label_nl" xlink:label="wnt_RemunerationActivitiesAffiliatedCompanies_label_nl" xlink:role="http://www.xbrl.org/2003/role/label" xlink:type="resource" xml:lang="nl">Bezoldiging voor de werkzaamheden bij gelieerde rechtspersonen</link:label>
    <link:label id="wnt_Remuneration_label_nl" xlink:label="wnt_Remuneration_label_nl" xlink:role="http://www.xbrl.org/2003/role/label" xlink:type="resource" xml:lang="nl">Bezoldiging</link:label>
    <link:label id="wnt_StartDateEmployment_label_nl" xlink:label="wnt_StartDateEmployment_label_nl" xlink:role="http://www.xbrl.org/2003/role/label" xlink:type="resource" xml:lang="nl">Datum aanvang dienstbetrekking</link:label>
    <link:label id="wnt_DoubleCounting_label_nl" xlink:label="wnt_DoubleCounting_label_nl" xlink:role="http://www.xbrl.org/2003/role/label" xlink:type="resource" xml:lang="nl">Dubbeltellingen door doorbelastingen</link:label>
    <link:label id="wnt_DurationOfTheEmploymentDuringTheFinancialYearEndDate_label_nl" xlink:label="wnt_DurationOfTheEmploymentDuringTheFinancialYearEndDate_label_nl" xlink:role="http://www.xbrl.org/2003/role/label" xlink:type="resource" xml:lang="nl">Einddatum van de duur van de functievervulling in het boekjaar</link:label>
    <link:label id="wnt_DurationOfTheEmploymentDuringTheCalendarYearEndDate_label_nl" xlink:label="wnt_DurationOfTheEmploymentDuringTheCalendarYearEndDate_label_nl" xlink:role="http://www.xbrl.org/2003/role/label" xlink:type="resource" xml:lang="nl">Einde functievervulling in het kalenderjaar</link:label>
    <link:label id="wnt_InclusionErrorsInRemunerationSeniorOfficials_label_nl" xlink:label="wnt_InclusionErrorsInRemunerationSeniorOfficials_label_nl" xlink:role="http://www.xbrl.org/2003/role/label" xlink:type="resource" xml:lang="nl">Foutenherstel in verantwoording WNT</link:label>
    <link:label id="wnt_PositionOrPositions_label_nl" xlink:label="wnt_PositionOrPositions_label_nl" xlink:role="http://www.xbrl.org/2003/role/label" xlink:type="resource" xml:lang="nl">Functie of functies</link:label>
    <link:label id="wnt_CumulatedRemunerationAntiCumulationApproach_label_nl" xlink:label="wnt_CumulatedRemunerationAntiCumulationApproach_label_nl" xlink:role="http://www.xbrl.org/2003/role/label" xlink:type="resource" xml:lang="nl">Gecumuleerde totale bezoldigingen bij alle WNT-instellingen gezamenlijk i.v.m. anticumulatie bepaling</link:label>
    <link:label id="wnt_NumberOfNonSeniorOfficialsForWhomTotalAmountStatedOfPremiumsContributionsEmployerPaidDeferredFinancingFormOfPurchasingPensionAgreements_label_nl" xlink:label="wnt_NumberOfNonSeniorOfficialsForWhomTotalAmountStatedOfPremiumsContributionsEmployerPaidDeferredFinancingFormOfPurchasingPensionAgreements_label_nl" xlink:role="http://www.xbrl.org/2003/role/label" xlink:type="resource" xml:lang="nl">Het aantal niet-topfunctionarissen waarvoor het totale bedrag is vermeld van de premies of bijdragen van de werkgever die bij wijze van uitgestelde financiering voldaan worden in de vorm van inkoop van pensioenafspraken</link:label>
    <link:label id="wnt_RemunerationMaximumOrHigherIndividualRemunerationSeniorOfficerAntiAccumulation_label_nl" xlink:label="wnt_RemunerationMaximumOrHigherIndividualRemunerationSeniorOfficerAntiAccumulation_label_nl" xlink:role="http://www.xbrl.org/2003/role/label" xlink:type="resource" xml:lang="nl">Het algemeen bezoldigingsmaximum dan wel een voor één van de dienstbetrekkingen van toepassing zijnde hoger bezoldigingsmaximum</link:label>
    <link:label id="wnt_AmountExceedingMaximumRemuneration_label_nl" xlink:label="wnt_AmountExceedingMaximumRemuneration_label_nl" xlink:role="http://www.xbrl.org/2003/role/label" xlink:type="resource" xml:lang="nl">Het bedrag van de overschrijding</link:label>
    <link:label id="wnt_ApplicableMaximumRemunerationInstitution_label_nl" xlink:label="wnt_ApplicableMaximumRemunerationInstitution_label_nl" xlink:role="http://www.xbrl.org/2003/role/label" xlink:type="resource" xml:lang="nl">Het toepasselijke bezoldigingsmaximum voor de instelling</link:label>
    <link:label id="wnt_RemunerationMaximumOrHigherIndividualRemunerationSeniorOfficer_label_nl" xlink:label="wnt_RemunerationMaximumOrHigherIndividualRemunerationSeniorOfficer_label_nl" xlink:role="http://www.xbrl.org/2003/role/label" xlink:type="resource" xml:lang="nl">Het voor de WNT-instelling geldende bezoldigingsmaximum dan wel een voor de individuele topfunctionaris toegestane hogere bezoldiging</link:label>
    <link:label id="wnt_PaymentsMadeInTheFinancialYearDueToTerminationOfTheEmployment_label_nl" xlink:label="wnt_PaymentsMadeInTheFinancialYearDueToTerminationOfTheEmployment_label_nl" xlink:role="http://www.xbrl.org/2003/role/label" xlink:type="resource" xml:lang="nl">In het boekjaar gedane uitkeringen wegens beëindiging van het dienstverband</link:label>
    <link:label id="wnt_IndividualMaximumRemunerationPerHour_label_nl" xlink:label="wnt_IndividualMaximumRemunerationPerHour_label_nl" xlink:role="http://www.xbrl.org/2003/role/label" xlink:type="resource" xml:lang="nl">Individueel maximale bezoldiging per uur</link:label>
    <link:label id="wnt_IndividualMaximumRemunerationNormAmountsPerMonth_label_nl" xlink:label="wnt_IndividualMaximumRemunerationNormAmountsPerMonth_label_nl" xlink:role="http://www.xbrl.org/2003/role/label" xlink:type="resource" xml:lang="nl">Individueel maximum op basis van de normbedragen per maand</link:label>
    <link:label id="wnt_IndividualMaximumDuringFinancialYear_label_nl" xlink:label="wnt_IndividualMaximumDuringFinancialYear_label_nl" xlink:role="http://www.xbrl.org/2003/role/label" xlink:type="resource" xml:lang="nl">Individueel toepasselijke bezoldigingsmaximum</link:label>
    <link:label id="wnt_IndividualMaximumRemuneration_label_nl" xlink:label="wnt_IndividualMaximumRemuneration_label_nl" xlink:role="http://www.xbrl.org/2003/role/label" xlink:type="resource" xml:lang="nl">Individueel toepasselijke bezoldigingsmaximum</link:label>
    <link:label id="wnt_IndividualMaximumPaymentDueToTerminationOfTheEmployment_label_nl" xlink:label="wnt_IndividualMaximumPaymentDueToTerminationOfTheEmployment_label_nl" xlink:role="http://www.xbrl.org/2003/role/label" xlink:type="resource" xml:lang="nl">Individueel toepasselijke maximale uitkeringen wegens beëindiging van het dienstverband</link:label>
    <link:label id="wnt_ExistenceOfAnEmploymentRelationship_label_nl" xlink:label="wnt_ExistenceOfAnEmploymentRelationship_label_nl" xlink:role="http://www.xbrl.org/2003/role/label" xlink:type="resource" xml:lang="nl">Is er sprake van een dienstbetrekking? (Ja/Nee)</link:label>
    <link:label id="wnt_YearOfTerminationOfTheEmployment_label_nl" xlink:label="wnt_YearOfTerminationOfTheEmployment_label_nl" xlink:role="http://www.xbrl.org/2003/role/label" xlink:type="resource" xml:lang="nl">Jaar waarin het dienstverband is beëindigd</link:label>
    <link:label id="wnt_CalendarYear_label_nl" xlink:label="wnt_CalendarYear_label_nl" xlink:role="http://www.xbrl.org/2003/role/label" xlink:type="resource" xml:lang="nl">Kalenderjaar</link:label>
    <link:label id="wnt_JustificationExceedingMaximumRemuneration_label_nl" xlink:label="wnt_JustificationExceedingMaximumRemuneration_label_nl" xlink:role="http://www.xbrl.org/2003/role/label" xlink:type="resource" xml:lang="nl">Motivering van de overschrijding van de maximale bezoldiging</link:label>
    <link:label id="wnt_WntInstitutionOtherActivitiesSeniorOfficer_label_nl" xlink:label="wnt_WntInstitutionOtherActivitiesSeniorOfficer_label_nl" xlink:role="http://www.xbrl.org/2003/role/label" xlink:type="resource" xml:lang="nl">Naam WNT instelling met betrekking tot andere werkzaamheden dan die als topfunctionaris</link:label>
    <link:label id="wnt_WntInstitutionActivitiesSeniorOfficer_label_nl" xlink:label="wnt_WntInstitutionActivitiesSeniorOfficer_label_nl" xlink:role="http://www.xbrl.org/2003/role/label" xlink:type="resource" xml:lang="nl">Naam WNT instelling met betrekking tot de werkzaamheden als topfunctionaris</link:label>
    <link:label id="wnt_WntInstitutionAffiliatedCompanies_label_nl" xlink:label="wnt_WntInstitutionAffiliatedCompanies_label_nl" xlink:role="http://www.xbrl.org/2003/role/label" xlink:type="resource" xml:lang="nl">Naam WNT instelling met betrekking tot de werkzaamheden bij gelieerde rechtspersonen</link:label>
    <link:label id="wnt_NameOtherWNTInstitution_label_nl" xlink:label="wnt_NameOtherWNTInstitution_label_nl" xlink:role="http://www.xbrl.org/2003/role/label" xlink:type="resource" xml:lang="nl">Naam van de andere WNT-instelling(en) waar topfunctionaris werkzaam is</link:label>
    <link:label id="wnt_ScopeOfTheEmploymentDuringTheCalendarYearInHours_label_nl" xlink:label="wnt_ScopeOfTheEmploymentDuringTheCalendarYearInHours_label_nl" xlink:role="http://www.xbrl.org/2003/role/label" xlink:type="resource" xml:lang="nl">Omvang van het dienstverband in uren per kalenderjaar</link:label>
    <link:label id="wnt_ScopeOfTheEmploymentDuringTheFinancialYearInFTE_label_nl" xlink:label="wnt_ScopeOfTheEmploymentDuringTheFinancialYearInFTE_label_nl" xlink:role="http://www.xbrl.org/2003/role/label" xlink:type="resource" xml:lang="nl">Omvang van het dienstverband uitgedrukt als deeltijdfactor in FTE</link:label>
    <link:label id="wnt_UnduePayments_label_nl" xlink:label="wnt_UnduePayments_label_nl" xlink:role="http://www.xbrl.org/2003/role/label" xlink:type="resource" xml:lang="nl">Onverschuldigd betaald en nog niet terugontvangen bedrag</link:label>
    <link:label id="wnt_AgreedPaymentsDueToTermination_label_nl" xlink:label="wnt_AgreedPaymentsDueToTermination_label_nl" xlink:role="http://www.xbrl.org/2003/role/label" xlink:type="resource" xml:lang="nl">Overeengekomen uitkeringen wegens beëindiging dienstverband met uitzondering van uitkeringen die voortvloeien uit een rechterlijke uitspraak</link:label>
    <link:label id="wnt_PublicationWNTInTheConsolidatedStatutoryAccounts_label_nl" xlink:label="wnt_PublicationWNTInTheConsolidatedStatutoryAccounts_label_nl" xlink:role="http://www.xbrl.org/2003/role/label" xlink:type="resource" xml:lang="nl">Publicatie WNT in de geconsolideerde en/of enkelvoudige jaarrekening danwel jaarrekening van een van de andere rechtspersonen binnen de groep</link:label>
    <link:label id="wnt_ReasonsForExceedingMaximumAmountOfRemuneration_label_nl" xlink:label="wnt_ReasonsForExceedingMaximumAmountOfRemuneration_label_nl" xlink:role="http://www.xbrl.org/2003/role/label" xlink:type="resource" xml:lang="nl">Reden waarom de overschrijding al dan niet is toegestaan</link:label>
    <link:label id="wnt_SubtotalRemuneration_label_nl" xlink:label="wnt_SubtotalRemuneration_label_nl" xlink:role="http://www.xbrl.org/2003/role/label" xlink:type="resource" xml:lang="nl">Subtotaal bezoldiging</link:label>
    <link:label id="wnt_ReceivableUnduePaymentsExplanation_label_nl" xlink:label="wnt_ReceivableUnduePaymentsExplanation_label_nl" xlink:role="http://www.xbrl.org/2003/role/label" xlink:type="resource" xml:lang="nl">Toelichting op de vordering wegens onverschuldigde betaling</link:label>
    <link:label id="wnt_ReasonsAndCauseErrorsInRemuneration_label_nl" xlink:label="wnt_ReasonsAndCauseErrorsInRemuneration_label_nl" xlink:role="http://www.xbrl.org/2003/role/label" xlink:type="resource" xml:lang="nl">Toelichting op verschil en oorzaak foutenherstel</link:label>
    <link:label id="wnt_TotalAmountPremiumsContributionsEmployerPaidDeferredFinancingFormOfPurchasingPensionAgreements_label_nl" xlink:label="wnt_TotalAmountPremiumsContributionsEmployerPaidDeferredFinancingFormOfPurchasingPensionAgreements_label_nl" xlink:role="http://www.xbrl.org/2003/role/label" xlink:type="resource" xml:lang="nl">Totale bedrag van de premies of bijdragen van de werkgever die bij wijze van uitgestelde financiering voldaan worden in de vorm van inkoop van pensioenafspraken</link:label>
    <link:label id="wnt_TotalRemunerationDuringFinancialYear_label_nl" xlink:label="wnt_TotalRemunerationDuringFinancialYear_label_nl" xlink:role="http://www.xbrl.org/2003/role/label" xlink:type="resource" xml:lang="nl">Totale bezoldiging gehele periode kalendermaand 1 t/m 12</link:label>
    <link:label id="wnt_TotalRemunerationPerInstitution_label_nl" xlink:label="wnt_TotalRemunerationPerInstitution_label_nl" xlink:role="http://www.xbrl.org/2003/role/label" xlink:type="resource" xml:lang="nl">Totale bezoldiging per WNT-instelling bedragen x € 1</link:label>
    <link:label id="wnt_PaymentsDueToTerminationOfTheEmploymentIncludingUnduePayments_label_nl" xlink:label="wnt_PaymentsDueToTerminationOfTheEmploymentIncludingUnduePayments_label_nl" xlink:role="http://www.xbrl.org/2003/role/label" xlink:type="resource" xml:lang="nl">Uitkeringen wegens beëindiging van het dienstverband inclusief onverschuldigde betalingen</link:label>
    <link:label id="wnt_ReferenceToTheSeniorOfficialsAndCorrespondingStatutoryEntities_label_nl" xlink:label="wnt_ReferenceToTheSeniorOfficialsAndCorrespondingStatutoryEntities_label_nl" xlink:role="http://www.xbrl.org/2003/role/label" xlink:type="resource" xml:lang="nl">Verwijzing verantwoorde WNT gegevens naar topfunctionaris en gelieerde rechtsperso(o)n(en)</link:label>
    <link:label id="wnt_ProvisionsForPostEmploymentBenefits_label_nl" xlink:label="wnt_ProvisionsForPostEmploymentBenefits_label_nl" xlink:role="http://www.xbrl.org/2003/role/label" xlink:type="resource" xml:lang="nl">Voorzieningen ten behoeve van beloningen betaalbaar op termijn</link:label>
    <link:labelArc xlink:arcrole="http://www.xbrl.org/2003/arcrole/concept-label" xlink:from="wnt_AgreedPaymentsDueToTermination_loc" xlink:to="wnt_AgreedPaymentsDueToTermination_label_nl" xlink:type="arc"/>
    <link:labelArc xlink:arcrole="http://www.xbrl.org/2003/arcrole/concept-label" xlink:from="wnt_AmountExceedingMaximumRemuneration_loc" xlink:to="wnt_AmountExceedingMaximumRemuneration_label_nl" xlink:type="arc"/>
    <link:labelArc xlink:arcrole="http://www.xbrl.org/2003/arcrole/concept-label" xlink:from="wnt_ApplicableMaximumRemunerationInstitution_loc" xlink:to="wnt_ApplicableMaximumRemunerationInstitution_label_nl" xlink:type="arc"/>
    <link:labelArc xlink:arcrole="http://www.xbrl.org/2003/arcrole/concept-label" xlink:from="wnt_CalendarYear_loc" xlink:to="wnt_CalendarYear_label_nl" xlink:type="arc"/>
    <link:labelArc xlink:arcrole="http://www.xbrl.org/2003/arcrole/concept-label" xlink:from="wnt_Consideration_loc" xlink:to="wnt_Consideration_label_nl" xlink:type="arc"/>
    <link:labelArc xlink:arcrole="http://www.xbrl.org/2003/arcrole/concept-label" xlink:from="wnt_CumulatedRemunerationAntiCumulationApproach_loc" xlink:to="wnt_CumulatedRemunerationAntiCumulationApproach_label_nl" xlink:type="arc"/>
    <link:labelArc xlink:arcrole="http://www.xbrl.org/2003/arcrole/concept-label" xlink:from="wnt_DoubleCounting_loc" xlink:to="wnt_DoubleCounting_label_nl" xlink:type="arc"/>
    <link:labelArc xlink:arcrole="http://www.xbrl.org/2003/arcrole/concept-label" xlink:from="wnt_DurationOfTheEmploymentDuringTheCalendarYearEndDate_loc" xlink:to="wnt_DurationOfTheEmploymentDuringTheCalendarYearEndDate_label_nl" xlink:type="arc"/>
    <link:labelArc xlink:arcrole="http://www.xbrl.org/2003/arcrole/concept-label" xlink:from="wnt_DurationOfTheEmploymentDuringTheCalendarYearStartDate_loc" xlink:to="wnt_DurationOfTheEmploymentDuringTheCalendarYearStartDate_label_nl" xlink:type="arc"/>
    <link:labelArc xlink:arcrole="http://www.xbrl.org/2003/arcrole/concept-label" xlink:from="wnt_DurationOfTheEmploymentDuringTheFinancialYearEndDate_loc" xlink:to="wnt_DurationOfTheEmploymentDuringTheFinancialYearEndDate_label_nl" xlink:type="arc"/>
    <link:labelArc xlink:arcrole="http://www.xbrl.org/2003/arcrole/concept-label" xlink:from="wnt_DurationOfTheEmploymentDuringTheFinancialYearStartDate_loc" xlink:to="wnt_DurationOfTheEmploymentDuringTheFinancialYearStartDate_label_nl" xlink:type="arc"/>
    <link:labelArc xlink:arcrole="http://www.xbrl.org/2003/arcrole/concept-label" xlink:from="wnt_ExistenceOfAnEmploymentRelationship_loc" xlink:to="wnt_ExistenceOfAnEmploymentRelationship_label_nl" xlink:type="arc"/>
    <link:labelArc xlink:arcrole="http://www.xbrl.org/2003/arcrole/concept-label" xlink:from="wnt_InclusionErrorsInRemunerationSeniorOfficials_loc" xlink:to="wnt_InclusionErrorsInRemunerationSeniorOfficials_label_nl" xlink:type="arc"/>
    <link:labelArc xlink:arcrole="http://www.xbrl.org/2003/arcrole/concept-label" xlink:from="wnt_IndividualMaximumDuringFinancialYear_loc" xlink:to="wnt_IndividualMaximumDuringFinancialYear_label_nl" xlink:type="arc"/>
    <link:labelArc xlink:arcrole="http://www.xbrl.org/2003/arcrole/concept-label" xlink:from="wnt_IndividualMaximumPaymentDueToTerminationOfTheEmployment_loc" xlink:to="wnt_IndividualMaximumPaymentDueToTerminationOfTheEmployment_label_nl" xlink:type="arc"/>
    <link:labelArc xlink:arcrole="http://www.xbrl.org/2003/arcrole/concept-label" xlink:from="wnt_IndividualMaximumRemunerationNormAmountsPerMonth_loc" xlink:to="wnt_IndividualMaximumRemunerationNormAmountsPerMonth_label_nl" xlink:type="arc"/>
    <link:labelArc xlink:arcrole="http://www.xbrl.org/2003/arcrole/concept-label" xlink:from="wnt_IndividualMaximumRemunerationPerHour_loc" xlink:to="wnt_IndividualMaximumRemunerationPerHour_label_nl" xlink:type="arc"/>
    <link:labelArc xlink:arcrole="http://www.xbrl.org/2003/arcrole/concept-label" xlink:from="wnt_IndividualMaximumRemuneration_loc" xlink:to="wnt_IndividualMaximumRemuneration_label_nl" xlink:type="arc"/>
    <link:labelArc xlink:arcrole="http://www.xbrl.org/2003/arcrole/concept-label" xlink:from="wnt_JustificationExceedingMaximumRemuneration_loc" xlink:to="wnt_JustificationExceedingMaximumRemuneration_label_nl" xlink:type="arc"/>
    <link:labelArc xlink:arcrole="http://www.xbrl.org/2003/arcrole/concept-label" xlink:from="wnt_MonthsEmploymentDuringFinancialYear_loc" xlink:to="wnt_MonthsEmploymentDuringFinancialYear_label_nl" xlink:type="arc"/>
    <link:labelArc xlink:arcrole="http://www.xbrl.org/2003/arcrole/concept-label" xlink:from="wnt_NameOtherWNTInstitution_loc" xlink:to="wnt_NameOtherWNTInstitution_label_nl" xlink:type="arc"/>
    <link:labelArc xlink:arcrole="http://www.xbrl.org/2003/arcrole/concept-label" xlink:from="wnt_NumberOfNonSeniorOfficialsForWhomTotalAmountStatedOfPremiumsContributionsEmployerPaidDeferredFinancingFormOfPurchasingPensionAgreements_loc" xlink:to="wnt_NumberOfNonSeniorOfficialsForWhomTotalAmountStatedOfPremiumsContributionsEmployerPaidDeferredFinancingFormOfPurchasingPensionAgreements_label_nl" xlink:type="arc"/>
    <link:labelArc xlink:arcrole="http://www.xbrl.org/2003/arcrole/concept-label" xlink:from="wnt_OtherWNTInstitutionsManagingSeniorOfficialsEmployment_loc" xlink:to="wnt_OtherWNTInstitutionsManagingSeniorOfficialsEmployment_label_nl" xlink:type="arc"/>
    <link:labelArc xlink:arcrole="http://www.xbrl.org/2003/arcrole/concept-label" xlink:from="wnt_PaymentsDueToTerminationOfTheEmploymentIncludingUnduePayments_loc" xlink:to="wnt_PaymentsDueToTerminationOfTheEmploymentIncludingUnduePayments_label_nl" xlink:type="arc"/>
    <link:labelArc xlink:arcrole="http://www.xbrl.org/2003/arcrole/concept-label" xlink:from="wnt_PaymentsMadeInTheFinancialYearDueToTerminationOfTheEmployment_loc" xlink:to="wnt_PaymentsMadeInTheFinancialYearDueToTerminationOfTheEmployment_label_nl" xlink:type="arc"/>
    <link:labelArc xlink:arcrole="http://www.xbrl.org/2003/arcrole/concept-label" xlink:from="wnt_PositionOrPositions_loc" xlink:to="wnt_PositionOrPositions_label_nl" xlink:type="arc"/>
    <link:labelArc xlink:arcrole="http://www.xbrl.org/2003/arcrole/concept-label" xlink:from="wnt_ProvisionsForPostEmploymentBenefits_loc" xlink:to="wnt_ProvisionsForPostEmploymentBenefits_label_nl" xlink:type="arc"/>
    <link:labelArc xlink:arcrole="http://www.xbrl.org/2003/arcrole/concept-label" xlink:from="wnt_PublicationWNTInTheConsolidatedStatutoryAccounts_loc" xlink:to="wnt_PublicationWNTInTheConsolidatedStatutoryAccounts_label_nl" xlink:type="arc"/>
    <link:labelArc xlink:arcrole="http://www.xbrl.org/2003/arcrole/concept-label" xlink:from="wnt_ReasonsAndCauseErrorsInRemuneration_loc" xlink:to="wnt_ReasonsAndCauseErrorsInRemuneration_label_nl" xlink:type="arc"/>
    <link:labelArc xlink:arcrole="http://www.xbrl.org/2003/arcrole/concept-label" xlink:from="wnt_ReasonsForExceedingMaximumAmountOfRemuneration_loc" xlink:to="wnt_ReasonsForExceedingMaximumAmountOfRemuneration_label_nl" xlink:type="arc"/>
    <link:labelArc xlink:arcrole="http://www.xbrl.org/2003/arcrole/concept-label" xlink:from="wnt_ReceivableUnduePaymentsExplanation_loc" xlink:to="wnt_ReceivableUnduePaymentsExplanation_label_nl" xlink:type="arc"/>
    <link:labelArc xlink:arcrole="http://www.xbrl.org/2003/arcrole/concept-label" xlink:from="wnt_ReferenceToTheSeniorOfficialsAndCorrespondingStatutoryEntities_loc" xlink:to="wnt_ReferenceToTheSeniorOfficialsAndCorrespondingStatutoryEntities_label_nl" xlink:type="arc"/>
    <link:labelArc xlink:arcrole="http://www.xbrl.org/2003/arcrole/concept-label" xlink:from="wnt_RemunerationActivitiesAffiliatedCompanies_loc" xlink:to="wnt_RemunerationActivitiesAffiliatedCompanies_label_nl" xlink:type="arc"/>
    <link:labelArc xlink:arcrole="http://www.xbrl.org/2003/arcrole/concept-label" xlink:from="wnt_RemunerationActivitiesSeniorOfficer_loc" xlink:to="wnt_RemunerationActivitiesSeniorOfficer_label_nl" xlink:type="arc"/>
    <link:labelArc xlink:arcrole="http://www.xbrl.org/2003/arcrole/concept-label" xlink:from="wnt_RemunerationMaximumOrHigherIndividualRemunerationSeniorOfficerAntiAccumulation_loc" xlink:to="wnt_RemunerationMaximumOrHigherIndividualRemunerationSeniorOfficerAntiAccumulation_label_nl" xlink:type="arc"/>
    <link:labelArc xlink:arcrole="http://www.xbrl.org/2003/arcrole/concept-label" xlink:from="wnt_RemunerationMaximumOrHigherIndividualRemunerationSeniorOfficer_loc" xlink:to="wnt_RemunerationMaximumOrHigherIndividualRemunerationSeniorOfficer_label_nl" xlink:type="arc"/>
    <link:labelArc xlink:arcrole="http://www.xbrl.org/2003/arcrole/concept-label" xlink:from="wnt_RemunerationOtherActivitiesSeniorOfficer_loc" xlink:to="wnt_RemunerationOtherActivitiesSeniorOfficer_label_nl" xlink:type="arc"/>
    <link:labelArc xlink:arcrole="http://www.xbrl.org/2003/arcrole/concept-label" xlink:from="wnt_RemunerationPaidDuringFinancialYear_loc" xlink:to="wnt_RemunerationPaidDuringFinancialYear_label_nl" xlink:type="arc"/>
    <link:labelArc xlink:arcrole="http://www.xbrl.org/2003/arcrole/concept-label" xlink:from="wnt_RemunerationUnduePayments_loc" xlink:to="wnt_RemunerationUnduePayments_label_nl" xlink:type="arc"/>
    <link:labelArc xlink:arcrole="http://www.xbrl.org/2003/arcrole/concept-label" xlink:from="wnt_Remuneration_loc" xlink:to="wnt_Remuneration_label_nl" xlink:type="arc"/>
    <link:labelArc xlink:arcrole="http://www.xbrl.org/2003/arcrole/concept-label" xlink:from="wnt_ScopeOfTheEmploymentDuringTheCalendarYearInHours_loc" xlink:to="wnt_ScopeOfTheEmploymentDuringTheCalendarYearInHours_label_nl" xlink:type="arc"/>
    <link:labelArc xlink:arcrole="http://www.xbrl.org/2003/arcrole/concept-label" xlink:from="wnt_ScopeOfTheEmploymentDuringTheFinancialYearInFTE_loc" xlink:to="wnt_ScopeOfTheEmploymentDuringTheFinancialYearInFTE_label_nl" xlink:type="arc"/>
    <link:labelArc xlink:arcrole="http://www.xbrl.org/2003/arcrole/concept-label" xlink:from="wnt_StartDateEmployment_loc" xlink:to="wnt_StartDateEmployment_label_nl" xlink:type="arc"/>
    <link:labelArc xlink:arcrole="http://www.xbrl.org/2003/arcrole/concept-label" xlink:from="wnt_SubtotalRemuneration_loc" xlink:to="wnt_SubtotalRemuneration_label_nl" xlink:type="arc"/>
    <link:labelArc xlink:arcrole="http://www.xbrl.org/2003/arcrole/concept-label" xlink:from="wnt_TotalAmountPremiumsContributionsEmployerPaidDeferredFinancingFormOfPurchasingPensionAgreements_loc" xlink:to="wnt_TotalAmountPremiumsContributionsEmployerPaidDeferredFinancingFormOfPurchasingPensionAgreements_label_nl" xlink:type="arc"/>
    <link:labelArc xlink:arcrole="http://www.xbrl.org/2003/arcrole/concept-label" xlink:from="wnt_TotalRemunerationDuringFinancialYear_loc" xlink:to="wnt_TotalRemunerationDuringFinancialYear_label_nl" xlink:type="arc"/>
    <link:labelArc xlink:arcrole="http://www.xbrl.org/2003/arcrole/concept-label" xlink:from="wnt_TotalRemunerationPerInstitution_loc" xlink:to="wnt_TotalRemunerationPerInstitution_label_nl" xlink:type="arc"/>
    <link:labelArc xlink:arcrole="http://www.xbrl.org/2003/arcrole/concept-label" xlink:from="wnt_UnduePayments_loc" xlink:to="wnt_UnduePayments_label_nl" xlink:type="arc"/>
    <link:labelArc xlink:arcrole="http://www.xbrl.org/2003/arcrole/concept-label" xlink:from="wnt_WntInstitutionActivitiesSeniorOfficer_loc" xlink:to="wnt_WntInstitutionActivitiesSeniorOfficer_label_nl" xlink:type="arc"/>
    <link:labelArc xlink:arcrole="http://www.xbrl.org/2003/arcrole/concept-label" xlink:from="wnt_WntInstitutionAffiliatedCompanies_loc" xlink:to="wnt_WntInstitutionAffiliatedCompanies_label_nl" xlink:type="arc"/>
    <link:labelArc xlink:arcrole="http://www.xbrl.org/2003/arcrole/concept-label" xlink:from="wnt_WntInstitutionOtherActivitiesSeniorOfficer_loc" xlink:to="wnt_WntInstitutionOtherActivitiesSeniorOfficer_label_nl" xlink:type="arc"/>
    <link:labelArc xlink:arcrole="http://www.xbrl.org/2003/arcrole/concept-label" xlink:from="wnt_YearOfTerminationOfTheEmployment_loc" xlink:to="wnt_YearOfTerminationOfTheEmployment_label_nl" xlink:type="arc"/>
    <link:loc xlink:href="wnt-cor.xsd#wnt_AgreedPaymentsDueToTermination" xlink:label="wnt_AgreedPaymentsDueToTermination_loc" xlink:type="locator"/>
    <link:loc xlink:href="wnt-cor.xsd#wnt_AmountExceedingMaximumRemuneration" xlink:label="wnt_AmountExceedingMaximumRemuneration_loc" xlink:type="locator"/>
    <link:loc xlink:href="wnt-cor.xsd#wnt_ApplicableMaximumRemunerationInstitution" xlink:label="wnt_ApplicableMaximumRemunerationInstitution_loc" xlink:type="locator"/>
    <link:loc xlink:href="wnt-cor.xsd#wnt_CalendarYear" xlink:label="wnt_CalendarYear_loc" xlink:type="locator"/>
    <link:loc xlink:href="wnt-cor.xsd#wnt_Consideration" xlink:label="wnt_Consideration_loc" xlink:type="locator"/>
    <link:loc xlink:href="wnt-cor.xsd#wnt_CumulatedRemunerationAntiCumulationApproach" xlink:label="wnt_CumulatedRemunerationAntiCumulationApproach_loc" xlink:type="locator"/>
    <link:loc xlink:href="wnt-cor.xsd#wnt_DoubleCounting" xlink:label="wnt_DoubleCounting_loc" xlink:type="locator"/>
    <link:loc xlink:href="wnt-cor.xsd#wnt_DurationOfTheEmploymentDuringTheCalendarYearEndDate" xlink:label="wnt_DurationOfTheEmploymentDuringTheCalendarYearEndDate_loc" xlink:type="locator"/>
    <link:loc xlink:href="wnt-cor.xsd#wnt_DurationOfTheEmploymentDuringTheCalendarYearStartDate" xlink:label="wnt_DurationOfTheEmploymentDuringTheCalendarYearStartDate_loc" xlink:type="locator"/>
    <link:loc xlink:href="wnt-cor.xsd#wnt_DurationOfTheEmploymentDuringTheFinancialYearEndDate" xlink:label="wnt_DurationOfTheEmploymentDuringTheFinancialYearEndDate_loc" xlink:type="locator"/>
    <link:loc xlink:href="wnt-cor.xsd#wnt_DurationOfTheEmploymentDuringTheFinancialYearStartDate" xlink:label="wnt_DurationOfTheEmploymentDuringTheFinancialYearStartDate_loc" xlink:type="locator"/>
    <link:loc xlink:href="wnt-cor.xsd#wnt_ExistenceOfAnEmploymentRelationship" xlink:label="wnt_ExistenceOfAnEmploymentRelationship_loc" xlink:type="locator"/>
    <link:loc xlink:href="wnt-cor.xsd#wnt_InclusionErrorsInRemunerationSeniorOfficials" xlink:label="wnt_InclusionErrorsInRemunerationSeniorOfficials_loc" xlink:type="locator"/>
    <link:loc xlink:href="wnt-cor.xsd#wnt_IndividualMaximumDuringFinancialYear" xlink:label="wnt_IndividualMaximumDuringFinancialYear_loc" xlink:type="locator"/>
    <link:loc xlink:href="wnt-cor.xsd#wnt_IndividualMaximumPaymentDueToTerminationOfTheEmployment" xlink:label="wnt_IndividualMaximumPaymentDueToTerminationOfTheEmployment_loc" xlink:type="locator"/>
    <link:loc xlink:href="wnt-cor.xsd#wnt_IndividualMaximumRemunerationNormAmountsPerMonth" xlink:label="wnt_IndividualMaximumRemunerationNormAmountsPerMonth_loc" xlink:type="locator"/>
    <link:loc xlink:href="wnt-cor.xsd#wnt_IndividualMaximumRemunerationPerHour" xlink:label="wnt_IndividualMaximumRemunerationPerHour_loc" xlink:type="locator"/>
    <link:loc xlink:href="wnt-cor.xsd#wnt_IndividualMaximumRemuneration" xlink:label="wnt_IndividualMaximumRemuneration_loc" xlink:type="locator"/>
    <link:loc xlink:href="wnt-cor.xsd#wnt_JustificationExceedingMaximumRemuneration" xlink:label="wnt_JustificationExceedingMaximumRemuneration_loc" xlink:type="locator"/>
    <link:loc xlink:href="wnt-cor.xsd#wnt_MonthsEmploymentDuringFinancialYear" xlink:label="wnt_MonthsEmploymentDuringFinancialYear_loc" xlink:type="locator"/>
    <link:loc xlink:href="wnt-cor.xsd#wnt_NameOtherWNTInstitution" xlink:label="wnt_NameOtherWNTInstitution_loc" xlink:type="locator"/>
    <link:loc xlink:href="wnt-cor.xsd#wnt_NumberOfNonSeniorOfficialsForWhomTotalAmountStatedOfPremiumsContributionsEmployerPaidDeferredFinancingFormOfPurchasingPensionAgreements" xlink:label="wnt_NumberOfNonSeniorOfficialsForWhomTotalAmountStatedOfPremiumsContributionsEmployerPaidDeferredFinancingFormOfPurchasingPensionAgreements_loc" xlink:type="locator"/>
    <link:loc xlink:href="wnt-cor.xsd#wnt_OtherWNTInstitutionsManagingSeniorOfficialsEmployment" xlink:label="wnt_OtherWNTInstitutionsManagingSeniorOfficialsEmployment_loc" xlink:type="locator"/>
    <link:loc xlink:href="wnt-cor.xsd#wnt_PaymentsDueToTerminationOfTheEmploymentIncludingUnduePayments" xlink:label="wnt_PaymentsDueToTerminationOfTheEmploymentIncludingUnduePayments_loc" xlink:type="locator"/>
    <link:loc xlink:href="wnt-cor.xsd#wnt_PaymentsMadeInTheFinancialYearDueToTerminationOfTheEmployment" xlink:label="wnt_PaymentsMadeInTheFinancialYearDueToTerminationOfTheEmployment_loc" xlink:type="locator"/>
    <link:loc xlink:href="wnt-cor.xsd#wnt_PositionOrPositions" xlink:label="wnt_PositionOrPositions_loc" xlink:type="locator"/>
    <link:loc xlink:href="wnt-cor.xsd#wnt_ProvisionsForPostEmploymentBenefits" xlink:label="wnt_ProvisionsForPostEmploymentBenefits_loc" xlink:type="locator"/>
    <link:loc xlink:href="wnt-cor.xsd#wnt_PublicationWNTInTheConsolidatedStatutoryAccounts" xlink:label="wnt_PublicationWNTInTheConsolidatedStatutoryAccounts_loc" xlink:type="locator"/>
    <link:loc xlink:href="wnt-cor.xsd#wnt_ReasonsAndCauseErrorsInRemuneration" xlink:label="wnt_ReasonsAndCauseErrorsInRemuneration_loc" xlink:type="locator"/>
    <link:loc xlink:href="wnt-cor.xsd#wnt_ReasonsForExceedingMaximumAmountOfRemuneration" xlink:label="wnt_ReasonsForExceedingMaximumAmountOfRemuneration_loc" xlink:type="locator"/>
    <link:loc xlink:href="wnt-cor.xsd#wnt_ReceivableUnduePaymentsExplanation" xlink:label="wnt_ReceivableUnduePaymentsExplanation_loc" xlink:type="locator"/>
    <link:loc xlink:href="wnt-cor.xsd#wnt_ReferenceToTheSeniorOfficialsAndCorrespondingStatutoryEntities" xlink:label="wnt_ReferenceToTheSeniorOfficialsAndCorrespondingStatutoryEntities_loc" xlink:type="locator"/>
    <link:loc xlink:href="wnt-cor.xsd#wnt_RemunerationActivitiesAffiliatedCompanies" xlink:label="wnt_RemunerationActivitiesAffiliatedCompanies_loc" xlink:type="locator"/>
    <link:loc xlink:href="wnt-cor.xsd#wnt_RemunerationActivitiesSeniorOfficer" xlink:label="wnt_RemunerationActivitiesSeniorOfficer_loc" xlink:type="locator"/>
    <link:loc xlink:href="wnt-cor.xsd#wnt_RemunerationMaximumOrHigherIndividualRemunerationSeniorOfficerAntiAccumulation" xlink:label="wnt_RemunerationMaximumOrHigherIndividualRemunerationSeniorOfficerAntiAccumulation_loc" xlink:type="locator"/>
    <link:loc xlink:href="wnt-cor.xsd#wnt_RemunerationMaximumOrHigherIndividualRemunerationSeniorOfficer" xlink:label="wnt_RemunerationMaximumOrHigherIndividualRemunerationSeniorOfficer_loc" xlink:type="locator"/>
    <link:loc xlink:href="wnt-cor.xsd#wnt_RemunerationOtherActivitiesSeniorOfficer" xlink:label="wnt_RemunerationOtherActivitiesSeniorOfficer_loc" xlink:type="locator"/>
    <link:loc xlink:href="wnt-cor.xsd#wnt_RemunerationPaidDuringFinancialYear" xlink:label="wnt_RemunerationPaidDuringFinancialYear_loc" xlink:type="locator"/>
    <link:loc xlink:href="wnt-cor.xsd#wnt_RemunerationUnduePayments" xlink:label="wnt_RemunerationUnduePayments_loc" xlink:type="locator"/>
    <link:loc xlink:href="wnt-cor.xsd#wnt_Remuneration" xlink:label="wnt_Remuneration_loc" xlink:type="locator"/>
    <link:loc xlink:href="wnt-cor.xsd#wnt_ScopeOfTheEmploymentDuringTheCalendarYearInHours" xlink:label="wnt_ScopeOfTheEmploymentDuringTheCalendarYearInHours_loc" xlink:type="locator"/>
    <link:loc xlink:href="wnt-cor.xsd#wnt_ScopeOfTheEmploymentDuringTheFinancialYearInFTE" xlink:label="wnt_ScopeOfTheEmploymentDuringTheFinancialYearInFTE_loc" xlink:type="locator"/>
    <link:loc xlink:href="wnt-cor.xsd#wnt_StartDateEmployment" xlink:label="wnt_StartDateEmployment_loc" xlink:type="locator"/>
    <link:loc xlink:href="wnt-cor.xsd#wnt_SubtotalRemuneration" xlink:label="wnt_SubtotalRemuneration_loc" xlink:type="locator"/>
    <link:loc xlink:href="wnt-cor.xsd#wnt_TotalAmountPremiumsContributionsEmployerPaidDeferredFinancingFormOfPurchasingPensionAgreements" xlink:label="wnt_TotalAmountPremiumsContributionsEmployerPaidDeferredFinancingFormOfPurchasingPensionAgreements_loc" xlink:type="locator"/>
    <link:loc xlink:href="wnt-cor.xsd#wnt_TotalRemunerationDuringFinancialYear" xlink:label="wnt_TotalRemunerationDuringFinancialYear_loc" xlink:type="locator"/>
    <link:loc xlink:href="wnt-cor.xsd#wnt_TotalRemunerationPerInstitution" xlink:label="wnt_TotalRemunerationPerInstitution_loc" xlink:type="locator"/>
    <link:loc xlink:href="wnt-cor.xsd#wnt_UnduePayments" xlink:label="wnt_UnduePayments_loc" xlink:type="locator"/>
    <link:loc xlink:href="wnt-cor.xsd#wnt_WntInstitutionActivitiesSeniorOfficer" xlink:label="wnt_WntInstitutionActivitiesSeniorOfficer_loc" xlink:type="locator"/>
    <link:loc xlink:href="wnt-cor.xsd#wnt_WntInstitutionAffiliatedCompanies" xlink:label="wnt_WntInstitutionAffiliatedCompanies_loc" xlink:type="locator"/>
    <link:loc xlink:href="wnt-cor.xsd#wnt_WntInstitutionOtherActivitiesSeniorOfficer" xlink:label="wnt_WntInstitutionOtherActivitiesSeniorOfficer_loc" xlink:type="locator"/>
    <link:loc xlink:href="wnt-cor.xsd#wnt_YearOfTerminationOfTheEmployment" xlink:label="wnt_YearOfTerminationOfTheEmployment_loc" xlink:type="locator"/>
	
    <link:label id="wnt_OtherWNTInstitutionsManagingSeniorOfficialsEmployment_documentation_nl" xlink:label="wnt_OtherWNTInstitutionsManagingSeniorOfficialsEmployment_documentation_nl" xlink:role="http://www.xbrl.org/2003/role/documentation" xlink:type="resource" xml:lang="nl">Alle andere WNT-instellingen waarbij de leidinggevende topfunctionaris eveneens in dienstbetrekking is als leidinggevende topfunctionaris.</link:label>
    <link:label id="wnt_PositionOrPositions_documentation_nl" xlink:label="wnt_PositionOrPositions_documentation_nl" xlink:role="http://www.xbrl.org/2003/role/documentation" xlink:type="resource" xml:lang="nl">Beschrijving van de functie die de topfunctionaris uitoefent.</link:label>
    <link:label id="wnt_ReasonsForExceedingMaximumAmountOfRemuneration_documentation_nl" xlink:label="wnt_ReasonsForExceedingMaximumAmountOfRemuneration_documentation_nl" xlink:role="http://www.xbrl.org/2003/role/documentation" xlink:type="resource" xml:lang="nl">Beschrijving van de motivatie voor de overschrijding van het maximale bedrag aan bezoldiging.</link:label>
    <link:label id="wnt_ReceivableUnduePaymentsExplanation_documentation_nl" xlink:label="wnt_ReceivableUnduePaymentsExplanation_documentation_nl" xlink:role="http://www.xbrl.org/2003/role/documentation" xlink:type="resource" xml:lang="nl">Bij de toelichting van de vordering die ontstaat door de onverschuldigde betaling dient in ieder geval te worden opgenomen van wie het bedrag wordt teruggevorderd. Dit kan alleen de topfunctionaris zijn, maar indien het een topfunctionaris zonder dienstbetrekking betreft die ter beschikking is gesteld door een derde, dient de vordering daarnaast ook gericht te zijn op deze derde die de topfunctionaris ter beschikking stelt. Voorbeelden van deze derde zijn een detacheringsbureau of een management BV. Alleen als er geen sprake is van een vordering wegens een onverschuldigde betaling vult u hier n.v.t. in.|</link:label>
    <link:label id="wnt_WntInstitutionOtherActivitiesSeniorOfficer_documentation_nl" xlink:label="wnt_WntInstitutionOtherActivitiesSeniorOfficer_documentation_nl" xlink:role="http://www.xbrl.org/2003/role/documentation" xlink:type="resource" xml:lang="nl">De WNT instelling met betrekking tot andere werkzaamheden dan die als topfunctionaris.</link:label>
    <link:label id="wnt_WntInstitutionAffiliatedCompanies_documentation_nl" xlink:label="wnt_WntInstitutionAffiliatedCompanies_documentation_nl" xlink:role="http://www.xbrl.org/2003/role/documentation" xlink:type="resource" xml:lang="nl">De WNT instelling met betrekking tot de werkzaamheden bij gelieerde rechtspersonen.</link:label>
    <link:label id="wnt_WntInstitutionActivitiesSeniorOfficer_documentation_nl" xlink:label="wnt_WntInstitutionActivitiesSeniorOfficer_documentation_nl" xlink:role="http://www.xbrl.org/2003/role/documentation" xlink:type="resource" xml:lang="nl">De WNT instelling met betrekking tot werkzaamheden als topfunctionaris.</link:label>
    <link:label id="wnt_IndividualMaximumDuringFinancialYear_documentation_nl" xlink:label="wnt_IndividualMaximumDuringFinancialYear_documentation_nl" xlink:role="http://www.xbrl.org/2003/role/documentation" xlink:type="resource" xml:lang="nl">De berekening van het individueel toepasselijke bezoldigingsmaximum kan op twee manieren tot stand komen, omdat de specifieke normering voor topfunctionarissen zonder dienstbetrekking uit twee onderdelen bestaat. Bij de berekening wordt primair uitgegaan van het maximum op basis van het aantal kalendermaanden waarin is gewerkt.</link:label>
    <link:label id="wnt_TotalRemunerationDuringFinancialYear_documentation_nl" xlink:label="wnt_TotalRemunerationDuringFinancialYear_documentation_nl" xlink:role="http://www.xbrl.org/2003/role/documentation" xlink:type="resource" xml:lang="nl">De bezoldiging van een topfunctionaris zonder dienstbetrekking bestaat uit alle betaalde vergoedingen exclusief btw, met uitzondering van vergoedingen die onbelast zijn als sprake was geweest van een dienstbetrekking.</link:label>
    <link:label id="wnt_RemunerationOtherActivitiesSeniorOfficer_documentation_nl" xlink:label="wnt_RemunerationOtherActivitiesSeniorOfficer_documentation_nl" xlink:role="http://www.xbrl.org/2003/role/documentation" xlink:type="resource" xml:lang="nl">De bezoldiging voor andere werkzaamheden dan die als topfunctionaris.</link:label>
    <link:label id="wnt_RemunerationActivitiesSeniorOfficer_documentation_nl" xlink:label="wnt_RemunerationActivitiesSeniorOfficer_documentation_nl" xlink:role="http://www.xbrl.org/2003/role/documentation" xlink:type="resource" xml:lang="nl">De bezoldiging voor de werkzaamheden als topfunctionaris.</link:label>
    <link:label id="wnt_RemunerationActivitiesAffiliatedCompanies_documentation_nl" xlink:label="wnt_RemunerationActivitiesAffiliatedCompanies_documentation_nl" xlink:role="http://www.xbrl.org/2003/role/documentation" xlink:type="resource" xml:lang="nl">De bezoldiging voor de werkzaamheden bij gelieerde rechtspersonen.</link:label>
    <link:label id="wnt_StartDateEmployment_documentation_nl" xlink:label="wnt_StartDateEmployment_documentation_nl" xlink:role="http://www.xbrl.org/2003/role/documentation" xlink:type="resource" xml:lang="nl">De datum van aanvang dienstbetrekking.</link:label>
    <link:label id="wnt_DurationOfTheEmploymentDuringTheFinancialYearEndDate_documentation_nl" xlink:label="wnt_DurationOfTheEmploymentDuringTheFinancialYearEndDate_documentation_nl" xlink:role="http://www.xbrl.org/2003/role/documentation" xlink:type="resource" xml:lang="nl">De einddatum van de duur van de functievervulling in het boekjaar.</link:label>
    <link:label id="wnt_DurationOfTheEmploymentDuringTheCalendarYearEndDate_documentation_nl" xlink:label="wnt_DurationOfTheEmploymentDuringTheCalendarYearEndDate_documentation_nl" xlink:role="http://www.xbrl.org/2003/role/documentation" xlink:type="resource" xml:lang="nl">De einddatum van de duur van de functievervulling in het kalenderjaar.</link:label>
    <link:label id="wnt_JustificationExceedingMaximumRemuneration_documentation_nl" xlink:label="wnt_JustificationExceedingMaximumRemuneration_documentation_nl" xlink:role="http://www.xbrl.org/2003/role/documentation" xlink:type="resource" xml:lang="nl">De motivering van de overschrijding van de maximale bezoldiging.</link:label>
    <link:label id="wnt_NameOtherWNTInstitution_documentation_nl" xlink:label="wnt_NameOtherWNTInstitution_documentation_nl" xlink:role="http://www.xbrl.org/2003/role/documentation" xlink:type="resource" xml:lang="nl">De naam van de andere rechtspersoon of instelling waar de topfunctionaris die tevens topfunctionaris, niet zijnde lid van het hoogste toezichthoudende orgaan.</link:label>
    <link:label id="wnt_ScopeOfTheEmploymentDuringTheFinancialYearInFTE_documentation_nl" xlink:label="wnt_ScopeOfTheEmploymentDuringTheFinancialYearInFTE_documentation_nl" xlink:role="http://www.xbrl.org/2003/role/documentation" xlink:type="resource" xml:lang="nl">De omvang van het dienstverband in het boekjaar gemeten in FTE (fullltime-equivalent).</link:label>
    <link:label id="wnt_ScopeOfTheEmploymentDuringTheCalendarYearInHours_documentation_nl" xlink:label="wnt_ScopeOfTheEmploymentDuringTheCalendarYearInHours_documentation_nl" xlink:role="http://www.xbrl.org/2003/role/documentation" xlink:type="resource" xml:lang="nl">De omvang van het dienstverband in uren per kalenderjaar.</link:label>
    <link:label id="wnt_DoubleCounting_documentation_nl" xlink:label="wnt_DoubleCounting_documentation_nl" xlink:role="http://www.xbrl.org/2003/role/documentation" xlink:type="resource" xml:lang="nl">De onverschuldigde betaling hoeft alleen in de WNT-verantwoording opgenomen te worden als deze voor het vaststellen van de jaarrekening nog niet volledig is terugbetaald. In het geval bedragen op dat moment al wel zijn terugbetaald kunt u kunt u bij 'bezoldiging' het bedrag opnemen waarop het terugbetaalde betaalde bedrag reeds in mindering is gebracht. Zie ook artikel 5, zesde lid, onderdeel b, Uitvoeringsregeling WNT.</link:label>
    <link:label id="wnt_AgreedPaymentsDueToTermination_documentation_nl" xlink:label="wnt_AgreedPaymentsDueToTermination_documentation_nl" xlink:role="http://www.xbrl.org/2003/role/documentation" xlink:type="resource" xml:lang="nl">De overeengekomen en in het boekjaar gedane uitkeringen wegens beëindiging dienstverband moeten worden vermeld, met uitzondering van uitkeringen die voortvloeien uit een rechterlijke uitspraak (zie ook artikel 5, vijfde lid, onderdeel e, Uitvoeringsregeling WNT). Achtergrond hiervan is dat de totaal overeengekomen ontslagvergoeding getoetst moet worden aan het maximum, en niet slechts het deel dat tot uitkering komt in het boekjaar.</link:label>
    <link:label id="wnt_RemunerationPaidDuringFinancialYear_documentation_nl" xlink:label="wnt_RemunerationPaidDuringFinancialYear_documentation_nl" xlink:role="http://www.xbrl.org/2003/role/documentation" xlink:type="resource" xml:lang="nl">De som van de beloning, de belastbare vaste en variabele onkostenvergoedingen en de beloningen betaalbaar op termijn, met uitzondering van de omzetbelasting, dan wel, indien een functie wordt vervuld anders dan op grond van een dienstbetrekking, de som van de vergoedingen voor het vervullen van de functie, met uitzondering van de vergoedingen die bij een functievervulling op grond van een dienstbetrekking onbelast zouden zijn, en met uitzondering van de omzetbelasting gedurende het boekjaar.</link:label>
    <link:label id="wnt_Remuneration_documentation_nl" xlink:label="wnt_Remuneration_documentation_nl" xlink:role="http://www.xbrl.org/2003/role/documentation" xlink:type="resource" xml:lang="nl">De som van de beloning, de belastbare vaste en variabele onkostenvergoedingen en de beloningen betaalbaar op termijn, met uitzondering van de omzetbelasting, dan wel, indien een functie wordt vervuld anders dan op grond van een dienstbetrekking, de som van de vergoedingen voor het vervullen van de functie, met uitzondering van de vergoedingen die bij een functievervulling op grond van een dienstbetrekking onbelast zouden zijn, en met uitzondering van de omzetbelasting.</link:label>
    <link:label id="wnt_Consideration_documentation_nl" xlink:label="wnt_Consideration_documentation_nl" xlink:role="http://www.xbrl.org/2003/role/documentation" xlink:type="resource" xml:lang="nl">De som van de periodiek betaalde beloningen en de winstdelingen en bonusbetalingen.</link:label>
    <link:label id="wnt_PaymentsMadeInTheFinancialYearDueToTerminationOfTheEmployment_documentation_nl" xlink:label="wnt_PaymentsMadeInTheFinancialYearDueToTerminationOfTheEmployment_documentation_nl" xlink:role="http://www.xbrl.org/2003/role/documentation" xlink:type="resource" xml:lang="nl">De som van uitkeringen bij beëindiging van het dienstverband en beloningen betaalbaar op termijn die betrekking hebben op de beëindiging van het dienstverband, met uitzondering van uitkeringen die voortvloeien uit een algemeen verbindend verklaarde collectieve arbeidsovereenkomst of een wettelijk voorschrift.</link:label>
    <link:label id="wnt_DurationOfTheEmploymentDuringTheFinancialYearStartDate_documentation_nl" xlink:label="wnt_DurationOfTheEmploymentDuringTheFinancialYearStartDate_documentation_nl" xlink:role="http://www.xbrl.org/2003/role/documentation" xlink:type="resource" xml:lang="nl">De startdatum van de duur van de functievervulling in het boekjaar.</link:label>
    <link:label id="wnt_DurationOfTheEmploymentDuringTheCalendarYearStartDate_documentation_nl" xlink:label="wnt_DurationOfTheEmploymentDuringTheCalendarYearStartDate_documentation_nl" xlink:role="http://www.xbrl.org/2003/role/documentation" xlink:type="resource" xml:lang="nl">De startdatum van de duur van de functievervulling in het kalenderjaar.</link:label>
    <link:label id="wnt_TotalRemunerationPerInstitution_documentation_nl" xlink:label="wnt_TotalRemunerationPerInstitution_documentation_nl" xlink:role="http://www.xbrl.org/2003/role/documentation" xlink:type="resource" xml:lang="nl">De totale bezoldiging per WNT-instelling bedragen x € 1.</link:label>
    <link:label id="wnt_PaymentsDueToTerminationOfTheEmploymentIncludingUnduePayments_documentation_nl" xlink:label="wnt_PaymentsDueToTerminationOfTheEmploymentIncludingUnduePayments_documentation_nl" xlink:role="http://www.xbrl.org/2003/role/documentation" xlink:type="resource" xml:lang="nl">De uitkeringen wegens beëindiging van het dienstverband inclusief een eventueel onverschuldigd betaald bedrag.</link:label>
    <link:label id="wnt_IndividualMaximumRemunerationNormAmountsPerMonth_documentation_nl" xlink:label="wnt_IndividualMaximumRemunerationNormAmountsPerMonth_documentation_nl" xlink:role="http://www.xbrl.org/2003/role/documentation" xlink:type="resource" xml:lang="nl">Dit element is optioneel en kan als tussenstap c.q. hulpmiddel worden gebruikt om het maximum op basis van de normbedragen per maand te berekenen. Dit maximum wordt bepaald aan de hand van het aantal kalendermaanden waarin is gewerkt.</link:label>
    <link:label id="wnt_ExistenceOfAnEmploymentRelationship_documentation_nl" xlink:label="wnt_ExistenceOfAnEmploymentRelationship_documentation_nl" xlink:role="http://www.xbrl.org/2003/role/documentation" xlink:type="resource" xml:lang="nl">Er is sprake een dienstbetrekking in het geval van een echte of fictieve dienstbetrekking.</link:label>
    <link:label id="wnt_CumulatedRemunerationAntiCumulationApproach_documentation_nl" xlink:label="wnt_CumulatedRemunerationAntiCumulationApproach_documentation_nl" xlink:role="http://www.xbrl.org/2003/role/documentation" xlink:type="resource" xml:lang="nl">Gecumuleerde totale bezoldigingen bij alle WNT-instellingen gezamenlijk i.v.m. anticumulatie bepaling.</link:label>
    <link:label id="wnt_MonthsEmploymentDuringFinancialYear_documentation_nl" xlink:label="wnt_MonthsEmploymentDuringFinancialYear_documentation_nl" xlink:role="http://www.xbrl.org/2003/role/documentation" xlink:type="resource" xml:lang="nl">Het aantal maanden van functievervulling in het kalenderjaar.</link:label>
    <link:label id="wnt_NumberOfNonSeniorOfficialsForWhomTotalAmountStatedOfPremiumsContributionsEmployerPaidDeferredFinancingFormOfPurchasingPensionAgreements_documentation_nl" xlink:label="wnt_NumberOfNonSeniorOfficialsForWhomTotalAmountStatedOfPremiumsContributionsEmployerPaidDeferredFinancingFormOfPurchasingPensionAgreements_documentation_nl" xlink:role="http://www.xbrl.org/2003/role/documentation" xlink:type="resource" xml:lang="nl">Het aantal niet-topfunctionarissen waarvoor het totale bedrag is vermeld van de premies of bijdragen van de werkgever, bedoeld in artikel 2, eerste lid, onderdelen q en r, die bij wijze van uitgestelde financiering voldaan worden in de vorm van inkoop van pensioenafspraken als bedoeld in artikel 4 van het Uitvoeringsbesluit pensioenaspecten sociaal akkoord 2004.</link:label>
    <link:label id="wnt_RemunerationMaximumOrHigherIndividualRemunerationSeniorOfficerAntiAccumulation_documentation_nl" xlink:label="wnt_RemunerationMaximumOrHigherIndividualRemunerationSeniorOfficerAntiAccumulation_documentation_nl" xlink:role="http://www.xbrl.org/2003/role/documentation" xlink:type="resource" xml:lang="nl">Het algemeen bezoldigingsmaximum dan wel een voor één van de dienstbetrekkingen van toepassing zijnde hoger bezoldigingsmaximum.</link:label>
    <link:label id="wnt_RemunerationUnduePayments_documentation_nl" xlink:label="wnt_RemunerationUnduePayments_documentation_nl" xlink:role="http://www.xbrl.org/2003/role/documentation" xlink:type="resource" xml:lang="nl">Het bedrag aan bezoldiging inclusief een eventueel onverschuldigd betaald bedrag.</link:label>
    <link:label id="wnt_UnduePayments_documentation_nl" xlink:label="wnt_UnduePayments_documentation_nl" xlink:role="http://www.xbrl.org/2003/role/documentation" xlink:type="resource" xml:lang="nl">Het bedrag aan onverschuldigde betalingen die per jaareinde nog niet zijn terugbetaald.</link:label>
    <link:label id="wnt_AmountExceedingMaximumRemuneration_documentation_nl" xlink:label="wnt_AmountExceedingMaximumRemuneration_documentation_nl" xlink:role="http://www.xbrl.org/2003/role/documentation" xlink:type="resource" xml:lang="nl">Het bedrag van de overschrijding van het individueel toepasselijke bezoldigingsmaximum.</link:label>
    <link:label id="wnt_CalendarYear_documentation_nl" xlink:label="wnt_CalendarYear_documentation_nl" xlink:role="http://www.xbrl.org/2003/role/documentation" xlink:type="resource" xml:lang="nl">Het kalenderjaar waarop de bezoldiging van toepassing is.</link:label>
    <link:label id="wnt_SubtotalRemuneration_documentation_nl" xlink:label="wnt_SubtotalRemuneration_documentation_nl" xlink:role="http://www.xbrl.org/2003/role/documentation" xlink:type="resource" xml:lang="nl">Het subtotaal van bezoldigingen voor werkzaamheden als topfunctionarissen, andere werkzaamheden als topfunctionarissen en werkzaamheden van gelieerde rechtspersonen.</link:label>
    <link:label id="wnt_ApplicableMaximumRemunerationInstitution_documentation_nl" xlink:label="wnt_ApplicableMaximumRemunerationInstitution_documentation_nl" xlink:role="http://www.xbrl.org/2003/role/documentation" xlink:type="resource" xml:lang="nl">Het toepasselijke bezoldigingsmaximum voor de instelling.</link:label>
    <link:label id="wnt_TotalAmountPremiumsContributionsEmployerPaidDeferredFinancingFormOfPurchasingPensionAgreements_documentation_nl" xlink:label="wnt_TotalAmountPremiumsContributionsEmployerPaidDeferredFinancingFormOfPurchasingPensionAgreements_documentation_nl" xlink:role="http://www.xbrl.org/2003/role/documentation" xlink:type="resource" xml:lang="nl">Het totale bedrag van de premies of bijdragen van de werkgever, bedoeld in artikel 2, eerste lid, onderdelen q en r, die bij wijze van uitgestelde financiering voldaan worden in de vorm van inkoop van pensioenafspraken als bedoeld in artikel 4 van het Uitvoeringsbesluit pensioenaspecten sociaal akkoord 2004.</link:label>
    <link:label id="wnt_IndividualMaximumRemuneration_documentation_nl" xlink:label="wnt_IndividualMaximumRemuneration_documentation_nl" xlink:role="http://www.xbrl.org/2003/role/documentation" xlink:type="resource" xml:lang="nl">Het van toepassing zijnde maximum bedrag voor individuele bezoldiging.</link:label>
    <link:label id="wnt_IndividualMaximumPaymentDueToTerminationOfTheEmployment_documentation_nl" xlink:label="wnt_IndividualMaximumPaymentDueToTerminationOfTheEmployment_documentation_nl" xlink:role="http://www.xbrl.org/2003/role/documentation" xlink:type="resource" xml:lang="nl">Het van toepassing zijnde maximum bedrag voor individuele uitkering wegens beëindiging van het dienstverband.</link:label>
    <link:label id="wnt_IndividualMaximumRemunerationPerHour_documentation_nl" xlink:label="wnt_IndividualMaximumRemunerationPerHour_documentation_nl" xlink:role="http://www.xbrl.org/2003/role/documentation" xlink:type="resource" xml:lang="nl">Het van toepassing zijnde maximum uurtarief voor individuele bezoldiging.</link:label>
    <link:label id="wnt_RemunerationMaximumOrHigherIndividualRemunerationSeniorOfficer_documentation_nl" xlink:label="wnt_RemunerationMaximumOrHigherIndividualRemunerationSeniorOfficer_documentation_nl" xlink:role="http://www.xbrl.org/2003/role/documentation" xlink:type="resource" xml:lang="nl">Het voor de WNT-instelling geldende bezoldigingsmaximum dan wel een voor de individuele topfunctionaris toegestane hogere bezoldiging.</link:label>
    <link:label id="wnt_ProvisionsForPostEmploymentBenefits_documentation_nl" xlink:label="wnt_ProvisionsForPostEmploymentBenefits_documentation_nl" xlink:role="http://www.xbrl.org/2003/role/documentation" xlink:type="resource" xml:lang="nl">Het werkgeversdeel van de beloningen betaalbaar op termijn met uitzondering van het werkgeversdeel van de beloningen betaalbaar op termijn die betrekking hebben op de beëindiging van het dienstverband.</link:label>
    <link:label id="wnt_InclusionErrorsInRemunerationSeniorOfficials_documentation_nl" xlink:label="wnt_InclusionErrorsInRemunerationSeniorOfficials_documentation_nl" xlink:role="http://www.xbrl.org/2003/role/documentation" xlink:type="resource" xml:lang="nl">Is verantwoording WNT voorzien van een herstelfout op grond van de UrWNT?</link:label>
    <link:label id="wnt_ReasonsAndCauseErrorsInRemuneration_documentation_nl" xlink:label="wnt_ReasonsAndCauseErrorsInRemuneration_documentation_nl" xlink:role="http://www.xbrl.org/2003/role/documentation" xlink:type="resource" xml:lang="nl">Licht de verschillen in de huidige verantwoording en oorzaak van de fout toe</link:label>
    <link:label id="wnt_YearOfTerminationOfTheEmployment_documentation_nl" xlink:label="wnt_YearOfTerminationOfTheEmployment_documentation_nl" xlink:role="http://www.xbrl.org/2003/role/documentation" xlink:type="resource" xml:lang="nl">Vermelding van het jaartal waarin het dienstverband is beëindigd.</link:label>
    <link:label id="wnt_ReferenceToTheSeniorOfficialsAndCorrespondingStatutoryEntities_documentation_nl" xlink:label="wnt_ReferenceToTheSeniorOfficialsAndCorrespondingStatutoryEntities_documentation_nl" xlink:role="http://www.xbrl.org/2003/role/documentation" xlink:type="resource" xml:lang="nl">Verwijzing naar de geconsolideerde jaarrekening of de enkelvoudige jaarrekening van een van de andere rechtspersonen binnen de groep waarin de WNT-verantwoording is opgenomen.</link:label>
    <link:label id="wnt_PublicationWNTInTheConsolidatedStatutoryAccounts_documentation_nl" xlink:label="wnt_PublicationWNTInTheConsolidatedStatutoryAccounts_documentation_nl" xlink:role="http://www.xbrl.org/2003/role/documentation" xlink:type="resource" xml:lang="nl">Vindt er publicatie van de WNT cijfers plaats in de geconsolideerde en/of enkelvoudige jaarrekening danwel jaarrekening van een van de andere rechtspersonen binnen de groep.</link:label>
    <link:labelArc xlink:arcrole="http://www.xbrl.org/2003/arcrole/concept-label" xlink:from="wnt_AgreedPaymentsDueToTermination_loc" xlink:to="wnt_AgreedPaymentsDueToTermination_documentation_nl" xlink:type="arc"/>
    <link:labelArc xlink:arcrole="http://www.xbrl.org/2003/arcrole/concept-label" xlink:from="wnt_AmountExceedingMaximumRemuneration_loc" xlink:to="wnt_AmountExceedingMaximumRemuneration_documentation_nl" xlink:type="arc"/>
    <link:labelArc xlink:arcrole="http://www.xbrl.org/2003/arcrole/concept-label" xlink:from="wnt_ApplicableMaximumRemunerationInstitution_loc" xlink:to="wnt_ApplicableMaximumRemunerationInstitution_documentation_nl" xlink:type="arc"/>
    <link:labelArc xlink:arcrole="http://www.xbrl.org/2003/arcrole/concept-label" xlink:from="wnt_CalendarYear_loc" xlink:to="wnt_CalendarYear_documentation_nl" xlink:type="arc"/>
    <link:labelArc xlink:arcrole="http://www.xbrl.org/2003/arcrole/concept-label" xlink:from="wnt_Consideration_loc" xlink:to="wnt_Consideration_documentation_nl" xlink:type="arc"/>
    <link:labelArc xlink:arcrole="http://www.xbrl.org/2003/arcrole/concept-label" xlink:from="wnt_CumulatedRemunerationAntiCumulationApproach_loc" xlink:to="wnt_CumulatedRemunerationAntiCumulationApproach_documentation_nl" xlink:type="arc"/>
    <link:labelArc xlink:arcrole="http://www.xbrl.org/2003/arcrole/concept-label" xlink:from="wnt_DoubleCounting_loc" xlink:to="wnt_DoubleCounting_documentation_nl" xlink:type="arc"/>
    <link:labelArc xlink:arcrole="http://www.xbrl.org/2003/arcrole/concept-label" xlink:from="wnt_DurationOfTheEmploymentDuringTheCalendarYearEndDate_loc" xlink:to="wnt_DurationOfTheEmploymentDuringTheCalendarYearEndDate_documentation_nl" xlink:type="arc"/>
    <link:labelArc xlink:arcrole="http://www.xbrl.org/2003/arcrole/concept-label" xlink:from="wnt_DurationOfTheEmploymentDuringTheCalendarYearStartDate_loc" xlink:to="wnt_DurationOfTheEmploymentDuringTheCalendarYearStartDate_documentation_nl" xlink:type="arc"/>
    <link:labelArc xlink:arcrole="http://www.xbrl.org/2003/arcrole/concept-label" xlink:from="wnt_DurationOfTheEmploymentDuringTheFinancialYearEndDate_loc" xlink:to="wnt_DurationOfTheEmploymentDuringTheFinancialYearEndDate_documentation_nl" xlink:type="arc"/>
    <link:labelArc xlink:arcrole="http://www.xbrl.org/2003/arcrole/concept-label" xlink:from="wnt_DurationOfTheEmploymentDuringTheFinancialYearStartDate_loc" xlink:to="wnt_DurationOfTheEmploymentDuringTheFinancialYearStartDate_documentation_nl" xlink:type="arc"/>
    <link:labelArc xlink:arcrole="http://www.xbrl.org/2003/arcrole/concept-label" xlink:from="wnt_ExistenceOfAnEmploymentRelationship_loc" xlink:to="wnt_ExistenceOfAnEmploymentRelationship_documentation_nl" xlink:type="arc"/>
    <link:labelArc xlink:arcrole="http://www.xbrl.org/2003/arcrole/concept-label" xlink:from="wnt_InclusionErrorsInRemunerationSeniorOfficials_loc" xlink:to="wnt_InclusionErrorsInRemunerationSeniorOfficials_documentation_nl" xlink:type="arc"/>
    <link:labelArc xlink:arcrole="http://www.xbrl.org/2003/arcrole/concept-label" xlink:from="wnt_IndividualMaximumDuringFinancialYear_loc" xlink:to="wnt_IndividualMaximumDuringFinancialYear_documentation_nl" xlink:type="arc"/>
    <link:labelArc xlink:arcrole="http://www.xbrl.org/2003/arcrole/concept-label" xlink:from="wnt_IndividualMaximumPaymentDueToTerminationOfTheEmployment_loc" xlink:to="wnt_IndividualMaximumPaymentDueToTerminationOfTheEmployment_documentation_nl" xlink:type="arc"/>
    <link:labelArc xlink:arcrole="http://www.xbrl.org/2003/arcrole/concept-label" xlink:from="wnt_IndividualMaximumRemunerationNormAmountsPerMonth_loc" xlink:to="wnt_IndividualMaximumRemunerationNormAmountsPerMonth_documentation_nl" xlink:type="arc"/>
    <link:labelArc xlink:arcrole="http://www.xbrl.org/2003/arcrole/concept-label" xlink:from="wnt_IndividualMaximumRemunerationPerHour_loc" xlink:to="wnt_IndividualMaximumRemunerationPerHour_documentation_nl" xlink:type="arc"/>
    <link:labelArc xlink:arcrole="http://www.xbrl.org/2003/arcrole/concept-label" xlink:from="wnt_IndividualMaximumRemuneration_loc" xlink:to="wnt_IndividualMaximumRemuneration_documentation_nl" xlink:type="arc"/>
    <link:labelArc xlink:arcrole="http://www.xbrl.org/2003/arcrole/concept-label" xlink:from="wnt_JustificationExceedingMaximumRemuneration_loc" xlink:to="wnt_JustificationExceedingMaximumRemuneration_documentation_nl" xlink:type="arc"/>
    <link:labelArc xlink:arcrole="http://www.xbrl.org/2003/arcrole/concept-label" xlink:from="wnt_MonthsEmploymentDuringFinancialYear_loc" xlink:to="wnt_MonthsEmploymentDuringFinancialYear_documentation_nl" xlink:type="arc"/>
    <link:labelArc xlink:arcrole="http://www.xbrl.org/2003/arcrole/concept-label" xlink:from="wnt_NameOtherWNTInstitution_loc" xlink:to="wnt_NameOtherWNTInstitution_documentation_nl" xlink:type="arc"/>
    <link:labelArc xlink:arcrole="http://www.xbrl.org/2003/arcrole/concept-label" xlink:from="wnt_NumberOfNonSeniorOfficialsForWhomTotalAmountStatedOfPremiumsContributionsEmployerPaidDeferredFinancingFormOfPurchasingPensionAgreements_loc" xlink:to="wnt_NumberOfNonSeniorOfficialsForWhomTotalAmountStatedOfPremiumsContributionsEmployerPaidDeferredFinancingFormOfPurchasingPensionAgreements_documentation_nl" xlink:type="arc"/>
    <link:labelArc xlink:arcrole="http://www.xbrl.org/2003/arcrole/concept-label" xlink:from="wnt_OtherWNTInstitutionsManagingSeniorOfficialsEmployment_loc" xlink:to="wnt_OtherWNTInstitutionsManagingSeniorOfficialsEmployment_documentation_nl" xlink:type="arc"/>
    <link:labelArc xlink:arcrole="http://www.xbrl.org/2003/arcrole/concept-label" xlink:from="wnt_PaymentsDueToTerminationOfTheEmploymentIncludingUnduePayments_loc" xlink:to="wnt_PaymentsDueToTerminationOfTheEmploymentIncludingUnduePayments_documentation_nl" xlink:type="arc"/>
    <link:labelArc xlink:arcrole="http://www.xbrl.org/2003/arcrole/concept-label" xlink:from="wnt_PaymentsMadeInTheFinancialYearDueToTerminationOfTheEmployment_loc" xlink:to="wnt_PaymentsMadeInTheFinancialYearDueToTerminationOfTheEmployment_documentation_nl" xlink:type="arc"/>
    <link:labelArc xlink:arcrole="http://www.xbrl.org/2003/arcrole/concept-label" xlink:from="wnt_PositionOrPositions_loc" xlink:to="wnt_PositionOrPositions_documentation_nl" xlink:type="arc"/>
    <link:labelArc xlink:arcrole="http://www.xbrl.org/2003/arcrole/concept-label" xlink:from="wnt_ProvisionsForPostEmploymentBenefits_loc" xlink:to="wnt_ProvisionsForPostEmploymentBenefits_documentation_nl" xlink:type="arc"/>
    <link:labelArc xlink:arcrole="http://www.xbrl.org/2003/arcrole/concept-label" xlink:from="wnt_PublicationWNTInTheConsolidatedStatutoryAccounts_loc" xlink:to="wnt_PublicationWNTInTheConsolidatedStatutoryAccounts_documentation_nl" xlink:type="arc"/>
    <link:labelArc xlink:arcrole="http://www.xbrl.org/2003/arcrole/concept-label" xlink:from="wnt_ReasonsAndCauseErrorsInRemuneration_loc" xlink:to="wnt_ReasonsAndCauseErrorsInRemuneration_documentation_nl" xlink:type="arc"/>
    <link:labelArc xlink:arcrole="http://www.xbrl.org/2003/arcrole/concept-label" xlink:from="wnt_ReasonsForExceedingMaximumAmountOfRemuneration_loc" xlink:to="wnt_ReasonsForExceedingMaximumAmountOfRemuneration_documentation_nl" xlink:type="arc"/>
    <link:labelArc xlink:arcrole="http://www.xbrl.org/2003/arcrole/concept-label" xlink:from="wnt_ReceivableUnduePaymentsExplanation_loc" xlink:to="wnt_ReceivableUnduePaymentsExplanation_documentation_nl" xlink:type="arc"/>
    <link:labelArc xlink:arcrole="http://www.xbrl.org/2003/arcrole/concept-label" xlink:from="wnt_ReferenceToTheSeniorOfficialsAndCorrespondingStatutoryEntities_loc" xlink:to="wnt_ReferenceToTheSeniorOfficialsAndCorrespondingStatutoryEntities_documentation_nl" xlink:type="arc"/>
    <link:labelArc xlink:arcrole="http://www.xbrl.org/2003/arcrole/concept-label" xlink:from="wnt_RemunerationActivitiesAffiliatedCompanies_loc" xlink:to="wnt_RemunerationActivitiesAffiliatedCompanies_documentation_nl" xlink:type="arc"/>
    <link:labelArc xlink:arcrole="http://www.xbrl.org/2003/arcrole/concept-label" xlink:from="wnt_RemunerationActivitiesSeniorOfficer_loc" xlink:to="wnt_RemunerationActivitiesSeniorOfficer_documentation_nl" xlink:type="arc"/>
    <link:labelArc xlink:arcrole="http://www.xbrl.org/2003/arcrole/concept-label" xlink:from="wnt_RemunerationMaximumOrHigherIndividualRemunerationSeniorOfficerAntiAccumulation_loc" xlink:to="wnt_RemunerationMaximumOrHigherIndividualRemunerationSeniorOfficerAntiAccumulation_documentation_nl" xlink:type="arc"/>
    <link:labelArc xlink:arcrole="http://www.xbrl.org/2003/arcrole/concept-label" xlink:from="wnt_RemunerationMaximumOrHigherIndividualRemunerationSeniorOfficer_loc" xlink:to="wnt_RemunerationMaximumOrHigherIndividualRemunerationSeniorOfficer_documentation_nl" xlink:type="arc"/>
    <link:labelArc xlink:arcrole="http://www.xbrl.org/2003/arcrole/concept-label" xlink:from="wnt_RemunerationOtherActivitiesSeniorOfficer_loc" xlink:to="wnt_RemunerationOtherActivitiesSeniorOfficer_documentation_nl" xlink:type="arc"/>
    <link:labelArc xlink:arcrole="http://www.xbrl.org/2003/arcrole/concept-label" xlink:from="wnt_RemunerationPaidDuringFinancialYear_loc" xlink:to="wnt_RemunerationPaidDuringFinancialYear_documentation_nl" xlink:type="arc"/>
    <link:labelArc xlink:arcrole="http://www.xbrl.org/2003/arcrole/concept-label" xlink:from="wnt_RemunerationUnduePayments_loc" xlink:to="wnt_RemunerationUnduePayments_documentation_nl" xlink:type="arc"/>
    <link:labelArc xlink:arcrole="http://www.xbrl.org/2003/arcrole/concept-label" xlink:from="wnt_Remuneration_loc" xlink:to="wnt_Remuneration_documentation_nl" xlink:type="arc"/>
    <link:labelArc xlink:arcrole="http://www.xbrl.org/2003/arcrole/concept-label" xlink:from="wnt_ScopeOfTheEmploymentDuringTheCalendarYearInHours_loc" xlink:to="wnt_ScopeOfTheEmploymentDuringTheCalendarYearInHours_documentation_nl" xlink:type="arc"/>
    <link:labelArc xlink:arcrole="http://www.xbrl.org/2003/arcrole/concept-label" xlink:from="wnt_ScopeOfTheEmploymentDuringTheFinancialYearInFTE_loc" xlink:to="wnt_ScopeOfTheEmploymentDuringTheFinancialYearInFTE_documentation_nl" xlink:type="arc"/>
    <link:labelArc xlink:arcrole="http://www.xbrl.org/2003/arcrole/concept-label" xlink:from="wnt_StartDateEmployment_loc" xlink:to="wnt_StartDateEmployment_documentation_nl" xlink:type="arc"/>
    <link:labelArc xlink:arcrole="http://www.xbrl.org/2003/arcrole/concept-label" xlink:from="wnt_SubtotalRemuneration_loc" xlink:to="wnt_SubtotalRemuneration_documentation_nl" xlink:type="arc"/>
    <link:labelArc xlink:arcrole="http://www.xbrl.org/2003/arcrole/concept-label" xlink:from="wnt_TotalAmountPremiumsContributionsEmployerPaidDeferredFinancingFormOfPurchasingPensionAgreements_loc" xlink:to="wnt_TotalAmountPremiumsContributionsEmployerPaidDeferredFinancingFormOfPurchasingPensionAgreements_documentation_nl" xlink:type="arc"/>
    <link:labelArc xlink:arcrole="http://www.xbrl.org/2003/arcrole/concept-label" xlink:from="wnt_TotalRemunerationDuringFinancialYear_loc" xlink:to="wnt_TotalRemunerationDuringFinancialYear_documentation_nl" xlink:type="arc"/>
    <link:labelArc xlink:arcrole="http://www.xbrl.org/2003/arcrole/concept-label" xlink:from="wnt_TotalRemunerationPerInstitution_loc" xlink:to="wnt_TotalRemunerationPerInstitution_documentation_nl" xlink:type="arc"/>
    <link:labelArc xlink:arcrole="http://www.xbrl.org/2003/arcrole/concept-label" xlink:from="wnt_UnduePayments_loc" xlink:to="wnt_UnduePayments_documentation_nl" xlink:type="arc"/>
    <link:labelArc xlink:arcrole="http://www.xbrl.org/2003/arcrole/concept-label" xlink:from="wnt_WntInstitutionActivitiesSeniorOfficer_loc" xlink:to="wnt_WntInstitutionActivitiesSeniorOfficer_documentation_nl" xlink:type="arc"/>
    <link:labelArc xlink:arcrole="http://www.xbrl.org/2003/arcrole/concept-label" xlink:from="wnt_WntInstitutionAffiliatedCompanies_loc" xlink:to="wnt_WntInstitutionAffiliatedCompanies_documentation_nl" xlink:type="arc"/>
    <link:labelArc xlink:arcrole="http://www.xbrl.org/2003/arcrole/concept-label" xlink:from="wnt_WntInstitutionOtherActivitiesSeniorOfficer_loc" xlink:to="wnt_WntInstitutionOtherActivitiesSeniorOfficer_documentation_nl" xlink:type="arc"/>
    <link:labelArc xlink:arcrole="http://www.xbrl.org/2003/arcrole/concept-label" xlink:from="wnt_YearOfTerminationOfTheEmployment_loc" xlink:to="wnt_YearOfTerminationOfTheEmployment_documentation_nl" xlink:type="arc"/>
	
    <link:label id="wnt_DoubleCounting_negatedLabel_nl" xlink:label="wnt_DoubleCounting_negatedLabel_nl" xlink:role="http://www.xbrl.org/2009/role/negatedLabel" xlink:type="resource" xml:lang="nl">Dubbeltellingen door doorbelastingen</link:label>
    <link:label id="wnt_UnduePayments_negatedLabel_nl" xlink:label="wnt_UnduePayments_negatedLabel_nl" xlink:role="http://www.xbrl.org/2009/role/negatedLabel" xlink:type="resource" xml:lang="nl">Onverschuldigd betaald en nog niet terugontvangen bedrag</link:label>
    <link:labelArc xlink:arcrole="http://www.xbrl.org/2003/arcrole/concept-label" xlink:from="wnt_DoubleCounting_loc" xlink:to="wnt_DoubleCounting_negatedLabel_nl" xlink:type="arc"/>
    <link:labelArc xlink:arcrole="http://www.xbrl.org/2003/arcrole/concept-label" xlink:from="wnt_UnduePayments_loc" xlink:to="wnt_UnduePayments_negatedLabel_nl" xlink:type="arc"/>
	
    <link:label id="wnt_DurationOfTheEmploymentDuringTheCalendarYearStartDate_terseLabel_nl" xlink:label="wnt_DurationOfTheEmploymentDuringTheCalendarYearStartDate_terseLabel_nl" xlink:role="http://www.xbrl.org/2003/role/terseLabel" xlink:type="resource" xml:lang="nl">Aanvang functievervulling</link:label>
    <link:label id="wnt_DurationOfTheEmploymentDuringTheFinancialYearStartDate_terseLabel_nl" xlink:label="wnt_DurationOfTheEmploymentDuringTheFinancialYearStartDate_terseLabel_nl" xlink:role="http://www.xbrl.org/2003/role/terseLabel" xlink:type="resource" xml:lang="nl">Aanvang functievervulling</link:label>
    <link:label id="wnt_ProvisionsForPostEmploymentBenefits_terseLabel_nl" xlink:label="wnt_ProvisionsForPostEmploymentBenefits_terseLabel_nl" xlink:role="http://www.xbrl.org/2003/role/terseLabel" xlink:type="resource" xml:lang="nl">Beloningen betaalbaar op termijn</link:label>
    <link:label id="wnt_RemunerationUnduePayments_terseLabel_nl" xlink:label="wnt_RemunerationUnduePayments_terseLabel_nl" xlink:role="http://www.xbrl.org/2003/role/terseLabel" xlink:type="resource" xml:lang="nl">Bezoldiging</link:label>
    <link:label id="wnt_ExistenceOfAnEmploymentRelationship_terseLabel_nl" xlink:label="wnt_ExistenceOfAnEmploymentRelationship_terseLabel_nl" xlink:role="http://www.xbrl.org/2003/role/terseLabel" xlink:type="resource" xml:lang="nl">Dienstbetrekking?</link:label>
    <link:label id="wnt_DurationOfTheEmploymentDuringTheCalendarYearEndDate_terseLabel_nl" xlink:label="wnt_DurationOfTheEmploymentDuringTheCalendarYearEndDate_terseLabel_nl" xlink:role="http://www.xbrl.org/2003/role/terseLabel" xlink:type="resource" xml:lang="nl">Einde functievervulling</link:label>
    <link:label id="wnt_DurationOfTheEmploymentDuringTheFinancialYearEndDate_terseLabel_nl" xlink:label="wnt_DurationOfTheEmploymentDuringTheFinancialYearEndDate_terseLabel_nl" xlink:role="http://www.xbrl.org/2003/role/terseLabel" xlink:type="resource" xml:lang="nl">Einde functievervulling</link:label>
    <link:label id="wnt_PositionOrPositions_terseLabel_nl" xlink:label="wnt_PositionOrPositions_terseLabel_nl" xlink:role="http://www.xbrl.org/2003/role/terseLabel" xlink:type="resource" xml:lang="nl">Functie(s)</link:label>
    <link:label id="wnt_IndividualMaximumPaymentDueToTerminationOfTheEmployment_terseLabel_nl" xlink:label="wnt_IndividualMaximumPaymentDueToTerminationOfTheEmployment_terseLabel_nl" xlink:role="http://www.xbrl.org/2003/role/terseLabel" xlink:type="resource" xml:lang="nl">Individueel toepasselijk maximum</link:label>
    <link:label id="wnt_IndividualMaximumDuringFinancialYear_terseLabel_nl" xlink:label="wnt_IndividualMaximumDuringFinancialYear_terseLabel_nl" xlink:role="http://www.xbrl.org/2003/role/terseLabel" xlink:type="resource" xml:lang="nl">Individueel toepasselijke maximum gehele periode kalendermaand 1 t/m 12</link:label>
    <link:label id="wnt_YearOfTerminationOfTheEmployment_terseLabel_nl" xlink:label="wnt_YearOfTerminationOfTheEmployment_terseLabel_nl" xlink:role="http://www.xbrl.org/2003/role/terseLabel" xlink:type="resource" xml:lang="nl">Jaartal van beëindiging</link:label>
    <link:label id="wnt_IndividualMaximumRemunerationNormAmountsPerMonth_terseLabel_nl" xlink:label="wnt_IndividualMaximumRemunerationNormAmountsPerMonth_terseLabel_nl" xlink:role="http://www.xbrl.org/2003/role/terseLabel" xlink:type="resource" xml:lang="nl">Maxima op basis van de normbedragen per maand</link:label>
    <link:label id="wnt_IndividualMaximumRemuneration_terseLabel_nl" xlink:label="wnt_IndividualMaximumRemuneration_terseLabel_nl" xlink:role="http://www.xbrl.org/2003/role/terseLabel" xlink:type="resource" xml:lang="nl">Maximale bezoldiging</link:label>
    <link:label id="wnt_IndividualMaximumRemunerationPerHour_terseLabel_nl" xlink:label="wnt_IndividualMaximumRemunerationPerHour_terseLabel_nl" xlink:role="http://www.xbrl.org/2003/role/terseLabel" xlink:type="resource" xml:lang="nl">Maximum uurtarief in het kalenderjaar</link:label>
    <link:label id="wnt_ReasonsForExceedingMaximumAmountOfRemuneration_terseLabel_nl" xlink:label="wnt_ReasonsForExceedingMaximumAmountOfRemuneration_terseLabel_nl" xlink:role="http://www.xbrl.org/2003/role/terseLabel" xlink:type="resource" xml:lang="nl">Motivatie van overschrijding</link:label>
    <link:label id="wnt_ScopeOfTheEmploymentDuringTheFinancialYearInFTE_terseLabel_nl" xlink:label="wnt_ScopeOfTheEmploymentDuringTheFinancialYearInFTE_terseLabel_nl" xlink:role="http://www.xbrl.org/2003/role/terseLabel" xlink:type="resource" xml:lang="nl">Omvang dienstverband (als deeltijdfactor in fte)</link:label>
    <link:label id="wnt_AgreedPaymentsDueToTermination_terseLabel_nl" xlink:label="wnt_AgreedPaymentsDueToTermination_terseLabel_nl" xlink:role="http://www.xbrl.org/2003/role/terseLabel" xlink:type="resource" xml:lang="nl">Overeengekomen uitkeringen wegens beëindiging dienstverband</link:label>
    <link:label id="wnt_Remuneration_terseLabel_nl" xlink:label="wnt_Remuneration_terseLabel_nl" xlink:role="http://www.xbrl.org/2003/role/terseLabel" xlink:type="resource" xml:lang="nl">Totaal van bezoldiging</link:label>
    <link:label id="wnt_PaymentsDueToTerminationOfTheEmploymentIncludingUnduePayments_terseLabel_nl" xlink:label="wnt_PaymentsDueToTerminationOfTheEmploymentIncludingUnduePayments_terseLabel_nl" xlink:role="http://www.xbrl.org/2003/role/terseLabel" xlink:type="resource" xml:lang="nl">Totaal van uitkeringen wegens beëindiging van het dienstverband</link:label>
    <link:labelArc xlink:arcrole="http://www.xbrl.org/2003/arcrole/concept-label" xlink:from="wnt_AgreedPaymentsDueToTermination_loc" xlink:to="wnt_AgreedPaymentsDueToTermination_terseLabel_nl" xlink:type="arc"/>
    <link:labelArc xlink:arcrole="http://www.xbrl.org/2003/arcrole/concept-label" xlink:from="wnt_DurationOfTheEmploymentDuringTheCalendarYearEndDate_loc" xlink:to="wnt_DurationOfTheEmploymentDuringTheCalendarYearEndDate_terseLabel_nl" xlink:type="arc"/>
    <link:labelArc xlink:arcrole="http://www.xbrl.org/2003/arcrole/concept-label" xlink:from="wnt_DurationOfTheEmploymentDuringTheCalendarYearStartDate_loc" xlink:to="wnt_DurationOfTheEmploymentDuringTheCalendarYearStartDate_terseLabel_nl" xlink:type="arc"/>
    <link:labelArc xlink:arcrole="http://www.xbrl.org/2003/arcrole/concept-label" xlink:from="wnt_DurationOfTheEmploymentDuringTheFinancialYearEndDate_loc" xlink:to="wnt_DurationOfTheEmploymentDuringTheFinancialYearEndDate_terseLabel_nl" xlink:type="arc"/>
    <link:labelArc xlink:arcrole="http://www.xbrl.org/2003/arcrole/concept-label" xlink:from="wnt_DurationOfTheEmploymentDuringTheFinancialYearStartDate_loc" xlink:to="wnt_DurationOfTheEmploymentDuringTheFinancialYearStartDate_terseLabel_nl" xlink:type="arc"/>
    <link:labelArc xlink:arcrole="http://www.xbrl.org/2003/arcrole/concept-label" xlink:from="wnt_ExistenceOfAnEmploymentRelationship_loc" xlink:to="wnt_ExistenceOfAnEmploymentRelationship_terseLabel_nl" xlink:type="arc"/>
    <link:labelArc xlink:arcrole="http://www.xbrl.org/2003/arcrole/concept-label" xlink:from="wnt_IndividualMaximumDuringFinancialYear_loc" xlink:to="wnt_IndividualMaximumDuringFinancialYear_terseLabel_nl" xlink:type="arc"/>
    <link:labelArc xlink:arcrole="http://www.xbrl.org/2003/arcrole/concept-label" xlink:from="wnt_IndividualMaximumPaymentDueToTerminationOfTheEmployment_loc" xlink:to="wnt_IndividualMaximumPaymentDueToTerminationOfTheEmployment_terseLabel_nl" xlink:type="arc"/>
    <link:labelArc xlink:arcrole="http://www.xbrl.org/2003/arcrole/concept-label" xlink:from="wnt_IndividualMaximumRemunerationNormAmountsPerMonth_loc" xlink:to="wnt_IndividualMaximumRemunerationNormAmountsPerMonth_terseLabel_nl" xlink:type="arc"/>
    <link:labelArc xlink:arcrole="http://www.xbrl.org/2003/arcrole/concept-label" xlink:from="wnt_IndividualMaximumRemunerationPerHour_loc" xlink:to="wnt_IndividualMaximumRemunerationPerHour_terseLabel_nl" xlink:type="arc"/>
    <link:labelArc xlink:arcrole="http://www.xbrl.org/2003/arcrole/concept-label" xlink:from="wnt_IndividualMaximumRemuneration_loc" xlink:to="wnt_IndividualMaximumRemuneration_terseLabel_nl" xlink:type="arc"/>
    <link:labelArc xlink:arcrole="http://www.xbrl.org/2003/arcrole/concept-label" xlink:from="wnt_PaymentsDueToTerminationOfTheEmploymentIncludingUnduePayments_loc" xlink:to="wnt_PaymentsDueToTerminationOfTheEmploymentIncludingUnduePayments_terseLabel_nl" xlink:type="arc"/>
    <link:labelArc xlink:arcrole="http://www.xbrl.org/2003/arcrole/concept-label" xlink:from="wnt_PositionOrPositions_loc" xlink:to="wnt_PositionOrPositions_terseLabel_nl" xlink:type="arc"/>
    <link:labelArc xlink:arcrole="http://www.xbrl.org/2003/arcrole/concept-label" xlink:from="wnt_ProvisionsForPostEmploymentBenefits_loc" xlink:to="wnt_ProvisionsForPostEmploymentBenefits_terseLabel_nl" xlink:type="arc"/>
    <link:labelArc xlink:arcrole="http://www.xbrl.org/2003/arcrole/concept-label" xlink:from="wnt_ReasonsForExceedingMaximumAmountOfRemuneration_loc" xlink:to="wnt_ReasonsForExceedingMaximumAmountOfRemuneration_terseLabel_nl" xlink:type="arc"/>
    <link:labelArc xlink:arcrole="http://www.xbrl.org/2003/arcrole/concept-label" xlink:from="wnt_RemunerationUnduePayments_loc" xlink:to="wnt_RemunerationUnduePayments_terseLabel_nl" xlink:type="arc"/>
    <link:labelArc xlink:arcrole="http://www.xbrl.org/2003/arcrole/concept-label" xlink:from="wnt_Remuneration_loc" xlink:to="wnt_Remuneration_terseLabel_nl" xlink:type="arc"/>
    <link:labelArc xlink:arcrole="http://www.xbrl.org/2003/arcrole/concept-label" xlink:from="wnt_ScopeOfTheEmploymentDuringTheFinancialYearInFTE_loc" xlink:to="wnt_ScopeOfTheEmploymentDuringTheFinancialYearInFTE_terseLabel_nl" xlink:type="arc"/>
    <link:labelArc xlink:arcrole="http://www.xbrl.org/2003/arcrole/concept-label" xlink:from="wnt_YearOfTerminationOfTheEmployment_loc" xlink:to="wnt_YearOfTerminationOfTheEmployment_terseLabel_nl" xlink:type="arc"/>
	
    <link:label id="wnt_SubtotalRemuneration_totalLabel_nl" xlink:label="wnt_SubtotalRemuneration_totalLabel_nl" xlink:role="http://www.xbrl.org/2003/role/totalLabel" xlink:type="resource" xml:lang="nl">Subtotaal bezoldiging</link:label>
    <link:label id="wnt_RemunerationUnduePayments_totalLabel_nl" xlink:label="wnt_RemunerationUnduePayments_totalLabel_nl" xlink:role="http://www.xbrl.org/2003/role/totalLabel" xlink:type="resource" xml:lang="nl">Subtotaal</link:label>
    <link:label id="wnt_Remuneration_totalLabel_nl" xlink:label="wnt_Remuneration_totalLabel_nl" xlink:role="http://www.xbrl.org/2003/role/totalLabel" xlink:type="resource" xml:lang="nl">Totaal van bezoldiging</link:label>
    <link:label id="wnt_PaymentsDueToTerminationOfTheEmploymentIncludingUnduePayments_totalLabel_nl" xlink:label="wnt_PaymentsDueToTerminationOfTheEmploymentIncludingUnduePayments_totalLabel_nl" xlink:role="http://www.xbrl.org/2003/role/totalLabel" xlink:type="resource" xml:lang="nl">Totaal van uitkeringen wegens beëindiging van het dienstverband</link:label>
    <link:labelArc xlink:arcrole="http://www.xbrl.org/2003/arcrole/concept-label" xlink:from="wnt_PaymentsDueToTerminationOfTheEmploymentIncludingUnduePayments_loc" xlink:to="wnt_PaymentsDueToTerminationOfTheEmploymentIncludingUnduePayments_totalLabel_nl" xlink:type="arc"/>
    <link:labelArc xlink:arcrole="http://www.xbrl.org/2003/arcrole/concept-label" xlink:from="wnt_RemunerationUnduePayments_loc" xlink:to="wnt_RemunerationUnduePayments_totalLabel_nl" xlink:type="arc"/>
    <link:labelArc xlink:arcrole="http://www.xbrl.org/2003/arcrole/concept-label" xlink:from="wnt_Remuneration_loc" xlink:to="wnt_Remuneration_totalLabel_nl" xlink:type="arc"/>
    <link:labelArc xlink:arcrole="http://www.xbrl.org/2003/arcrole/concept-label" xlink:from="wnt_SubtotalRemuneration_loc" xlink:to="wnt_SubtotalRemuneration_totalLabel_nl" xlink:type="arc"/>
	
    <link:label id="wnt_IndividualMaximumRemuneration_verboseLabel_nl" xlink:label="wnt_IndividualMaximumRemuneration_verboseLabel_nl" xlink:role="http://www.xbrl.org/2003/role/verboseLabel" xlink:type="resource" xml:lang="nl">Individueel toepasselijk drempelbedrag bezoldiging</link:label>
    <link:labelArc xlink:arcrole="http://www.xbrl.org/2003/arcrole/concept-label" xlink:from="wnt_IndividualMaximumRemuneration_loc" xlink:to="wnt_IndividualMaximumRemuneration_verboseLabel_nl" xlink:type="arc"/>
	
	<link:label id="wnt_PositionOfNonSeniorOfficialsAxis_label_nl" xlink:label="wnt_PositionOfNonSeniorOfficialsAxis_label_nl" xlink:role="http://www.xbrl.org/2003/role/label" xlink:type="resource" xml:lang="nl">Functie van de niet-topfunctionaris</link:label>
    <link:label id="wnt_WNTInstitutionAxis_label_nl" xlink:label="wnt_WNTInstitutionAxis_label_nl" xlink:role="http://www.xbrl.org/2003/role/label" xlink:type="resource" xml:lang="nl">Naam van de WNT-instelling(en) waar topfunctionaris werkzaam is</link:label>
    <link:label id="wnt_NameOfSeniorOfficialRemuneration1700OrMoreAccumulatedAxis_label_nl" xlink:label="wnt_NameOfSeniorOfficialRemuneration1700OrMoreAccumulatedAxis_label_nl" xlink:role="http://www.xbrl.org/2003/role/label" xlink:type="resource" xml:lang="nl">Naam van niet toezichthoudende topfunctionaris</link:label>
    <link:label id="wnt_NameOfSupervisorySeniorOfficialWithoutEmploymentAxis_label_nl" xlink:label="wnt_NameOfSupervisorySeniorOfficialWithoutEmploymentAxis_label_nl" xlink:role="http://www.xbrl.org/2003/role/label" xlink:type="resource" xml:lang="nl">Naam van toezichthoudende topfunctionaris</link:label>
    <link:label id="wnt_NameOfSeniorOfficialAxis_label_nl" xlink:label="wnt_NameOfSeniorOfficialAxis_label_nl" xlink:role="http://www.xbrl.org/2003/role/label" xlink:type="resource" xml:lang="nl">Naam van topfunctionaris</link:label>
    <link:label id="wnt_NameOfSeniorOfficialConsideredFourYearsAxis_label_nl" xlink:label="wnt_NameOfSeniorOfficialConsideredFourYearsAxis_label_nl" xlink:role="http://www.xbrl.org/2003/role/label" xlink:type="resource" xml:lang="nl">Naam van topfunctionaris</link:label>
    <link:label id="wnt_NameOfSeniorOfficialRemuneration1700OrLessAntiCumulationAxis_label_nl" xlink:label="wnt_NameOfSeniorOfficialRemuneration1700OrLessAntiCumulationAxis_label_nl" xlink:role="http://www.xbrl.org/2003/role/label" xlink:type="resource" xml:lang="nl">Naam van topfunctionaris</link:label>
    <link:label id="wnt_NameOfSeniorOfficialRemuneration1700OrLessAxis_label_nl" xlink:label="wnt_NameOfSeniorOfficialRemuneration1700OrLessAxis_label_nl" xlink:role="http://www.xbrl.org/2003/role/label" xlink:type="resource" xml:lang="nl">Naam van topfunctionaris</link:label>
    <link:label id="wnt_NameOfSeniorOfficialTerminationOfEmploymentAxis_label_nl" xlink:label="wnt_NameOfSeniorOfficialTerminationOfEmploymentAxis_label_nl" xlink:role="http://www.xbrl.org/2003/role/label" xlink:type="resource" xml:lang="nl">Naam van topfunctionaris</link:label>
    <link:label id="wnt_NameOfSeniorOfficialWithoutEmploymentAxis_label_nl" xlink:label="wnt_NameOfSeniorOfficialWithoutEmploymentAxis_label_nl" xlink:role="http://www.xbrl.org/2003/role/label" xlink:type="resource" xml:lang="nl">Naam van topfunctionaris</link:label>
    <link:labelArc xlink:arcrole="http://www.xbrl.org/2003/arcrole/concept-label" xlink:from="wnt_NameOfSeniorOfficialAxis_loc" xlink:to="wnt_NameOfSeniorOfficialAxis_label_nl" xlink:type="arc"/>
    <link:labelArc xlink:arcrole="http://www.xbrl.org/2003/arcrole/concept-label" xlink:from="wnt_NameOfSeniorOfficialConsideredFourYearsAxis_loc" xlink:to="wnt_NameOfSeniorOfficialConsideredFourYearsAxis_label_nl" xlink:type="arc"/>
    <link:labelArc xlink:arcrole="http://www.xbrl.org/2003/arcrole/concept-label" xlink:from="wnt_NameOfSeniorOfficialRemuneration1700OrLessAntiCumulationAxis_loc" xlink:to="wnt_NameOfSeniorOfficialRemuneration1700OrLessAntiCumulationAxis_label_nl" xlink:type="arc"/>
    <link:labelArc xlink:arcrole="http://www.xbrl.org/2003/arcrole/concept-label" xlink:from="wnt_NameOfSeniorOfficialRemuneration1700OrLessAxis_loc" xlink:to="wnt_NameOfSeniorOfficialRemuneration1700OrLessAxis_label_nl" xlink:type="arc"/>
    <link:labelArc xlink:arcrole="http://www.xbrl.org/2003/arcrole/concept-label" xlink:from="wnt_NameOfSeniorOfficialRemuneration1700OrMoreAccumulatedAxis_loc" xlink:to="wnt_NameOfSeniorOfficialRemuneration1700OrMoreAccumulatedAxis_label_nl" xlink:type="arc"/>
    <link:labelArc xlink:arcrole="http://www.xbrl.org/2003/arcrole/concept-label" xlink:from="wnt_NameOfSeniorOfficialTerminationOfEmploymentAxis_loc" xlink:to="wnt_NameOfSeniorOfficialTerminationOfEmploymentAxis_label_nl" xlink:type="arc"/>
    <link:labelArc xlink:arcrole="http://www.xbrl.org/2003/arcrole/concept-label" xlink:from="wnt_NameOfSeniorOfficialWithoutEmploymentAxis_loc" xlink:to="wnt_NameOfSeniorOfficialWithoutEmploymentAxis_label_nl" xlink:type="arc"/>
    <link:labelArc xlink:arcrole="http://www.xbrl.org/2003/arcrole/concept-label" xlink:from="wnt_NameOfSupervisorySeniorOfficialWithoutEmploymentAxis_loc" xlink:to="wnt_NameOfSupervisorySeniorOfficialWithoutEmploymentAxis_label_nl" xlink:type="arc"/>
    <link:labelArc xlink:arcrole="http://www.xbrl.org/2003/arcrole/concept-label" xlink:from="wnt_PositionOfNonSeniorOfficialsAxis_loc" xlink:to="wnt_PositionOfNonSeniorOfficialsAxis_label_nl" xlink:type="arc"/>
    <link:labelArc xlink:arcrole="http://www.xbrl.org/2003/arcrole/concept-label" xlink:from="wnt_WNTInstitutionAxis_loc" xlink:to="wnt_WNTInstitutionAxis_label_nl" xlink:type="arc"/>
    <link:loc xlink:href="wnt-cor.xsd#wnt_NameOfSeniorOfficialAxis" xlink:label="wnt_NameOfSeniorOfficialAxis_loc" xlink:type="locator"/>
    <link:loc xlink:href="wnt-cor.xsd#wnt_NameOfSeniorOfficialConsideredFourYearsAxis" xlink:label="wnt_NameOfSeniorOfficialConsideredFourYearsAxis_loc" xlink:type="locator"/>
    <link:loc xlink:href="wnt-cor.xsd#wnt_NameOfSeniorOfficialRemuneration1700OrLessAntiCumulationAxis" xlink:label="wnt_NameOfSeniorOfficialRemuneration1700OrLessAntiCumulationAxis_loc" xlink:type="locator"/>
    <link:loc xlink:href="wnt-cor.xsd#wnt_NameOfSeniorOfficialRemuneration1700OrLessAxis" xlink:label="wnt_NameOfSeniorOfficialRemuneration1700OrLessAxis_loc" xlink:type="locator"/>
    <link:loc xlink:href="wnt-cor.xsd#wnt_NameOfSeniorOfficialRemuneration1700OrMoreAccumulatedAxis" xlink:label="wnt_NameOfSeniorOfficialRemuneration1700OrMoreAccumulatedAxis_loc" xlink:type="locator"/>
    <link:loc xlink:href="wnt-cor.xsd#wnt_NameOfSeniorOfficialTerminationOfEmploymentAxis" xlink:label="wnt_NameOfSeniorOfficialTerminationOfEmploymentAxis_loc" xlink:type="locator"/>
    <link:loc xlink:href="wnt-cor.xsd#wnt_NameOfSeniorOfficialWithoutEmploymentAxis" xlink:label="wnt_NameOfSeniorOfficialWithoutEmploymentAxis_loc" xlink:type="locator"/>
    <link:loc xlink:href="wnt-cor.xsd#wnt_NameOfSupervisorySeniorOfficialWithoutEmploymentAxis" xlink:label="wnt_NameOfSupervisorySeniorOfficialWithoutEmploymentAxis_loc" xlink:type="locator"/>
    <link:loc xlink:href="wnt-cor.xsd#wnt_PositionOfNonSeniorOfficialsAxis" xlink:label="wnt_PositionOfNonSeniorOfficialsAxis_loc" xlink:type="locator"/>
    <link:loc xlink:href="wnt-cor.xsd#wnt_WNTInstitutionAxis" xlink:label="wnt_WNTInstitutionAxis_loc" xlink:type="locator"/>

	
	
	
	
	
	
	
  </link:labelLink>
</link:linkbase>
