<?xml version="1.0" encoding="UTF-8" standalone="yes"?>

<link:linkbase xmlns:gen="http://xbrl.org/2008/generic" xmlns:label="http://xbrl.org/2008/label" xmlns:link="http://www.xbrl.org/2003/linkbase" xmlns:xlink="http://www.w3.org/1999/xlink" xmlns:xsi="http://www.w3.org/2001/XMLSchema-instance" xsi:schemaLocation="http://xbrl.org/2008/generic http://www.xbrl.org/2008/generic-link.xsd http://xbrl.org/2008/label http://www.xbrl.org/2008/generic-label.xsd">
  <link:roleRef roleURI="http://www.xbrl.org/2008/role/label" xlink:href="http://www.xbrl.org/2008/generic-label.xsd#standard-label" xlink:type="simple"/>
  <link:roleRef roleURI="http://www.xbrl.org/2008/role/link" xlink:href="http://www.xbrl.org/2008/generic-link.xsd#standard-link-role" xlink:type="simple"/>
  <link:arcroleRef arcroleURI="http://xbrl.org/arcrole/2008/element-label" xlink:href="http://www.xbrl.org/2008/generic-label.xsd#element-label" xlink:type="simple"/>
  <gen:link xlink:role="http://www.xbrl.org/2008/role/link" xlink:type="extended">
    <gen:arc xlink:arcrole="http://xbrl.org/arcrole/2008/element-label" xlink:from="wnt_ExecutiveSeniorOfficialsFormerSeniorOfficialsRemuneration1700OrLess_loc" xlink:to="wnt_ExecutiveSeniorOfficialsFormerSeniorOfficialsRemuneration1700OrLess_label_fr" xlink:type="arc"/>
    <gen:arc xlink:arcrole="http://xbrl.org/arcrole/2008/element-label" xlink:from="wnt_PaymentsDueToTerminationOfEmploymentToSeniorOfficials_loc" xlink:to="wnt_PaymentsDueToTerminationOfEmploymentToSeniorOfficials_label_fr" xlink:type="arc"/>
    <gen:arc xlink:arcrole="http://xbrl.org/arcrole/2008/element-label" xlink:from="wnt_RemunerationOfExecutiveSeniorOfficialsConsideredFourYears_loc" xlink:to="wnt_RemunerationOfExecutiveSeniorOfficialsConsideredFourYears_label_fr" xlink:type="arc"/>
    <gen:arc xlink:arcrole="http://xbrl.org/arcrole/2008/element-label" xlink:from="wnt_RemunerationOfExecutiveSeniorOfficialsFormerSeniorOfficialsWithEmploymentRelationship_loc" xlink:to="wnt_RemunerationOfExecutiveSeniorOfficialsFormerSeniorOfficialsWithEmploymentRelationship_label_fr" xlink:type="arc"/>
    <gen:arc xlink:arcrole="http://xbrl.org/arcrole/2008/element-label" xlink:from="wnt_RemunerationOfExecutiveSeniorOfficialsWithoutEmploymentRelationship_loc" xlink:to="wnt_RemunerationOfExecutiveSeniorOfficialsWithoutEmploymentRelationship_label_fr" xlink:type="arc"/>
    <gen:arc xlink:arcrole="http://xbrl.org/arcrole/2008/element-label" xlink:from="wnt_RemunerationOfNonSeniorOfficials_loc" xlink:to="wnt_RemunerationOfNonSeniorOfficials_label_fr" xlink:type="arc"/>
    <gen:arc xlink:arcrole="http://xbrl.org/arcrole/2008/element-label" xlink:from="wnt_RemunerationOfSupervisorySeniorOfficials_loc" xlink:to="wnt_RemunerationOfSupervisorySeniorOfficials_label_fr" xlink:type="arc"/>
    <gen:arc xlink:arcrole="http://xbrl.org/arcrole/2008/element-label" xlink:from="wnt_SeniorOfficialRemuneration1700OrLessAntiCumulationApproach_loc" xlink:to="wnt_SeniorOfficialRemuneration1700OrLessAntiCumulationApproach_label_fr" xlink:type="arc"/>
    <gen:arc xlink:arcrole="http://xbrl.org/arcrole/2008/element-label" xlink:from="wnt_SeniorOfficialsRemuneration1700OrMoreAccumulated_loc" xlink:to="wnt_SeniorOfficialsRemuneration1700OrMoreAccumulated_label_fr" xlink:type="arc"/>
    <gen:arc xlink:arcrole="http://xbrl.org/arcrole/2008/element-label" xlink:from="wnt_SeniorOfficialsRemuneration1700OrMoreInstitution_loc" xlink:to="wnt_SeniorOfficialsRemuneration1700OrMoreInstitution_label_fr" xlink:type="arc"/>
    <label:label id="wnt_RemunerationOfExecutiveSeniorOfficialsFormerSeniorOfficialsWithEmploymentRelationship_label_fr" xlink:label="wnt_RemunerationOfExecutiveSeniorOfficialsFormerSeniorOfficialsWithEmploymentRelationship_label_fr" xlink:role="http://www.xbrl.org/2008/role/label" xlink:type="resource" xml:lang="fr">1a - Rémunération des hauts fonctionnaires dirigeants et ex-hauts fonctionnaires en relation avec le travail</label:label>
    <label:label id="wnt_RemunerationOfExecutiveSeniorOfficialsWithoutEmploymentRelationship_label_fr" xlink:label="wnt_RemunerationOfExecutiveSeniorOfficialsWithoutEmploymentRelationship_label_fr" xlink:role="http://www.xbrl.org/2008/role/label" xlink:type="resource" xml:lang="fr">1b - Rémunération des cadres dirigeants sans emploi pour la période allant jusqu'au 12ème mois inclus</label:label>
    <label:label id="wnt_RemunerationOfSupervisorySeniorOfficials_label_fr" xlink:label="wnt_RemunerationOfSupervisorySeniorOfficials_label_fr" xlink:role="http://www.xbrl.org/2008/role/label" xlink:type="resource" xml:lang="fr">1c - Rémunération des hauts fonctionnaires de contrôle</label:label>
    <label:label id="wnt_ExecutiveSeniorOfficialsFormerSeniorOfficialsRemuneration1700OrLess_label_fr" xlink:label="wnt_ExecutiveSeniorOfficialsFormerSeniorOfficialsRemuneration1700OrLess_label_fr" xlink:role="http://www.xbrl.org/2008/role/label" xlink:type="resource" xml:lang="fr">1d - Hauts fonctionnaires dirigeants et ceux qui sont considérés comme des cadres supérieurs pendant encore 4 ans avec une rémunération de 1.900 € ou moins</label:label>
    <label:label id="wnt_RemunerationOfExecutiveSeniorOfficialsConsideredFourYears_label_fr" xlink:label="wnt_RemunerationOfExecutiveSeniorOfficialsConsideredFourYears_label_fr" xlink:role="http://www.xbrl.org/2008/role/label" xlink:type="resource" xml:lang="fr">1e - Haut fonctionnaire avec une rémunération totale de plus de € 1.900</label:label>
    <label:label id="wnt_SeniorOfficialsRemuneration1700OrMoreAccumulated_label_fr" xlink:label="wnt_SeniorOfficialsRemuneration1700OrMoreAccumulated_label_fr" xlink:role="http://www.xbrl.org/2008/role/label" xlink:type="resource" xml:lang="fr">1f - Rémunération d'un haut fonctionnaire d'une rémunération totale de 1 700 € ou plus concernant l'anti-cumul - Cumul</label:label>
    <label:label id="wnt_SeniorOfficialsRemuneration1700OrMoreInstitution_label_fr" xlink:label="wnt_SeniorOfficialsRemuneration1700OrMoreInstitution_label_fr" xlink:role="http://www.xbrl.org/2008/role/label" xlink:type="resource" xml:lang="fr">1f - Rémunération d'un haut fonctionnaire d'une rémunération totale de € 1.900 ou plus en matière d'anti-cumul - WNT institution</label:label>
    <label:label id="wnt_SeniorOfficialRemuneration1700OrLessAntiCumulationApproach_label_fr" xlink:label="wnt_SeniorOfficialRemuneration1700OrLessAntiCumulationApproach_label_fr" xlink:role="http://www.xbrl.org/2008/role/label" xlink:type="resource" xml:lang="fr">1g - Haut fonctionnaire avec une rémunération totale de € 1.900 ou moins dans le cadre de l'approche anti-cumul</label:label>
    <label:label id="wnt_PaymentsDueToTerminationOfEmploymentToSeniorOfficials_label_fr" xlink:label="wnt_PaymentsDueToTerminationOfEmploymentToSeniorOfficials_label_fr" xlink:role="http://www.xbrl.org/2008/role/label" xlink:type="resource" xml:lang="fr">2 - Indemnités liées à une fin de contrat avec des hauts fonctionnaires avec ou sans emploi: Spécification</label:label>
    <label:label id="wnt_RemunerationOfNonSeniorOfficials_label_fr" xlink:label="wnt_RemunerationOfNonSeniorOfficials_label_fr" xlink:role="http://www.xbrl.org/2008/role/label" xlink:type="resource" xml:lang="fr">3 - Rémunération des personnes autres que les hauts fonctionnaires</label:label>
    <link:loc xlink:href="wnt-verantwoordingsmodel-2023.xsd#wnt_ExecutiveSeniorOfficialsFormerSeniorOfficialsRemuneration1700OrLess" xlink:label="wnt_ExecutiveSeniorOfficialsFormerSeniorOfficialsRemuneration1700OrLess_loc" xlink:type="locator"/>
    <link:loc xlink:href="wnt-verantwoordingsmodel-2023.xsd#wnt_PaymentsDueToTerminationOfEmploymentToSeniorOfficials" xlink:label="wnt_PaymentsDueToTerminationOfEmploymentToSeniorOfficials_loc" xlink:type="locator"/>
    <link:loc xlink:href="wnt-verantwoordingsmodel-2023.xsd#wnt_RemunerationOfExecutiveSeniorOfficialsConsideredFourYears" xlink:label="wnt_RemunerationOfExecutiveSeniorOfficialsConsideredFourYears_loc" xlink:type="locator"/>
    <link:loc xlink:href="wnt-verantwoordingsmodel-2023.xsd#wnt_RemunerationOfExecutiveSeniorOfficialsFormerSeniorOfficialsWithEmploymentRelationship" xlink:label="wnt_RemunerationOfExecutiveSeniorOfficialsFormerSeniorOfficialsWithEmploymentRelationship_loc" xlink:type="locator"/>
    <link:loc xlink:href="wnt-verantwoordingsmodel-2023.xsd#wnt_RemunerationOfExecutiveSeniorOfficialsWithoutEmploymentRelationship" xlink:label="wnt_RemunerationOfExecutiveSeniorOfficialsWithoutEmploymentRelationship_loc" xlink:type="locator"/>
    <link:loc xlink:href="wnt-verantwoordingsmodel-2023.xsd#wnt_RemunerationOfNonSeniorOfficials" xlink:label="wnt_RemunerationOfNonSeniorOfficials_loc" xlink:type="locator"/>
    <link:loc xlink:href="wnt-verantwoordingsmodel-2023.xsd#wnt_RemunerationOfSupervisorySeniorOfficials" xlink:label="wnt_RemunerationOfSupervisorySeniorOfficials_loc" xlink:type="locator"/>
    <link:loc xlink:href="wnt-verantwoordingsmodel-2023.xsd#wnt_SeniorOfficialRemuneration1700OrLessAntiCumulationApproach" xlink:label="wnt_SeniorOfficialRemuneration1700OrLessAntiCumulationApproach_loc" xlink:type="locator"/>
    <link:loc xlink:href="wnt-verantwoordingsmodel-2023.xsd#wnt_SeniorOfficialsRemuneration1700OrMoreAccumulated" xlink:label="wnt_SeniorOfficialsRemuneration1700OrMoreAccumulated_loc" xlink:type="locator"/>
    <link:loc xlink:href="wnt-verantwoordingsmodel-2023.xsd#wnt_SeniorOfficialsRemuneration1700OrMoreInstitution" xlink:label="wnt_SeniorOfficialsRemuneration1700OrMoreInstitution_loc" xlink:type="locator"/>
  </gen:link>
</link:linkbase>
