<?xml version="1.0" encoding="UTF-8" standalone="yes"?>

<link:linkbase xmlns:link="http://www.xbrl.org/2003/linkbase" xmlns:ref="http://www.xbrl.org/2006/ref" xmlns:xlink="http://www.w3.org/1999/xlink" xmlns:xsi="http://www.w3.org/2001/XMLSchema-instance" xsi:schemaLocation="http://www.xbrl.org/2006/ref http://www.xbrl.org/2006/ref-2006-02-27.xsd">
  <link:referenceLink xlink:role="http://www.xbrl.org/2003/role/link" xlink:type="extended">
    <link:loc xlink:href="wnt-cor.xsd#wnt_AgreedPaymentsDueToTermination" xlink:label="wnt_AgreedPaymentsDueToTermination_loc" xlink:type="locator"/>
    <link:loc xlink:href="wnt-cor.xsd#wnt_AmountExceedingMaximumRemuneration" xlink:label="wnt_AmountExceedingMaximumRemuneration_loc" xlink:type="locator"/>
    <link:loc xlink:href="wnt-cor.xsd#wnt_ApplicableMaximumRemunerationInstitution" xlink:label="wnt_ApplicableMaximumRemunerationInstitution_loc" xlink:type="locator"/>
    <link:loc xlink:href="wnt-cor.xsd#wnt_CalendarYear" xlink:label="wnt_CalendarYear_loc" xlink:type="locator"/>
    <link:loc xlink:href="wnt-cor.xsd#wnt_Consideration" xlink:label="wnt_Consideration_loc" xlink:type="locator"/>
    <link:loc xlink:href="wnt-cor.xsd#wnt_CumulatedRemunerationAntiCumulationApproach" xlink:label="wnt_CumulatedRemunerationAntiCumulationApproach_loc" xlink:type="locator"/>
    <link:loc xlink:href="wnt-cor.xsd#wnt_DoubleCounting" xlink:label="wnt_DoubleCounting_loc" xlink:type="locator"/>
    <link:loc xlink:href="wnt-cor.xsd#wnt_DurationOfTheEmploymentDuringTheCalendarYearEndDate" xlink:label="wnt_DurationOfTheEmploymentDuringTheCalendarYearEndDate_loc" xlink:type="locator"/>
    <link:loc xlink:href="wnt-cor.xsd#wnt_DurationOfTheEmploymentDuringTheCalendarYearStartDate" xlink:label="wnt_DurationOfTheEmploymentDuringTheCalendarYearStartDate_loc" xlink:type="locator"/>
    <link:loc xlink:href="wnt-cor.xsd#wnt_DurationOfTheEmploymentDuringTheFinancialYearEndDate" xlink:label="wnt_DurationOfTheEmploymentDuringTheFinancialYearEndDate_loc" xlink:type="locator"/>
    <link:loc xlink:href="wnt-cor.xsd#wnt_DurationOfTheEmploymentDuringTheFinancialYearStartDate" xlink:label="wnt_DurationOfTheEmploymentDuringTheFinancialYearStartDate_loc" xlink:type="locator"/>
    <link:loc xlink:href="wnt-cor.xsd#wnt_ExistenceOfAnEmploymentRelationship" xlink:label="wnt_ExistenceOfAnEmploymentRelationship_loc" xlink:type="locator"/>
    <link:loc xlink:href="wnt-cor.xsd#wnt_InclusionErrorsInRemunerationSeniorOfficials" xlink:label="wnt_InclusionErrorsInRemunerationSeniorOfficials_loc" xlink:type="locator"/>
    <link:loc xlink:href="wnt-cor.xsd#wnt_IndividualMaximumDuringFinancialYear" xlink:label="wnt_IndividualMaximumDuringFinancialYear_loc" xlink:type="locator"/>
    <link:loc xlink:href="wnt-cor.xsd#wnt_IndividualMaximumPaymentDueToTerminationOfTheEmployment" xlink:label="wnt_IndividualMaximumPaymentDueToTerminationOfTheEmployment_loc" xlink:type="locator"/>
    <link:loc xlink:href="wnt-cor.xsd#wnt_IndividualMaximumRemunerationNormAmountsPerMonth" xlink:label="wnt_IndividualMaximumRemunerationNormAmountsPerMonth_loc" xlink:type="locator"/>
    <link:loc xlink:href="wnt-cor.xsd#wnt_IndividualMaximumRemunerationPerHour" xlink:label="wnt_IndividualMaximumRemunerationPerHour_loc" xlink:type="locator"/>
    <link:loc xlink:href="wnt-cor.xsd#wnt_IndividualMaximumRemuneration" xlink:label="wnt_IndividualMaximumRemuneration_loc" xlink:type="locator"/>
    <link:loc xlink:href="wnt-cor.xsd#wnt_JustificationExceedingMaximumRemuneration" xlink:label="wnt_JustificationExceedingMaximumRemuneration_loc" xlink:type="locator"/>
    <link:loc xlink:href="wnt-cor.xsd#wnt_MonthsEmploymentDuringFinancialYear" xlink:label="wnt_MonthsEmploymentDuringFinancialYear_loc" xlink:type="locator"/>
    <link:loc xlink:href="wnt-cor.xsd#wnt_NameOtherWNTInstitution" xlink:label="wnt_NameOtherWNTInstitution_loc" xlink:type="locator"/>
    <link:loc xlink:href="wnt-cor.xsd#wnt_NumberOfNonSeniorOfficialsForWhomTotalAmountStatedOfPremiumsContributionsEmployerPaidDeferredFinancingFormOfPurchasingPensionAgreements" xlink:label="wnt_NumberOfNonSeniorOfficialsForWhomTotalAmountStatedOfPremiumsContributionsEmployerPaidDeferredFinancingFormOfPurchasingPensionAgreements_loc" xlink:type="locator"/>
    <link:loc xlink:href="wnt-cor.xsd#wnt_OtherWNTInstitutionsManagingSeniorOfficialsEmployment" xlink:label="wnt_OtherWNTInstitutionsManagingSeniorOfficialsEmployment_loc" xlink:type="locator"/>
    <link:loc xlink:href="wnt-cor.xsd#wnt_PaymentsDueToTerminationOfTheEmploymentIncludingUnduePayments" xlink:label="wnt_PaymentsDueToTerminationOfTheEmploymentIncludingUnduePayments_loc" xlink:type="locator"/>
    <link:loc xlink:href="wnt-cor.xsd#wnt_PaymentsMadeInTheFinancialYearDueToTerminationOfTheEmployment" xlink:label="wnt_PaymentsMadeInTheFinancialYearDueToTerminationOfTheEmployment_loc" xlink:type="locator"/>
    <link:loc xlink:href="wnt-cor.xsd#wnt_PositionOrPositions" xlink:label="wnt_PositionOrPositions_loc" xlink:type="locator"/>
    <link:loc xlink:href="wnt-cor.xsd#wnt_ProvisionsForPostEmploymentBenefits" xlink:label="wnt_ProvisionsForPostEmploymentBenefits_loc" xlink:type="locator"/>
    <link:loc xlink:href="wnt-cor.xsd#wnt_PublicationWNTInTheConsolidatedStatutoryAccounts" xlink:label="wnt_PublicationWNTInTheConsolidatedStatutoryAccounts_loc" xlink:type="locator"/>
    <link:loc xlink:href="wnt-cor.xsd#wnt_ReasonsAndCauseErrorsInRemuneration" xlink:label="wnt_ReasonsAndCauseErrorsInRemuneration_loc" xlink:type="locator"/>
    <link:loc xlink:href="wnt-cor.xsd#wnt_ReasonsForExceedingMaximumAmountOfRemuneration" xlink:label="wnt_ReasonsForExceedingMaximumAmountOfRemuneration_loc" xlink:type="locator"/>
    <link:loc xlink:href="wnt-cor.xsd#wnt_ReceivableUnduePaymentsExplanation" xlink:label="wnt_ReceivableUnduePaymentsExplanation_loc" xlink:type="locator"/>
    <link:loc xlink:href="wnt-cor.xsd#wnt_ReferenceToTheSeniorOfficialsAndCorrespondingStatutoryEntities" xlink:label="wnt_ReferenceToTheSeniorOfficialsAndCorrespondingStatutoryEntities_loc" xlink:type="locator"/>
    <link:loc xlink:href="wnt-cor.xsd#wnt_RemunerationActivitiesAffiliatedCompanies" xlink:label="wnt_RemunerationActivitiesAffiliatedCompanies_loc" xlink:type="locator"/>
    <link:loc xlink:href="wnt-cor.xsd#wnt_RemunerationActivitiesSeniorOfficer" xlink:label="wnt_RemunerationActivitiesSeniorOfficer_loc" xlink:type="locator"/>
    <link:loc xlink:href="wnt-cor.xsd#wnt_RemunerationMaximumOrHigherIndividualRemunerationSeniorOfficerAntiAccumulation" xlink:label="wnt_RemunerationMaximumOrHigherIndividualRemunerationSeniorOfficerAntiAccumulation_loc" xlink:type="locator"/>
    <link:loc xlink:href="wnt-cor.xsd#wnt_RemunerationMaximumOrHigherIndividualRemunerationSeniorOfficer" xlink:label="wnt_RemunerationMaximumOrHigherIndividualRemunerationSeniorOfficer_loc" xlink:type="locator"/>
    <link:loc xlink:href="wnt-cor.xsd#wnt_RemunerationOtherActivitiesSeniorOfficer" xlink:label="wnt_RemunerationOtherActivitiesSeniorOfficer_loc" xlink:type="locator"/>
    <link:loc xlink:href="wnt-cor.xsd#wnt_RemunerationPaidDuringFinancialYear" xlink:label="wnt_RemunerationPaidDuringFinancialYear_loc" xlink:type="locator"/>
    <link:loc xlink:href="wnt-cor.xsd#wnt_RemunerationUnduePayments" xlink:label="wnt_RemunerationUnduePayments_loc" xlink:type="locator"/>
    <link:loc xlink:href="wnt-cor.xsd#wnt_Remuneration" xlink:label="wnt_Remuneration_loc" xlink:type="locator"/>
    <link:loc xlink:href="wnt-cor.xsd#wnt_ScopeOfTheEmploymentDuringTheCalendarYearInHours" xlink:label="wnt_ScopeOfTheEmploymentDuringTheCalendarYearInHours_loc" xlink:type="locator"/>
    <link:loc xlink:href="wnt-cor.xsd#wnt_ScopeOfTheEmploymentDuringTheFinancialYearInFTE" xlink:label="wnt_ScopeOfTheEmploymentDuringTheFinancialYearInFTE_loc" xlink:type="locator"/>
    <link:loc xlink:href="wnt-cor.xsd#wnt_StartDateEmployment" xlink:label="wnt_StartDateEmployment_loc" xlink:type="locator"/>
    <link:loc xlink:href="wnt-cor.xsd#wnt_SubtotalRemuneration" xlink:label="wnt_SubtotalRemuneration_loc" xlink:type="locator"/>
    <link:loc xlink:href="wnt-cor.xsd#wnt_TotalAmountPremiumsContributionsEmployerPaidDeferredFinancingFormOfPurchasingPensionAgreements" xlink:label="wnt_TotalAmountPremiumsContributionsEmployerPaidDeferredFinancingFormOfPurchasingPensionAgreements_loc" xlink:type="locator"/>
    <link:loc xlink:href="wnt-cor.xsd#wnt_TotalRemunerationDuringFinancialYear" xlink:label="wnt_TotalRemunerationDuringFinancialYear_loc" xlink:type="locator"/>
    <link:loc xlink:href="wnt-cor.xsd#wnt_TotalRemunerationPerInstitution" xlink:label="wnt_TotalRemunerationPerInstitution_loc" xlink:type="locator"/>
    <link:loc xlink:href="wnt-cor.xsd#wnt_UnduePayments" xlink:label="wnt_UnduePayments_loc" xlink:type="locator"/>
    <link:loc xlink:href="wnt-cor.xsd#wnt_WntInstitutionActivitiesSeniorOfficer" xlink:label="wnt_WntInstitutionActivitiesSeniorOfficer_loc" xlink:type="locator"/>
    <link:loc xlink:href="wnt-cor.xsd#wnt_WntInstitutionAffiliatedCompanies" xlink:label="wnt_WntInstitutionAffiliatedCompanies_loc" xlink:type="locator"/>
    <link:loc xlink:href="wnt-cor.xsd#wnt_WntInstitutionOtherActivitiesSeniorOfficer" xlink:label="wnt_WntInstitutionOtherActivitiesSeniorOfficer_loc" xlink:type="locator"/>
    <link:loc xlink:href="wnt-cor.xsd#wnt_YearOfTerminationOfTheEmployment" xlink:label="wnt_YearOfTerminationOfTheEmployment_loc" xlink:type="locator"/>
    <link:reference id="wnt_WNBTPESS_2023-01-01_2.1_1_ref" xlink:label="wnt_WNBTPESS_2023-01-01_2.1_1_ref" xlink:role="http://www.xbrl.org/2003/role/reference" xlink:type="resource">
      <ref:Article>2.1</ref:Article>
      <ref:IssueDate>2023-01-01</ref:IssueDate>
      <ref:Name>Wet normering bezoldiging topfunctionarissen publieke en semipublieke sector</ref:Name>
      <ref:Paragraph>1</ref:Paragraph>
    </link:reference>
    <link:reference id="wnt_WNBTPESS_2023-01-01_2.3_ref" xlink:label="wnt_WNBTPESS_2023-01-01_2.3_ref" xlink:role="http://www.xbrl.org/2003/role/reference" xlink:type="resource">
      <ref:Article>2.3</ref:Article>
      <ref:IssueDate>2023-01-01</ref:IssueDate>
      <ref:Name>Wet normering bezoldiging topfunctionarissen publieke en semipublieke sector</ref:Name>
    </link:reference>
    <link:reference id="wnt_WNBTPESS_2023-01-01_2.6_ref" xlink:label="wnt_WNBTPESS_2023-01-01_2.6_ref" xlink:role="http://www.xbrl.org/2003/role/reference" xlink:type="resource">
      <ref:Article>2.6</ref:Article>
      <ref:IssueDate>2023-01-01</ref:IssueDate>
      <ref:Name>Wet normering bezoldiging topfunctionarissen publieke en semipublieke sector</ref:Name>
    </link:reference>
    <link:reference id="wnt_WNBTPESS_2023-01-01_2.10_ref" xlink:label="wnt_WNBTPESS_2023-01-01_2.10_ref" xlink:role="http://www.xbrl.org/2003/role/reference" xlink:type="resource">
      <ref:Article>2.10</ref:Article>
      <ref:IssueDate>2023-01-01</ref:IssueDate>
      <ref:Name>Wet normering bezoldiging topfunctionarissen publieke en semipublieke sector</ref:Name>
    </link:reference>
    <link:reference id="wnt_WNBTPESS_2023-01-01_5.2_1_ref" xlink:label="wnt_WNBTPESS_2023-01-01_5.2_1_ref" xlink:role="http://www.xbrl.org/2003/role/reference" xlink:type="resource">
      <ref:Article>5.2</ref:Article>
      <ref:IssueDate>2023-01-01</ref:IssueDate>
      <ref:Name>Wet normering bezoldiging topfunctionarissen publieke en semipublieke sector</ref:Name>
      <ref:Paragraph>1</ref:Paragraph>
    </link:reference>
    <link:reference id="wnt_UWNT_2023-01-01_5_1_B_ref" xlink:label="wnt_UWNT_2023-01-01_5_1_B_ref" xlink:role="http://www.xbrl.org/2003/role/reference" xlink:type="resource">
      <ref:Article>5</ref:Article>
      <ref:IssueDate>2023-01-01</ref:IssueDate>
      <ref:Name>Uitvoeringsregeling WNT</ref:Name>
      <ref:Paragraph>1</ref:Paragraph>
      <ref:Subparagraph>b</ref:Subparagraph>
    </link:reference>
    <link:reference id="wnt_UWNT_2023-01-01_5_1_C_ref" xlink:label="wnt_UWNT_2023-01-01_5_1_C_ref" xlink:role="http://www.xbrl.org/2003/role/reference" xlink:type="resource">
      <ref:Article>5</ref:Article>
      <ref:IssueDate>2023-01-01</ref:IssueDate>
      <ref:Name>Uitvoeringsregeling WNT</ref:Name>
      <ref:Paragraph>1</ref:Paragraph>
      <ref:Subparagraph>c</ref:Subparagraph>
    </link:reference>
    <link:reference id="wnt_UWNT_2023-01-01_5_1_D_ref" xlink:label="wnt_UWNT_2023-01-01_5_1_D_ref" xlink:role="http://www.xbrl.org/2003/role/reference" xlink:type="resource">
      <ref:Article>5</ref:Article>
      <ref:IssueDate>2023-01-01</ref:IssueDate>
      <ref:Name>Uitvoeringsregeling WNT</ref:Name>
      <ref:Paragraph>1</ref:Paragraph>
      <ref:Subparagraph>d</ref:Subparagraph>
    </link:reference>
    <link:reference id="wnt_UWNT_2023-01-01_5_1_E_ref" xlink:label="wnt_UWNT_2023-01-01_5_1_E_ref" xlink:role="http://www.xbrl.org/2003/role/reference" xlink:type="resource">
      <ref:Article>5</ref:Article>
      <ref:IssueDate>2023-01-01</ref:IssueDate>
      <ref:Name>Uitvoeringsregeling WNT</ref:Name>
      <ref:Paragraph>1</ref:Paragraph>
      <ref:Subparagraph>e</ref:Subparagraph>
    </link:reference>
    <link:reference id="wnt_UWNT_2023-01-01_5_1_F_ref" xlink:label="wnt_UWNT_2023-01-01_5_1_F_ref" xlink:role="http://www.xbrl.org/2003/role/reference" xlink:type="resource">
      <ref:Article>5</ref:Article>
      <ref:IssueDate>2023-01-01</ref:IssueDate>
      <ref:Name>Uitvoeringsregeling WNT</ref:Name>
      <ref:Paragraph>1</ref:Paragraph>
      <ref:Subparagraph>f</ref:Subparagraph>
    </link:reference>
    <link:reference id="wnt_UWNT_2023-01-01_5_1_G_ref" xlink:label="wnt_UWNT_2023-01-01_5_1_G_ref" xlink:role="http://www.xbrl.org/2003/role/reference" xlink:type="resource">
      <ref:Article>5</ref:Article>
      <ref:IssueDate>2023-01-01</ref:IssueDate>
      <ref:Name>Uitvoeringsregeling WNT</ref:Name>
      <ref:Paragraph>1</ref:Paragraph>
      <ref:Subparagraph>g</ref:Subparagraph>
    </link:reference>
    <link:reference id="wnt_UWNT_2023-01-01_5_1_H_ref" xlink:label="wnt_UWNT_2023-01-01_5_1_H_ref" xlink:role="http://www.xbrl.org/2003/role/reference" xlink:type="resource">
      <ref:Article>5</ref:Article>
      <ref:IssueDate>2023-01-01</ref:IssueDate>
      <ref:Name>Uitvoeringsregeling WNT</ref:Name>
      <ref:Paragraph>1</ref:Paragraph>
      <ref:Subparagraph>h</ref:Subparagraph>
    </link:reference>
    <link:reference id="wnt_UWNT_2023-01-01_5_1_i_ref" xlink:label="wnt_UWNT_2023-01-01_5_1_i_ref" xlink:role="http://www.xbrl.org/2003/role/reference" xlink:type="resource">
      <ref:Article>5</ref:Article>
      <ref:IssueDate>2023-01-01</ref:IssueDate>
      <ref:Name>Uitvoeringsregeling WNT</ref:Name>
      <ref:Paragraph>1</ref:Paragraph>
      <ref:Subparagraph>i</ref:Subparagraph>
    </link:reference>
    <link:reference id="wnt_UWNT_2023-01-01_5_1_J_ref" xlink:label="wnt_UWNT_2023-01-01_5_1_J_ref" xlink:role="http://www.xbrl.org/2003/role/reference" xlink:type="resource">
      <ref:Article>5</ref:Article>
      <ref:IssueDate>2023-01-01</ref:IssueDate>
      <ref:Name>Uitvoeringsregeling WNT</ref:Name>
      <ref:Paragraph>1</ref:Paragraph>
      <ref:Subparagraph>j</ref:Subparagraph>
    </link:reference>
    <link:reference id="wnt_UWNT_2023-01-01_5_1_K_ref" xlink:label="wnt_UWNT_2023-01-01_5_1_K_ref" xlink:role="http://www.xbrl.org/2003/role/reference" xlink:type="resource">
      <ref:Article>5</ref:Article>
      <ref:IssueDate>2023-01-01</ref:IssueDate>
      <ref:Name>Uitvoeringsregeling WNT</ref:Name>
      <ref:Paragraph>1</ref:Paragraph>
      <ref:Subparagraph>k</ref:Subparagraph>
    </link:reference>
    <link:reference id="wnt_UWNT_2023-01-01_5_1_L_ref" xlink:label="wnt_UWNT_2023-01-01_5_1_L_ref" xlink:role="http://www.xbrl.org/2003/role/reference" xlink:type="resource">
      <ref:Article>5</ref:Article>
      <ref:IssueDate>2023-01-01</ref:IssueDate>
      <ref:Name>Uitvoeringsregeling WNT</ref:Name>
      <ref:Paragraph>1</ref:Paragraph>
      <ref:Subparagraph>l</ref:Subparagraph>
    </link:reference>
    <link:reference id="wnt_UWNT_2023-01-01_5_1_M_ref" xlink:label="wnt_UWNT_2023-01-01_5_1_M_ref" xlink:role="http://www.xbrl.org/2003/role/reference" xlink:type="resource">
      <ref:Article>5</ref:Article>
      <ref:IssueDate>2023-01-01</ref:IssueDate>
      <ref:Name>Uitvoeringsregeling WNT</ref:Name>
      <ref:Paragraph>1</ref:Paragraph>
      <ref:Subparagraph>m</ref:Subparagraph>
    </link:reference>
    <link:reference id="wnt_UWNT_2023-01-01_5_1_N_ref" xlink:label="wnt_UWNT_2023-01-01_5_1_N_ref" xlink:role="http://www.xbrl.org/2003/role/reference" xlink:type="resource">
      <ref:Article>5</ref:Article>
      <ref:IssueDate>2023-01-01</ref:IssueDate>
      <ref:Name>Uitvoeringsregeling WNT</ref:Name>
      <ref:Paragraph>1</ref:Paragraph>
      <ref:Subparagraph>n</ref:Subparagraph>
    </link:reference>
    <link:reference id="wnt_UWNT_2023-01-01_5_1_O1_ref" xlink:label="wnt_UWNT_2023-01-01_5_1_O1_ref" xlink:role="http://www.xbrl.org/2003/role/reference" xlink:type="resource">
      <ref:Article>5</ref:Article>
      <ref:IssueDate>2023-01-01</ref:IssueDate>
      <ref:Name>Uitvoeringsregeling WNT</ref:Name>
      <ref:Paragraph>1</ref:Paragraph>
      <ref:Subparagraph>o1</ref:Subparagraph>
    </link:reference>
    <link:reference id="wnt_UWNT_2023-01-01_5_1_O2_ref" xlink:label="wnt_UWNT_2023-01-01_5_1_O2_ref" xlink:role="http://www.xbrl.org/2003/role/reference" xlink:type="resource">
      <ref:Article>5</ref:Article>
      <ref:IssueDate>2023-01-01</ref:IssueDate>
      <ref:Name>Uitvoeringsregeling WNT</ref:Name>
      <ref:Paragraph>1</ref:Paragraph>
      <ref:Subparagraph>o2</ref:Subparagraph>
    </link:reference>
    <link:reference id="wnt_UWNT_2023-01-01_5_1_O3_ref" xlink:label="wnt_UWNT_2023-01-01_5_1_O3_ref" xlink:role="http://www.xbrl.org/2003/role/reference" xlink:type="resource">
      <ref:Article>5</ref:Article>
      <ref:IssueDate>2023-01-01</ref:IssueDate>
      <ref:Name>Uitvoeringsregeling WNT</ref:Name>
      <ref:Paragraph>1</ref:Paragraph>
      <ref:Subparagraph>o3</ref:Subparagraph>
    </link:reference>
    <link:reference id="wnt_UWNT_2023-01-01_5_1_O4_ref" xlink:label="wnt_UWNT_2023-01-01_5_1_O4_ref" xlink:role="http://www.xbrl.org/2003/role/reference" xlink:type="resource">
      <ref:Article>5</ref:Article>
      <ref:IssueDate>2023-01-01</ref:IssueDate>
      <ref:Name>Uitvoeringsregeling WNT</ref:Name>
      <ref:Paragraph>1</ref:Paragraph>
      <ref:Subparagraph>o4</ref:Subparagraph>
    </link:reference>
    <link:reference id="wnt_UWNT_2023-01-01_5_1_ref" xlink:label="wnt_UWNT_2023-01-01_5_1_ref" xlink:role="http://www.xbrl.org/2003/role/reference" xlink:type="resource">
      <ref:Article>5</ref:Article>
      <ref:IssueDate>2023-01-01</ref:IssueDate>
      <ref:Name>Uitvoeringsregeling WNT</ref:Name>
      <ref:Paragraph>1</ref:Paragraph>
    </link:reference>
    <link:reference id="wnt_UWNT_2023-01-01_5_3_ref" xlink:label="wnt_UWNT_2023-01-01_5_3_ref" xlink:role="http://www.xbrl.org/2003/role/reference" xlink:type="resource">
      <ref:Article>5</ref:Article>
      <ref:IssueDate>2023-01-01</ref:IssueDate>
      <ref:Name>Uitvoeringsregeling WNT</ref:Name>
      <ref:Paragraph>3</ref:Paragraph>
    </link:reference>
    <link:reference id="wnt_UWNT_2023-01-01_5_4_B_ref" xlink:label="wnt_UWNT_2023-01-01_5_4_B_ref" xlink:role="http://www.xbrl.org/2003/role/reference" xlink:type="resource">
      <ref:Article>5</ref:Article>
      <ref:IssueDate>2023-01-01</ref:IssueDate>
      <ref:Name>Uitvoeringsregeling WNT</ref:Name>
      <ref:Paragraph>4</ref:Paragraph>
      <ref:Subparagraph>b</ref:Subparagraph>
    </link:reference>
    <link:reference id="wnt_UWNT_2023-01-01_5_4_C_ref" xlink:label="wnt_UWNT_2023-01-01_5_4_C_ref" xlink:role="http://www.xbrl.org/2003/role/reference" xlink:type="resource">
      <ref:Article>5</ref:Article>
      <ref:IssueDate>2023-01-01</ref:IssueDate>
      <ref:Name>Uitvoeringsregeling WNT</ref:Name>
      <ref:Paragraph>4</ref:Paragraph>
      <ref:Subparagraph>c</ref:Subparagraph>
    </link:reference>
    <link:reference id="wnt_UWNT_2023-01-01_5_4_D_ref" xlink:label="wnt_UWNT_2023-01-01_5_4_D_ref" xlink:role="http://www.xbrl.org/2003/role/reference" xlink:type="resource">
      <ref:Article>5</ref:Article>
      <ref:IssueDate>2023-01-01</ref:IssueDate>
      <ref:Name>Uitvoeringsregeling WNT</ref:Name>
      <ref:Paragraph>4</ref:Paragraph>
      <ref:Subparagraph>d</ref:Subparagraph>
    </link:reference>
    <link:reference id="wnt_UWNT_2023-01-01_5_4_E_ref" xlink:label="wnt_UWNT_2023-01-01_5_4_E_ref" xlink:role="http://www.xbrl.org/2003/role/reference" xlink:type="resource">
      <ref:Article>5</ref:Article>
      <ref:IssueDate>2023-01-01</ref:IssueDate>
      <ref:Name>Uitvoeringsregeling WNT</ref:Name>
      <ref:Paragraph>4</ref:Paragraph>
      <ref:Subparagraph>e</ref:Subparagraph>
    </link:reference>
    <link:reference id="wnt_UWNT_2023-01-01_5_4_F_ref" xlink:label="wnt_UWNT_2023-01-01_5_4_F_ref" xlink:role="http://www.xbrl.org/2003/role/reference" xlink:type="resource">
      <ref:Article>5</ref:Article>
      <ref:IssueDate>2023-01-01</ref:IssueDate>
      <ref:Name>Uitvoeringsregeling WNT</ref:Name>
      <ref:Paragraph>4</ref:Paragraph>
      <ref:Subparagraph>f</ref:Subparagraph>
    </link:reference>
    <link:reference id="wnt_UWNT_2023-01-01_5_4_G_ref" xlink:label="wnt_UWNT_2023-01-01_5_4_G_ref" xlink:role="http://www.xbrl.org/2003/role/reference" xlink:type="resource">
      <ref:Article>5</ref:Article>
      <ref:IssueDate>2023-01-01</ref:IssueDate>
      <ref:Name>Uitvoeringsregeling WNT</ref:Name>
      <ref:Paragraph>4</ref:Paragraph>
      <ref:Subparagraph>g</ref:Subparagraph>
    </link:reference>
    <link:reference id="wnt_UWNT_2023-01-01_5_5_B_ref" xlink:label="wnt_UWNT_2023-01-01_5_5_B_ref" xlink:role="http://www.xbrl.org/2003/role/reference" xlink:type="resource">
      <ref:Article>5</ref:Article>
      <ref:IssueDate>2023-01-01</ref:IssueDate>
      <ref:Name>Uitvoeringsregeling WNT</ref:Name>
      <ref:Paragraph>5</ref:Paragraph>
      <ref:Subparagraph>b</ref:Subparagraph>
    </link:reference>
    <link:reference id="wnt_UWNT_2023-01-01_5_5_C_ref" xlink:label="wnt_UWNT_2023-01-01_5_5_C_ref" xlink:role="http://www.xbrl.org/2003/role/reference" xlink:type="resource">
      <ref:Article>5</ref:Article>
      <ref:IssueDate>2023-01-01</ref:IssueDate>
      <ref:Name>Uitvoeringsregeling WNT</ref:Name>
      <ref:Paragraph>5</ref:Paragraph>
      <ref:Subparagraph>c</ref:Subparagraph>
    </link:reference>
    <link:reference id="wnt_UWNT_2023-01-01_5_5_D_ref" xlink:label="wnt_UWNT_2023-01-01_5_5_D_ref" xlink:role="http://www.xbrl.org/2003/role/reference" xlink:type="resource">
      <ref:Article>5</ref:Article>
      <ref:IssueDate>2023-01-01</ref:IssueDate>
      <ref:Name>Uitvoeringsregeling WNT</ref:Name>
      <ref:Paragraph>5</ref:Paragraph>
      <ref:Subparagraph>d</ref:Subparagraph>
    </link:reference>
    <link:reference id="wnt_UWNT_2023-01-01_5_5_E_ref" xlink:label="wnt_UWNT_2023-01-01_5_5_E_ref" xlink:role="http://www.xbrl.org/2003/role/reference" xlink:type="resource">
      <ref:Article>5</ref:Article>
      <ref:IssueDate>2023-01-01</ref:IssueDate>
      <ref:Name>Uitvoeringsregeling WNT</ref:Name>
      <ref:Paragraph>5</ref:Paragraph>
      <ref:Subparagraph>e</ref:Subparagraph>
    </link:reference>
    <link:reference id="wnt_UWNT_2023-01-01_5_5_F_ref" xlink:label="wnt_UWNT_2023-01-01_5_5_F_ref" xlink:role="http://www.xbrl.org/2003/role/reference" xlink:type="resource">
      <ref:Article>5</ref:Article>
      <ref:IssueDate>2023-01-01</ref:IssueDate>
      <ref:Name>Uitvoeringsregeling WNT</ref:Name>
      <ref:Paragraph>5</ref:Paragraph>
      <ref:Subparagraph>f</ref:Subparagraph>
    </link:reference>
    <link:reference id="wnt_UWNT_2023-01-01_5_6_B_ref" xlink:label="wnt_UWNT_2023-01-01_5_6_B_ref" xlink:role="http://www.xbrl.org/2003/role/reference" xlink:type="resource">
      <ref:Article>5</ref:Article>
      <ref:IssueDate>2023-01-01</ref:IssueDate>
      <ref:Name>Uitvoeringsregeling WNT</ref:Name>
      <ref:Paragraph>6</ref:Paragraph>
      <ref:Subparagraph>b</ref:Subparagraph>
    </link:reference>
    <link:reference id="wnt_UWNT_2023-01-01_5_6_C_ref" xlink:label="wnt_UWNT_2023-01-01_5_6_C_ref" xlink:role="http://www.xbrl.org/2003/role/reference" xlink:type="resource">
      <ref:Article>5</ref:Article>
      <ref:IssueDate>2023-01-01</ref:IssueDate>
      <ref:Name>Uitvoeringsregeling WNT</ref:Name>
      <ref:Paragraph>6</ref:Paragraph>
      <ref:Subparagraph>c</ref:Subparagraph>
    </link:reference>
    <link:reference id="wnt_UWNT_2023-01-01_5_6_ref" xlink:label="wnt_UWNT_2023-01-01_5_6_ref" xlink:role="http://www.xbrl.org/2003/role/reference" xlink:type="resource">
      <ref:Article>5</ref:Article>
      <ref:IssueDate>2023-01-01</ref:IssueDate>
      <ref:Name>Uitvoeringsregeling WNT</ref:Name>
      <ref:Paragraph>6</ref:Paragraph>
    </link:reference>
    <link:reference id="wnt_UWNT_2023-01-01_5a_1_A_ref" xlink:label="wnt_UWNT_2023-01-01_5a_1_A_ref" xlink:role="http://www.xbrl.org/2003/role/reference" xlink:type="resource">
      <ref:Article>5a</ref:Article>
      <ref:IssueDate>2023-01-01</ref:IssueDate>
      <ref:Name>Uitvoeringsregeling WNT</ref:Name>
      <ref:Paragraph>1</ref:Paragraph>
      <ref:Subparagraph>a</ref:Subparagraph>
    </link:reference>
    <link:reference id="wnt_UWNT_2023-01-01_5a_1_B_ref" xlink:label="wnt_UWNT_2023-01-01_5a_1_B_ref" xlink:role="http://www.xbrl.org/2003/role/reference" xlink:type="resource">
      <ref:Article>5a</ref:Article>
      <ref:IssueDate>2023-01-01</ref:IssueDate>
      <ref:Name>Uitvoeringsregeling WNT</ref:Name>
      <ref:Paragraph>1</ref:Paragraph>
      <ref:Subparagraph>b</ref:Subparagraph>
    </link:reference>
    <link:reference id="wnt_UWNT_2023-01-01_5a_1_C_ref" xlink:label="wnt_UWNT_2023-01-01_5a_1_C_ref" xlink:role="http://www.xbrl.org/2003/role/reference" xlink:type="resource">
      <ref:Article>5a</ref:Article>
      <ref:IssueDate>2023-01-01</ref:IssueDate>
      <ref:Name>Uitvoeringsregeling WNT</ref:Name>
      <ref:Paragraph>1</ref:Paragraph>
      <ref:Subparagraph>c</ref:Subparagraph>
    </link:reference>
    <link:reference id="wnt_UWNT_2023-01-01_5a_1_D_ref" xlink:label="wnt_UWNT_2023-01-01_5a_1_D_ref" xlink:role="http://www.xbrl.org/2003/role/reference" xlink:type="resource">
      <ref:Article>5a</ref:Article>
      <ref:IssueDate>2023-01-01</ref:IssueDate>
      <ref:Name>Uitvoeringsregeling WNT</ref:Name>
      <ref:Paragraph>1</ref:Paragraph>
      <ref:Subparagraph>d</ref:Subparagraph>
    </link:reference>
    <link:reference id="wnt_UWNT_2023-01-01_5a_1_E_ref" xlink:label="wnt_UWNT_2023-01-01_5a_1_E_ref" xlink:role="http://www.xbrl.org/2003/role/reference" xlink:type="resource">
      <ref:Article>5a</ref:Article>
      <ref:IssueDate>2023-01-01</ref:IssueDate>
      <ref:Name>Uitvoeringsregeling WNT</ref:Name>
      <ref:Paragraph>1</ref:Paragraph>
      <ref:Subparagraph>e</ref:Subparagraph>
    </link:reference>
    <link:reference id="wnt_UWNT_2023-01-01_5a_1_ref" xlink:label="wnt_UWNT_2023-01-01_5a_1_ref" xlink:role="http://www.xbrl.org/2003/role/reference" xlink:type="resource">
      <ref:Article>5a</ref:Article>
      <ref:IssueDate>2023-01-01</ref:IssueDate>
      <ref:Name>Uitvoeringsregeling WNT</ref:Name>
      <ref:Paragraph>1</ref:Paragraph>
    </link:reference>
    <link:reference id="wnt_UWNT_2023-01-01_5a_4_ref" xlink:label="wnt_UWNT_2023-01-01_5a_4_ref" xlink:role="http://www.xbrl.org/2003/role/reference" xlink:type="resource">
      <ref:Article>5a</ref:Article>
      <ref:IssueDate>2023-01-01</ref:IssueDate>
      <ref:Name>Uitvoeringsregeling WNT</ref:Name>
      <ref:Paragraph>4</ref:Paragraph>
    </link:reference>
    <link:reference id="wnt_UWNT_2023-01-01_5a_5_ref" xlink:label="wnt_UWNT_2023-01-01_5a_5_ref" xlink:role="http://www.xbrl.org/2003/role/reference" xlink:type="resource">
      <ref:Article>5a</ref:Article>
      <ref:IssueDate>2023-01-01</ref:IssueDate>
      <ref:Name>Uitvoeringsregeling WNT</ref:Name>
      <ref:Paragraph>5</ref:Paragraph>
    </link:reference>
    <link:reference id="wnt_UWNT_2023-01-01_5c_3_ref" xlink:label="wnt_UWNT_2023-01-01_5c_3_ref" xlink:role="http://www.xbrl.org/2003/role/reference" xlink:type="resource">
      <ref:Article>5c</ref:Article>
      <ref:IssueDate>2023-01-01</ref:IssueDate>
      <ref:Name>Uitvoeringsregeling WNT</ref:Name>
      <ref:Paragraph>3</ref:Paragraph>
    </link:reference>
    <link:reference id="wnt_UWNT_2023-01-01_5d_1_ref" xlink:label="wnt_UWNT_2023-01-01_5d_1_ref" xlink:role="http://www.xbrl.org/2003/role/reference" xlink:type="resource">
      <ref:Article>5d</ref:Article>
      <ref:IssueDate>2023-01-01</ref:IssueDate>
      <ref:Name>Uitvoeringsregeling WNT</ref:Name>
      <ref:Paragraph>1</ref:Paragraph>
    </link:reference>
    <link:reference id="wnt_UWNT_2023-01-01_5d_2_ref" xlink:label="wnt_UWNT_2023-01-01_5d_2_ref" xlink:role="http://www.xbrl.org/2003/role/reference" xlink:type="resource">
      <ref:Article>5d</ref:Article>
      <ref:IssueDate>2023-01-01</ref:IssueDate>
      <ref:Name>Uitvoeringsregeling WNT</ref:Name>
      <ref:Paragraph>2</ref:Paragraph>
    </link:reference>
    <link:reference id="wnt_UWNT_2023-01-01_5d_3_ref" xlink:label="wnt_UWNT_2023-01-01_5d_3_ref" xlink:role="http://www.xbrl.org/2003/role/reference" xlink:type="resource">
      <ref:Article>5d</ref:Article>
      <ref:IssueDate>2023-01-01</ref:IssueDate>
      <ref:Name>Uitvoeringsregeling WNT</ref:Name>
      <ref:Paragraph>3</ref:Paragraph>
    </link:reference>
    <link:reference id="wnt_UWNT_2023-01-01_5d_4_ref" xlink:label="wnt_UWNT_2023-01-01_5d_4_ref" xlink:role="http://www.xbrl.org/2003/role/reference" xlink:type="resource">
      <ref:Article>5d</ref:Article>
      <ref:IssueDate>2023-01-01</ref:IssueDate>
      <ref:Name>Uitvoeringsregeling WNT</ref:Name>
      <ref:Paragraph>4</ref:Paragraph>
    </link:reference>
    <link:referenceArc xlink:arcrole="http://www.xbrl.org/2003/arcrole/concept-reference" xlink:from="wnt_AgreedPaymentsDueToTermination_loc" xlink:to="wnt_UWNT_2023-01-01_5_5_E_ref" xlink:type="arc"/>
    <link:referenceArc xlink:arcrole="http://www.xbrl.org/2003/arcrole/concept-reference" xlink:from="wnt_AmountExceedingMaximumRemuneration_loc" xlink:to="wnt_UWNT_2023-01-01_5_6_B_ref" xlink:type="arc"/>
    <link:referenceArc xlink:arcrole="http://www.xbrl.org/2003/arcrole/concept-reference" xlink:from="wnt_ApplicableMaximumRemunerationInstitution_loc" xlink:to="wnt_WNBTPESS_2023-01-01_2.6_ref" xlink:type="arc"/>
    <link:referenceArc xlink:arcrole="http://www.xbrl.org/2003/arcrole/concept-reference" xlink:from="wnt_CalendarYear_loc" xlink:to="wnt_UWNT_2023-01-01_5_4_C_ref" xlink:type="arc"/>
    <link:referenceArc xlink:arcrole="http://www.xbrl.org/2003/arcrole/concept-reference" xlink:from="wnt_Consideration_loc" xlink:to="wnt_UWNT_2023-01-01_5_1_E_ref" xlink:type="arc"/>
    <link:referenceArc xlink:arcrole="http://www.xbrl.org/2003/arcrole/concept-reference" xlink:from="wnt_Consideration_loc" xlink:to="wnt_UWNT_2023-01-01_5a_1_C_ref" xlink:type="arc"/>
    <link:referenceArc xlink:arcrole="http://www.xbrl.org/2003/arcrole/concept-reference" xlink:from="wnt_CumulatedRemunerationAntiCumulationApproach_loc" xlink:to="wnt_UWNT_2023-01-01_5_1_O3_ref" xlink:type="arc"/>
    <link:referenceArc xlink:arcrole="http://www.xbrl.org/2003/arcrole/concept-reference" xlink:from="wnt_DoubleCounting_loc" xlink:to="wnt_UWNT_2023-01-01_5_1_ref" xlink:type="arc"/>
    <link:referenceArc xlink:arcrole="http://www.xbrl.org/2003/arcrole/concept-reference" xlink:from="wnt_DurationOfTheEmploymentDuringTheCalendarYearEndDate_loc" xlink:to="wnt_UWNT_2023-01-01_5_4_C_ref" xlink:type="arc"/>
    <link:referenceArc xlink:arcrole="http://www.xbrl.org/2003/arcrole/concept-reference" xlink:from="wnt_DurationOfTheEmploymentDuringTheCalendarYearStartDate_loc" xlink:to="wnt_UWNT_2023-01-01_5_4_C_ref" xlink:type="arc"/>
    <link:referenceArc xlink:arcrole="http://www.xbrl.org/2003/arcrole/concept-reference" xlink:from="wnt_DurationOfTheEmploymentDuringTheFinancialYearEndDate_loc" xlink:to="wnt_UWNT_2023-01-01_5_1_C_ref" xlink:type="arc"/>
    <link:referenceArc xlink:arcrole="http://www.xbrl.org/2003/arcrole/concept-reference" xlink:from="wnt_DurationOfTheEmploymentDuringTheFinancialYearStartDate_loc" xlink:to="wnt_UWNT_2023-01-01_5_1_C_ref" xlink:type="arc"/>
    <link:referenceArc xlink:arcrole="http://www.xbrl.org/2003/arcrole/concept-reference" xlink:from="wnt_ExistenceOfAnEmploymentRelationship_loc" xlink:to="wnt_UWNT_2023-01-01_5_1_M_ref" xlink:type="arc"/>
    <link:referenceArc xlink:arcrole="http://www.xbrl.org/2003/arcrole/concept-reference" xlink:from="wnt_InclusionErrorsInRemunerationSeniorOfficials_loc" xlink:to="wnt_UWNT_2023-01-01_5d_1_ref" xlink:type="arc"/>
    <link:referenceArc xlink:arcrole="http://www.xbrl.org/2003/arcrole/concept-reference" xlink:from="wnt_InclusionErrorsInRemunerationSeniorOfficials_loc" xlink:to="wnt_UWNT_2023-01-01_5d_2_ref" xlink:type="arc"/>
    <link:referenceArc xlink:arcrole="http://www.xbrl.org/2003/arcrole/concept-reference" xlink:from="wnt_IndividualMaximumDuringFinancialYear_loc" xlink:to="wnt_UWNT_2023-01-01_5_4_G_ref" xlink:type="arc"/>
    <link:referenceArc xlink:arcrole="http://www.xbrl.org/2003/arcrole/concept-reference" xlink:from="wnt_IndividualMaximumPaymentDueToTerminationOfTheEmployment_loc" xlink:to="wnt_UWNT_2023-01-01_5_5_F_ref" xlink:type="arc"/>
    <link:referenceArc xlink:arcrole="http://www.xbrl.org/2003/arcrole/concept-reference" xlink:from="wnt_IndividualMaximumPaymentDueToTerminationOfTheEmployment_loc" xlink:to="wnt_WNBTPESS_2023-01-01_2.10_ref" xlink:type="arc"/>
    <link:referenceArc xlink:arcrole="http://www.xbrl.org/2003/arcrole/concept-reference" xlink:from="wnt_IndividualMaximumRemunerationNormAmountsPerMonth_loc" xlink:to="wnt_UWNT_2023-01-01_5_4_G_ref" xlink:type="arc"/>
    <link:referenceArc xlink:arcrole="http://www.xbrl.org/2003/arcrole/concept-reference" xlink:from="wnt_IndividualMaximumRemunerationPerHour_loc" xlink:to="wnt_UWNT_2023-01-01_5_4_E_ref" xlink:type="arc"/>
    <link:referenceArc xlink:arcrole="http://www.xbrl.org/2003/arcrole/concept-reference" xlink:from="wnt_IndividualMaximumRemuneration_loc" xlink:to="wnt_UWNT_2023-01-01_5_1_L_ref" xlink:type="arc"/>
    <link:referenceArc xlink:arcrole="http://www.xbrl.org/2003/arcrole/concept-reference" xlink:from="wnt_IndividualMaximumRemuneration_loc" xlink:to="wnt_UWNT_2023-01-01_5_4_G_ref" xlink:type="arc"/>
    <link:referenceArc xlink:arcrole="http://www.xbrl.org/2003/arcrole/concept-reference" xlink:from="wnt_IndividualMaximumRemuneration_loc" xlink:to="wnt_UWNT_2023-01-01_5a_1_ref" xlink:type="arc"/>
    <link:referenceArc xlink:arcrole="http://www.xbrl.org/2003/arcrole/concept-reference" xlink:from="wnt_IndividualMaximumRemuneration_loc" xlink:to="wnt_UWNT_2023-01-01_5a_4_ref" xlink:type="arc"/>
    <link:referenceArc xlink:arcrole="http://www.xbrl.org/2003/arcrole/concept-reference" xlink:from="wnt_IndividualMaximumRemuneration_loc" xlink:to="wnt_WNBTPESS_2023-01-01_2.1_1_ref" xlink:type="arc"/>
    <link:referenceArc xlink:arcrole="http://www.xbrl.org/2003/arcrole/concept-reference" xlink:from="wnt_IndividualMaximumRemuneration_loc" xlink:to="wnt_WNBTPESS_2023-01-01_2.3_ref" xlink:type="arc"/>
    <link:referenceArc xlink:arcrole="http://www.xbrl.org/2003/arcrole/concept-reference" xlink:from="wnt_JustificationExceedingMaximumRemuneration_loc" xlink:to="wnt_UWNT_2023-01-01_5a_4_ref" xlink:type="arc"/>
    <link:referenceArc xlink:arcrole="http://www.xbrl.org/2003/arcrole/concept-reference" xlink:from="wnt_MonthsEmploymentDuringFinancialYear_loc" xlink:to="wnt_UWNT_2023-01-01_5_1_C_ref" xlink:type="arc"/>
    <link:referenceArc xlink:arcrole="http://www.xbrl.org/2003/arcrole/concept-reference" xlink:from="wnt_NameOtherWNTInstitution_loc" xlink:to="wnt_UWNT_2023-01-01_5_1_J_ref" xlink:type="arc"/>
    <link:referenceArc xlink:arcrole="http://www.xbrl.org/2003/arcrole/concept-reference" xlink:from="wnt_NumberOfNonSeniorOfficialsForWhomTotalAmountStatedOfPremiumsContributionsEmployerPaidDeferredFinancingFormOfPurchasingPensionAgreements_loc" xlink:to="wnt_UWNT_2023-01-01_5a_5_ref" xlink:type="arc"/>
    <link:referenceArc xlink:arcrole="http://www.xbrl.org/2003/arcrole/concept-reference" xlink:from="wnt_OtherWNTInstitutionsManagingSeniorOfficialsEmployment_loc" xlink:to="wnt_UWNT_2023-01-01_5_1_N_ref" xlink:type="arc"/>
    <link:referenceArc xlink:arcrole="http://www.xbrl.org/2003/arcrole/concept-reference" xlink:from="wnt_OtherWNTInstitutionsManagingSeniorOfficialsEmployment_loc" xlink:to="wnt_UWNT_2023-01-01_5_3_ref" xlink:type="arc"/>
    <link:referenceArc xlink:arcrole="http://www.xbrl.org/2003/arcrole/concept-reference" xlink:from="wnt_PaymentsDueToTerminationOfTheEmploymentIncludingUnduePayments_loc" xlink:to="wnt_UWNT_2023-01-01_5_6_ref" xlink:type="arc"/>
    <link:referenceArc xlink:arcrole="http://www.xbrl.org/2003/arcrole/concept-reference" xlink:from="wnt_PaymentsMadeInTheFinancialYearDueToTerminationOfTheEmployment_loc" xlink:to="wnt_UWNT_2023-01-01_5_5_E_ref" xlink:type="arc"/>
    <link:referenceArc xlink:arcrole="http://www.xbrl.org/2003/arcrole/concept-reference" xlink:from="wnt_PositionOrPositions_loc" xlink:to="wnt_UWNT_2023-01-01_5_1_B_ref" xlink:type="arc"/>
    <link:referenceArc xlink:arcrole="http://www.xbrl.org/2003/arcrole/concept-reference" xlink:from="wnt_PositionOrPositions_loc" xlink:to="wnt_UWNT_2023-01-01_5_4_B_ref" xlink:type="arc"/>
    <link:referenceArc xlink:arcrole="http://www.xbrl.org/2003/arcrole/concept-reference" xlink:from="wnt_PositionOrPositions_loc" xlink:to="wnt_UWNT_2023-01-01_5_5_B_ref" xlink:type="arc"/>
    <link:referenceArc xlink:arcrole="http://www.xbrl.org/2003/arcrole/concept-reference" xlink:from="wnt_PositionOrPositions_loc" xlink:to="wnt_UWNT_2023-01-01_5a_1_A_ref" xlink:type="arc"/>
    <link:referenceArc xlink:arcrole="http://www.xbrl.org/2003/arcrole/concept-reference" xlink:from="wnt_ProvisionsForPostEmploymentBenefits_loc" xlink:to="wnt_UWNT_2023-01-01_5_1_F_ref" xlink:type="arc"/>
    <link:referenceArc xlink:arcrole="http://www.xbrl.org/2003/arcrole/concept-reference" xlink:from="wnt_ProvisionsForPostEmploymentBenefits_loc" xlink:to="wnt_UWNT_2023-01-01_5a_1_D_ref" xlink:type="arc"/>
    <link:referenceArc xlink:arcrole="http://www.xbrl.org/2003/arcrole/concept-reference" xlink:from="wnt_PublicationWNTInTheConsolidatedStatutoryAccounts_loc" xlink:to="wnt_UWNT_2023-01-01_5c_3_ref" xlink:type="arc"/>
    <link:referenceArc xlink:arcrole="http://www.xbrl.org/2003/arcrole/concept-reference" xlink:from="wnt_ReasonsAndCauseErrorsInRemuneration_loc" xlink:to="wnt_UWNT_2023-01-01_5d_1_ref" xlink:type="arc"/>
    <link:referenceArc xlink:arcrole="http://www.xbrl.org/2003/arcrole/concept-reference" xlink:from="wnt_ReasonsAndCauseErrorsInRemuneration_loc" xlink:to="wnt_UWNT_2023-01-01_5d_2_ref" xlink:type="arc"/>
    <link:referenceArc xlink:arcrole="http://www.xbrl.org/2003/arcrole/concept-reference" xlink:from="wnt_ReasonsAndCauseErrorsInRemuneration_loc" xlink:to="wnt_UWNT_2023-01-01_5d_3_ref" xlink:type="arc"/>
    <link:referenceArc xlink:arcrole="http://www.xbrl.org/2003/arcrole/concept-reference" xlink:from="wnt_ReasonsAndCauseErrorsInRemuneration_loc" xlink:to="wnt_UWNT_2023-01-01_5d_4_ref" xlink:type="arc"/>
    <link:referenceArc xlink:arcrole="http://www.xbrl.org/2003/arcrole/concept-reference" xlink:from="wnt_ReasonsForExceedingMaximumAmountOfRemuneration_loc" xlink:to="wnt_UWNT_2023-01-01_5_6_B_ref" xlink:type="arc"/>
    <link:referenceArc xlink:arcrole="http://www.xbrl.org/2003/arcrole/concept-reference" xlink:from="wnt_ReceivableUnduePaymentsExplanation_loc" xlink:to="wnt_UWNT_2023-01-01_5_6_C_ref" xlink:type="arc"/>
    <link:referenceArc xlink:arcrole="http://www.xbrl.org/2003/arcrole/concept-reference" xlink:from="wnt_ReferenceToTheSeniorOfficialsAndCorrespondingStatutoryEntities_loc" xlink:to="wnt_UWNT_2023-01-01_5c_3_ref" xlink:type="arc"/>
    <link:referenceArc xlink:arcrole="http://www.xbrl.org/2003/arcrole/concept-reference" xlink:from="wnt_RemunerationActivitiesAffiliatedCompanies_loc" xlink:to="wnt_UWNT_2023-01-01_5_1_i_ref" xlink:type="arc"/>
    <link:referenceArc xlink:arcrole="http://www.xbrl.org/2003/arcrole/concept-reference" xlink:from="wnt_RemunerationActivitiesSeniorOfficer_loc" xlink:to="wnt_UWNT_2023-01-01_5_1_G_ref" xlink:type="arc"/>
    <link:referenceArc xlink:arcrole="http://www.xbrl.org/2003/arcrole/concept-reference" xlink:from="wnt_RemunerationMaximumOrHigherIndividualRemunerationSeniorOfficerAntiAccumulation_loc" xlink:to="wnt_UWNT_2023-01-01_5_1_O4_ref" xlink:type="arc"/>
    <link:referenceArc xlink:arcrole="http://www.xbrl.org/2003/arcrole/concept-reference" xlink:from="wnt_RemunerationMaximumOrHigherIndividualRemunerationSeniorOfficer_loc" xlink:to="wnt_UWNT_2023-01-01_5_1_J_ref" xlink:type="arc"/>
    <link:referenceArc xlink:arcrole="http://www.xbrl.org/2003/arcrole/concept-reference" xlink:from="wnt_RemunerationMaximumOrHigherIndividualRemunerationSeniorOfficer_loc" xlink:to="wnt_UWNT_2023-01-01_5_1_L_ref" xlink:type="arc"/>
    <link:referenceArc xlink:arcrole="http://www.xbrl.org/2003/arcrole/concept-reference" xlink:from="wnt_RemunerationOtherActivitiesSeniorOfficer_loc" xlink:to="wnt_UWNT_2023-01-01_5_1_H_ref" xlink:type="arc"/>
    <link:referenceArc xlink:arcrole="http://www.xbrl.org/2003/arcrole/concept-reference" xlink:from="wnt_RemunerationPaidDuringFinancialYear_loc" xlink:to="wnt_UWNT_2023-01-01_5_4_F_ref" xlink:type="arc"/>
    <link:referenceArc xlink:arcrole="http://www.xbrl.org/2003/arcrole/concept-reference" xlink:from="wnt_RemunerationUnduePayments_loc" xlink:to="wnt_UWNT_2023-01-01_5_1_E_ref" xlink:type="arc"/>
    <link:referenceArc xlink:arcrole="http://www.xbrl.org/2003/arcrole/concept-reference" xlink:from="wnt_Remuneration_loc" xlink:to="wnt_UWNT_2023-01-01_5_1_K_ref" xlink:type="arc"/>
    <link:referenceArc xlink:arcrole="http://www.xbrl.org/2003/arcrole/concept-reference" xlink:from="wnt_Remuneration_loc" xlink:to="wnt_UWNT_2023-01-01_5_4_F_ref" xlink:type="arc"/>
    <link:referenceArc xlink:arcrole="http://www.xbrl.org/2003/arcrole/concept-reference" xlink:from="wnt_Remuneration_loc" xlink:to="wnt_UWNT_2023-01-01_5a_1_E_ref" xlink:type="arc"/>
    <link:referenceArc xlink:arcrole="http://www.xbrl.org/2003/arcrole/concept-reference" xlink:from="wnt_ScopeOfTheEmploymentDuringTheCalendarYearInHours_loc" xlink:to="wnt_UWNT_2023-01-01_5_4_D_ref" xlink:type="arc"/>
    <link:referenceArc xlink:arcrole="http://www.xbrl.org/2003/arcrole/concept-reference" xlink:from="wnt_ScopeOfTheEmploymentDuringTheFinancialYearInFTE_loc" xlink:to="wnt_UWNT_2023-01-01_5_1_D_ref" xlink:type="arc"/>
    <link:referenceArc xlink:arcrole="http://www.xbrl.org/2003/arcrole/concept-reference" xlink:from="wnt_ScopeOfTheEmploymentDuringTheFinancialYearInFTE_loc" xlink:to="wnt_UWNT_2023-01-01_5_5_D_ref" xlink:type="arc"/>
    <link:referenceArc xlink:arcrole="http://www.xbrl.org/2003/arcrole/concept-reference" xlink:from="wnt_ScopeOfTheEmploymentDuringTheFinancialYearInFTE_loc" xlink:to="wnt_UWNT_2023-01-01_5a_1_B_ref" xlink:type="arc"/>
    <link:referenceArc xlink:arcrole="http://www.xbrl.org/2003/arcrole/concept-reference" xlink:from="wnt_StartDateEmployment_loc" xlink:to="wnt_UWNT_2023-01-01_5_1_O1_ref" xlink:type="arc"/>
    <link:referenceArc xlink:arcrole="http://www.xbrl.org/2003/arcrole/concept-reference" xlink:from="wnt_SubtotalRemuneration_loc" xlink:to="wnt_UWNT_2023-01-01_5_1_K_ref" xlink:type="arc"/>
    <link:referenceArc xlink:arcrole="http://www.xbrl.org/2003/arcrole/concept-reference" xlink:from="wnt_TotalAmountPremiumsContributionsEmployerPaidDeferredFinancingFormOfPurchasingPensionAgreements_loc" xlink:to="wnt_UWNT_2023-01-01_5a_5_ref" xlink:type="arc"/>
    <link:referenceArc xlink:arcrole="http://www.xbrl.org/2003/arcrole/concept-reference" xlink:from="wnt_TotalRemunerationDuringFinancialYear_loc" xlink:to="wnt_UWNT_2023-01-01_5_4_F_ref" xlink:type="arc"/>
    <link:referenceArc xlink:arcrole="http://www.xbrl.org/2003/arcrole/concept-reference" xlink:from="wnt_TotalRemunerationPerInstitution_loc" xlink:to="wnt_UWNT_2023-01-01_5_1_O2_ref" xlink:type="arc"/>
    <link:referenceArc xlink:arcrole="http://www.xbrl.org/2003/arcrole/concept-reference" xlink:from="wnt_UnduePayments_loc" xlink:to="wnt_UWNT_2023-01-01_5_6_C_ref" xlink:type="arc"/>
    <link:referenceArc xlink:arcrole="http://www.xbrl.org/2003/arcrole/concept-reference" xlink:from="wnt_UnduePayments_loc" xlink:to="wnt_WNBTPESS_2023-01-01_5.2_1_ref" xlink:type="arc"/>
    <link:referenceArc xlink:arcrole="http://www.xbrl.org/2003/arcrole/concept-reference" xlink:from="wnt_WntInstitutionActivitiesSeniorOfficer_loc" xlink:to="wnt_UWNT_2023-01-01_5_6_B_ref" xlink:type="arc"/>
    <link:referenceArc xlink:arcrole="http://www.xbrl.org/2003/arcrole/concept-reference" xlink:from="wnt_WntInstitutionAffiliatedCompanies_loc" xlink:to="wnt_UWNT_2023-01-01_5_1_i_ref" xlink:type="arc"/>
    <link:referenceArc xlink:arcrole="http://www.xbrl.org/2003/arcrole/concept-reference" xlink:from="wnt_WntInstitutionOtherActivitiesSeniorOfficer_loc" xlink:to="wnt_UWNT_2023-01-01_5_1_H_ref" xlink:type="arc"/>
    <link:referenceArc xlink:arcrole="http://www.xbrl.org/2003/arcrole/concept-reference" xlink:from="wnt_YearOfTerminationOfTheEmployment_loc" xlink:to="wnt_UWNT_2023-01-01_5_5_C_ref" xlink:type="arc"/>
  </link:referenceLink>
</link:linkbase>
