<?xml version="1.0" encoding="UTF-8" standalone="yes"?>

<link:linkbase xmlns:link="http://www.xbrl.org/2003/linkbase" xmlns:xlink="http://www.w3.org/1999/xlink">
  <link:roleRef roleURI="urn:wnt:linkrole:standards-for-remuneration-act" xlink:href="wnt-all.xsd#wnt_StandardsForRemunerationAct" xlink:type="simple"/>
  <link:presentationLink xlink:role="urn:wnt:linkrole:standards-for-remuneration-act" xlink:type="extended">
    <link:loc xlink:href="wnt-all.xsd#wnt_AccountabilityModelAdditionalElementsTitle" xlink:label="wnt_AccountabilityModelAdditionalElementsTitle_loc" xlink:type="locator"/>
    <link:loc xlink:href="wnt-all.xsd#wnt_Article2_1Title" xlink:label="wnt_Article2_1Title_loc" xlink:type="locator"/>
    <link:loc xlink:href="wnt-all.xsd#wnt_Article2_6Title" xlink:label="wnt_Article2_6Title_loc" xlink:type="locator"/>
    <link:loc xlink:href="wnt-all.xsd#wnt_Article2_10Title" xlink:label="wnt_Article2_10Title_loc" xlink:type="locator"/>
    <link:loc xlink:href="wnt-all.xsd#wnt_Article5_2Title" xlink:label="wnt_Article5_2Title_loc" xlink:type="locator"/>
    <link:loc xlink:href="wnt-all.xsd#wnt_ImplementationRegulationWNTTitle" xlink:label="wnt_ImplementationRegulationWNTTitle_loc" xlink:type="locator"/>
    <link:loc xlink:href="wnt-all.xsd#wnt_StandardsForRemunerationActTitle" xlink:label="wnt_StandardsForRemunerationActTitle_loc" xlink:type="locator"/>
    <link:loc xlink:href="wnt-cor.xsd#wnt_AgreedPaymentsDueToTermination" xlink:label="wnt_AgreedPaymentsDueToTermination_loc" xlink:type="locator"/>
    <link:loc xlink:href="wnt-cor.xsd#wnt_AmountExceedingMaximumRemuneration" xlink:label="wnt_AmountExceedingMaximumRemuneration_loc" xlink:type="locator"/>
    <link:loc xlink:href="wnt-cor.xsd#wnt_ApplicableMaximumRemunerationInstitution" xlink:label="wnt_ApplicableMaximumRemunerationInstitution_loc" xlink:type="locator"/>
    <link:loc xlink:href="wnt-cor.xsd#wnt_CalendarYear" xlink:label="wnt_CalendarYear_loc" xlink:type="locator"/>
    <link:loc xlink:href="wnt-cor.xsd#wnt_Consideration" xlink:label="wnt_Consideration_loc" xlink:type="locator"/>
    <link:loc xlink:href="wnt-cor.xsd#wnt_CumulatedRemunerationAntiCumulationApproach" xlink:label="wnt_CumulatedRemunerationAntiCumulationApproach_loc" xlink:type="locator"/>
    <link:loc xlink:href="wnt-cor.xsd#wnt_DoubleCounting" xlink:label="wnt_DoubleCounting_loc" xlink:type="locator"/>
    <link:loc xlink:href="wnt-cor.xsd#wnt_DurationOfTheEmploymentDuringTheCalendarYearEndDate" xlink:label="wnt_DurationOfTheEmploymentDuringTheCalendarYearEndDate_loc" xlink:type="locator"/>
    <link:loc xlink:href="wnt-cor.xsd#wnt_DurationOfTheEmploymentDuringTheCalendarYearStartDate" xlink:label="wnt_DurationOfTheEmploymentDuringTheCalendarYearStartDate_loc" xlink:type="locator"/>
    <link:loc xlink:href="wnt-cor.xsd#wnt_DurationOfTheEmploymentDuringTheFinancialYearEndDate" xlink:label="wnt_DurationOfTheEmploymentDuringTheFinancialYearEndDate_loc" xlink:type="locator"/>
    <link:loc xlink:href="wnt-cor.xsd#wnt_DurationOfTheEmploymentDuringTheFinancialYearStartDate" xlink:label="wnt_DurationOfTheEmploymentDuringTheFinancialYearStartDate_loc" xlink:type="locator"/>
    <link:loc xlink:href="wnt-cor.xsd#wnt_ExistenceOfAnEmploymentRelationship" xlink:label="wnt_ExistenceOfAnEmploymentRelationship_loc" xlink:type="locator"/>
    <link:loc xlink:href="wnt-cor.xsd#wnt_InclusionErrorsInRemunerationSeniorOfficials" xlink:label="wnt_InclusionErrorsInRemunerationSeniorOfficials_loc" xlink:type="locator"/>
    <link:loc xlink:href="wnt-cor.xsd#wnt_IndividualMaximumDuringFinancialYear" xlink:label="wnt_IndividualMaximumDuringFinancialYear_loc" xlink:type="locator"/>
    <link:loc xlink:href="wnt-cor.xsd#wnt_IndividualMaximumPaymentDueToTerminationOfTheEmployment" xlink:label="wnt_IndividualMaximumPaymentDueToTerminationOfTheEmployment_loc" xlink:type="locator"/>
    <link:loc xlink:href="wnt-cor.xsd#wnt_IndividualMaximumRemunerationNormAmountsPerMonth" xlink:label="wnt_IndividualMaximumRemunerationNormAmountsPerMonth_loc" xlink:type="locator"/>
    <link:loc xlink:href="wnt-cor.xsd#wnt_IndividualMaximumRemunerationPerHour" xlink:label="wnt_IndividualMaximumRemunerationPerHour_loc" xlink:type="locator"/>
    <link:loc xlink:href="wnt-cor.xsd#wnt_IndividualMaximumRemuneration" xlink:label="wnt_IndividualMaximumRemuneration_loc" xlink:type="locator"/>
    <link:loc xlink:href="wnt-cor.xsd#wnt_JustificationExceedingMaximumRemuneration" xlink:label="wnt_JustificationExceedingMaximumRemuneration_loc" xlink:type="locator"/>
    <link:loc xlink:href="wnt-cor.xsd#wnt_MonthsEmploymentDuringFinancialYear" xlink:label="wnt_MonthsEmploymentDuringFinancialYear_loc" xlink:type="locator"/>
    <link:loc xlink:href="wnt-cor.xsd#wnt_NameOtherWNTInstitution" xlink:label="wnt_NameOtherWNTInstitution_loc" xlink:type="locator"/>
    <link:loc xlink:href="wnt-cor.xsd#wnt_NumberOfNonSeniorOfficialsForWhomTotalAmountStatedOfPremiumsContributionsEmployerPaidDeferredFinancingFormOfPurchasingPensionAgreements" xlink:label="wnt_NumberOfNonSeniorOfficialsForWhomTotalAmountStatedOfPremiumsContributionsEmployerPaidDeferredFinancingFormOfPurchasingPensionAgreements_loc" xlink:type="locator"/>
    <link:loc xlink:href="wnt-cor.xsd#wnt_OtherWNTInstitutionsManagingSeniorOfficialsEmployment" xlink:label="wnt_OtherWNTInstitutionsManagingSeniorOfficialsEmployment_loc" xlink:type="locator"/>
    <link:loc xlink:href="wnt-cor.xsd#wnt_PaymentsDueToTerminationOfTheEmploymentIncludingUnduePayments" xlink:label="wnt_PaymentsDueToTerminationOfTheEmploymentIncludingUnduePayments_loc" xlink:type="locator"/>
    <link:loc xlink:href="wnt-cor.xsd#wnt_PaymentsMadeInTheFinancialYearDueToTerminationOfTheEmployment" xlink:label="wnt_PaymentsMadeInTheFinancialYearDueToTerminationOfTheEmployment_loc" xlink:type="locator"/>
    <link:loc xlink:href="wnt-cor.xsd#wnt_PositionOrPositions" xlink:label="wnt_PositionOrPositions_loc" xlink:type="locator"/>
    <link:loc xlink:href="wnt-cor.xsd#wnt_ProvisionsForPostEmploymentBenefits" xlink:label="wnt_ProvisionsForPostEmploymentBenefits_loc" xlink:type="locator"/>
    <link:loc xlink:href="wnt-cor.xsd#wnt_PublicationWNTInTheConsolidatedStatutoryAccounts" xlink:label="wnt_PublicationWNTInTheConsolidatedStatutoryAccounts_loc" xlink:type="locator"/>
    <link:loc xlink:href="wnt-cor.xsd#wnt_ReasonsAndCauseErrorsInRemuneration" xlink:label="wnt_ReasonsAndCauseErrorsInRemuneration_loc" xlink:type="locator"/>
    <link:loc xlink:href="wnt-cor.xsd#wnt_ReasonsForExceedingMaximumAmountOfRemuneration" xlink:label="wnt_ReasonsForExceedingMaximumAmountOfRemuneration_loc" xlink:type="locator"/>
    <link:loc xlink:href="wnt-cor.xsd#wnt_ReceivableUnduePaymentsExplanation" xlink:label="wnt_ReceivableUnduePaymentsExplanation_loc" xlink:type="locator"/>
    <link:loc xlink:href="wnt-cor.xsd#wnt_ReferenceToTheSeniorOfficialsAndCorrespondingStatutoryEntities" xlink:label="wnt_ReferenceToTheSeniorOfficialsAndCorrespondingStatutoryEntities_loc" xlink:type="locator"/>
    <link:loc xlink:href="wnt-cor.xsd#wnt_RemunerationActivitiesAffiliatedCompanies" xlink:label="wnt_RemunerationActivitiesAffiliatedCompanies_loc" xlink:type="locator"/>
    <link:loc xlink:href="wnt-cor.xsd#wnt_RemunerationActivitiesSeniorOfficer" xlink:label="wnt_RemunerationActivitiesSeniorOfficer_loc" xlink:type="locator"/>
    <link:loc xlink:href="wnt-cor.xsd#wnt_RemunerationMaximumOrHigherIndividualRemunerationSeniorOfficerAntiAccumulation" xlink:label="wnt_RemunerationMaximumOrHigherIndividualRemunerationSeniorOfficerAntiAccumulation_loc" xlink:type="locator"/>
    <link:loc xlink:href="wnt-cor.xsd#wnt_RemunerationMaximumOrHigherIndividualRemunerationSeniorOfficer" xlink:label="wnt_RemunerationMaximumOrHigherIndividualRemunerationSeniorOfficer_loc" xlink:type="locator"/>
    <link:loc xlink:href="wnt-cor.xsd#wnt_RemunerationOtherActivitiesSeniorOfficer" xlink:label="wnt_RemunerationOtherActivitiesSeniorOfficer_loc" xlink:type="locator"/>
    <link:loc xlink:href="wnt-cor.xsd#wnt_RemunerationPaidDuringFinancialYear" xlink:label="wnt_RemunerationPaidDuringFinancialYear_loc" xlink:type="locator"/>
    <link:loc xlink:href="wnt-cor.xsd#wnt_RemunerationUnduePayments" xlink:label="wnt_RemunerationUnduePayments_loc" xlink:type="locator"/>
    <link:loc xlink:href="wnt-cor.xsd#wnt_Remuneration" xlink:label="wnt_Remuneration_loc" xlink:type="locator"/>
    <link:loc xlink:href="wnt-cor.xsd#wnt_ScopeOfTheEmploymentDuringTheCalendarYearInHours" xlink:label="wnt_ScopeOfTheEmploymentDuringTheCalendarYearInHours_loc" xlink:type="locator"/>
    <link:loc xlink:href="wnt-cor.xsd#wnt_ScopeOfTheEmploymentDuringTheFinancialYearInFTE" xlink:label="wnt_ScopeOfTheEmploymentDuringTheFinancialYearInFTE_loc" xlink:type="locator"/>
    <link:loc xlink:href="wnt-cor.xsd#wnt_StartDateEmployment" xlink:label="wnt_StartDateEmployment_loc" xlink:type="locator"/>
    <link:loc xlink:href="wnt-cor.xsd#wnt_SubtotalRemuneration" xlink:label="wnt_SubtotalRemuneration_loc" xlink:type="locator"/>
    <link:loc xlink:href="wnt-cor.xsd#wnt_TotalAmountPremiumsContributionsEmployerPaidDeferredFinancingFormOfPurchasingPensionAgreements" xlink:label="wnt_TotalAmountPremiumsContributionsEmployerPaidDeferredFinancingFormOfPurchasingPensionAgreements_loc" xlink:type="locator"/>
    <link:loc xlink:href="wnt-cor.xsd#wnt_TotalRemunerationDuringFinancialYear" xlink:label="wnt_TotalRemunerationDuringFinancialYear_loc" xlink:type="locator"/>
    <link:loc xlink:href="wnt-cor.xsd#wnt_TotalRemunerationPerInstitution" xlink:label="wnt_TotalRemunerationPerInstitution_loc" xlink:type="locator"/>
    <link:loc xlink:href="wnt-cor.xsd#wnt_UnduePayments" xlink:label="wnt_UnduePayments_loc" xlink:type="locator"/>
    <link:loc xlink:href="wnt-cor.xsd#wnt_YearOfTerminationOfTheEmployment" xlink:label="wnt_YearOfTerminationOfTheEmployment_loc" xlink:type="locator"/>
    <link:presentationArc order="1" xlink:arcrole="http://www.xbrl.org/2003/arcrole/parent-child" xlink:from="wnt_AccountabilityModelAdditionalElementsTitle_loc" xlink:to="wnt_IndividualMaximumRemunerationNormAmountsPerMonth_loc" xlink:type="arc"/>
    <link:presentationArc order="2" xlink:arcrole="http://www.xbrl.org/2003/arcrole/parent-child" xlink:from="wnt_AccountabilityModelAdditionalElementsTitle_loc" xlink:to="wnt_RemunerationUnduePayments_loc" xlink:type="arc"/>
    <link:presentationArc order="3" xlink:arcrole="http://www.xbrl.org/2003/arcrole/parent-child" xlink:from="wnt_AccountabilityModelAdditionalElementsTitle_loc" xlink:to="wnt_RemunerationPaidDuringFinancialYear_loc" xlink:type="arc"/>
    <link:presentationArc order="4" xlink:arcrole="http://www.xbrl.org/2003/arcrole/parent-child" xlink:from="wnt_AccountabilityModelAdditionalElementsTitle_loc" xlink:to="wnt_CalendarYear_loc" xlink:type="arc"/>
    <link:presentationArc order="5" xlink:arcrole="http://www.xbrl.org/2003/arcrole/parent-child" xlink:from="wnt_AccountabilityModelAdditionalElementsTitle_loc" xlink:to="wnt_MonthsEmploymentDuringFinancialYear_loc" xlink:type="arc"/>
    <link:presentationArc order="1" xlink:arcrole="http://www.xbrl.org/2003/arcrole/parent-child" xlink:from="wnt_Article2_1Title_loc" xlink:to="wnt_IndividualMaximumRemuneration_loc" xlink:type="arc"/>
    <link:presentationArc order="1" xlink:arcrole="http://www.xbrl.org/2003/arcrole/parent-child" xlink:from="wnt_Article2_6Title_loc" xlink:to="wnt_ApplicableMaximumRemunerationInstitution_loc" xlink:type="arc"/>
    <link:presentationArc order="1" xlink:arcrole="http://www.xbrl.org/2003/arcrole/parent-child" xlink:from="wnt_Article2_10Title_loc" xlink:to="wnt_IndividualMaximumPaymentDueToTerminationOfTheEmployment_loc" xlink:type="arc"/>
    <link:presentationArc order="1" xlink:arcrole="http://www.xbrl.org/2003/arcrole/parent-child" xlink:from="wnt_Article5_2Title_loc" xlink:to="wnt_UnduePayments_loc" xlink:type="arc"/>
    <link:presentationArc order="1" xlink:arcrole="http://www.xbrl.org/2003/arcrole/parent-child" xlink:from="wnt_ImplementationRegulationWNTTitle_loc" xlink:to="wnt_OtherWNTInstitutionsManagingSeniorOfficialsEmployment_loc" xlink:type="arc"/>
    <link:presentationArc order="2" xlink:arcrole="http://www.xbrl.org/2003/arcrole/parent-child" xlink:from="wnt_ImplementationRegulationWNTTitle_loc" xlink:to="wnt_CumulatedRemunerationAntiCumulationApproach_loc" xlink:type="arc"/>
    <link:presentationArc order="3" xlink:arcrole="http://www.xbrl.org/2003/arcrole/parent-child" xlink:from="wnt_ImplementationRegulationWNTTitle_loc" xlink:to="wnt_RemunerationMaximumOrHigherIndividualRemunerationSeniorOfficerAntiAccumulation_loc" xlink:type="arc"/>
    <link:presentationArc order="4" xlink:arcrole="http://www.xbrl.org/2003/arcrole/parent-child" xlink:from="wnt_ImplementationRegulationWNTTitle_loc" xlink:to="wnt_StartDateEmployment_loc" xlink:type="arc"/>
    <link:presentationArc order="5" xlink:arcrole="http://www.xbrl.org/2003/arcrole/parent-child" xlink:from="wnt_ImplementationRegulationWNTTitle_loc" xlink:to="wnt_TotalRemunerationPerInstitution_loc" xlink:type="arc"/>
    <link:presentationArc order="6" xlink:arcrole="http://www.xbrl.org/2003/arcrole/parent-child" xlink:from="wnt_ImplementationRegulationWNTTitle_loc" xlink:to="wnt_RemunerationMaximumOrHigherIndividualRemunerationSeniorOfficer_loc" xlink:type="arc"/>
    <link:presentationArc order="7" xlink:arcrole="http://www.xbrl.org/2003/arcrole/parent-child" xlink:from="wnt_ImplementationRegulationWNTTitle_loc" xlink:to="wnt_SubtotalRemuneration_loc" xlink:type="arc"/>
    <link:presentationArc order="8" xlink:arcrole="http://www.xbrl.org/2003/arcrole/parent-child" xlink:from="wnt_ImplementationRegulationWNTTitle_loc" xlink:to="wnt_DoubleCounting_loc" xlink:type="arc"/>
    <link:presentationArc order="9" xlink:arcrole="http://www.xbrl.org/2003/arcrole/parent-child" xlink:from="wnt_ImplementationRegulationWNTTitle_loc" xlink:to="wnt_RemunerationActivitiesAffiliatedCompanies_loc" xlink:type="arc"/>
    <link:presentationArc order="10" xlink:arcrole="http://www.xbrl.org/2003/arcrole/parent-child" xlink:from="wnt_ImplementationRegulationWNTTitle_loc" xlink:to="wnt_RemunerationOtherActivitiesSeniorOfficer_loc" xlink:type="arc"/>
    <link:presentationArc order="11" xlink:arcrole="http://www.xbrl.org/2003/arcrole/parent-child" xlink:from="wnt_ImplementationRegulationWNTTitle_loc" xlink:to="wnt_RemunerationActivitiesSeniorOfficer_loc" xlink:type="arc"/>
    <link:presentationArc order="12" xlink:arcrole="http://www.xbrl.org/2003/arcrole/parent-child" xlink:from="wnt_ImplementationRegulationWNTTitle_loc" xlink:to="wnt_ReferenceToTheSeniorOfficialsAndCorrespondingStatutoryEntities_loc" xlink:type="arc"/>
    <link:presentationArc order="13" xlink:arcrole="http://www.xbrl.org/2003/arcrole/parent-child" xlink:from="wnt_ImplementationRegulationWNTTitle_loc" xlink:to="wnt_AgreedPaymentsDueToTermination_loc" xlink:type="arc"/>
    <link:presentationArc order="14" xlink:arcrole="http://www.xbrl.org/2003/arcrole/parent-child" xlink:from="wnt_ImplementationRegulationWNTTitle_loc" xlink:to="wnt_ExistenceOfAnEmploymentRelationship_loc" xlink:type="arc"/>
    <link:presentationArc order="15" xlink:arcrole="http://www.xbrl.org/2003/arcrole/parent-child" xlink:from="wnt_ImplementationRegulationWNTTitle_loc" xlink:to="wnt_PositionOrPositions_loc" xlink:type="arc"/>
    <link:presentationArc order="16" xlink:arcrole="http://www.xbrl.org/2003/arcrole/parent-child" xlink:from="wnt_ImplementationRegulationWNTTitle_loc" xlink:to="wnt_DurationOfTheEmploymentDuringTheCalendarYearStartDate_loc" xlink:type="arc"/>
    <link:presentationArc order="17" xlink:arcrole="http://www.xbrl.org/2003/arcrole/parent-child" xlink:from="wnt_ImplementationRegulationWNTTitle_loc" xlink:to="wnt_DurationOfTheEmploymentDuringTheCalendarYearEndDate_loc" xlink:type="arc"/>
    <link:presentationArc order="18" xlink:arcrole="http://www.xbrl.org/2003/arcrole/parent-child" xlink:from="wnt_ImplementationRegulationWNTTitle_loc" xlink:to="wnt_DurationOfTheEmploymentDuringTheFinancialYearStartDate_loc" xlink:type="arc"/>
    <link:presentationArc order="19" xlink:arcrole="http://www.xbrl.org/2003/arcrole/parent-child" xlink:from="wnt_ImplementationRegulationWNTTitle_loc" xlink:to="wnt_DurationOfTheEmploymentDuringTheFinancialYearEndDate_loc" xlink:type="arc"/>
    <link:presentationArc order="20" xlink:arcrole="http://www.xbrl.org/2003/arcrole/parent-child" xlink:from="wnt_ImplementationRegulationWNTTitle_loc" xlink:to="wnt_Remuneration_loc" xlink:type="arc"/>
    <link:presentationArc order="21" xlink:arcrole="http://www.xbrl.org/2003/arcrole/parent-child" xlink:from="wnt_ImplementationRegulationWNTTitle_loc" xlink:to="wnt_Consideration_loc" xlink:type="arc"/>
    <link:presentationArc order="22" xlink:arcrole="http://www.xbrl.org/2003/arcrole/parent-child" xlink:from="wnt_ImplementationRegulationWNTTitle_loc" xlink:to="wnt_IndividualMaximumRemunerationPerHour_loc" xlink:type="arc"/>
    <link:presentationArc order="23" xlink:arcrole="http://www.xbrl.org/2003/arcrole/parent-child" xlink:from="wnt_ImplementationRegulationWNTTitle_loc" xlink:to="wnt_IndividualMaximumDuringFinancialYear_loc" xlink:type="arc"/>
    <link:presentationArc order="24" xlink:arcrole="http://www.xbrl.org/2003/arcrole/parent-child" xlink:from="wnt_ImplementationRegulationWNTTitle_loc" xlink:to="wnt_ScopeOfTheEmploymentDuringTheFinancialYearInFTE_loc" xlink:type="arc"/>
    <link:presentationArc order="25" xlink:arcrole="http://www.xbrl.org/2003/arcrole/parent-child" xlink:from="wnt_ImplementationRegulationWNTTitle_loc" xlink:to="wnt_ScopeOfTheEmploymentDuringTheCalendarYearInHours_loc" xlink:type="arc"/>
    <link:presentationArc order="26" xlink:arcrole="http://www.xbrl.org/2003/arcrole/parent-child" xlink:from="wnt_ImplementationRegulationWNTTitle_loc" xlink:to="wnt_ReasonsForExceedingMaximumAmountOfRemuneration_loc" xlink:type="arc"/>
    <link:presentationArc order="28" xlink:arcrole="http://www.xbrl.org/2003/arcrole/parent-child" xlink:from="wnt_ImplementationRegulationWNTTitle_loc" xlink:to="wnt_TotalRemunerationDuringFinancialYear_loc" xlink:type="arc"/>
    <link:presentationArc order="29" xlink:arcrole="http://www.xbrl.org/2003/arcrole/parent-child" xlink:from="wnt_ImplementationRegulationWNTTitle_loc" xlink:to="wnt_PaymentsMadeInTheFinancialYearDueToTerminationOfTheEmployment_loc" xlink:type="arc"/>
    <link:presentationArc order="30" xlink:arcrole="http://www.xbrl.org/2003/arcrole/parent-child" xlink:from="wnt_ImplementationRegulationWNTTitle_loc" xlink:to="wnt_NameOtherWNTInstitution_loc" xlink:type="arc"/>
    <link:presentationArc order="32" xlink:arcrole="http://www.xbrl.org/2003/arcrole/parent-child" xlink:from="wnt_ImplementationRegulationWNTTitle_loc" xlink:to="wnt_ProvisionsForPostEmploymentBenefits_loc" xlink:type="arc"/>
    <link:presentationArc order="33" xlink:arcrole="http://www.xbrl.org/2003/arcrole/parent-child" xlink:from="wnt_ImplementationRegulationWNTTitle_loc" xlink:to="wnt_PaymentsDueToTerminationOfTheEmploymentIncludingUnduePayments_loc" xlink:type="arc"/>
    <link:presentationArc order="34" xlink:arcrole="http://www.xbrl.org/2003/arcrole/parent-child" xlink:from="wnt_ImplementationRegulationWNTTitle_loc" xlink:to="wnt_ReceivableUnduePaymentsExplanation_loc" xlink:type="arc"/>
    <link:presentationArc order="35" xlink:arcrole="http://www.xbrl.org/2003/arcrole/parent-child" xlink:from="wnt_ImplementationRegulationWNTTitle_loc" xlink:to="wnt_YearOfTerminationOfTheEmployment_loc" xlink:type="arc"/>
    <link:presentationArc order="36" xlink:arcrole="http://www.xbrl.org/2003/arcrole/parent-child" xlink:from="wnt_ImplementationRegulationWNTTitle_loc" xlink:to="wnt_AmountExceedingMaximumRemuneration_loc" xlink:type="arc"/>
    <link:presentationArc order="37" xlink:arcrole="http://www.xbrl.org/2003/arcrole/parent-child" xlink:from="wnt_ImplementationRegulationWNTTitle_loc" xlink:to="wnt_InclusionErrorsInRemunerationSeniorOfficials_loc" xlink:type="arc"/>
    <link:presentationArc order="38" xlink:arcrole="http://www.xbrl.org/2003/arcrole/parent-child" xlink:from="wnt_ImplementationRegulationWNTTitle_loc" xlink:to="wnt_JustificationExceedingMaximumRemuneration_loc" xlink:type="arc"/>
    <link:presentationArc order="39" xlink:arcrole="http://www.xbrl.org/2003/arcrole/parent-child" xlink:from="wnt_ImplementationRegulationWNTTitle_loc" xlink:to="wnt_PublicationWNTInTheConsolidatedStatutoryAccounts_loc" xlink:type="arc"/>
    <link:presentationArc order="40" xlink:arcrole="http://www.xbrl.org/2003/arcrole/parent-child" xlink:from="wnt_ImplementationRegulationWNTTitle_loc" xlink:to="wnt_TotalAmountPremiumsContributionsEmployerPaidDeferredFinancingFormOfPurchasingPensionAgreements_loc" xlink:type="arc"/>
    <link:presentationArc order="41" xlink:arcrole="http://www.xbrl.org/2003/arcrole/parent-child" xlink:from="wnt_ImplementationRegulationWNTTitle_loc" xlink:to="wnt_NumberOfNonSeniorOfficialsForWhomTotalAmountStatedOfPremiumsContributionsEmployerPaidDeferredFinancingFormOfPurchasingPensionAgreements_loc" xlink:type="arc"/>
    <link:presentationArc order="42" xlink:arcrole="http://www.xbrl.org/2003/arcrole/parent-child" xlink:from="wnt_ImplementationRegulationWNTTitle_loc" xlink:to="wnt_ReasonsAndCauseErrorsInRemuneration_loc" xlink:type="arc"/>
    <link:presentationArc order="1" xlink:arcrole="http://www.xbrl.org/2003/arcrole/parent-child" xlink:from="wnt_StandardsForRemunerationActTitle_loc" xlink:to="wnt_Article2_1Title_loc" xlink:type="arc"/>
    <link:presentationArc order="2" xlink:arcrole="http://www.xbrl.org/2003/arcrole/parent-child" xlink:from="wnt_StandardsForRemunerationActTitle_loc" xlink:to="wnt_Article2_6Title_loc" xlink:type="arc"/>
    <link:presentationArc order="3" xlink:arcrole="http://www.xbrl.org/2003/arcrole/parent-child" xlink:from="wnt_StandardsForRemunerationActTitle_loc" xlink:to="wnt_Article2_10Title_loc" xlink:type="arc"/>
    <link:presentationArc order="4" xlink:arcrole="http://www.xbrl.org/2003/arcrole/parent-child" xlink:from="wnt_StandardsForRemunerationActTitle_loc" xlink:to="wnt_Article5_2Title_loc" xlink:type="arc"/>
    <link:presentationArc order="5" xlink:arcrole="http://www.xbrl.org/2003/arcrole/parent-child" xlink:from="wnt_StandardsForRemunerationActTitle_loc" xlink:to="wnt_ImplementationRegulationWNTTitle_loc" xlink:type="arc"/>
    <link:presentationArc order="6" xlink:arcrole="http://www.xbrl.org/2003/arcrole/parent-child" xlink:from="wnt_StandardsForRemunerationActTitle_loc" xlink:to="wnt_AccountabilityModelAdditionalElementsTitle_loc" xlink:type="arc"/>
  </link:presentationLink>
</link:linkbase>
