<?xml version="1.0" encoding="UTF-8" standalone="yes"?>

<link:linkbase xmlns:gen="http://xbrl.org/2008/generic" xmlns:label="http://xbrl.org/2008/label" xmlns:link="http://www.xbrl.org/2003/linkbase" xmlns:xlink="http://www.w3.org/1999/xlink" xmlns:xsi="http://www.w3.org/2001/XMLSchema-instance" xsi:schemaLocation="http://xbrl.org/2008/generic http://www.xbrl.org/2008/generic-link.xsd http://xbrl.org/2008/label http://www.xbrl.org/2008/generic-label.xsd">
  <link:roleRef roleURI="http://www.xbrl.org/2008/role/label" xlink:href="http://www.xbrl.org/2008/generic-label.xsd#standard-label" xlink:type="simple"/>
  <link:roleRef roleURI="http://www.xbrl.org/2008/role/documentation" xlink:href="http://www.xbrl.org/2008/generic-label.xsd#documentation" xlink:type="simple"/>
  <link:roleRef roleURI="http://www.xbrl.org/2008/role/link" xlink:href="http://www.xbrl.org/2008/generic-link.xsd#standard-link-role" xlink:type="simple"/>
  <link:arcroleRef arcroleURI="http://xbrl.org/arcrole/2008/element-label" xlink:href="http://www.xbrl.org/2008/generic-label.xsd#element-label" xlink:type="simple"/>
  <gen:link xlink:role="http://www.xbrl.org/2008/role/link" xlink:type="extended">
    <gen:arc xlink:arcrole="http://xbrl.org/arcrole/2008/element-label" xlink:from="wnt_NameOfSeniorOfficialRemuneration1700OrLessAntiCumulationTypedMember_loc" xlink:to="wnt_NameOfSeniorOfficialRemuneration1700OrLessAntiCumulationTypedMember_label_en" xlink:type="arc"/>
    <gen:arc xlink:arcrole="http://xbrl.org/arcrole/2008/element-label" xlink:from="wnt_NameOfSeniorOfficialRemuneration1700OrMoreAccumulatedTypedMember_loc" xlink:to="wnt_NameOfSeniorOfficialRemuneration1700OrMoreAccumulatedTypedMember_label_en" xlink:type="arc"/>
    <gen:arc xlink:arcrole="http://xbrl.org/arcrole/2008/element-label" xlink:from="wnt_NameOfSeniorOfficialTypedMember_loc" xlink:to="wnt_NameOfSeniorOfficialTypedMember_label_en" xlink:type="arc"/>
    <gen:arc xlink:arcrole="http://xbrl.org/arcrole/2008/element-label" xlink:from="wnt_NameOfSupervisorySeniorOfficialWithoutEmploymentTypedMember_loc" xlink:to="wnt_NameOfSupervisorySeniorOfficialWithoutEmploymentTypedMember_label_en" xlink:type="arc"/>
    <gen:arc xlink:arcrole="http://xbrl.org/arcrole/2008/element-label" xlink:from="wnt_PositionOfNonSeniorOfficialsTypedMember_loc" xlink:to="wnt_PositionOfNonSeniorOfficialsTypedMember_label_en" xlink:type="arc"/>
    <gen:arc xlink:arcrole="http://xbrl.org/arcrole/2008/element-label" xlink:from="wnt_WNTInstitutionTypedMember_loc" xlink:to="wnt_WNTInstitutionTypedMember_label_en" xlink:type="arc"/>
    <label:label id="wnt_NameOfSeniorOfficialRemuneration1700OrMoreAccumulatedTypedMember_label_en" xlink:label="wnt_NameOfSeniorOfficialRemuneration1700OrMoreAccumulatedTypedMember_label_en" xlink:role="http://www.xbrl.org/2008/role/label" xlink:type="resource" xml:lang="en">Name of non supervisory senior official</label:label>
    <label:label id="wnt_NameOfSeniorOfficialRemuneration1700OrLessAntiCumulationTypedMember_label_en" xlink:label="wnt_NameOfSeniorOfficialRemuneration1700OrLessAntiCumulationTypedMember_label_en" xlink:role="http://www.xbrl.org/2008/role/label" xlink:type="resource" xml:lang="en">Name of senior official</label:label>
    <label:label id="wnt_NameOfSeniorOfficialTypedMember_label_en" xlink:label="wnt_NameOfSeniorOfficialTypedMember_label_en" xlink:role="http://www.xbrl.org/2008/role/label" xlink:type="resource" xml:lang="en">Name of senior official</label:label>
    <label:label id="wnt_NameOfSupervisorySeniorOfficialWithoutEmploymentTypedMember_label_en" xlink:label="wnt_NameOfSupervisorySeniorOfficialWithoutEmploymentTypedMember_label_en" xlink:role="http://www.xbrl.org/2008/role/label" xlink:type="resource" xml:lang="en">Name of supervisory senior official</label:label>
    <label:label id="wnt_WNTInstitutionTypedMember_label_en" xlink:label="wnt_WNTInstitutionTypedMember_label_en" xlink:role="http://www.xbrl.org/2008/role/label" xlink:type="resource" xml:lang="en">Name of the WNT Institution(s) where the senior official is employed</label:label>
    <label:label id="wnt_PositionOfNonSeniorOfficialsTypedMember_label_en" xlink:label="wnt_PositionOfNonSeniorOfficialsTypedMember_label_en" xlink:role="http://www.xbrl.org/2008/role/label" xlink:type="resource" xml:lang="en">Position of the non-senior official</label:label>
    <link:loc xlink:href="wnt-cor.xsd#wnt_NameOfSeniorOfficialRemuneration1700OrLessAntiCumulationTypedMember" xlink:label="wnt_NameOfSeniorOfficialRemuneration1700OrLessAntiCumulationTypedMember_loc" xlink:type="locator"/>
    <link:loc xlink:href="wnt-cor.xsd#wnt_NameOfSeniorOfficialRemuneration1700OrMoreAccumulatedTypedMember" xlink:label="wnt_NameOfSeniorOfficialRemuneration1700OrMoreAccumulatedTypedMember_loc" xlink:type="locator"/>
    <link:loc xlink:href="wnt-cor.xsd#wnt_NameOfSeniorOfficialTypedMember" xlink:label="wnt_NameOfSeniorOfficialTypedMember_loc" xlink:type="locator"/>
    <link:loc xlink:href="wnt-cor.xsd#wnt_NameOfSupervisorySeniorOfficialWithoutEmploymentTypedMember" xlink:label="wnt_NameOfSupervisorySeniorOfficialWithoutEmploymentTypedMember_loc" xlink:type="locator"/>
    <link:loc xlink:href="wnt-cor.xsd#wnt_PositionOfNonSeniorOfficialsTypedMember" xlink:label="wnt_PositionOfNonSeniorOfficialsTypedMember_loc" xlink:type="locator"/>
    <link:loc xlink:href="wnt-cor.xsd#wnt_WNTInstitutionTypedMember" xlink:label="wnt_WNTInstitutionTypedMember_loc" xlink:type="locator"/>

    <gen:arc xlink:arcrole="http://xbrl.org/arcrole/2008/element-label" xlink:from="wnt_NameOfSeniorOfficialRemuneration1700OrLessAntiCumulationTypedMember_loc" xlink:to="wnt_NameOfSeniorOfficialRemuneration1700OrLessAntiCumulationTypedMember_documentation_en" xlink:type="arc"/>
    <gen:arc xlink:arcrole="http://xbrl.org/arcrole/2008/element-label" xlink:from="wnt_NameOfSeniorOfficialRemuneration1700OrMoreAccumulatedTypedMember_loc" xlink:to="wnt_NameOfSeniorOfficialRemuneration1700OrMoreAccumulatedTypedMember_documentation_en" xlink:type="arc"/>
    <gen:arc xlink:arcrole="http://xbrl.org/arcrole/2008/element-label" xlink:from="wnt_NameOfSeniorOfficialTypedMember_loc" xlink:to="wnt_NameOfSeniorOfficialTypedMember_documentation_en" xlink:type="arc"/>
    <gen:arc xlink:arcrole="http://xbrl.org/arcrole/2008/element-label" xlink:from="wnt_NameOfSupervisorySeniorOfficialWithoutEmploymentTypedMember_loc" xlink:to="wnt_NameOfSupervisorySeniorOfficialWithoutEmploymentTypedMember_documentation_en" xlink:type="arc"/>
    <gen:arc xlink:arcrole="http://xbrl.org/arcrole/2008/element-label" xlink:from="wnt_PositionOfNonSeniorOfficialsTypedMember_loc" xlink:to="wnt_PositionOfNonSeniorOfficialsTypedMember_documentation_en" xlink:type="arc"/>
    <label:label id="wnt_PositionOfNonSeniorOfficialsTypedMember_documentation_en" xlink:label="wnt_PositionOfNonSeniorOfficialsTypedMember_documentation_en" xlink:role="http://www.xbrl.org/2008/role/documentation" xlink:type="resource" xml:lang="en">Description of the position of the non-senior official</label:label>
    <label:label id="wnt_NameOfSeniorOfficialRemuneration1700OrMoreAccumulatedTypedMember_documentation_en" xlink:label="wnt_NameOfSeniorOfficialRemuneration1700OrMoreAccumulatedTypedMember_documentation_en" xlink:role="http://www.xbrl.org/2008/role/documentation" xlink:type="resource" xml:lang="en">The name (consisting of the initials and last name) of the non supervisory senior official</label:label>
    <label:label id="wnt_NameOfSeniorOfficialRemuneration1700OrLessAntiCumulationTypedMember_documentation_en" xlink:label="wnt_NameOfSeniorOfficialRemuneration1700OrLessAntiCumulationTypedMember_documentation_en" xlink:role="http://www.xbrl.org/2008/role/documentation" xlink:type="resource" xml:lang="en">The name (consisting of the initials and last name) of the senior official</label:label>
    <label:label id="wnt_NameOfSeniorOfficialTypedMember_documentation_en" xlink:label="wnt_NameOfSeniorOfficialTypedMember_documentation_en" xlink:role="http://www.xbrl.org/2008/role/documentation" xlink:type="resource" xml:lang="en">The name (consisting of the initials and last name) of the senior official</label:label>
    <label:label id="wnt_NameOfSupervisorySeniorOfficialWithoutEmploymentTypedMember_documentation_en" xlink:label="wnt_NameOfSupervisorySeniorOfficialWithoutEmploymentTypedMember_documentation_en" xlink:role="http://www.xbrl.org/2008/role/documentation" xlink:type="resource" xml:lang="en">The name (consisting of the initials and last name) of the supervisory senior official</label:label>

  </gen:link>
</link:linkbase>
