<?xml version="1.0" encoding="UTF-8" standalone="yes"?>

<link:linkbase xmlns:gen="http://xbrl.org/2008/generic" xmlns:label="http://xbrl.org/2008/label" xmlns:link="http://www.xbrl.org/2003/linkbase" xmlns:xlink="http://www.w3.org/1999/xlink" xmlns:xsi="http://www.w3.org/2001/XMLSchema-instance" xsi:schemaLocation="http://xbrl.org/2008/generic http://www.xbrl.org/2008/generic-link.xsd http://xbrl.org/2008/label http://www.xbrl.org/2008/generic-label.xsd">
  <link:roleRef roleURI="http://www.xbrl.org/2008/role/label" xlink:href="http://www.xbrl.org/2008/generic-label.xsd#standard-label" xlink:type="simple"/>
  <link:roleRef roleURI="http://www.xbrl.org/2008/role/link" xlink:href="http://www.xbrl.org/2008/generic-link.xsd#standard-link-role" xlink:type="simple"/>
  <link:arcroleRef arcroleURI="http://xbrl.org/arcrole/2008/element-label" xlink:href="http://www.xbrl.org/2008/generic-label.xsd#element-label" xlink:type="simple"/>
  <gen:link xlink:role="http://www.xbrl.org/2008/role/link" xlink:type="extended">
    <gen:arc xlink:arcrole="http://xbrl.org/arcrole/2008/element-label" xlink:from="wnt_ExecutiveSeniorOfficialsFormerSeniorOfficialsRemuneration1700OrLess_loc" xlink:to="wnt_ExecutiveSeniorOfficialsFormerSeniorOfficialsRemuneration1700OrLess_label_en" xlink:type="arc"/>
    <gen:arc xlink:arcrole="http://xbrl.org/arcrole/2008/element-label" xlink:from="wnt_PaymentsDueToTerminationOfEmploymentToSeniorOfficials_loc" xlink:to="wnt_PaymentsDueToTerminationOfEmploymentToSeniorOfficials_label_en" xlink:type="arc"/>
    <gen:arc xlink:arcrole="http://xbrl.org/arcrole/2008/element-label" xlink:from="wnt_RemunerationOfExecutiveSeniorOfficialsConsideredFourYears_loc" xlink:to="wnt_RemunerationOfExecutiveSeniorOfficialsConsideredFourYears_label_en" xlink:type="arc"/>
    <gen:arc xlink:arcrole="http://xbrl.org/arcrole/2008/element-label" xlink:from="wnt_RemunerationOfExecutiveSeniorOfficialsFormerSeniorOfficialsWithEmploymentRelationship_loc" xlink:to="wnt_RemunerationOfExecutiveSeniorOfficialsFormerSeniorOfficialsWithEmploymentRelationship_label_en" xlink:type="arc"/>
    <gen:arc xlink:arcrole="http://xbrl.org/arcrole/2008/element-label" xlink:from="wnt_RemunerationOfExecutiveSeniorOfficialsWithoutEmploymentRelationship_loc" xlink:to="wnt_RemunerationOfExecutiveSeniorOfficialsWithoutEmploymentRelationship_label_en" xlink:type="arc"/>
    <gen:arc xlink:arcrole="http://xbrl.org/arcrole/2008/element-label" xlink:from="wnt_RemunerationOfNonSeniorOfficials_loc" xlink:to="wnt_RemunerationOfNonSeniorOfficials_label_en" xlink:type="arc"/>
    <gen:arc xlink:arcrole="http://xbrl.org/arcrole/2008/element-label" xlink:from="wnt_RemunerationOfSupervisorySeniorOfficials_loc" xlink:to="wnt_RemunerationOfSupervisorySeniorOfficials_label_en" xlink:type="arc"/>
    <gen:arc xlink:arcrole="http://xbrl.org/arcrole/2008/element-label" xlink:from="wnt_SeniorOfficialRemuneration1700OrLessAntiCumulationApproach_loc" xlink:to="wnt_SeniorOfficialRemuneration1700OrLessAntiCumulationApproach_label_en" xlink:type="arc"/>
    <gen:arc xlink:arcrole="http://xbrl.org/arcrole/2008/element-label" xlink:from="wnt_SeniorOfficialsRemuneration1700OrMoreAccumulated_loc" xlink:to="wnt_SeniorOfficialsRemuneration1700OrMoreAccumulated_label_en" xlink:type="arc"/>
    <gen:arc xlink:arcrole="http://xbrl.org/arcrole/2008/element-label" xlink:from="wnt_SeniorOfficialsRemuneration1700OrMoreInstitution_loc" xlink:to="wnt_SeniorOfficialsRemuneration1700OrMoreInstitution_label_en" xlink:type="arc"/>
    <label:label id="wnt_RemunerationOfExecutiveSeniorOfficialsFormerSeniorOfficialsWithEmploymentRelationship_label_en" xlink:label="wnt_RemunerationOfExecutiveSeniorOfficialsFormerSeniorOfficialsWithEmploymentRelationship_label_en" xlink:role="http://www.xbrl.org/2008/role/label" xlink:type="resource" xml:lang="en">1a - Remuneration of executive senior officials with employment and without employment from the 13th month</label:label>
    <label:label id="wnt_RemunerationOfExecutiveSeniorOfficialsWithoutEmploymentRelationship_label_en" xlink:label="wnt_RemunerationOfExecutiveSeniorOfficialsWithoutEmploymentRelationship_label_en" xlink:role="http://www.xbrl.org/2008/role/label" xlink:type="resource" xml:lang="en">1b - Remuneration of executive senior officials without employment in the period up to and including the 12th month</label:label>
    <label:label id="wnt_RemunerationOfSupervisorySeniorOfficials_label_en" xlink:label="wnt_RemunerationOfSupervisorySeniorOfficials_label_en" xlink:role="http://www.xbrl.org/2008/role/label" xlink:type="resource" xml:lang="en">1c - Remuneration of supervisory senior officials</label:label>
    <label:label id="wnt_ExecutiveSeniorOfficialsFormerSeniorOfficialsRemuneration1700OrLess_label_en" xlink:label="wnt_ExecutiveSeniorOfficialsFormerSeniorOfficialsRemuneration1700OrLess_label_en" xlink:role="http://www.xbrl.org/2008/role/label" xlink:type="resource" xml:lang="en">1d - Executive senior officials and those who are regarded as executive senior official for another 4 years with a remuneration of € 1.900 or less</label:label>
    <label:label id="wnt_RemunerationOfExecutiveSeniorOfficialsConsideredFourYears_label_en" xlink:label="wnt_RemunerationOfExecutiveSeniorOfficialsConsideredFourYears_label_en" xlink:role="http://www.xbrl.org/2008/role/label" xlink:type="resource" xml:lang="en">1e - Senior official with a total remuneration of more than € 1.900</label:label>
    <label:label id="wnt_SeniorOfficialsRemuneration1700OrMoreAccumulated_label_en" xlink:label="wnt_SeniorOfficialsRemuneration1700OrMoreAccumulated_label_en" xlink:role="http://www.xbrl.org/2008/role/label" xlink:type="resource" xml:lang="en">1f - Remuneration of a senior official with a total remuneration of € 1.900 or more concerning anti cumulation - Cumulated</label:label>
    <label:label id="wnt_SeniorOfficialsRemuneration1700OrMoreInstitution_label_en" xlink:label="wnt_SeniorOfficialsRemuneration1700OrMoreInstitution_label_en" xlink:role="http://www.xbrl.org/2008/role/label" xlink:type="resource" xml:lang="en">1f - Remuneration of a senior official with a total remuneration of € 1.900 or more concerning anti cumulation - WNT institution</label:label>
    <label:label id="wnt_SeniorOfficialRemuneration1700OrLessAntiCumulationApproach_label_en" xlink:label="wnt_SeniorOfficialRemuneration1700OrLessAntiCumulationApproach_label_en" xlink:role="http://www.xbrl.org/2008/role/label" xlink:type="resource" xml:lang="en">1g - Senior official with a total remuneration of € 1.900 or less in respect to the anti cumulation approach</label:label>
    <label:label id="wnt_PaymentsDueToTerminationOfEmploymentToSeniorOfficials_label_en" xlink:label="wnt_PaymentsDueToTerminationOfEmploymentToSeniorOfficials_label_en" xlink:role="http://www.xbrl.org/2008/role/label" xlink:type="resource" xml:lang="en">2 - Payments due to termination of the employment to senior officials with or without employment: Specification</label:label>
    <label:label id="wnt_RemunerationOfNonSeniorOfficials_label_en" xlink:label="wnt_RemunerationOfNonSeniorOfficials_label_en" xlink:role="http://www.xbrl.org/2008/role/label" xlink:type="resource" xml:lang="en">3 - Remuneration of non-senior officials</label:label>
    <link:loc xlink:href="wnt-verantwoordingsmodel-2023.xsd#wnt_ExecutiveSeniorOfficialsFormerSeniorOfficialsRemuneration1700OrLess" xlink:label="wnt_ExecutiveSeniorOfficialsFormerSeniorOfficialsRemuneration1700OrLess_loc" xlink:type="locator"/>
    <link:loc xlink:href="wnt-verantwoordingsmodel-2023.xsd#wnt_PaymentsDueToTerminationOfEmploymentToSeniorOfficials" xlink:label="wnt_PaymentsDueToTerminationOfEmploymentToSeniorOfficials_loc" xlink:type="locator"/>
    <link:loc xlink:href="wnt-verantwoordingsmodel-2023.xsd#wnt_RemunerationOfExecutiveSeniorOfficialsConsideredFourYears" xlink:label="wnt_RemunerationOfExecutiveSeniorOfficialsConsideredFourYears_loc" xlink:type="locator"/>
    <link:loc xlink:href="wnt-verantwoordingsmodel-2023.xsd#wnt_RemunerationOfExecutiveSeniorOfficialsFormerSeniorOfficialsWithEmploymentRelationship" xlink:label="wnt_RemunerationOfExecutiveSeniorOfficialsFormerSeniorOfficialsWithEmploymentRelationship_loc" xlink:type="locator"/>
    <link:loc xlink:href="wnt-verantwoordingsmodel-2023.xsd#wnt_RemunerationOfExecutiveSeniorOfficialsWithoutEmploymentRelationship" xlink:label="wnt_RemunerationOfExecutiveSeniorOfficialsWithoutEmploymentRelationship_loc" xlink:type="locator"/>
    <link:loc xlink:href="wnt-verantwoordingsmodel-2023.xsd#wnt_RemunerationOfNonSeniorOfficials" xlink:label="wnt_RemunerationOfNonSeniorOfficials_loc" xlink:type="locator"/>
    <link:loc xlink:href="wnt-verantwoordingsmodel-2023.xsd#wnt_RemunerationOfSupervisorySeniorOfficials" xlink:label="wnt_RemunerationOfSupervisorySeniorOfficials_loc" xlink:type="locator"/>
    <link:loc xlink:href="wnt-verantwoordingsmodel-2023.xsd#wnt_SeniorOfficialRemuneration1700OrLessAntiCumulationApproach" xlink:label="wnt_SeniorOfficialRemuneration1700OrLessAntiCumulationApproach_loc" xlink:type="locator"/>
    <link:loc xlink:href="wnt-verantwoordingsmodel-2023.xsd#wnt_SeniorOfficialsRemuneration1700OrMoreAccumulated" xlink:label="wnt_SeniorOfficialsRemuneration1700OrMoreAccumulated_loc" xlink:type="locator"/>
    <link:loc xlink:href="wnt-verantwoordingsmodel-2023.xsd#wnt_SeniorOfficialsRemuneration1700OrMoreInstitution" xlink:label="wnt_SeniorOfficialsRemuneration1700OrMoreInstitution_loc" xlink:type="locator"/>
  </gen:link>
</link:linkbase>
