<?xml version="1.0" encoding="UTF-8" standalone="yes"?>

<link:linkbase xmlns:gen="http://xbrl.org/2008/generic" xmlns:label="http://xbrl.org/2008/label" xmlns:link="http://www.xbrl.org/2003/linkbase" xmlns:xlink="http://www.w3.org/1999/xlink" xmlns:xsi="http://www.w3.org/2001/XMLSchema-instance" xsi:schemaLocation="http://xbrl.org/2008/generic http://www.xbrl.org/2008/generic-link.xsd http://xbrl.org/2008/label http://www.xbrl.org/2008/generic-label.xsd">
  <link:roleRef roleURI="http://www.xbrl.org/2008/role/label" xlink:href="http://www.xbrl.org/2008/generic-label.xsd#standard-label" xlink:type="simple"/>
  <link:roleRef roleURI="http://www.xbrl.org/2008/role/link" xlink:href="http://www.xbrl.org/2008/generic-link.xsd#standard-link-role" xlink:type="simple"/>
  <link:arcroleRef arcroleURI="http://xbrl.org/arcrole/2008/element-label" xlink:href="http://www.xbrl.org/2008/generic-label.xsd#element-label" xlink:type="simple"/>
  <gen:link xlink:role="http://www.xbrl.org/2008/role/link" xlink:type="extended">
    <gen:arc xlink:arcrole="http://xbrl.org/arcrole/2008/element-label" xlink:from="wnt_ExecutiveSeniorOfficialsFormerSeniorOfficialsRemuneration1700OrLess_loc" xlink:to="wnt_ExecutiveSeniorOfficialsFormerSeniorOfficialsRemuneration1700OrLess_label_nl" xlink:type="arc"/>
    <gen:arc xlink:arcrole="http://xbrl.org/arcrole/2008/element-label" xlink:from="wnt_PaymentsDueToTerminationOfEmploymentToSeniorOfficials_loc" xlink:to="wnt_PaymentsDueToTerminationOfEmploymentToSeniorOfficials_label_nl" xlink:type="arc"/>
    <gen:arc xlink:arcrole="http://xbrl.org/arcrole/2008/element-label" xlink:from="wnt_RemunerationOfExecutiveSeniorOfficialsConsideredFourYears_loc" xlink:to="wnt_RemunerationOfExecutiveSeniorOfficialsConsideredFourYears_label_nl" xlink:type="arc"/>
    <gen:arc xlink:arcrole="http://xbrl.org/arcrole/2008/element-label" xlink:from="wnt_RemunerationOfExecutiveSeniorOfficialsFormerSeniorOfficialsWithEmploymentRelationship_loc" xlink:to="wnt_RemunerationOfExecutiveSeniorOfficialsFormerSeniorOfficialsWithEmploymentRelationship_label_nl" xlink:type="arc"/>
    <gen:arc xlink:arcrole="http://xbrl.org/arcrole/2008/element-label" xlink:from="wnt_RemunerationOfExecutiveSeniorOfficialsWithoutEmploymentRelationship_loc" xlink:to="wnt_RemunerationOfExecutiveSeniorOfficialsWithoutEmploymentRelationship_label_nl" xlink:type="arc"/>
    <gen:arc xlink:arcrole="http://xbrl.org/arcrole/2008/element-label" xlink:from="wnt_RemunerationOfNonSeniorOfficials_loc" xlink:to="wnt_RemunerationOfNonSeniorOfficials_label_nl" xlink:type="arc"/>
    <gen:arc xlink:arcrole="http://xbrl.org/arcrole/2008/element-label" xlink:from="wnt_RemunerationOfSupervisorySeniorOfficials_loc" xlink:to="wnt_RemunerationOfSupervisorySeniorOfficials_label_nl" xlink:type="arc"/>
    <gen:arc xlink:arcrole="http://xbrl.org/arcrole/2008/element-label" xlink:from="wnt_SeniorOfficialRemuneration1700OrLessAntiCumulationApproach_loc" xlink:to="wnt_SeniorOfficialRemuneration1700OrLessAntiCumulationApproach_label_nl" xlink:type="arc"/>
    <gen:arc xlink:arcrole="http://xbrl.org/arcrole/2008/element-label" xlink:from="wnt_SeniorOfficialsRemuneration1700OrMoreAccumulated_loc" xlink:to="wnt_SeniorOfficialsRemuneration1700OrMoreAccumulated_label_nl" xlink:type="arc"/>
    <gen:arc xlink:arcrole="http://xbrl.org/arcrole/2008/element-label" xlink:from="wnt_SeniorOfficialsRemuneration1700OrMoreInstitution_loc" xlink:to="wnt_SeniorOfficialsRemuneration1700OrMoreInstitution_label_nl" xlink:type="arc"/>
    <label:label id="wnt_RemunerationOfExecutiveSeniorOfficialsFormerSeniorOfficialsWithEmploymentRelationship_label_nl" xlink:label="wnt_RemunerationOfExecutiveSeniorOfficialsFormerSeniorOfficialsWithEmploymentRelationship_label_nl" xlink:role="http://www.xbrl.org/2008/role/label" xlink:type="resource" xml:lang="nl">1a - Bezoldiging van leidinggevende topfunctionarissen met dienstbetrekking en zonder dienstbetrekking vanaf de 13e maand</label:label>
    <label:label id="wnt_RemunerationOfExecutiveSeniorOfficialsWithoutEmploymentRelationship_label_nl" xlink:label="wnt_RemunerationOfExecutiveSeniorOfficialsWithoutEmploymentRelationship_label_nl" xlink:role="http://www.xbrl.org/2008/role/label" xlink:type="resource" xml:lang="nl">1b - Bezoldiging van leidinggevende topfunctionarissen zonder dienstbetrekking in periode tot en met de 12e maand</label:label>
    <label:label id="wnt_RemunerationOfSupervisorySeniorOfficials_label_nl" xlink:label="wnt_RemunerationOfSupervisorySeniorOfficials_label_nl" xlink:role="http://www.xbrl.org/2008/role/label" xlink:type="resource" xml:lang="nl">1c - Bezoldiging van toezichthoudende topfunctionarissen</label:label>
    <label:label id="wnt_ExecutiveSeniorOfficialsFormerSeniorOfficialsRemuneration1700OrLess_label_nl" xlink:label="wnt_ExecutiveSeniorOfficialsFormerSeniorOfficialsRemuneration1700OrLess_label_nl" xlink:role="http://www.xbrl.org/2008/role/label" xlink:type="resource" xml:lang="nl">1d - Bezoldiging van topfunctionarissen en degenen die nog 4 jaar als topfucntionaris worden aangemerkt met een bezoldiging van € 1.900 of minder</label:label>
    <label:label id="wnt_RemunerationOfExecutiveSeniorOfficialsConsideredFourYears_label_nl" xlink:label="wnt_RemunerationOfExecutiveSeniorOfficialsConsideredFourYears_label_nl" xlink:role="http://www.xbrl.org/2008/role/label" xlink:type="resource" xml:lang="nl">1e - Topfunctionaris met een totale bezoldiging van meer dan € 1.900</label:label>
    <label:label id="wnt_SeniorOfficialsRemuneration1700OrMoreAccumulated_label_nl" xlink:label="wnt_SeniorOfficialsRemuneration1700OrMoreAccumulated_label_nl" xlink:role="http://www.xbrl.org/2008/role/label" xlink:type="resource" xml:lang="nl">1f - Bezoldiging van topfunctionaris met een totale bezoldiging van meer dan € 1.900 waarop de anticumulatie bepaling van toepassing is - Gecumuleerd</label:label>
    <label:label id="wnt_SeniorOfficialsRemuneration1700OrMoreInstitution_label_nl" xlink:label="wnt_SeniorOfficialsRemuneration1700OrMoreInstitution_label_nl" xlink:role="http://www.xbrl.org/2008/role/label" xlink:type="resource" xml:lang="nl">1f - Bezoldiging van topfunctionaris met een totale bezoldiging van meer dan € 1.900 waarop de anticumulatie bepaling van toepassing is - WNT instelling</label:label>
    <label:label id="wnt_SeniorOfficialRemuneration1700OrLessAntiCumulationApproach_label_nl" xlink:label="wnt_SeniorOfficialRemuneration1700OrLessAntiCumulationApproach_label_nl" xlink:role="http://www.xbrl.org/2008/role/label" xlink:type="resource" xml:lang="nl">1g - Topfunctionaris met een totale bezoldiging van € 1.900 of minder waarop de anticumulatiebepaling van toepassing is</label:label>
    <label:label id="wnt_PaymentsDueToTerminationOfEmploymentToSeniorOfficials_label_nl" xlink:label="wnt_PaymentsDueToTerminationOfEmploymentToSeniorOfficials_label_nl" xlink:role="http://www.xbrl.org/2008/role/label" xlink:type="resource" xml:lang="nl">2 - Uitkeringen wegens beëindiging van het dienstverband aan topfunctionarissen met of zonder dienstbetrekking: Specificatie</label:label>
    <label:label id="wnt_RemunerationOfNonSeniorOfficials_label_nl" xlink:label="wnt_RemunerationOfNonSeniorOfficials_label_nl" xlink:role="http://www.xbrl.org/2008/role/label" xlink:type="resource" xml:lang="nl">3 - Bezoldiging van niet-topfunctionarissen</label:label>
    <link:loc xlink:href="wnt-verantwoordingsmodel-2023.xsd#wnt_ExecutiveSeniorOfficialsFormerSeniorOfficialsRemuneration1700OrLess" xlink:label="wnt_ExecutiveSeniorOfficialsFormerSeniorOfficialsRemuneration1700OrLess_loc" xlink:type="locator"/>
    <link:loc xlink:href="wnt-verantwoordingsmodel-2023.xsd#wnt_PaymentsDueToTerminationOfEmploymentToSeniorOfficials" xlink:label="wnt_PaymentsDueToTerminationOfEmploymentToSeniorOfficials_loc" xlink:type="locator"/>
    <link:loc xlink:href="wnt-verantwoordingsmodel-2023.xsd#wnt_RemunerationOfExecutiveSeniorOfficialsConsideredFourYears" xlink:label="wnt_RemunerationOfExecutiveSeniorOfficialsConsideredFourYears_loc" xlink:type="locator"/>
    <link:loc xlink:href="wnt-verantwoordingsmodel-2023.xsd#wnt_RemunerationOfExecutiveSeniorOfficialsFormerSeniorOfficialsWithEmploymentRelationship" xlink:label="wnt_RemunerationOfExecutiveSeniorOfficialsFormerSeniorOfficialsWithEmploymentRelationship_loc" xlink:type="locator"/>
    <link:loc xlink:href="wnt-verantwoordingsmodel-2023.xsd#wnt_RemunerationOfExecutiveSeniorOfficialsWithoutEmploymentRelationship" xlink:label="wnt_RemunerationOfExecutiveSeniorOfficialsWithoutEmploymentRelationship_loc" xlink:type="locator"/>
    <link:loc xlink:href="wnt-verantwoordingsmodel-2023.xsd#wnt_RemunerationOfNonSeniorOfficials" xlink:label="wnt_RemunerationOfNonSeniorOfficials_loc" xlink:type="locator"/>
    <link:loc xlink:href="wnt-verantwoordingsmodel-2023.xsd#wnt_RemunerationOfSupervisorySeniorOfficials" xlink:label="wnt_RemunerationOfSupervisorySeniorOfficials_loc" xlink:type="locator"/>
    <link:loc xlink:href="wnt-verantwoordingsmodel-2023.xsd#wnt_SeniorOfficialRemuneration1700OrLessAntiCumulationApproach" xlink:label="wnt_SeniorOfficialRemuneration1700OrLessAntiCumulationApproach_loc" xlink:type="locator"/>
    <link:loc xlink:href="wnt-verantwoordingsmodel-2023.xsd#wnt_SeniorOfficialsRemuneration1700OrMoreAccumulated" xlink:label="wnt_SeniorOfficialsRemuneration1700OrMoreAccumulated_loc" xlink:type="locator"/>
    <link:loc xlink:href="wnt-verantwoordingsmodel-2023.xsd#wnt_SeniorOfficialsRemuneration1700OrMoreInstitution" xlink:label="wnt_SeniorOfficialsRemuneration1700OrMoreInstitution_loc" xlink:type="locator"/>
  </gen:link>
</link:linkbase>
