<?xml version="1.0" encoding="UTF-8" standalone="yes"?>

<link:linkbase xmlns:link="http://www.xbrl.org/2003/linkbase" xmlns:xlink="http://www.w3.org/1999/xlink">
  <link:labelLink xlink:role="http://www.xbrl.org/2003/role/link" xlink:type="extended">
    <link:label id="wnt_ExecutiveSeniorOfficialsFormerSeniorOfficialsRemuneration1700OrLessSpecificationTitle_label_en" xlink:label="wnt_ExecutiveSeniorOfficialsFormerSeniorOfficialsRemuneration1700OrLessSpecificationTitle_label_en" xlink:role="http://www.xbrl.org/2003/role/label" xlink:type="resource" xml:lang="en">Executive senior officials and those who are regarded as executive senior official for another 4 years with a remuneration of € 1.900 or less: Specification</link:label>
    <link:label id="wnt_PaymentsDueToTerminationEmploymentSeniorOfficialsWithWithoutEmploymentSpecificationTitle_label_en" xlink:label="wnt_PaymentsDueToTerminationEmploymentSeniorOfficialsWithWithoutEmploymentSpecificationTitle_label_en" xlink:role="http://www.xbrl.org/2003/role/label" xlink:type="resource" xml:lang="en">Payments due to termination of the employment to senior officials with or without employment: Specification</link:label>
    <link:label id="wnt_SeniorOfficialsRemuneration1700OrMoreAccumulatedTitle_label_en" xlink:label="wnt_SeniorOfficialsRemuneration1700OrMoreAccumulatedTitle_label_en" xlink:role="http://www.xbrl.org/2003/role/label" xlink:type="resource" xml:lang="en">Remuneration of a senior official with a total remuneration of € 1.900 or more concerning anti cumulation - Cumulated</link:label>
    <link:label id="wnt_SeniorOfficialsRemuneration1700OrMoreInstitutionTitle_label_en" xlink:label="wnt_SeniorOfficialsRemuneration1700OrMoreInstitutionTitle_label_en" xlink:role="http://www.xbrl.org/2003/role/label" xlink:type="resource" xml:lang="en">Remuneration of a senior official with a total remuneration of € 1.900 or more concerning anti cumulation - WNT institution</link:label>
    <link:label id="wnt_RemunerationExecutiveSeniorOfficialsWithEmploymentWithoutEmploymentFrom13MonthSpecificationTitle_label_en" xlink:label="wnt_RemunerationExecutiveSeniorOfficialsWithEmploymentWithoutEmploymentFrom13MonthSpecificationTitle_label_en" xlink:role="http://www.xbrl.org/2003/role/label" xlink:type="resource" xml:lang="en">Remuneration of executive senior officials with employment and without employment from the 13th month: Specification</link:label>
    <link:label id="wnt_RemunerationOfExecutiveSeniorOfficialsWithoutEmploymentUpTo12MonthsSpecificationTitle_label_en" xlink:label="wnt_RemunerationOfExecutiveSeniorOfficialsWithoutEmploymentUpTo12MonthsSpecificationTitle_label_en" xlink:role="http://www.xbrl.org/2003/role/label" xlink:type="resource" xml:lang="en">Remuneration of executive senior officials without employment in the period up to and including the 12th month: Specification</link:label>
    <link:label id="wnt_RemunerationOfNonSeniorOfficialsSpecificationTitle_label_en" xlink:label="wnt_RemunerationOfNonSeniorOfficialsSpecificationTitle_label_en" xlink:role="http://www.xbrl.org/2003/role/label" xlink:type="resource" xml:lang="en">Remuneration of non-senior officials: Specification</link:label>
    <link:label id="wnt_RemunerationOfSupervisorySeniorOfficialsSpecificationTitle_label_en" xlink:label="wnt_RemunerationOfSupervisorySeniorOfficialsSpecificationTitle_label_en" xlink:role="http://www.xbrl.org/2003/role/label" xlink:type="resource" xml:lang="en">Remuneration of supervisory senior officials: Specification</link:label>
    <link:label id="wnt_RemunerationOfExecutiveSeniorOfficialsConsideredFourYearsSpecificationTitle_label_en" xlink:label="wnt_RemunerationOfExecutiveSeniorOfficialsConsideredFourYearsSpecificationTitle_label_en" xlink:role="http://www.xbrl.org/2003/role/label" xlink:type="resource" xml:lang="en">Senior official with a total remuneration of more than € 1.900</link:label>
    <link:label id="wnt_SeniorOfficialRemuneration1700OrLessAntiCumulationApproachTitle_label_en" xlink:label="wnt_SeniorOfficialRemuneration1700OrLessAntiCumulationApproachTitle_label_en" xlink:role="http://www.xbrl.org/2003/role/label" xlink:type="resource" xml:lang="en">Senior official with a total remuneration of € 1.900 or less in respect to the anti cumulation approach</link:label>
    <link:labelArc xlink:arcrole="http://www.xbrl.org/2003/arcrole/concept-label" xlink:from="wnt_ExecutiveSeniorOfficialsFormerSeniorOfficialsRemuneration1700OrLessSpecificationTitle_loc" xlink:to="wnt_ExecutiveSeniorOfficialsFormerSeniorOfficialsRemuneration1700OrLessSpecificationTitle_label_en" xlink:type="arc"/>
    <link:labelArc xlink:arcrole="http://www.xbrl.org/2003/arcrole/concept-label" xlink:from="wnt_PaymentsDueToTerminationEmploymentSeniorOfficialsWithWithoutEmploymentSpecificationTitle_loc" xlink:to="wnt_PaymentsDueToTerminationEmploymentSeniorOfficialsWithWithoutEmploymentSpecificationTitle_label_en" xlink:type="arc"/>
    <link:labelArc xlink:arcrole="http://www.xbrl.org/2003/arcrole/concept-label" xlink:from="wnt_RemunerationExecutiveSeniorOfficialsWithEmploymentWithoutEmploymentFrom13MonthSpecificationTitle_loc" xlink:to="wnt_RemunerationExecutiveSeniorOfficialsWithEmploymentWithoutEmploymentFrom13MonthSpecificationTitle_label_en" xlink:type="arc"/>
    <link:labelArc xlink:arcrole="http://www.xbrl.org/2003/arcrole/concept-label" xlink:from="wnt_RemunerationOfExecutiveSeniorOfficialsConsideredFourYearsSpecificationTitle_loc" xlink:to="wnt_RemunerationOfExecutiveSeniorOfficialsConsideredFourYearsSpecificationTitle_label_en" xlink:type="arc"/>
    <link:labelArc xlink:arcrole="http://www.xbrl.org/2003/arcrole/concept-label" xlink:from="wnt_RemunerationOfExecutiveSeniorOfficialsWithoutEmploymentUpTo12MonthsSpecificationTitle_loc" xlink:to="wnt_RemunerationOfExecutiveSeniorOfficialsWithoutEmploymentUpTo12MonthsSpecificationTitle_label_en" xlink:type="arc"/>
    <link:labelArc xlink:arcrole="http://www.xbrl.org/2003/arcrole/concept-label" xlink:from="wnt_RemunerationOfNonSeniorOfficialsSpecificationTitle_loc" xlink:to="wnt_RemunerationOfNonSeniorOfficialsSpecificationTitle_label_en" xlink:type="arc"/>
    <link:labelArc xlink:arcrole="http://www.xbrl.org/2003/arcrole/concept-label" xlink:from="wnt_RemunerationOfSupervisorySeniorOfficialsSpecificationTitle_loc" xlink:to="wnt_RemunerationOfSupervisorySeniorOfficialsSpecificationTitle_label_en" xlink:type="arc"/>
    <link:labelArc xlink:arcrole="http://www.xbrl.org/2003/arcrole/concept-label" xlink:from="wnt_SeniorOfficialRemuneration1700OrLessAntiCumulationApproachTitle_loc" xlink:to="wnt_SeniorOfficialRemuneration1700OrLessAntiCumulationApproachTitle_label_en" xlink:type="arc"/>
    <link:labelArc xlink:arcrole="http://www.xbrl.org/2003/arcrole/concept-label" xlink:from="wnt_SeniorOfficialsRemuneration1700OrMoreAccumulatedTitle_loc" xlink:to="wnt_SeniorOfficialsRemuneration1700OrMoreAccumulatedTitle_label_en" xlink:type="arc"/>
    <link:labelArc xlink:arcrole="http://www.xbrl.org/2003/arcrole/concept-label" xlink:from="wnt_SeniorOfficialsRemuneration1700OrMoreInstitutionTitle_loc" xlink:to="wnt_SeniorOfficialsRemuneration1700OrMoreInstitutionTitle_label_en" xlink:type="arc"/>
    <link:loc xlink:href="wnt-verantwoordingsmodel-2023.xsd#wnt_ExecutiveSeniorOfficialsFormerSeniorOfficialsRemuneration1700OrLessSpecificationTitle" xlink:label="wnt_ExecutiveSeniorOfficialsFormerSeniorOfficialsRemuneration1700OrLessSpecificationTitle_loc" xlink:type="locator"/>
    <link:loc xlink:href="wnt-verantwoordingsmodel-2023.xsd#wnt_PaymentsDueToTerminationEmploymentSeniorOfficialsWithWithoutEmploymentSpecificationTitle" xlink:label="wnt_PaymentsDueToTerminationEmploymentSeniorOfficialsWithWithoutEmploymentSpecificationTitle_loc" xlink:type="locator"/>
    <link:loc xlink:href="wnt-verantwoordingsmodel-2023.xsd#wnt_RemunerationExecutiveSeniorOfficialsWithEmploymentWithoutEmploymentFrom13MonthSpecificationTitle" xlink:label="wnt_RemunerationExecutiveSeniorOfficialsWithEmploymentWithoutEmploymentFrom13MonthSpecificationTitle_loc" xlink:type="locator"/>
    <link:loc xlink:href="wnt-verantwoordingsmodel-2023.xsd#wnt_RemunerationOfExecutiveSeniorOfficialsConsideredFourYearsSpecificationTitle" xlink:label="wnt_RemunerationOfExecutiveSeniorOfficialsConsideredFourYearsSpecificationTitle_loc" xlink:type="locator"/>
    <link:loc xlink:href="wnt-verantwoordingsmodel-2023.xsd#wnt_RemunerationOfExecutiveSeniorOfficialsWithoutEmploymentUpTo12MonthsSpecificationTitle" xlink:label="wnt_RemunerationOfExecutiveSeniorOfficialsWithoutEmploymentUpTo12MonthsSpecificationTitle_loc" xlink:type="locator"/>
    <link:loc xlink:href="wnt-verantwoordingsmodel-2023.xsd#wnt_RemunerationOfNonSeniorOfficialsSpecificationTitle" xlink:label="wnt_RemunerationOfNonSeniorOfficialsSpecificationTitle_loc" xlink:type="locator"/>
    <link:loc xlink:href="wnt-verantwoordingsmodel-2023.xsd#wnt_RemunerationOfSupervisorySeniorOfficialsSpecificationTitle" xlink:label="wnt_RemunerationOfSupervisorySeniorOfficialsSpecificationTitle_loc" xlink:type="locator"/>
    <link:loc xlink:href="wnt-verantwoordingsmodel-2023.xsd#wnt_SeniorOfficialRemuneration1700OrLessAntiCumulationApproachTitle" xlink:label="wnt_SeniorOfficialRemuneration1700OrLessAntiCumulationApproachTitle_loc" xlink:type="locator"/>
    <link:loc xlink:href="wnt-verantwoordingsmodel-2023.xsd#wnt_SeniorOfficialsRemuneration1700OrMoreAccumulatedTitle" xlink:label="wnt_SeniorOfficialsRemuneration1700OrMoreAccumulatedTitle_loc" xlink:type="locator"/>
    <link:loc xlink:href="wnt-verantwoordingsmodel-2023.xsd#wnt_SeniorOfficialsRemuneration1700OrMoreInstitutionTitle" xlink:label="wnt_SeniorOfficialsRemuneration1700OrMoreInstitutionTitle_loc" xlink:type="locator"/>
  </link:labelLink>
</link:linkbase>
