<?xml version="1.0" encoding="UTF-8" standalone="yes"?>

<link:linkbase xmlns:link="http://www.xbrl.org/2003/linkbase" xmlns:xlink="http://www.w3.org/1999/xlink">
  <link:roleRef roleURI="http://www.xbrl.org/2009/role/negatedLabel" xlink:href="http://www.xbrl.org/lrr/role/negated-2009-12-16.xsd#negatedLabel" xlink:type="simple"/>
  <link:labelLink xlink:role="http://www.xbrl.org/2003/role/link" xlink:type="extended">
    <link:label id="wnt_AgreedPaymentsDueToTermination_label_en" xlink:label="wnt_AgreedPaymentsDueToTermination_label_en" xlink:role="http://www.xbrl.org/2003/role/label" xlink:type="resource" xml:lang="en">Agreed payments due to termination with the exception of benefits arising from a court decision</link:label>
    <link:label id="wnt_OtherWNTInstitutionsManagingSeniorOfficialsEmployment_label_en" xlink:label="wnt_OtherWNTInstitutionsManagingSeniorOfficialsEmployment_label_en" xlink:role="http://www.xbrl.org/2003/role/label" xlink:type="resource" xml:lang="en">All other WNT Institutions where the employed managing senior officials is also a managing senior official</link:label>
    <link:label id="wnt_AmountExceedingMaximumRemuneration_label_en" xlink:label="wnt_AmountExceedingMaximumRemuneration_label_en" xlink:role="http://www.xbrl.org/2003/role/label" xlink:type="resource" xml:lang="en">Amount exceeding maximum remuneration</link:label>
    <link:label id="wnt_CalendarYear_label_en" xlink:label="wnt_CalendarYear_label_en" xlink:role="http://www.xbrl.org/2003/role/label" xlink:type="resource" xml:lang="en">Calendar year</link:label>
    <link:label id="wnt_Consideration_label_en" xlink:label="wnt_Consideration_label_en" xlink:role="http://www.xbrl.org/2003/role/label" xlink:type="resource" xml:lang="en">Consideration plus taxable expense allowances</link:label>
    <link:label id="wnt_CumulatedRemunerationAntiCumulationApproach_label_en" xlink:label="wnt_CumulatedRemunerationAntiCumulationApproach_label_en" xlink:role="http://www.xbrl.org/2003/role/label" xlink:type="resource" xml:lang="en">Cumulated total remuneration at all institutions concerning anti cumalation approach</link:label>
    <link:label id="wnt_ReceivableUnduePaymentsExplanation_label_en" xlink:label="wnt_ReceivableUnduePaymentsExplanation_label_en" xlink:role="http://www.xbrl.org/2003/role/label" xlink:type="resource" xml:lang="en">Description of the claim for undue payment</link:label>
    <link:label id="wnt_DoubleCounting_label_en" xlink:label="wnt_DoubleCounting_label_en" xlink:role="http://www.xbrl.org/2003/role/label" xlink:type="resource" xml:lang="en">Double counting caused by charges</link:label>
    <link:label id="wnt_DurationOfTheEmploymentDuringTheCalendarYearEndDate_label_en" xlink:label="wnt_DurationOfTheEmploymentDuringTheCalendarYearEndDate_label_en" xlink:role="http://www.xbrl.org/2003/role/label" xlink:type="resource" xml:lang="en">End of the employment during the calender year</link:label>
    <link:label id="wnt_DurationOfTheEmploymentDuringTheFinancialYearEndDate_label_en" xlink:label="wnt_DurationOfTheEmploymentDuringTheFinancialYearEndDate_label_en" xlink:role="http://www.xbrl.org/2003/role/label" xlink:type="resource" xml:lang="en">End of the employment during the financial year</link:label>
    <link:label id="wnt_InclusionErrorsInRemunerationSeniorOfficials_label_en" xlink:label="wnt_InclusionErrorsInRemunerationSeniorOfficials_label_en" xlink:role="http://www.xbrl.org/2003/role/label" xlink:type="resource" xml:lang="en">Error recovery in WNT accountability</link:label>
    <link:label id="wnt_ExistenceOfAnEmploymentRelationship_label_en" xlink:label="wnt_ExistenceOfAnEmploymentRelationship_label_en" xlink:role="http://www.xbrl.org/2003/role/label" xlink:type="resource" xml:lang="en">Existence of an employment relationship? (Yes/No)</link:label>
    <link:label id="wnt_ReasonsAndCauseErrorsInRemuneration_label_en" xlink:label="wnt_ReasonsAndCauseErrorsInRemuneration_label_en" xlink:role="http://www.xbrl.org/2003/role/label" xlink:type="resource" xml:lang="en">Explanation of the difference and cause of error recovery</link:label>
    <link:label id="wnt_ScopeOfTheEmploymentDuringTheFinancialYearInFTE_label_en" xlink:label="wnt_ScopeOfTheEmploymentDuringTheFinancialYearInFTE_label_en" xlink:role="http://www.xbrl.org/2003/role/label" xlink:type="resource" xml:lang="en">Extent of employment as a part-time factor in FTE</link:label>
    <link:label id="wnt_ScopeOfTheEmploymentDuringTheCalendarYearInHours_label_en" xlink:label="wnt_ScopeOfTheEmploymentDuringTheCalendarYearInHours_label_en" xlink:role="http://www.xbrl.org/2003/role/label" xlink:type="resource" xml:lang="en">Extent of employment in hours per calendar year</link:label>
    <link:label id="wnt_IndividualMaximumRemuneration_label_en" xlink:label="wnt_IndividualMaximumRemuneration_label_en" xlink:role="http://www.xbrl.org/2003/role/label" xlink:type="resource" xml:lang="en">Individual applicable remuneration maximum</link:label>
    <link:label id="wnt_IndividualMaximumRemunerationNormAmountsPerMonth_label_en" xlink:label="wnt_IndividualMaximumRemunerationNormAmountsPerMonth_label_en" xlink:role="http://www.xbrl.org/2003/role/label" xlink:type="resource" xml:lang="en">Individual maximum remuneration norm amounts per month</link:label>
    <link:label id="wnt_IndividualMaximumRemunerationPerHour_label_en" xlink:label="wnt_IndividualMaximumRemunerationPerHour_label_en" xlink:role="http://www.xbrl.org/2003/role/label" xlink:type="resource" xml:lang="en">Individual maximum remuneration per hour</link:label>
    <link:label id="wnt_IndividualMaximumPaymentDueToTerminationOfTheEmployment_label_en" xlink:label="wnt_IndividualMaximumPaymentDueToTerminationOfTheEmployment_label_en" xlink:role="http://www.xbrl.org/2003/role/label" xlink:type="resource" xml:lang="en">Individually applicable maximum benefits for termination of employment</link:label>
    <link:label id="wnt_IndividualMaximumDuringFinancialYear_label_en" xlink:label="wnt_IndividualMaximumDuringFinancialYear_label_en" xlink:role="http://www.xbrl.org/2003/role/label" xlink:type="resource" xml:lang="en">Individually applicable remuneration maximum</link:label>
    <link:label id="wnt_JustificationExceedingMaximumRemuneration_label_en" xlink:label="wnt_JustificationExceedingMaximumRemuneration_label_en" xlink:role="http://www.xbrl.org/2003/role/label" xlink:type="resource" xml:lang="en">Justification of exceeding the maximum remuneration</link:label>
    <link:label id="wnt_WntInstitutionActivitiesSeniorOfficer_label_en" xlink:label="wnt_WntInstitutionActivitiesSeniorOfficer_label_en" xlink:role="http://www.xbrl.org/2003/role/label" xlink:type="resource" xml:lang="en">Name WNT institution in respect to activities as senior officer</link:label>
    <link:label id="wnt_WntInstitutionAffiliatedCompanies_label_en" xlink:label="wnt_WntInstitutionAffiliatedCompanies_label_en" xlink:role="http://www.xbrl.org/2003/role/label" xlink:type="resource" xml:lang="en">Name WNT institution in respect to activities of affiliated companies</link:label>
    <link:label id="wnt_WntInstitutionOtherActivitiesSeniorOfficer_label_en" xlink:label="wnt_WntInstitutionOtherActivitiesSeniorOfficer_label_en" xlink:role="http://www.xbrl.org/2003/role/label" xlink:type="resource" xml:lang="en">Name WNT institution in respect to other activities as senior officer</link:label>
    <link:label id="wnt_NameOtherWNTInstitution_label_en" xlink:label="wnt_NameOtherWNTInstitution_label_en" xlink:role="http://www.xbrl.org/2003/role/label" xlink:type="resource" xml:lang="en">Name of the other WNT institution(s) where top official is employed</link:label>
    <link:label id="wnt_MonthsEmploymentDuringFinancialYear_label_en" xlink:label="wnt_MonthsEmploymentDuringFinancialYear_label_en" xlink:role="http://www.xbrl.org/2003/role/label" xlink:type="resource" xml:lang="en">Number of months of employment during the calendar year</link:label>
    <link:label id="wnt_PaymentsDueToTerminationOfTheEmploymentIncludingUnduePayments_label_en" xlink:label="wnt_PaymentsDueToTerminationOfTheEmploymentIncludingUnduePayments_label_en" xlink:role="http://www.xbrl.org/2003/role/label" xlink:type="resource" xml:lang="en">Payments due to termination of the employment including undue payments</link:label>
    <link:label id="wnt_PaymentsMadeInTheFinancialYearDueToTerminationOfTheEmployment_label_en" xlink:label="wnt_PaymentsMadeInTheFinancialYearDueToTerminationOfTheEmployment_label_en" xlink:role="http://www.xbrl.org/2003/role/label" xlink:type="resource" xml:lang="en">Payments made in the financial year due to termination of the employment</link:label>
    <link:label id="wnt_PositionOrPositions_label_en" xlink:label="wnt_PositionOrPositions_label_en" xlink:role="http://www.xbrl.org/2003/role/label" xlink:type="resource" xml:lang="en">Position or positions</link:label>
    <link:label id="wnt_ProvisionsForPostEmploymentBenefits_label_en" xlink:label="wnt_ProvisionsForPostEmploymentBenefits_label_en" xlink:role="http://www.xbrl.org/2003/role/label" xlink:type="resource" xml:lang="en">Provisions for post-employment benefits</link:label>
    <link:label id="wnt_PublicationWNTInTheConsolidatedStatutoryAccounts_label_en" xlink:label="wnt_PublicationWNTInTheConsolidatedStatutoryAccounts_label_en" xlink:role="http://www.xbrl.org/2003/role/label" xlink:type="resource" xml:lang="en">Publication WNT in the consolidated and / or statutory annual accounts or financial statements of one of the other legal entities within the group</link:label>
    <link:label id="wnt_ReasonsForExceedingMaximumAmountOfRemuneration_label_en" xlink:label="wnt_ReasonsForExceedingMaximumAmountOfRemuneration_label_en" xlink:role="http://www.xbrl.org/2003/role/label" xlink:type="resource" xml:lang="en">Reasons for exceeding the maximum amount of remuneration</link:label>
    <link:label id="wnt_ReferenceToTheSeniorOfficialsAndCorrespondingStatutoryEntities_label_en" xlink:label="wnt_ReferenceToTheSeniorOfficialsAndCorrespondingStatutoryEntities_label_en" xlink:role="http://www.xbrl.org/2003/role/label" xlink:type="resource" xml:lang="en">Referral of responsible WNT data to senior official and affiliated legal person(s)</link:label>
    <link:label id="wnt_RemunerationActivitiesSeniorOfficer_label_en" xlink:label="wnt_RemunerationActivitiesSeniorOfficer_label_en" xlink:role="http://www.xbrl.org/2003/role/label" xlink:type="resource" xml:lang="en">Remuneration in respect to activities as senior officer</link:label>
    <link:label id="wnt_RemunerationActivitiesAffiliatedCompanies_label_en" xlink:label="wnt_RemunerationActivitiesAffiliatedCompanies_label_en" xlink:role="http://www.xbrl.org/2003/role/label" xlink:type="resource" xml:lang="en">Remuneration in respect to activities of affiliated companies</link:label>
    <link:label id="wnt_RemunerationOtherActivitiesSeniorOfficer_label_en" xlink:label="wnt_RemunerationOtherActivitiesSeniorOfficer_label_en" xlink:role="http://www.xbrl.org/2003/role/label" xlink:type="resource" xml:lang="en">Remuneration in respect to other activities as senior officer</link:label>
    <link:label id="wnt_RemunerationPaidDuringFinancialYear_label_en" xlink:label="wnt_RemunerationPaidDuringFinancialYear_label_en" xlink:role="http://www.xbrl.org/2003/role/label" xlink:type="resource" xml:lang="en">Remuneration in the relevant period</link:label>
    <link:label id="wnt_RemunerationUnduePayments_label_en" xlink:label="wnt_RemunerationUnduePayments_label_en" xlink:role="http://www.xbrl.org/2003/role/label" xlink:type="resource" xml:lang="en">Remuneration including undue payments</link:label>
    <link:label id="wnt_RemunerationMaximumOrHigherIndividualRemunerationSeniorOfficer_label_en" xlink:label="wnt_RemunerationMaximumOrHigherIndividualRemunerationSeniorOfficer_label_en" xlink:role="http://www.xbrl.org/2003/role/label" xlink:type="resource" xml:lang="en">Remuneration maximum of the institution or allowed higher individual remuneration senior officer</link:label>
    <link:label id="wnt_Remuneration_label_en" xlink:label="wnt_Remuneration_label_en" xlink:role="http://www.xbrl.org/2003/role/label" xlink:type="resource" xml:lang="en">Remuneration</link:label>
    <link:label id="wnt_StartDateEmployment_label_en" xlink:label="wnt_StartDateEmployment_label_en" xlink:role="http://www.xbrl.org/2003/role/label" xlink:type="resource" xml:lang="en">Start date employment</link:label>
    <link:label id="wnt_DurationOfTheEmploymentDuringTheCalendarYearStartDate_label_en" xlink:label="wnt_DurationOfTheEmploymentDuringTheCalendarYearStartDate_label_en" xlink:role="http://www.xbrl.org/2003/role/label" xlink:type="resource" xml:lang="en">Start of the duration of the employment during the calender year</link:label>
    <link:label id="wnt_DurationOfTheEmploymentDuringTheFinancialYearStartDate_label_en" xlink:label="wnt_DurationOfTheEmploymentDuringTheFinancialYearStartDate_label_en" xlink:role="http://www.xbrl.org/2003/role/label" xlink:type="resource" xml:lang="en">Start of the employment during the financial year</link:label>
    <link:label id="wnt_SubtotalRemuneration_label_en" xlink:label="wnt_SubtotalRemuneration_label_en" xlink:role="http://www.xbrl.org/2003/role/label" xlink:type="resource" xml:lang="en">Subtotal remuneration</link:label>
    <link:label id="wnt_ApplicableMaximumRemunerationInstitution_label_en" xlink:label="wnt_ApplicableMaximumRemunerationInstitution_label_en" xlink:role="http://www.xbrl.org/2003/role/label" xlink:type="resource" xml:lang="en">The applicable remuneration maximum for the institution</link:label>
    <link:label id="wnt_NumberOfNonSeniorOfficialsForWhomTotalAmountStatedOfPremiumsContributionsEmployerPaidDeferredFinancingFormOfPurchasingPensionAgreements_label_en" xlink:label="wnt_NumberOfNonSeniorOfficialsForWhomTotalAmountStatedOfPremiumsContributionsEmployerPaidDeferredFinancingFormOfPurchasingPensionAgreements_label_en" xlink:role="http://www.xbrl.org/2003/role/label" xlink:type="resource" xml:lang="en">The number of non-senior officials for whom the total amount is stated of the premiums or contributions from the employer that are paid as deferred financing in the form of purchasing pension agreements</link:label>
    <link:label id="wnt_RemunerationMaximumOrHigherIndividualRemunerationSeniorOfficerAntiAccumulation_label_en" xlink:label="wnt_RemunerationMaximumOrHigherIndividualRemunerationSeniorOfficerAntiAccumulation_label_en" xlink:role="http://www.xbrl.org/2003/role/label" xlink:type="resource" xml:lang="en">The remuneration maximum or higher individual remuneration than the remuneration maximum</link:label>
    <link:label id="wnt_TotalAmountPremiumsContributionsEmployerPaidDeferredFinancingFormOfPurchasingPensionAgreements_label_en" xlink:label="wnt_TotalAmountPremiumsContributionsEmployerPaidDeferredFinancingFormOfPurchasingPensionAgreements_label_en" xlink:role="http://www.xbrl.org/2003/role/label" xlink:type="resource" xml:lang="en">Total amount of premiums or contributions from the employer, which are paid as deferred financing in the form of purchasing pension agreements</link:label>
    <link:label id="wnt_TotalRemunerationDuringFinancialYear_label_en" xlink:label="wnt_TotalRemunerationDuringFinancialYear_label_en" xlink:role="http://www.xbrl.org/2003/role/label" xlink:type="resource" xml:lang="en">Total remuneration for entire period calendar month 1 to 12</link:label>
    <link:label id="wnt_TotalRemunerationPerInstitution_label_en" xlink:label="wnt_TotalRemunerationPerInstitution_label_en" xlink:role="http://www.xbrl.org/2003/role/label" xlink:type="resource" xml:lang="en">Total remuneration per institution amounts x € 1</link:label>
    <link:label id="wnt_UnduePayments_label_en" xlink:label="wnt_UnduePayments_label_en" xlink:role="http://www.xbrl.org/2003/role/label" xlink:type="resource" xml:lang="en">Undue payments and amounts not yet received</link:label>
    <link:label id="wnt_YearOfTerminationOfTheEmployment_label_en" xlink:label="wnt_YearOfTerminationOfTheEmployment_label_en" xlink:role="http://www.xbrl.org/2003/role/label" xlink:type="resource" xml:lang="en">Year of termination of the employment</link:label>
    <link:labelArc xlink:arcrole="http://www.xbrl.org/2003/arcrole/concept-label" xlink:from="wnt_AgreedPaymentsDueToTermination_loc" xlink:to="wnt_AgreedPaymentsDueToTermination_label_en" xlink:type="arc"/>
    <link:labelArc xlink:arcrole="http://www.xbrl.org/2003/arcrole/concept-label" xlink:from="wnt_AmountExceedingMaximumRemuneration_loc" xlink:to="wnt_AmountExceedingMaximumRemuneration_label_en" xlink:type="arc"/>
    <link:labelArc xlink:arcrole="http://www.xbrl.org/2003/arcrole/concept-label" xlink:from="wnt_ApplicableMaximumRemunerationInstitution_loc" xlink:to="wnt_ApplicableMaximumRemunerationInstitution_label_en" xlink:type="arc"/>
    <link:labelArc xlink:arcrole="http://www.xbrl.org/2003/arcrole/concept-label" xlink:from="wnt_CalendarYear_loc" xlink:to="wnt_CalendarYear_label_en" xlink:type="arc"/>
    <link:labelArc xlink:arcrole="http://www.xbrl.org/2003/arcrole/concept-label" xlink:from="wnt_Consideration_loc" xlink:to="wnt_Consideration_label_en" xlink:type="arc"/>
    <link:labelArc xlink:arcrole="http://www.xbrl.org/2003/arcrole/concept-label" xlink:from="wnt_CumulatedRemunerationAntiCumulationApproach_loc" xlink:to="wnt_CumulatedRemunerationAntiCumulationApproach_label_en" xlink:type="arc"/>
    <link:labelArc xlink:arcrole="http://www.xbrl.org/2003/arcrole/concept-label" xlink:from="wnt_DoubleCounting_loc" xlink:to="wnt_DoubleCounting_label_en" xlink:type="arc"/>
    <link:labelArc xlink:arcrole="http://www.xbrl.org/2003/arcrole/concept-label" xlink:from="wnt_DurationOfTheEmploymentDuringTheCalendarYearEndDate_loc" xlink:to="wnt_DurationOfTheEmploymentDuringTheCalendarYearEndDate_label_en" xlink:type="arc"/>
    <link:labelArc xlink:arcrole="http://www.xbrl.org/2003/arcrole/concept-label" xlink:from="wnt_DurationOfTheEmploymentDuringTheCalendarYearStartDate_loc" xlink:to="wnt_DurationOfTheEmploymentDuringTheCalendarYearStartDate_label_en" xlink:type="arc"/>
    <link:labelArc xlink:arcrole="http://www.xbrl.org/2003/arcrole/concept-label" xlink:from="wnt_DurationOfTheEmploymentDuringTheFinancialYearEndDate_loc" xlink:to="wnt_DurationOfTheEmploymentDuringTheFinancialYearEndDate_label_en" xlink:type="arc"/>
    <link:labelArc xlink:arcrole="http://www.xbrl.org/2003/arcrole/concept-label" xlink:from="wnt_DurationOfTheEmploymentDuringTheFinancialYearStartDate_loc" xlink:to="wnt_DurationOfTheEmploymentDuringTheFinancialYearStartDate_label_en" xlink:type="arc"/>
    <link:labelArc xlink:arcrole="http://www.xbrl.org/2003/arcrole/concept-label" xlink:from="wnt_ExistenceOfAnEmploymentRelationship_loc" xlink:to="wnt_ExistenceOfAnEmploymentRelationship_label_en" xlink:type="arc"/>
    <link:labelArc xlink:arcrole="http://www.xbrl.org/2003/arcrole/concept-label" xlink:from="wnt_InclusionErrorsInRemunerationSeniorOfficials_loc" xlink:to="wnt_InclusionErrorsInRemunerationSeniorOfficials_label_en" xlink:type="arc"/>
    <link:labelArc xlink:arcrole="http://www.xbrl.org/2003/arcrole/concept-label" xlink:from="wnt_IndividualMaximumDuringFinancialYear_loc" xlink:to="wnt_IndividualMaximumDuringFinancialYear_label_en" xlink:type="arc"/>
    <link:labelArc xlink:arcrole="http://www.xbrl.org/2003/arcrole/concept-label" xlink:from="wnt_IndividualMaximumPaymentDueToTerminationOfTheEmployment_loc" xlink:to="wnt_IndividualMaximumPaymentDueToTerminationOfTheEmployment_label_en" xlink:type="arc"/>
    <link:labelArc xlink:arcrole="http://www.xbrl.org/2003/arcrole/concept-label" xlink:from="wnt_IndividualMaximumRemunerationNormAmountsPerMonth_loc" xlink:to="wnt_IndividualMaximumRemunerationNormAmountsPerMonth_label_en" xlink:type="arc"/>
    <link:labelArc xlink:arcrole="http://www.xbrl.org/2003/arcrole/concept-label" xlink:from="wnt_IndividualMaximumRemunerationPerHour_loc" xlink:to="wnt_IndividualMaximumRemunerationPerHour_label_en" xlink:type="arc"/>
    <link:labelArc xlink:arcrole="http://www.xbrl.org/2003/arcrole/concept-label" xlink:from="wnt_IndividualMaximumRemuneration_loc" xlink:to="wnt_IndividualMaximumRemuneration_label_en" xlink:type="arc"/>
    <link:labelArc xlink:arcrole="http://www.xbrl.org/2003/arcrole/concept-label" xlink:from="wnt_JustificationExceedingMaximumRemuneration_loc" xlink:to="wnt_JustificationExceedingMaximumRemuneration_label_en" xlink:type="arc"/>
    <link:labelArc xlink:arcrole="http://www.xbrl.org/2003/arcrole/concept-label" xlink:from="wnt_MonthsEmploymentDuringFinancialYear_loc" xlink:to="wnt_MonthsEmploymentDuringFinancialYear_label_en" xlink:type="arc"/>
    <link:labelArc xlink:arcrole="http://www.xbrl.org/2003/arcrole/concept-label" xlink:from="wnt_NameOtherWNTInstitution_loc" xlink:to="wnt_NameOtherWNTInstitution_label_en" xlink:type="arc"/>
    <link:labelArc xlink:arcrole="http://www.xbrl.org/2003/arcrole/concept-label" xlink:from="wnt_NumberOfNonSeniorOfficialsForWhomTotalAmountStatedOfPremiumsContributionsEmployerPaidDeferredFinancingFormOfPurchasingPensionAgreements_loc" xlink:to="wnt_NumberOfNonSeniorOfficialsForWhomTotalAmountStatedOfPremiumsContributionsEmployerPaidDeferredFinancingFormOfPurchasingPensionAgreements_label_en" xlink:type="arc"/>
    <link:labelArc xlink:arcrole="http://www.xbrl.org/2003/arcrole/concept-label" xlink:from="wnt_OtherWNTInstitutionsManagingSeniorOfficialsEmployment_loc" xlink:to="wnt_OtherWNTInstitutionsManagingSeniorOfficialsEmployment_label_en" xlink:type="arc"/>
    <link:labelArc xlink:arcrole="http://www.xbrl.org/2003/arcrole/concept-label" xlink:from="wnt_PaymentsDueToTerminationOfTheEmploymentIncludingUnduePayments_loc" xlink:to="wnt_PaymentsDueToTerminationOfTheEmploymentIncludingUnduePayments_label_en" xlink:type="arc"/>
    <link:labelArc xlink:arcrole="http://www.xbrl.org/2003/arcrole/concept-label" xlink:from="wnt_PaymentsMadeInTheFinancialYearDueToTerminationOfTheEmployment_loc" xlink:to="wnt_PaymentsMadeInTheFinancialYearDueToTerminationOfTheEmployment_label_en" xlink:type="arc"/>
    <link:labelArc xlink:arcrole="http://www.xbrl.org/2003/arcrole/concept-label" xlink:from="wnt_PositionOrPositions_loc" xlink:to="wnt_PositionOrPositions_label_en" xlink:type="arc"/>
    <link:labelArc xlink:arcrole="http://www.xbrl.org/2003/arcrole/concept-label" xlink:from="wnt_ProvisionsForPostEmploymentBenefits_loc" xlink:to="wnt_ProvisionsForPostEmploymentBenefits_label_en" xlink:type="arc"/>
    <link:labelArc xlink:arcrole="http://www.xbrl.org/2003/arcrole/concept-label" xlink:from="wnt_PublicationWNTInTheConsolidatedStatutoryAccounts_loc" xlink:to="wnt_PublicationWNTInTheConsolidatedStatutoryAccounts_label_en" xlink:type="arc"/>
    <link:labelArc xlink:arcrole="http://www.xbrl.org/2003/arcrole/concept-label" xlink:from="wnt_ReasonsAndCauseErrorsInRemuneration_loc" xlink:to="wnt_ReasonsAndCauseErrorsInRemuneration_label_en" xlink:type="arc"/>
    <link:labelArc xlink:arcrole="http://www.xbrl.org/2003/arcrole/concept-label" xlink:from="wnt_ReasonsForExceedingMaximumAmountOfRemuneration_loc" xlink:to="wnt_ReasonsForExceedingMaximumAmountOfRemuneration_label_en" xlink:type="arc"/>
    <link:labelArc xlink:arcrole="http://www.xbrl.org/2003/arcrole/concept-label" xlink:from="wnt_ReceivableUnduePaymentsExplanation_loc" xlink:to="wnt_ReceivableUnduePaymentsExplanation_label_en" xlink:type="arc"/>
    <link:labelArc xlink:arcrole="http://www.xbrl.org/2003/arcrole/concept-label" xlink:from="wnt_ReferenceToTheSeniorOfficialsAndCorrespondingStatutoryEntities_loc" xlink:to="wnt_ReferenceToTheSeniorOfficialsAndCorrespondingStatutoryEntities_label_en" xlink:type="arc"/>
    <link:labelArc xlink:arcrole="http://www.xbrl.org/2003/arcrole/concept-label" xlink:from="wnt_RemunerationActivitiesAffiliatedCompanies_loc" xlink:to="wnt_RemunerationActivitiesAffiliatedCompanies_label_en" xlink:type="arc"/>
    <link:labelArc xlink:arcrole="http://www.xbrl.org/2003/arcrole/concept-label" xlink:from="wnt_RemunerationActivitiesSeniorOfficer_loc" xlink:to="wnt_RemunerationActivitiesSeniorOfficer_label_en" xlink:type="arc"/>
    <link:labelArc xlink:arcrole="http://www.xbrl.org/2003/arcrole/concept-label" xlink:from="wnt_RemunerationMaximumOrHigherIndividualRemunerationSeniorOfficerAntiAccumulation_loc" xlink:to="wnt_RemunerationMaximumOrHigherIndividualRemunerationSeniorOfficerAntiAccumulation_label_en" xlink:type="arc"/>
    <link:labelArc xlink:arcrole="http://www.xbrl.org/2003/arcrole/concept-label" xlink:from="wnt_RemunerationMaximumOrHigherIndividualRemunerationSeniorOfficer_loc" xlink:to="wnt_RemunerationMaximumOrHigherIndividualRemunerationSeniorOfficer_label_en" xlink:type="arc"/>
    <link:labelArc xlink:arcrole="http://www.xbrl.org/2003/arcrole/concept-label" xlink:from="wnt_RemunerationOtherActivitiesSeniorOfficer_loc" xlink:to="wnt_RemunerationOtherActivitiesSeniorOfficer_label_en" xlink:type="arc"/>
    <link:labelArc xlink:arcrole="http://www.xbrl.org/2003/arcrole/concept-label" xlink:from="wnt_RemunerationPaidDuringFinancialYear_loc" xlink:to="wnt_RemunerationPaidDuringFinancialYear_label_en" xlink:type="arc"/>
    <link:labelArc xlink:arcrole="http://www.xbrl.org/2003/arcrole/concept-label" xlink:from="wnt_RemunerationUnduePayments_loc" xlink:to="wnt_RemunerationUnduePayments_label_en" xlink:type="arc"/>
    <link:labelArc xlink:arcrole="http://www.xbrl.org/2003/arcrole/concept-label" xlink:from="wnt_Remuneration_loc" xlink:to="wnt_Remuneration_label_en" xlink:type="arc"/>
    <link:labelArc xlink:arcrole="http://www.xbrl.org/2003/arcrole/concept-label" xlink:from="wnt_ScopeOfTheEmploymentDuringTheCalendarYearInHours_loc" xlink:to="wnt_ScopeOfTheEmploymentDuringTheCalendarYearInHours_label_en" xlink:type="arc"/>
    <link:labelArc xlink:arcrole="http://www.xbrl.org/2003/arcrole/concept-label" xlink:from="wnt_ScopeOfTheEmploymentDuringTheFinancialYearInFTE_loc" xlink:to="wnt_ScopeOfTheEmploymentDuringTheFinancialYearInFTE_label_en" xlink:type="arc"/>
    <link:labelArc xlink:arcrole="http://www.xbrl.org/2003/arcrole/concept-label" xlink:from="wnt_StartDateEmployment_loc" xlink:to="wnt_StartDateEmployment_label_en" xlink:type="arc"/>
    <link:labelArc xlink:arcrole="http://www.xbrl.org/2003/arcrole/concept-label" xlink:from="wnt_SubtotalRemuneration_loc" xlink:to="wnt_SubtotalRemuneration_label_en" xlink:type="arc"/>
    <link:labelArc xlink:arcrole="http://www.xbrl.org/2003/arcrole/concept-label" xlink:from="wnt_TotalAmountPremiumsContributionsEmployerPaidDeferredFinancingFormOfPurchasingPensionAgreements_loc" xlink:to="wnt_TotalAmountPremiumsContributionsEmployerPaidDeferredFinancingFormOfPurchasingPensionAgreements_label_en" xlink:type="arc"/>
    <link:labelArc xlink:arcrole="http://www.xbrl.org/2003/arcrole/concept-label" xlink:from="wnt_TotalRemunerationDuringFinancialYear_loc" xlink:to="wnt_TotalRemunerationDuringFinancialYear_label_en" xlink:type="arc"/>
    <link:labelArc xlink:arcrole="http://www.xbrl.org/2003/arcrole/concept-label" xlink:from="wnt_TotalRemunerationPerInstitution_loc" xlink:to="wnt_TotalRemunerationPerInstitution_label_en" xlink:type="arc"/>
    <link:labelArc xlink:arcrole="http://www.xbrl.org/2003/arcrole/concept-label" xlink:from="wnt_UnduePayments_loc" xlink:to="wnt_UnduePayments_label_en" xlink:type="arc"/>
    <link:labelArc xlink:arcrole="http://www.xbrl.org/2003/arcrole/concept-label" xlink:from="wnt_WntInstitutionActivitiesSeniorOfficer_loc" xlink:to="wnt_WntInstitutionActivitiesSeniorOfficer_label_en" xlink:type="arc"/>
    <link:labelArc xlink:arcrole="http://www.xbrl.org/2003/arcrole/concept-label" xlink:from="wnt_WntInstitutionAffiliatedCompanies_loc" xlink:to="wnt_WntInstitutionAffiliatedCompanies_label_en" xlink:type="arc"/>
    <link:labelArc xlink:arcrole="http://www.xbrl.org/2003/arcrole/concept-label" xlink:from="wnt_WntInstitutionOtherActivitiesSeniorOfficer_loc" xlink:to="wnt_WntInstitutionOtherActivitiesSeniorOfficer_label_en" xlink:type="arc"/>
    <link:labelArc xlink:arcrole="http://www.xbrl.org/2003/arcrole/concept-label" xlink:from="wnt_YearOfTerminationOfTheEmployment_loc" xlink:to="wnt_YearOfTerminationOfTheEmployment_label_en" xlink:type="arc"/>
    <link:loc xlink:href="wnt-cor.xsd#wnt_AgreedPaymentsDueToTermination" xlink:label="wnt_AgreedPaymentsDueToTermination_loc" xlink:type="locator"/>
    <link:loc xlink:href="wnt-cor.xsd#wnt_AmountExceedingMaximumRemuneration" xlink:label="wnt_AmountExceedingMaximumRemuneration_loc" xlink:type="locator"/>
    <link:loc xlink:href="wnt-cor.xsd#wnt_ApplicableMaximumRemunerationInstitution" xlink:label="wnt_ApplicableMaximumRemunerationInstitution_loc" xlink:type="locator"/>
    <link:loc xlink:href="wnt-cor.xsd#wnt_CalendarYear" xlink:label="wnt_CalendarYear_loc" xlink:type="locator"/>
    <link:loc xlink:href="wnt-cor.xsd#wnt_Consideration" xlink:label="wnt_Consideration_loc" xlink:type="locator"/>
    <link:loc xlink:href="wnt-cor.xsd#wnt_CumulatedRemunerationAntiCumulationApproach" xlink:label="wnt_CumulatedRemunerationAntiCumulationApproach_loc" xlink:type="locator"/>
    <link:loc xlink:href="wnt-cor.xsd#wnt_DoubleCounting" xlink:label="wnt_DoubleCounting_loc" xlink:type="locator"/>
    <link:loc xlink:href="wnt-cor.xsd#wnt_DurationOfTheEmploymentDuringTheCalendarYearEndDate" xlink:label="wnt_DurationOfTheEmploymentDuringTheCalendarYearEndDate_loc" xlink:type="locator"/>
    <link:loc xlink:href="wnt-cor.xsd#wnt_DurationOfTheEmploymentDuringTheCalendarYearStartDate" xlink:label="wnt_DurationOfTheEmploymentDuringTheCalendarYearStartDate_loc" xlink:type="locator"/>
    <link:loc xlink:href="wnt-cor.xsd#wnt_DurationOfTheEmploymentDuringTheFinancialYearEndDate" xlink:label="wnt_DurationOfTheEmploymentDuringTheFinancialYearEndDate_loc" xlink:type="locator"/>
    <link:loc xlink:href="wnt-cor.xsd#wnt_DurationOfTheEmploymentDuringTheFinancialYearStartDate" xlink:label="wnt_DurationOfTheEmploymentDuringTheFinancialYearStartDate_loc" xlink:type="locator"/>
    <link:loc xlink:href="wnt-cor.xsd#wnt_ExistenceOfAnEmploymentRelationship" xlink:label="wnt_ExistenceOfAnEmploymentRelationship_loc" xlink:type="locator"/>
    <link:loc xlink:href="wnt-cor.xsd#wnt_InclusionErrorsInRemunerationSeniorOfficials" xlink:label="wnt_InclusionErrorsInRemunerationSeniorOfficials_loc" xlink:type="locator"/>
    <link:loc xlink:href="wnt-cor.xsd#wnt_IndividualMaximumDuringFinancialYear" xlink:label="wnt_IndividualMaximumDuringFinancialYear_loc" xlink:type="locator"/>
    <link:loc xlink:href="wnt-cor.xsd#wnt_IndividualMaximumPaymentDueToTerminationOfTheEmployment" xlink:label="wnt_IndividualMaximumPaymentDueToTerminationOfTheEmployment_loc" xlink:type="locator"/>
    <link:loc xlink:href="wnt-cor.xsd#wnt_IndividualMaximumRemunerationNormAmountsPerMonth" xlink:label="wnt_IndividualMaximumRemunerationNormAmountsPerMonth_loc" xlink:type="locator"/>
    <link:loc xlink:href="wnt-cor.xsd#wnt_IndividualMaximumRemunerationPerHour" xlink:label="wnt_IndividualMaximumRemunerationPerHour_loc" xlink:type="locator"/>
    <link:loc xlink:href="wnt-cor.xsd#wnt_IndividualMaximumRemuneration" xlink:label="wnt_IndividualMaximumRemuneration_loc" xlink:type="locator"/>
    <link:loc xlink:href="wnt-cor.xsd#wnt_JustificationExceedingMaximumRemuneration" xlink:label="wnt_JustificationExceedingMaximumRemuneration_loc" xlink:type="locator"/>
    <link:loc xlink:href="wnt-cor.xsd#wnt_MonthsEmploymentDuringFinancialYear" xlink:label="wnt_MonthsEmploymentDuringFinancialYear_loc" xlink:type="locator"/>
    <link:loc xlink:href="wnt-cor.xsd#wnt_NameOtherWNTInstitution" xlink:label="wnt_NameOtherWNTInstitution_loc" xlink:type="locator"/>
    <link:loc xlink:href="wnt-cor.xsd#wnt_NumberOfNonSeniorOfficialsForWhomTotalAmountStatedOfPremiumsContributionsEmployerPaidDeferredFinancingFormOfPurchasingPensionAgreements" xlink:label="wnt_NumberOfNonSeniorOfficialsForWhomTotalAmountStatedOfPremiumsContributionsEmployerPaidDeferredFinancingFormOfPurchasingPensionAgreements_loc" xlink:type="locator"/>
    <link:loc xlink:href="wnt-cor.xsd#wnt_OtherWNTInstitutionsManagingSeniorOfficialsEmployment" xlink:label="wnt_OtherWNTInstitutionsManagingSeniorOfficialsEmployment_loc" xlink:type="locator"/>
    <link:loc xlink:href="wnt-cor.xsd#wnt_PaymentsDueToTerminationOfTheEmploymentIncludingUnduePayments" xlink:label="wnt_PaymentsDueToTerminationOfTheEmploymentIncludingUnduePayments_loc" xlink:type="locator"/>
    <link:loc xlink:href="wnt-cor.xsd#wnt_PaymentsMadeInTheFinancialYearDueToTerminationOfTheEmployment" xlink:label="wnt_PaymentsMadeInTheFinancialYearDueToTerminationOfTheEmployment_loc" xlink:type="locator"/>
    <link:loc xlink:href="wnt-cor.xsd#wnt_PositionOrPositions" xlink:label="wnt_PositionOrPositions_loc" xlink:type="locator"/>
    <link:loc xlink:href="wnt-cor.xsd#wnt_ProvisionsForPostEmploymentBenefits" xlink:label="wnt_ProvisionsForPostEmploymentBenefits_loc" xlink:type="locator"/>
    <link:loc xlink:href="wnt-cor.xsd#wnt_PublicationWNTInTheConsolidatedStatutoryAccounts" xlink:label="wnt_PublicationWNTInTheConsolidatedStatutoryAccounts_loc" xlink:type="locator"/>
    <link:loc xlink:href="wnt-cor.xsd#wnt_ReasonsAndCauseErrorsInRemuneration" xlink:label="wnt_ReasonsAndCauseErrorsInRemuneration_loc" xlink:type="locator"/>
    <link:loc xlink:href="wnt-cor.xsd#wnt_ReasonsForExceedingMaximumAmountOfRemuneration" xlink:label="wnt_ReasonsForExceedingMaximumAmountOfRemuneration_loc" xlink:type="locator"/>
    <link:loc xlink:href="wnt-cor.xsd#wnt_ReceivableUnduePaymentsExplanation" xlink:label="wnt_ReceivableUnduePaymentsExplanation_loc" xlink:type="locator"/>
    <link:loc xlink:href="wnt-cor.xsd#wnt_ReferenceToTheSeniorOfficialsAndCorrespondingStatutoryEntities" xlink:label="wnt_ReferenceToTheSeniorOfficialsAndCorrespondingStatutoryEntities_loc" xlink:type="locator"/>
    <link:loc xlink:href="wnt-cor.xsd#wnt_RemunerationActivitiesAffiliatedCompanies" xlink:label="wnt_RemunerationActivitiesAffiliatedCompanies_loc" xlink:type="locator"/>
    <link:loc xlink:href="wnt-cor.xsd#wnt_RemunerationActivitiesSeniorOfficer" xlink:label="wnt_RemunerationActivitiesSeniorOfficer_loc" xlink:type="locator"/>
    <link:loc xlink:href="wnt-cor.xsd#wnt_RemunerationMaximumOrHigherIndividualRemunerationSeniorOfficerAntiAccumulation" xlink:label="wnt_RemunerationMaximumOrHigherIndividualRemunerationSeniorOfficerAntiAccumulation_loc" xlink:type="locator"/>
    <link:loc xlink:href="wnt-cor.xsd#wnt_RemunerationMaximumOrHigherIndividualRemunerationSeniorOfficer" xlink:label="wnt_RemunerationMaximumOrHigherIndividualRemunerationSeniorOfficer_loc" xlink:type="locator"/>
    <link:loc xlink:href="wnt-cor.xsd#wnt_RemunerationOtherActivitiesSeniorOfficer" xlink:label="wnt_RemunerationOtherActivitiesSeniorOfficer_loc" xlink:type="locator"/>
    <link:loc xlink:href="wnt-cor.xsd#wnt_RemunerationPaidDuringFinancialYear" xlink:label="wnt_RemunerationPaidDuringFinancialYear_loc" xlink:type="locator"/>
    <link:loc xlink:href="wnt-cor.xsd#wnt_RemunerationUnduePayments" xlink:label="wnt_RemunerationUnduePayments_loc" xlink:type="locator"/>
    <link:loc xlink:href="wnt-cor.xsd#wnt_Remuneration" xlink:label="wnt_Remuneration_loc" xlink:type="locator"/>
    <link:loc xlink:href="wnt-cor.xsd#wnt_ScopeOfTheEmploymentDuringTheCalendarYearInHours" xlink:label="wnt_ScopeOfTheEmploymentDuringTheCalendarYearInHours_loc" xlink:type="locator"/>
    <link:loc xlink:href="wnt-cor.xsd#wnt_ScopeOfTheEmploymentDuringTheFinancialYearInFTE" xlink:label="wnt_ScopeOfTheEmploymentDuringTheFinancialYearInFTE_loc" xlink:type="locator"/>
    <link:loc xlink:href="wnt-cor.xsd#wnt_StartDateEmployment" xlink:label="wnt_StartDateEmployment_loc" xlink:type="locator"/>
    <link:loc xlink:href="wnt-cor.xsd#wnt_SubtotalRemuneration" xlink:label="wnt_SubtotalRemuneration_loc" xlink:type="locator"/>
    <link:loc xlink:href="wnt-cor.xsd#wnt_TotalAmountPremiumsContributionsEmployerPaidDeferredFinancingFormOfPurchasingPensionAgreements" xlink:label="wnt_TotalAmountPremiumsContributionsEmployerPaidDeferredFinancingFormOfPurchasingPensionAgreements_loc" xlink:type="locator"/>
    <link:loc xlink:href="wnt-cor.xsd#wnt_TotalRemunerationDuringFinancialYear" xlink:label="wnt_TotalRemunerationDuringFinancialYear_loc" xlink:type="locator"/>
    <link:loc xlink:href="wnt-cor.xsd#wnt_TotalRemunerationPerInstitution" xlink:label="wnt_TotalRemunerationPerInstitution_loc" xlink:type="locator"/>
    <link:loc xlink:href="wnt-cor.xsd#wnt_UnduePayments" xlink:label="wnt_UnduePayments_loc" xlink:type="locator"/>
    <link:loc xlink:href="wnt-cor.xsd#wnt_WntInstitutionActivitiesSeniorOfficer" xlink:label="wnt_WntInstitutionActivitiesSeniorOfficer_loc" xlink:type="locator"/>
    <link:loc xlink:href="wnt-cor.xsd#wnt_WntInstitutionAffiliatedCompanies" xlink:label="wnt_WntInstitutionAffiliatedCompanies_loc" xlink:type="locator"/>
    <link:loc xlink:href="wnt-cor.xsd#wnt_WntInstitutionOtherActivitiesSeniorOfficer" xlink:label="wnt_WntInstitutionOtherActivitiesSeniorOfficer_loc" xlink:type="locator"/>
    <link:loc xlink:href="wnt-cor.xsd#wnt_YearOfTerminationOfTheEmployment" xlink:label="wnt_YearOfTerminationOfTheEmployment_loc" xlink:type="locator"/>
	
    <link:label id="wnt_ExistenceOfAnEmploymentRelationship_documentation_en" xlink:label="wnt_ExistenceOfAnEmploymentRelationship_documentation_en" xlink:role="http://www.xbrl.org/2003/role/documentation" xlink:type="resource" xml:lang="en">An employment relationship exists in the event of a real or fictitious employment relationship.</link:label>
    <link:label id="wnt_PositionOrPositions_documentation_en" xlink:label="wnt_PositionOrPositions_documentation_en" xlink:role="http://www.xbrl.org/2003/role/documentation" xlink:type="resource" xml:lang="en">Description of the position held by the senior official.</link:label>
    <link:label id="wnt_ReasonsForExceedingMaximumAmountOfRemuneration_documentation_en" xlink:label="wnt_ReasonsForExceedingMaximumAmountOfRemuneration_documentation_en" xlink:role="http://www.xbrl.org/2003/role/documentation" xlink:type="resource" xml:lang="en">Description of the reasons for exceeding the maximum amount of remuneration.</link:label>
    <link:label id="wnt_YearOfTerminationOfTheEmployment_documentation_en" xlink:label="wnt_YearOfTerminationOfTheEmployment_documentation_en" xlink:role="http://www.xbrl.org/2003/role/documentation" xlink:type="resource" xml:lang="en">Indication of the year of termination of the employment.</link:label>
    <link:label id="wnt_RemunerationUnduePayments_documentation_en" xlink:label="wnt_RemunerationUnduePayments_documentation_en" xlink:role="http://www.xbrl.org/2003/role/documentation" xlink:type="resource" xml:lang="en">The amount of remuneration including any undue payments.</link:label>
    <link:label id="wnt_UnduePayments_documentation_en" xlink:label="wnt_UnduePayments_documentation_en" xlink:role="http://www.xbrl.org/2003/role/documentation" xlink:type="resource" xml:lang="en">The amount of undue payments that have not been repaid at year-end.</link:label>
    <link:label id="wnt_IndividualMaximumPaymentDueToTerminationOfTheEmployment_documentation_en" xlink:label="wnt_IndividualMaximumPaymentDueToTerminationOfTheEmployment_documentation_en" xlink:role="http://www.xbrl.org/2003/role/documentation" xlink:type="resource" xml:lang="en">The applicable maximum amount for individual payments due to termination of the employment.</link:label>
    <link:label id="wnt_IndividualMaximumRemuneration_documentation_en" xlink:label="wnt_IndividualMaximumRemuneration_documentation_en" xlink:role="http://www.xbrl.org/2003/role/documentation" xlink:type="resource" xml:lang="en">The applicable maximum amount for individual remuneration.</link:label>
    <link:label id="wnt_IndividualMaximumRemunerationPerHour_documentation_en" xlink:label="wnt_IndividualMaximumRemunerationPerHour_documentation_en" xlink:role="http://www.xbrl.org/2003/role/documentation" xlink:type="resource" xml:lang="en">The applicable maximum amount per hour for individual remuneration.</link:label>
    <link:label id="wnt_PaymentsDueToTerminationOfTheEmploymentIncludingUnduePayments_documentation_en" xlink:label="wnt_PaymentsDueToTerminationOfTheEmploymentIncludingUnduePayments_documentation_en" xlink:role="http://www.xbrl.org/2003/role/documentation" xlink:type="resource" xml:lang="en">The payments due to termination of the employment including any undue payments.</link:label>
    <link:label id="wnt_ScopeOfTheEmploymentDuringTheFinancialYearInFTE_documentation_en" xlink:label="wnt_ScopeOfTheEmploymentDuringTheFinancialYearInFTE_documentation_en" xlink:role="http://www.xbrl.org/2003/role/documentation" xlink:type="resource" xml:lang="en">The scope of the employment during the financial year measures in FTE (fulltime-equivalent).</link:label>
    <link:label id="wnt_ScopeOfTheEmploymentDuringTheCalendarYearInHours_documentation_en" xlink:label="wnt_ScopeOfTheEmploymentDuringTheCalendarYearInHours_documentation_en" xlink:role="http://www.xbrl.org/2003/role/documentation" xlink:type="resource" xml:lang="en">The scope of the employment in hours per calendar year.</link:label>
    <link:label id="wnt_PaymentsMadeInTheFinancialYearDueToTerminationOfTheEmployment_documentation_en" xlink:label="wnt_PaymentsMadeInTheFinancialYearDueToTerminationOfTheEmployment_documentation_en" xlink:role="http://www.xbrl.org/2003/role/documentation" xlink:type="resource" xml:lang="en">The total of payments made upon termination of the employment and post-employment benefits relating to the termination of the employment, with the exception of payments resulting from a collective agreement declared compulsorily applicable or a legal provision.</link:label>
    <link:label id="wnt_RemunerationPaidDuringFinancialYear_documentation_en" xlink:label="wnt_RemunerationPaidDuringFinancialYear_documentation_en" xlink:role="http://www.xbrl.org/2003/role/documentation" xlink:type="resource" xml:lang="en">The total of the consideration, the taxable fixed and variable expense allowances and the post-employment benefits, with the exception of turnover tax, or, if duties are performed other than on the basis of an employment relationship, the total of the fees for the performance of the duties, with the exception of the fees that would be tax-free if duties were performed on the basis of an employment relationship, and with the exception of turnover tax during the financial year.</link:label>
    <link:label id="wnt_Remuneration_documentation_en" xlink:label="wnt_Remuneration_documentation_en" xlink:role="http://www.xbrl.org/2003/role/documentation" xlink:type="resource" xml:lang="en">The total of the consideration, the taxable fixed and variable expense allowances and the post-employment benefits, with the exception of turnover tax, or, if duties are performed other than on the basis of an employment relationship, the total of the fees for the performance of the duties, with the exception of the fees that would be tax-free if duties were performed on the basis of an employment relationship, and with the exception of turnover tax.</link:label>
    <link:label id="wnt_Consideration_documentation_en" xlink:label="wnt_Consideration_documentation_en" xlink:role="http://www.xbrl.org/2003/role/documentation" xlink:type="resource" xml:lang="en">The total of the regular salaries paid and profit-sharing and bonus payments.</link:label>
    <link:labelArc xlink:arcrole="http://www.xbrl.org/2003/arcrole/concept-label" xlink:from="wnt_Consideration_loc" xlink:to="wnt_Consideration_documentation_en" xlink:type="arc"/>
    <link:labelArc xlink:arcrole="http://www.xbrl.org/2003/arcrole/concept-label" xlink:from="wnt_ExistenceOfAnEmploymentRelationship_loc" xlink:to="wnt_ExistenceOfAnEmploymentRelationship_documentation_en" xlink:type="arc"/>
    <link:labelArc xlink:arcrole="http://www.xbrl.org/2003/arcrole/concept-label" xlink:from="wnt_IndividualMaximumPaymentDueToTerminationOfTheEmployment_loc" xlink:to="wnt_IndividualMaximumPaymentDueToTerminationOfTheEmployment_documentation_en" xlink:type="arc"/>
    <link:labelArc xlink:arcrole="http://www.xbrl.org/2003/arcrole/concept-label" xlink:from="wnt_IndividualMaximumRemunerationPerHour_loc" xlink:to="wnt_IndividualMaximumRemunerationPerHour_documentation_en" xlink:type="arc"/>
    <link:labelArc xlink:arcrole="http://www.xbrl.org/2003/arcrole/concept-label" xlink:from="wnt_IndividualMaximumRemuneration_loc" xlink:to="wnt_IndividualMaximumRemuneration_documentation_en" xlink:type="arc"/>
    <link:labelArc xlink:arcrole="http://www.xbrl.org/2003/arcrole/concept-label" xlink:from="wnt_PaymentsDueToTerminationOfTheEmploymentIncludingUnduePayments_loc" xlink:to="wnt_PaymentsDueToTerminationOfTheEmploymentIncludingUnduePayments_documentation_en" xlink:type="arc"/>
    <link:labelArc xlink:arcrole="http://www.xbrl.org/2003/arcrole/concept-label" xlink:from="wnt_PaymentsMadeInTheFinancialYearDueToTerminationOfTheEmployment_loc" xlink:to="wnt_PaymentsMadeInTheFinancialYearDueToTerminationOfTheEmployment_documentation_en" xlink:type="arc"/>
    <link:labelArc xlink:arcrole="http://www.xbrl.org/2003/arcrole/concept-label" xlink:from="wnt_PositionOrPositions_loc" xlink:to="wnt_PositionOrPositions_documentation_en" xlink:type="arc"/>
    <link:labelArc xlink:arcrole="http://www.xbrl.org/2003/arcrole/concept-label" xlink:from="wnt_ReasonsForExceedingMaximumAmountOfRemuneration_loc" xlink:to="wnt_ReasonsForExceedingMaximumAmountOfRemuneration_documentation_en" xlink:type="arc"/>
    <link:labelArc xlink:arcrole="http://www.xbrl.org/2003/arcrole/concept-label" xlink:from="wnt_RemunerationPaidDuringFinancialYear_loc" xlink:to="wnt_RemunerationPaidDuringFinancialYear_documentation_en" xlink:type="arc"/>
    <link:labelArc xlink:arcrole="http://www.xbrl.org/2003/arcrole/concept-label" xlink:from="wnt_RemunerationUnduePayments_loc" xlink:to="wnt_RemunerationUnduePayments_documentation_en" xlink:type="arc"/>
    <link:labelArc xlink:arcrole="http://www.xbrl.org/2003/arcrole/concept-label" xlink:from="wnt_Remuneration_loc" xlink:to="wnt_Remuneration_documentation_en" xlink:type="arc"/>
    <link:labelArc xlink:arcrole="http://www.xbrl.org/2003/arcrole/concept-label" xlink:from="wnt_ScopeOfTheEmploymentDuringTheCalendarYearInHours_loc" xlink:to="wnt_ScopeOfTheEmploymentDuringTheCalendarYearInHours_documentation_en" xlink:type="arc"/>
    <link:labelArc xlink:arcrole="http://www.xbrl.org/2003/arcrole/concept-label" xlink:from="wnt_ScopeOfTheEmploymentDuringTheFinancialYearInFTE_loc" xlink:to="wnt_ScopeOfTheEmploymentDuringTheFinancialYearInFTE_documentation_en" xlink:type="arc"/>
    <link:labelArc xlink:arcrole="http://www.xbrl.org/2003/arcrole/concept-label" xlink:from="wnt_UnduePayments_loc" xlink:to="wnt_UnduePayments_documentation_en" xlink:type="arc"/>
    <link:labelArc xlink:arcrole="http://www.xbrl.org/2003/arcrole/concept-label" xlink:from="wnt_YearOfTerminationOfTheEmployment_loc" xlink:to="wnt_YearOfTerminationOfTheEmployment_documentation_en" xlink:type="arc"/>

    <link:label id="wnt_DoubleCounting_negatedLabel_en" xlink:label="wnt_DoubleCounting_negatedLabel_en" xlink:role="http://www.xbrl.org/2009/role/negatedLabel" xlink:type="resource" xml:lang="en">Double counting caused by charges</link:label>
    <link:label id="wnt_UnduePayments_negatedLabel_en" xlink:label="wnt_UnduePayments_negatedLabel_en" xlink:role="http://www.xbrl.org/2009/role/negatedLabel" xlink:type="resource" xml:lang="en">Undue payments and amounts not yet received</link:label>
    <link:labelArc xlink:arcrole="http://www.xbrl.org/2003/arcrole/concept-label" xlink:from="wnt_DoubleCounting_loc" xlink:to="wnt_DoubleCounting_negatedLabel_en" xlink:type="arc"/>
    <link:labelArc xlink:arcrole="http://www.xbrl.org/2003/arcrole/concept-label" xlink:from="wnt_UnduePayments_loc" xlink:to="wnt_UnduePayments_negatedLabel_en" xlink:type="arc"/>
	
    <link:label id="wnt_AgreedPaymentsDueToTermination_terseLabel_en" xlink:label="wnt_AgreedPaymentsDueToTermination_terseLabel_en" xlink:role="http://www.xbrl.org/2003/role/terseLabel" xlink:type="resource" xml:lang="en">Agreed payments due to termination</link:label>
    <link:label id="wnt_ExistenceOfAnEmploymentRelationship_terseLabel_en" xlink:label="wnt_ExistenceOfAnEmploymentRelationship_terseLabel_en" xlink:role="http://www.xbrl.org/2003/role/terseLabel" xlink:type="resource" xml:lang="en">Employment relationship?</link:label>
    <link:label id="wnt_DurationOfTheEmploymentDuringTheCalendarYearEndDate_terseLabel_en" xlink:label="wnt_DurationOfTheEmploymentDuringTheCalendarYearEndDate_terseLabel_en" xlink:role="http://www.xbrl.org/2003/role/terseLabel" xlink:type="resource" xml:lang="en">End of employment</link:label>
    <link:label id="wnt_DurationOfTheEmploymentDuringTheFinancialYearEndDate_terseLabel_en" xlink:label="wnt_DurationOfTheEmploymentDuringTheFinancialYearEndDate_terseLabel_en" xlink:role="http://www.xbrl.org/2003/role/terseLabel" xlink:type="resource" xml:lang="en">End of employment</link:label>
    <link:label id="wnt_ScopeOfTheEmploymentDuringTheFinancialYearInFTE_terseLabel_en" xlink:label="wnt_ScopeOfTheEmploymentDuringTheFinancialYearInFTE_terseLabel_en" xlink:role="http://www.xbrl.org/2003/role/terseLabel" xlink:type="resource" xml:lang="en">Extent of employment (as a part-time factor in FTE)</link:label>
    <link:label id="wnt_IndividualMaximumDuringFinancialYear_terseLabel_en" xlink:label="wnt_IndividualMaximumDuringFinancialYear_terseLabel_en" xlink:role="http://www.xbrl.org/2003/role/terseLabel" xlink:type="resource" xml:lang="en">Individual applicable maximum entire period calendar month 1 to 12</link:label>
    <link:label id="wnt_IndividualMaximumPaymentDueToTerminationOfTheEmployment_terseLabel_en" xlink:label="wnt_IndividualMaximumPaymentDueToTerminationOfTheEmployment_terseLabel_en" xlink:role="http://www.xbrl.org/2003/role/terseLabel" xlink:type="resource" xml:lang="en">Individual maximum remuneration</link:label>
    <link:label id="wnt_IndividualMaximumRemunerationNormAmountsPerMonth_terseLabel_en" xlink:label="wnt_IndividualMaximumRemunerationNormAmountsPerMonth_terseLabel_en" xlink:role="http://www.xbrl.org/2003/role/terseLabel" xlink:type="resource" xml:lang="en">Maxima on the basis of the standard amounts per month</link:label>
    <link:label id="wnt_IndividualMaximumRemunerationPerHour_terseLabel_en" xlink:label="wnt_IndividualMaximumRemunerationPerHour_terseLabel_en" xlink:role="http://www.xbrl.org/2003/role/terseLabel" xlink:type="resource" xml:lang="en">Maximum remuneration per hour during the calender year</link:label>
    <link:label id="wnt_IndividualMaximumRemuneration_terseLabel_en" xlink:label="wnt_IndividualMaximumRemuneration_terseLabel_en" xlink:role="http://www.xbrl.org/2003/role/terseLabel" xlink:type="resource" xml:lang="en">Maximum remuneration</link:label>
    <link:label id="wnt_PositionOrPositions_terseLabel_en" xlink:label="wnt_PositionOrPositions_terseLabel_en" xlink:role="http://www.xbrl.org/2003/role/terseLabel" xlink:type="resource" xml:lang="en">Position(s)</link:label>
    <link:label id="wnt_ProvisionsForPostEmploymentBenefits_terseLabel_en" xlink:label="wnt_ProvisionsForPostEmploymentBenefits_terseLabel_en" xlink:role="http://www.xbrl.org/2003/role/terseLabel" xlink:type="resource" xml:lang="en">Post-employment benefits</link:label>
    <link:label id="wnt_ReasonsForExceedingMaximumAmountOfRemuneration_terseLabel_en" xlink:label="wnt_ReasonsForExceedingMaximumAmountOfRemuneration_terseLabel_en" xlink:role="http://www.xbrl.org/2003/role/terseLabel" xlink:type="resource" xml:lang="en">Reasons for exceedance</link:label>
    <link:label id="wnt_RemunerationUnduePayments_terseLabel_en" xlink:label="wnt_RemunerationUnduePayments_terseLabel_en" xlink:role="http://www.xbrl.org/2003/role/terseLabel" xlink:type="resource" xml:lang="en">Remuneration</link:label>
    <link:label id="wnt_DurationOfTheEmploymentDuringTheCalendarYearStartDate_terseLabel_en" xlink:label="wnt_DurationOfTheEmploymentDuringTheCalendarYearStartDate_terseLabel_en" xlink:role="http://www.xbrl.org/2003/role/terseLabel" xlink:type="resource" xml:lang="en">Start of employment</link:label>
    <link:label id="wnt_DurationOfTheEmploymentDuringTheFinancialYearStartDate_terseLabel_en" xlink:label="wnt_DurationOfTheEmploymentDuringTheFinancialYearStartDate_terseLabel_en" xlink:role="http://www.xbrl.org/2003/role/terseLabel" xlink:type="resource" xml:lang="en">Start of employment</link:label>
    <link:label id="wnt_PaymentsDueToTerminationOfTheEmploymentIncludingUnduePayments_terseLabel_en" xlink:label="wnt_PaymentsDueToTerminationOfTheEmploymentIncludingUnduePayments_terseLabel_en" xlink:role="http://www.xbrl.org/2003/role/terseLabel" xlink:type="resource" xml:lang="en">Total of payments due to termination of the employment</link:label>
    <link:label id="wnt_Remuneration_terseLabel_en" xlink:label="wnt_Remuneration_terseLabel_en" xlink:role="http://www.xbrl.org/2003/role/terseLabel" xlink:type="resource" xml:lang="en">Total of remuneration</link:label>
    <link:label id="wnt_YearOfTerminationOfTheEmployment_terseLabel_en" xlink:label="wnt_YearOfTerminationOfTheEmployment_terseLabel_en" xlink:role="http://www.xbrl.org/2003/role/terseLabel" xlink:type="resource" xml:lang="en">Year of termination</link:label>
    <link:labelArc xlink:arcrole="http://www.xbrl.org/2003/arcrole/concept-label" xlink:from="wnt_AgreedPaymentsDueToTermination_loc" xlink:to="wnt_AgreedPaymentsDueToTermination_terseLabel_en" xlink:type="arc"/>
    <link:labelArc xlink:arcrole="http://www.xbrl.org/2003/arcrole/concept-label" xlink:from="wnt_DurationOfTheEmploymentDuringTheCalendarYearEndDate_loc" xlink:to="wnt_DurationOfTheEmploymentDuringTheCalendarYearEndDate_terseLabel_en" xlink:type="arc"/>
    <link:labelArc xlink:arcrole="http://www.xbrl.org/2003/arcrole/concept-label" xlink:from="wnt_DurationOfTheEmploymentDuringTheCalendarYearStartDate_loc" xlink:to="wnt_DurationOfTheEmploymentDuringTheCalendarYearStartDate_terseLabel_en" xlink:type="arc"/>
    <link:labelArc xlink:arcrole="http://www.xbrl.org/2003/arcrole/concept-label" xlink:from="wnt_DurationOfTheEmploymentDuringTheFinancialYearEndDate_loc" xlink:to="wnt_DurationOfTheEmploymentDuringTheFinancialYearEndDate_terseLabel_en" xlink:type="arc"/>
    <link:labelArc xlink:arcrole="http://www.xbrl.org/2003/arcrole/concept-label" xlink:from="wnt_DurationOfTheEmploymentDuringTheFinancialYearStartDate_loc" xlink:to="wnt_DurationOfTheEmploymentDuringTheFinancialYearStartDate_terseLabel_en" xlink:type="arc"/>
    <link:labelArc xlink:arcrole="http://www.xbrl.org/2003/arcrole/concept-label" xlink:from="wnt_ExistenceOfAnEmploymentRelationship_loc" xlink:to="wnt_ExistenceOfAnEmploymentRelationship_terseLabel_en" xlink:type="arc"/>
    <link:labelArc xlink:arcrole="http://www.xbrl.org/2003/arcrole/concept-label" xlink:from="wnt_IndividualMaximumDuringFinancialYear_loc" xlink:to="wnt_IndividualMaximumDuringFinancialYear_terseLabel_en" xlink:type="arc"/>
    <link:labelArc xlink:arcrole="http://www.xbrl.org/2003/arcrole/concept-label" xlink:from="wnt_IndividualMaximumPaymentDueToTerminationOfTheEmployment_loc" xlink:to="wnt_IndividualMaximumPaymentDueToTerminationOfTheEmployment_terseLabel_en" xlink:type="arc"/>
    <link:labelArc xlink:arcrole="http://www.xbrl.org/2003/arcrole/concept-label" xlink:from="wnt_IndividualMaximumRemunerationNormAmountsPerMonth_loc" xlink:to="wnt_IndividualMaximumRemunerationNormAmountsPerMonth_terseLabel_en" xlink:type="arc"/>
    <link:labelArc xlink:arcrole="http://www.xbrl.org/2003/arcrole/concept-label" xlink:from="wnt_IndividualMaximumRemunerationPerHour_loc" xlink:to="wnt_IndividualMaximumRemunerationPerHour_terseLabel_en" xlink:type="arc"/>
    <link:labelArc xlink:arcrole="http://www.xbrl.org/2003/arcrole/concept-label" xlink:from="wnt_IndividualMaximumRemuneration_loc" xlink:to="wnt_IndividualMaximumRemuneration_terseLabel_en" xlink:type="arc"/>
    <link:labelArc xlink:arcrole="http://www.xbrl.org/2003/arcrole/concept-label" xlink:from="wnt_PaymentsDueToTerminationOfTheEmploymentIncludingUnduePayments_loc" xlink:to="wnt_PaymentsDueToTerminationOfTheEmploymentIncludingUnduePayments_terseLabel_en" xlink:type="arc"/>
    <link:labelArc xlink:arcrole="http://www.xbrl.org/2003/arcrole/concept-label" xlink:from="wnt_PositionOrPositions_loc" xlink:to="wnt_PositionOrPositions_terseLabel_en" xlink:type="arc"/>
    <link:labelArc xlink:arcrole="http://www.xbrl.org/2003/arcrole/concept-label" xlink:from="wnt_ProvisionsForPostEmploymentBenefits_loc" xlink:to="wnt_ProvisionsForPostEmploymentBenefits_terseLabel_en" xlink:type="arc"/>
    <link:labelArc xlink:arcrole="http://www.xbrl.org/2003/arcrole/concept-label" xlink:from="wnt_ReasonsForExceedingMaximumAmountOfRemuneration_loc" xlink:to="wnt_ReasonsForExceedingMaximumAmountOfRemuneration_terseLabel_en" xlink:type="arc"/>
    <link:labelArc xlink:arcrole="http://www.xbrl.org/2003/arcrole/concept-label" xlink:from="wnt_RemunerationUnduePayments_loc" xlink:to="wnt_RemunerationUnduePayments_terseLabel_en" xlink:type="arc"/>
    <link:labelArc xlink:arcrole="http://www.xbrl.org/2003/arcrole/concept-label" xlink:from="wnt_Remuneration_loc" xlink:to="wnt_Remuneration_terseLabel_en" xlink:type="arc"/>
    <link:labelArc xlink:arcrole="http://www.xbrl.org/2003/arcrole/concept-label" xlink:from="wnt_ScopeOfTheEmploymentDuringTheFinancialYearInFTE_loc" xlink:to="wnt_ScopeOfTheEmploymentDuringTheFinancialYearInFTE_terseLabel_en" xlink:type="arc"/>
    <link:labelArc xlink:arcrole="http://www.xbrl.org/2003/arcrole/concept-label" xlink:from="wnt_YearOfTerminationOfTheEmployment_loc" xlink:to="wnt_YearOfTerminationOfTheEmployment_terseLabel_en" xlink:type="arc"/>
	
    <link:label id="wnt_SubtotalRemuneration_totalLabel_en" xlink:label="wnt_SubtotalRemuneration_totalLabel_en" xlink:role="http://www.xbrl.org/2003/role/totalLabel" xlink:type="resource" xml:lang="en">Subtotal remuneration</link:label>
    <link:label id="wnt_RemunerationUnduePayments_totalLabel_en" xlink:label="wnt_RemunerationUnduePayments_totalLabel_en" xlink:role="http://www.xbrl.org/2003/role/totalLabel" xlink:type="resource" xml:lang="en">Subtotal</link:label>
    <link:label id="wnt_PaymentsDueToTerminationOfTheEmploymentIncludingUnduePayments_totalLabel_en" xlink:label="wnt_PaymentsDueToTerminationOfTheEmploymentIncludingUnduePayments_totalLabel_en" xlink:role="http://www.xbrl.org/2003/role/totalLabel" xlink:type="resource" xml:lang="en">Total of payments due to termination of the employment</link:label>
    <link:label id="wnt_Remuneration_totalLabel_en" xlink:label="wnt_Remuneration_totalLabel_en" xlink:role="http://www.xbrl.org/2003/role/totalLabel" xlink:type="resource" xml:lang="en">Total of remuneration</link:label>
    <link:labelArc xlink:arcrole="http://www.xbrl.org/2003/arcrole/concept-label" xlink:from="wnt_PaymentsDueToTerminationOfTheEmploymentIncludingUnduePayments_loc" xlink:to="wnt_PaymentsDueToTerminationOfTheEmploymentIncludingUnduePayments_totalLabel_en" xlink:type="arc"/>
    <link:labelArc xlink:arcrole="http://www.xbrl.org/2003/arcrole/concept-label" xlink:from="wnt_RemunerationUnduePayments_loc" xlink:to="wnt_RemunerationUnduePayments_totalLabel_en" xlink:type="arc"/>
    <link:labelArc xlink:arcrole="http://www.xbrl.org/2003/arcrole/concept-label" xlink:from="wnt_Remuneration_loc" xlink:to="wnt_Remuneration_totalLabel_en" xlink:type="arc"/>
    <link:labelArc xlink:arcrole="http://www.xbrl.org/2003/arcrole/concept-label" xlink:from="wnt_SubtotalRemuneration_loc" xlink:to="wnt_SubtotalRemuneration_totalLabel_en" xlink:type="arc"/>
	
    <link:label id="wnt_IndividualMaximumRemuneration_verboseLabel_en" xlink:label="wnt_IndividualMaximumRemuneration_verboseLabel_en" xlink:role="http://www.xbrl.org/2003/role/verboseLabel" xlink:type="resource" xml:lang="en">Individual applicable threshold remuneration</link:label>
    <link:labelArc xlink:arcrole="http://www.xbrl.org/2003/arcrole/concept-label" xlink:from="wnt_IndividualMaximumRemuneration_loc" xlink:to="wnt_IndividualMaximumRemuneration_verboseLabel_en" xlink:type="arc"/>

    <link:label id="wnt_NameOfSeniorOfficialRemuneration1700OrMoreAccumulatedAxis_label_en" xlink:label="wnt_NameOfSeniorOfficialRemuneration1700OrMoreAccumulatedAxis_label_en" xlink:role="http://www.xbrl.org/2003/role/label" xlink:type="resource" xml:lang="en">Name of non supervisory senior official</link:label>
    <link:label id="wnt_NameOfSeniorOfficialAxis_label_en" xlink:label="wnt_NameOfSeniorOfficialAxis_label_en" xlink:role="http://www.xbrl.org/2003/role/label" xlink:type="resource" xml:lang="en">Name of senior official</link:label>
    <link:label id="wnt_NameOfSeniorOfficialConsideredFourYearsAxis_label_en" xlink:label="wnt_NameOfSeniorOfficialConsideredFourYearsAxis_label_en" xlink:role="http://www.xbrl.org/2003/role/label" xlink:type="resource" xml:lang="en">Name of senior official</link:label>
    <link:label id="wnt_NameOfSeniorOfficialRemuneration1700OrLessAntiCumulationAxis_label_en" xlink:label="wnt_NameOfSeniorOfficialRemuneration1700OrLessAntiCumulationAxis_label_en" xlink:role="http://www.xbrl.org/2003/role/label" xlink:type="resource" xml:lang="en">Name of senior official</link:label>
    <link:label id="wnt_NameOfSeniorOfficialRemuneration1700OrLessAxis_label_en" xlink:label="wnt_NameOfSeniorOfficialRemuneration1700OrLessAxis_label_en" xlink:role="http://www.xbrl.org/2003/role/label" xlink:type="resource" xml:lang="en">Name of senior official</link:label>
    <link:label id="wnt_NameOfSeniorOfficialTerminationOfEmploymentAxis_label_en" xlink:label="wnt_NameOfSeniorOfficialTerminationOfEmploymentAxis_label_en" xlink:role="http://www.xbrl.org/2003/role/label" xlink:type="resource" xml:lang="en">Name of senior official</link:label>
    <link:label id="wnt_NameOfSeniorOfficialWithoutEmploymentAxis_label_en" xlink:label="wnt_NameOfSeniorOfficialWithoutEmploymentAxis_label_en" xlink:role="http://www.xbrl.org/2003/role/label" xlink:type="resource" xml:lang="en">Name of senior official</link:label>
    <link:label id="wnt_NameOfSupervisorySeniorOfficialWithoutEmploymentAxis_label_en" xlink:label="wnt_NameOfSupervisorySeniorOfficialWithoutEmploymentAxis_label_en" xlink:role="http://www.xbrl.org/2003/role/label" xlink:type="resource" xml:lang="en">Name of supervisory senior official</link:label>
    <link:label id="wnt_WNTInstitutionAxis_label_en" xlink:label="wnt_WNTInstitutionAxis_label_en" xlink:role="http://www.xbrl.org/2003/role/label" xlink:type="resource" xml:lang="en">Name of the WNT Institution(s) where the senior official is employed</link:label>
    <link:label id="wnt_PositionOfNonSeniorOfficialsAxis_label_en" xlink:label="wnt_PositionOfNonSeniorOfficialsAxis_label_en" xlink:role="http://www.xbrl.org/2003/role/label" xlink:type="resource" xml:lang="en">Position of the non-senior official</link:label>
    <link:labelArc xlink:arcrole="http://www.xbrl.org/2003/arcrole/concept-label" xlink:from="wnt_NameOfSeniorOfficialAxis_loc" xlink:to="wnt_NameOfSeniorOfficialAxis_label_en" xlink:type="arc"/>
    <link:labelArc xlink:arcrole="http://www.xbrl.org/2003/arcrole/concept-label" xlink:from="wnt_NameOfSeniorOfficialConsideredFourYearsAxis_loc" xlink:to="wnt_NameOfSeniorOfficialConsideredFourYearsAxis_label_en" xlink:type="arc"/>
    <link:labelArc xlink:arcrole="http://www.xbrl.org/2003/arcrole/concept-label" xlink:from="wnt_NameOfSeniorOfficialRemuneration1700OrLessAntiCumulationAxis_loc" xlink:to="wnt_NameOfSeniorOfficialRemuneration1700OrLessAntiCumulationAxis_label_en" xlink:type="arc"/>
    <link:labelArc xlink:arcrole="http://www.xbrl.org/2003/arcrole/concept-label" xlink:from="wnt_NameOfSeniorOfficialRemuneration1700OrLessAxis_loc" xlink:to="wnt_NameOfSeniorOfficialRemuneration1700OrLessAxis_label_en" xlink:type="arc"/>
    <link:labelArc xlink:arcrole="http://www.xbrl.org/2003/arcrole/concept-label" xlink:from="wnt_NameOfSeniorOfficialRemuneration1700OrMoreAccumulatedAxis_loc" xlink:to="wnt_NameOfSeniorOfficialRemuneration1700OrMoreAccumulatedAxis_label_en" xlink:type="arc"/>
    <link:labelArc xlink:arcrole="http://www.xbrl.org/2003/arcrole/concept-label" xlink:from="wnt_NameOfSeniorOfficialTerminationOfEmploymentAxis_loc" xlink:to="wnt_NameOfSeniorOfficialTerminationOfEmploymentAxis_label_en" xlink:type="arc"/>
    <link:labelArc xlink:arcrole="http://www.xbrl.org/2003/arcrole/concept-label" xlink:from="wnt_NameOfSeniorOfficialWithoutEmploymentAxis_loc" xlink:to="wnt_NameOfSeniorOfficialWithoutEmploymentAxis_label_en" xlink:type="arc"/>
    <link:labelArc xlink:arcrole="http://www.xbrl.org/2003/arcrole/concept-label" xlink:from="wnt_NameOfSupervisorySeniorOfficialWithoutEmploymentAxis_loc" xlink:to="wnt_NameOfSupervisorySeniorOfficialWithoutEmploymentAxis_label_en" xlink:type="arc"/>
    <link:labelArc xlink:arcrole="http://www.xbrl.org/2003/arcrole/concept-label" xlink:from="wnt_PositionOfNonSeniorOfficialsAxis_loc" xlink:to="wnt_PositionOfNonSeniorOfficialsAxis_label_en" xlink:type="arc"/>
    <link:labelArc xlink:arcrole="http://www.xbrl.org/2003/arcrole/concept-label" xlink:from="wnt_WNTInstitutionAxis_loc" xlink:to="wnt_WNTInstitutionAxis_label_en" xlink:type="arc"/>
    <link:loc xlink:href="wnt-cor.xsd#wnt_NameOfSeniorOfficialAxis" xlink:label="wnt_NameOfSeniorOfficialAxis_loc" xlink:type="locator"/>
    <link:loc xlink:href="wnt-cor.xsd#wnt_NameOfSeniorOfficialConsideredFourYearsAxis" xlink:label="wnt_NameOfSeniorOfficialConsideredFourYearsAxis_loc" xlink:type="locator"/>
    <link:loc xlink:href="wnt-cor.xsd#wnt_NameOfSeniorOfficialRemuneration1700OrLessAntiCumulationAxis" xlink:label="wnt_NameOfSeniorOfficialRemuneration1700OrLessAntiCumulationAxis_loc" xlink:type="locator"/>
    <link:loc xlink:href="wnt-cor.xsd#wnt_NameOfSeniorOfficialRemuneration1700OrLessAxis" xlink:label="wnt_NameOfSeniorOfficialRemuneration1700OrLessAxis_loc" xlink:type="locator"/>
    <link:loc xlink:href="wnt-cor.xsd#wnt_NameOfSeniorOfficialRemuneration1700OrMoreAccumulatedAxis" xlink:label="wnt_NameOfSeniorOfficialRemuneration1700OrMoreAccumulatedAxis_loc" xlink:type="locator"/>
    <link:loc xlink:href="wnt-cor.xsd#wnt_NameOfSeniorOfficialTerminationOfEmploymentAxis" xlink:label="wnt_NameOfSeniorOfficialTerminationOfEmploymentAxis_loc" xlink:type="locator"/>
    <link:loc xlink:href="wnt-cor.xsd#wnt_NameOfSeniorOfficialWithoutEmploymentAxis" xlink:label="wnt_NameOfSeniorOfficialWithoutEmploymentAxis_loc" xlink:type="locator"/>
    <link:loc xlink:href="wnt-cor.xsd#wnt_NameOfSupervisorySeniorOfficialWithoutEmploymentAxis" xlink:label="wnt_NameOfSupervisorySeniorOfficialWithoutEmploymentAxis_loc" xlink:type="locator"/>
    <link:loc xlink:href="wnt-cor.xsd#wnt_PositionOfNonSeniorOfficialsAxis" xlink:label="wnt_PositionOfNonSeniorOfficialsAxis_loc" xlink:type="locator"/>
    <link:loc xlink:href="wnt-cor.xsd#wnt_WNTInstitutionAxis" xlink:label="wnt_WNTInstitutionAxis_loc" xlink:type="locator"/>
	
	
  </link:labelLink>
</link:linkbase>
