<?xml version="1.0" encoding="UTF-8" standalone="yes"?>

<link:linkbase xmlns:gen="http://xbrl.org/2008/generic" xmlns:label="http://xbrl.org/2008/label" xmlns:link="http://www.xbrl.org/2003/linkbase" xmlns:xlink="http://www.w3.org/1999/xlink" xmlns:xsi="http://www.w3.org/2001/XMLSchema-instance" xsi:schemaLocation="http://xbrl.org/2008/generic http://www.xbrl.org/2008/generic-link.xsd http://xbrl.org/2008/label http://www.xbrl.org/2008/generic-label.xsd">
  <link:roleRef roleURI="http://www.xbrl.org/2008/role/label" xlink:href="http://www.xbrl.org/2008/generic-label.xsd#standard-label" xlink:type="simple"/>
  <link:roleRef roleURI="http://www.xbrl.org/2008/role/link" xlink:href="http://www.xbrl.org/2008/generic-link.xsd#standard-link-role" xlink:type="simple"/>
  <link:arcroleRef arcroleURI="http://xbrl.org/arcrole/2008/element-label" xlink:href="http://www.xbrl.org/2008/generic-label.xsd#element-label" xlink:type="simple"/>
  <gen:link xlink:role="http://www.xbrl.org/2008/role/link" xlink:type="extended">
    <gen:arc xlink:arcrole="http://xbrl.org/arcrole/2008/element-label" xlink:from="wnt_StandardsForRemunerationAct_loc" xlink:to="wnt_StandardsForRemunerationAct_label_de" xlink:type="arc"/>
    <label:label id="wnt_StandardsForRemunerationAct_label_de" xlink:label="wnt_StandardsForRemunerationAct_label_de" xlink:role="http://www.xbrl.org/2008/role/label" xlink:type="resource" xml:lang="de">Gesetz zur Normierung der Vergütung von Spitzenfunktionären im öffentlichen und teilöffentlichen Sektor</label:label>
    <link:loc xlink:href="wnt-all.xsd#wnt_StandardsForRemunerationAct" xlink:label="wnt_StandardsForRemunerationAct_loc" xlink:type="locator"/>
  </gen:link>
</link:linkbase>
