<?xml version="1.0" encoding="UTF-8" standalone="yes"?>

<link:linkbase xmlns:link="http://www.xbrl.org/2003/linkbase" xmlns:xlink="http://www.w3.org/1999/xlink">
  <link:labelLink xlink:role="http://www.xbrl.org/2003/role/link" xlink:type="extended">
    <link:label id="wnt_PaymentsDueToTerminationEmploymentSeniorOfficialsWithWithoutEmploymentSpecificationTitle_label_de" xlink:label="wnt_PaymentsDueToTerminationEmploymentSeniorOfficialsWithWithoutEmploymentSpecificationTitle_label_de" xlink:role="http://www.xbrl.org/2003/role/label" xlink:type="resource" xml:lang="de">Auszahlungen an Spitzenfunktionäre aufgrund der Beendigung des Dienstverhältnisses mit oder ohne Beschäftigung: Spezifikation</link:label>
    <link:label id="wnt_ExecutiveSeniorOfficialsFormerSeniorOfficialsRemuneration1700OrLessSpecificationTitle_label_de" xlink:label="wnt_ExecutiveSeniorOfficialsFormerSeniorOfficialsRemuneration1700OrLessSpecificationTitle_label_de" xlink:role="http://www.xbrl.org/2003/role/label" xlink:type="resource" xml:lang="de">Leitenden Spitzenfunktionären und diejenigen, die für weitere 4 Jahre als Top-Führungskräfte gelten mit einer Vergütung von 1.900 € oder weniger: Spezifikation</link:label>
    <link:label id="wnt_SeniorOfficialRemuneration1700OrLessAntiCumulationApproachTitle_label_de" xlink:label="wnt_SeniorOfficialRemuneration1700OrLessAntiCumulationApproachTitle_label_de" xlink:role="http://www.xbrl.org/2003/role/label" xlink:type="resource" xml:lang="de">Leitender Beamter mit einer Gesamtvergütung von höchstens € 1.900 in Bezug auf den Anti-Kumulations-Ansatz</link:label>
    <link:label id="wnt_RemunerationOfExecutiveSeniorOfficialsConsideredFourYearsSpecificationTitle_label_de" xlink:label="wnt_RemunerationOfExecutiveSeniorOfficialsConsideredFourYearsSpecificationTitle_label_de" xlink:role="http://www.xbrl.org/2003/role/label" xlink:type="resource" xml:lang="de">Leitender Beamter mit einer Gesamtvergütung von mehr als € 1.900</link:label>
    <link:label id="wnt_SeniorOfficialsRemuneration1700OrMoreInstitutionTitle_label_de" xlink:label="wnt_SeniorOfficialsRemuneration1700OrMoreInstitutionTitle_label_de" xlink:role="http://www.xbrl.org/2003/role/label" xlink:type="resource" xml:lang="de">Vergütung eines leitenden Beamten mit einer Gesamtvergütung von mindestens € 1.900 für die Kumulierung - WNT-Einrichtung</link:label>
    <link:label id="wnt_SeniorOfficialsRemuneration1700OrMoreAccumulatedTitle_label_de" xlink:label="wnt_SeniorOfficialsRemuneration1700OrMoreAccumulatedTitle_label_de" xlink:role="http://www.xbrl.org/2003/role/label" xlink:type="resource" xml:lang="de">Vergütung eines leitenden Beamten mit einer Gesamtvergütung von mindestens € 1.900 für die Kumulierung - kumuliert</link:label>
    <link:label id="wnt_RemunerationOfExecutiveSeniorOfficialsWithoutEmploymentUpTo12MonthsSpecificationTitle_label_de" xlink:label="wnt_RemunerationOfExecutiveSeniorOfficialsWithoutEmploymentUpTo12MonthsSpecificationTitle_label_de" xlink:role="http://www.xbrl.org/2003/role/label" xlink:type="resource" xml:lang="de">Vergütung von Führungskräften ohne Beschäftigung in der Zeit bis einschließlich des 12. Monats: Spezifikation</link:label>
    <link:label id="wnt_RemunerationOfNonSeniorOfficialsSpecificationTitle_label_de" xlink:label="wnt_RemunerationOfNonSeniorOfficialsSpecificationTitle_label_de" xlink:role="http://www.xbrl.org/2003/role/label" xlink:type="resource" xml:lang="de">Vergütung von Nicht-Spitzenfunktionären: Spezifikation</link:label>
    <link:label id="wnt_RemunerationOfSupervisorySeniorOfficialsSpecificationTitle_label_de" xlink:label="wnt_RemunerationOfSupervisorySeniorOfficialsSpecificationTitle_label_de" xlink:role="http://www.xbrl.org/2003/role/label" xlink:type="resource" xml:lang="de">Vergütung von aufsichtsführenden Spitzenfunktionären: Spezifikation</link:label>
    <link:label id="wnt_RemunerationExecutiveSeniorOfficialsWithEmploymentWithoutEmploymentFrom13MonthSpecificationTitle_label_de" xlink:label="wnt_RemunerationExecutiveSeniorOfficialsWithEmploymentWithoutEmploymentFrom13MonthSpecificationTitle_label_de" xlink:role="http://www.xbrl.org/2003/role/label" xlink:type="resource" xml:lang="de">Vergütung von leitenden Angestellten mit Beschäftigung und ohne Beschäftigung ab dem 13. Monat: Spezifikation</link:label>
    <link:labelArc xlink:arcrole="http://www.xbrl.org/2003/arcrole/concept-label" xlink:from="wnt_ExecutiveSeniorOfficialsFormerSeniorOfficialsRemuneration1700OrLessSpecificationTitle_loc" xlink:to="wnt_ExecutiveSeniorOfficialsFormerSeniorOfficialsRemuneration1700OrLessSpecificationTitle_label_de" xlink:type="arc"/>
    <link:labelArc xlink:arcrole="http://www.xbrl.org/2003/arcrole/concept-label" xlink:from="wnt_PaymentsDueToTerminationEmploymentSeniorOfficialsWithWithoutEmploymentSpecificationTitle_loc" xlink:to="wnt_PaymentsDueToTerminationEmploymentSeniorOfficialsWithWithoutEmploymentSpecificationTitle_label_de" xlink:type="arc"/>
    <link:labelArc xlink:arcrole="http://www.xbrl.org/2003/arcrole/concept-label" xlink:from="wnt_RemunerationExecutiveSeniorOfficialsWithEmploymentWithoutEmploymentFrom13MonthSpecificationTitle_loc" xlink:to="wnt_RemunerationExecutiveSeniorOfficialsWithEmploymentWithoutEmploymentFrom13MonthSpecificationTitle_label_de" xlink:type="arc"/>
    <link:labelArc xlink:arcrole="http://www.xbrl.org/2003/arcrole/concept-label" xlink:from="wnt_RemunerationOfExecutiveSeniorOfficialsConsideredFourYearsSpecificationTitle_loc" xlink:to="wnt_RemunerationOfExecutiveSeniorOfficialsConsideredFourYearsSpecificationTitle_label_de" xlink:type="arc"/>
    <link:labelArc xlink:arcrole="http://www.xbrl.org/2003/arcrole/concept-label" xlink:from="wnt_RemunerationOfExecutiveSeniorOfficialsWithoutEmploymentUpTo12MonthsSpecificationTitle_loc" xlink:to="wnt_RemunerationOfExecutiveSeniorOfficialsWithoutEmploymentUpTo12MonthsSpecificationTitle_label_de" xlink:type="arc"/>
    <link:labelArc xlink:arcrole="http://www.xbrl.org/2003/arcrole/concept-label" xlink:from="wnt_RemunerationOfNonSeniorOfficialsSpecificationTitle_loc" xlink:to="wnt_RemunerationOfNonSeniorOfficialsSpecificationTitle_label_de" xlink:type="arc"/>
    <link:labelArc xlink:arcrole="http://www.xbrl.org/2003/arcrole/concept-label" xlink:from="wnt_RemunerationOfSupervisorySeniorOfficialsSpecificationTitle_loc" xlink:to="wnt_RemunerationOfSupervisorySeniorOfficialsSpecificationTitle_label_de" xlink:type="arc"/>
    <link:labelArc xlink:arcrole="http://www.xbrl.org/2003/arcrole/concept-label" xlink:from="wnt_SeniorOfficialRemuneration1700OrLessAntiCumulationApproachTitle_loc" xlink:to="wnt_SeniorOfficialRemuneration1700OrLessAntiCumulationApproachTitle_label_de" xlink:type="arc"/>
    <link:labelArc xlink:arcrole="http://www.xbrl.org/2003/arcrole/concept-label" xlink:from="wnt_SeniorOfficialsRemuneration1700OrMoreAccumulatedTitle_loc" xlink:to="wnt_SeniorOfficialsRemuneration1700OrMoreAccumulatedTitle_label_de" xlink:type="arc"/>
    <link:labelArc xlink:arcrole="http://www.xbrl.org/2003/arcrole/concept-label" xlink:from="wnt_SeniorOfficialsRemuneration1700OrMoreInstitutionTitle_loc" xlink:to="wnt_SeniorOfficialsRemuneration1700OrMoreInstitutionTitle_label_de" xlink:type="arc"/>
    <link:loc xlink:href="wnt-verantwoordingsmodel-2023.xsd#wnt_ExecutiveSeniorOfficialsFormerSeniorOfficialsRemuneration1700OrLessSpecificationTitle" xlink:label="wnt_ExecutiveSeniorOfficialsFormerSeniorOfficialsRemuneration1700OrLessSpecificationTitle_loc" xlink:type="locator"/>
    <link:loc xlink:href="wnt-verantwoordingsmodel-2023.xsd#wnt_PaymentsDueToTerminationEmploymentSeniorOfficialsWithWithoutEmploymentSpecificationTitle" xlink:label="wnt_PaymentsDueToTerminationEmploymentSeniorOfficialsWithWithoutEmploymentSpecificationTitle_loc" xlink:type="locator"/>
    <link:loc xlink:href="wnt-verantwoordingsmodel-2023.xsd#wnt_RemunerationExecutiveSeniorOfficialsWithEmploymentWithoutEmploymentFrom13MonthSpecificationTitle" xlink:label="wnt_RemunerationExecutiveSeniorOfficialsWithEmploymentWithoutEmploymentFrom13MonthSpecificationTitle_loc" xlink:type="locator"/>
    <link:loc xlink:href="wnt-verantwoordingsmodel-2023.xsd#wnt_RemunerationOfExecutiveSeniorOfficialsConsideredFourYearsSpecificationTitle" xlink:label="wnt_RemunerationOfExecutiveSeniorOfficialsConsideredFourYearsSpecificationTitle_loc" xlink:type="locator"/>
    <link:loc xlink:href="wnt-verantwoordingsmodel-2023.xsd#wnt_RemunerationOfExecutiveSeniorOfficialsWithoutEmploymentUpTo12MonthsSpecificationTitle" xlink:label="wnt_RemunerationOfExecutiveSeniorOfficialsWithoutEmploymentUpTo12MonthsSpecificationTitle_loc" xlink:type="locator"/>
    <link:loc xlink:href="wnt-verantwoordingsmodel-2023.xsd#wnt_RemunerationOfNonSeniorOfficialsSpecificationTitle" xlink:label="wnt_RemunerationOfNonSeniorOfficialsSpecificationTitle_loc" xlink:type="locator"/>
    <link:loc xlink:href="wnt-verantwoordingsmodel-2023.xsd#wnt_RemunerationOfSupervisorySeniorOfficialsSpecificationTitle" xlink:label="wnt_RemunerationOfSupervisorySeniorOfficialsSpecificationTitle_loc" xlink:type="locator"/>
    <link:loc xlink:href="wnt-verantwoordingsmodel-2023.xsd#wnt_SeniorOfficialRemuneration1700OrLessAntiCumulationApproachTitle" xlink:label="wnt_SeniorOfficialRemuneration1700OrLessAntiCumulationApproachTitle_loc" xlink:type="locator"/>
    <link:loc xlink:href="wnt-verantwoordingsmodel-2023.xsd#wnt_SeniorOfficialsRemuneration1700OrMoreAccumulatedTitle" xlink:label="wnt_SeniorOfficialsRemuneration1700OrMoreAccumulatedTitle_loc" xlink:type="locator"/>
    <link:loc xlink:href="wnt-verantwoordingsmodel-2023.xsd#wnt_SeniorOfficialsRemuneration1700OrMoreInstitutionTitle" xlink:label="wnt_SeniorOfficialsRemuneration1700OrMoreInstitutionTitle_loc" xlink:type="locator"/>
  </link:labelLink>
</link:linkbase>
