<?xml version="1.0" encoding="UTF-8" standalone="yes"?>

<link:linkbase xmlns:link="http://www.xbrl.org/2003/linkbase" xmlns:xlink="http://www.w3.org/1999/xlink">
  <link:labelLink xlink:role="http://www.xbrl.org/2003/role/link" xlink:type="extended">
    <link:label id="wnt_RemunerationOfExecutiveSeniorOfficialsConsideredFourYearsSpecificationTitle_label_fr" xlink:label="wnt_RemunerationOfExecutiveSeniorOfficialsConsideredFourYearsSpecificationTitle_label_fr" xlink:role="http://www.xbrl.org/2003/role/label" xlink:type="resource" xml:lang="fr">Haut fonctionnaire avec une rémunération totale de plus de € 1.900</link:label>
    <link:label id="wnt_SeniorOfficialRemuneration1700OrLessAntiCumulationApproachTitle_label_fr" xlink:label="wnt_SeniorOfficialRemuneration1700OrLessAntiCumulationApproachTitle_label_fr" xlink:role="http://www.xbrl.org/2003/role/label" xlink:type="resource" xml:lang="fr">Haut fonctionnaire avec une rémunération totale de € 1.900 ou moins dans le cadre de l'approche anti-cumul</link:label>
    <link:label id="wnt_ExecutiveSeniorOfficialsFormerSeniorOfficialsRemuneration1700OrLessSpecificationTitle_label_fr" xlink:label="wnt_ExecutiveSeniorOfficialsFormerSeniorOfficialsRemuneration1700OrLessSpecificationTitle_label_fr" xlink:role="http://www.xbrl.org/2003/role/label" xlink:type="resource" xml:lang="fr">Hauts fonctionnaires dirigeants et ceux qui sont considérés comme des cadres supérieurs pendant encore 4 ans avec une rémunération de 1.900 € ou moins: Spécification</link:label>
    <link:label id="wnt_PaymentsDueToTerminationEmploymentSeniorOfficialsWithWithoutEmploymentSpecificationTitle_label_fr" xlink:label="wnt_PaymentsDueToTerminationEmploymentSeniorOfficialsWithWithoutEmploymentSpecificationTitle_label_fr" xlink:role="http://www.xbrl.org/2003/role/label" xlink:type="resource" xml:lang="fr">Indemnités liées à une fin de contrat avec des hauts fonctionnaires avec ou sans emploi: Spécification</link:label>
    <link:label id="wnt_SeniorOfficialsRemuneration1700OrMoreAccumulatedTitle_label_fr" xlink:label="wnt_SeniorOfficialsRemuneration1700OrMoreAccumulatedTitle_label_fr" xlink:role="http://www.xbrl.org/2003/role/label" xlink:type="resource" xml:lang="fr">Rémunération d'un haut fonctionnaire d'une rémunération totale de € 1.900 ou plus concernant l'anti-cumul - Cumul</link:label>
    <link:label id="wnt_SeniorOfficialsRemuneration1700OrMoreInstitutionTitle_label_fr" xlink:label="wnt_SeniorOfficialsRemuneration1700OrMoreInstitutionTitle_label_fr" xlink:role="http://www.xbrl.org/2003/role/label" xlink:type="resource" xml:lang="fr">Rémunération d'un haut fonctionnaire d'une rémunération totale de € 1.900 ou plus en matière d'anti-cumul - WNT institution</link:label>
    <link:label id="wnt_RemunerationOfExecutiveSeniorOfficialsWithoutEmploymentUpTo12MonthsSpecificationTitle_label_fr" xlink:label="wnt_RemunerationOfExecutiveSeniorOfficialsWithoutEmploymentUpTo12MonthsSpecificationTitle_label_fr" xlink:role="http://www.xbrl.org/2003/role/label" xlink:type="resource" xml:lang="fr">Rémunération des cadres dirigeants sans emploi pour la période allant jusqu'au 12ème mois inclus: Spécification</link:label>
    <link:label id="wnt_RemunerationOfSupervisorySeniorOfficialsSpecificationTitle_label_fr" xlink:label="wnt_RemunerationOfSupervisorySeniorOfficialsSpecificationTitle_label_fr" xlink:role="http://www.xbrl.org/2003/role/label" xlink:type="resource" xml:lang="fr">Rémunération des hauts fonctionnaires de contrôle: Spécification</link:label>
    <link:label id="wnt_RemunerationExecutiveSeniorOfficialsWithEmploymentWithoutEmploymentFrom13MonthSpecificationTitle_label_fr" xlink:label="wnt_RemunerationExecutiveSeniorOfficialsWithEmploymentWithoutEmploymentFrom13MonthSpecificationTitle_label_fr" xlink:role="http://www.xbrl.org/2003/role/label" xlink:type="resource" xml:lang="fr">Rémunération des hauts fonctionnaires dirigeants et ex-hauts fonctionnaires en relation avec le travail: Spécification</link:label>
    <link:label id="wnt_RemunerationOfNonSeniorOfficialsSpecificationTitle_label_fr" xlink:label="wnt_RemunerationOfNonSeniorOfficialsSpecificationTitle_label_fr" xlink:role="http://www.xbrl.org/2003/role/label" xlink:type="resource" xml:lang="fr">Rémunération des personnes autres que les hauts fonctionnaires: Spécification</link:label>
    <link:labelArc xlink:arcrole="http://www.xbrl.org/2003/arcrole/concept-label" xlink:from="wnt_ExecutiveSeniorOfficialsFormerSeniorOfficialsRemuneration1700OrLessSpecificationTitle_loc" xlink:to="wnt_ExecutiveSeniorOfficialsFormerSeniorOfficialsRemuneration1700OrLessSpecificationTitle_label_fr" xlink:type="arc"/>
    <link:labelArc xlink:arcrole="http://www.xbrl.org/2003/arcrole/concept-label" xlink:from="wnt_PaymentsDueToTerminationEmploymentSeniorOfficialsWithWithoutEmploymentSpecificationTitle_loc" xlink:to="wnt_PaymentsDueToTerminationEmploymentSeniorOfficialsWithWithoutEmploymentSpecificationTitle_label_fr" xlink:type="arc"/>
    <link:labelArc xlink:arcrole="http://www.xbrl.org/2003/arcrole/concept-label" xlink:from="wnt_RemunerationExecutiveSeniorOfficialsWithEmploymentWithoutEmploymentFrom13MonthSpecificationTitle_loc" xlink:to="wnt_RemunerationExecutiveSeniorOfficialsWithEmploymentWithoutEmploymentFrom13MonthSpecificationTitle_label_fr" xlink:type="arc"/>
    <link:labelArc xlink:arcrole="http://www.xbrl.org/2003/arcrole/concept-label" xlink:from="wnt_RemunerationOfExecutiveSeniorOfficialsConsideredFourYearsSpecificationTitle_loc" xlink:to="wnt_RemunerationOfExecutiveSeniorOfficialsConsideredFourYearsSpecificationTitle_label_fr" xlink:type="arc"/>
    <link:labelArc xlink:arcrole="http://www.xbrl.org/2003/arcrole/concept-label" xlink:from="wnt_RemunerationOfExecutiveSeniorOfficialsWithoutEmploymentUpTo12MonthsSpecificationTitle_loc" xlink:to="wnt_RemunerationOfExecutiveSeniorOfficialsWithoutEmploymentUpTo12MonthsSpecificationTitle_label_fr" xlink:type="arc"/>
    <link:labelArc xlink:arcrole="http://www.xbrl.org/2003/arcrole/concept-label" xlink:from="wnt_RemunerationOfNonSeniorOfficialsSpecificationTitle_loc" xlink:to="wnt_RemunerationOfNonSeniorOfficialsSpecificationTitle_label_fr" xlink:type="arc"/>
    <link:labelArc xlink:arcrole="http://www.xbrl.org/2003/arcrole/concept-label" xlink:from="wnt_RemunerationOfSupervisorySeniorOfficialsSpecificationTitle_loc" xlink:to="wnt_RemunerationOfSupervisorySeniorOfficialsSpecificationTitle_label_fr" xlink:type="arc"/>
    <link:labelArc xlink:arcrole="http://www.xbrl.org/2003/arcrole/concept-label" xlink:from="wnt_SeniorOfficialRemuneration1700OrLessAntiCumulationApproachTitle_loc" xlink:to="wnt_SeniorOfficialRemuneration1700OrLessAntiCumulationApproachTitle_label_fr" xlink:type="arc"/>
    <link:labelArc xlink:arcrole="http://www.xbrl.org/2003/arcrole/concept-label" xlink:from="wnt_SeniorOfficialsRemuneration1700OrMoreAccumulatedTitle_loc" xlink:to="wnt_SeniorOfficialsRemuneration1700OrMoreAccumulatedTitle_label_fr" xlink:type="arc"/>
    <link:labelArc xlink:arcrole="http://www.xbrl.org/2003/arcrole/concept-label" xlink:from="wnt_SeniorOfficialsRemuneration1700OrMoreInstitutionTitle_loc" xlink:to="wnt_SeniorOfficialsRemuneration1700OrMoreInstitutionTitle_label_fr" xlink:type="arc"/>
    <link:loc xlink:href="wnt-verantwoordingsmodel-2023.xsd#wnt_ExecutiveSeniorOfficialsFormerSeniorOfficialsRemuneration1700OrLessSpecificationTitle" xlink:label="wnt_ExecutiveSeniorOfficialsFormerSeniorOfficialsRemuneration1700OrLessSpecificationTitle_loc" xlink:type="locator"/>
    <link:loc xlink:href="wnt-verantwoordingsmodel-2023.xsd#wnt_PaymentsDueToTerminationEmploymentSeniorOfficialsWithWithoutEmploymentSpecificationTitle" xlink:label="wnt_PaymentsDueToTerminationEmploymentSeniorOfficialsWithWithoutEmploymentSpecificationTitle_loc" xlink:type="locator"/>
    <link:loc xlink:href="wnt-verantwoordingsmodel-2023.xsd#wnt_RemunerationExecutiveSeniorOfficialsWithEmploymentWithoutEmploymentFrom13MonthSpecificationTitle" xlink:label="wnt_RemunerationExecutiveSeniorOfficialsWithEmploymentWithoutEmploymentFrom13MonthSpecificationTitle_loc" xlink:type="locator"/>
    <link:loc xlink:href="wnt-verantwoordingsmodel-2023.xsd#wnt_RemunerationOfExecutiveSeniorOfficialsConsideredFourYearsSpecificationTitle" xlink:label="wnt_RemunerationOfExecutiveSeniorOfficialsConsideredFourYearsSpecificationTitle_loc" xlink:type="locator"/>
    <link:loc xlink:href="wnt-verantwoordingsmodel-2023.xsd#wnt_RemunerationOfExecutiveSeniorOfficialsWithoutEmploymentUpTo12MonthsSpecificationTitle" xlink:label="wnt_RemunerationOfExecutiveSeniorOfficialsWithoutEmploymentUpTo12MonthsSpecificationTitle_loc" xlink:type="locator"/>
    <link:loc xlink:href="wnt-verantwoordingsmodel-2023.xsd#wnt_RemunerationOfNonSeniorOfficialsSpecificationTitle" xlink:label="wnt_RemunerationOfNonSeniorOfficialsSpecificationTitle_loc" xlink:type="locator"/>
    <link:loc xlink:href="wnt-verantwoordingsmodel-2023.xsd#wnt_RemunerationOfSupervisorySeniorOfficialsSpecificationTitle" xlink:label="wnt_RemunerationOfSupervisorySeniorOfficialsSpecificationTitle_loc" xlink:type="locator"/>
    <link:loc xlink:href="wnt-verantwoordingsmodel-2023.xsd#wnt_SeniorOfficialRemuneration1700OrLessAntiCumulationApproachTitle" xlink:label="wnt_SeniorOfficialRemuneration1700OrLessAntiCumulationApproachTitle_loc" xlink:type="locator"/>
    <link:loc xlink:href="wnt-verantwoordingsmodel-2023.xsd#wnt_SeniorOfficialsRemuneration1700OrMoreAccumulatedTitle" xlink:label="wnt_SeniorOfficialsRemuneration1700OrMoreAccumulatedTitle_loc" xlink:type="locator"/>
    <link:loc xlink:href="wnt-verantwoordingsmodel-2023.xsd#wnt_SeniorOfficialsRemuneration1700OrMoreInstitutionTitle" xlink:label="wnt_SeniorOfficialsRemuneration1700OrMoreInstitutionTitle_loc" xlink:type="locator"/>
  </link:labelLink>
</link:linkbase>
